Row,Method,Date,Time,Identifier 1,Identifier 2,Comment,Preparation,d 13C/12C  Mean,d 13C/12C  Std Dev,d 18O/16O  Mean,d 18O/16O  Std Dev,1  Cycle Int  Samp  44,1  Cycle Int  Ref  44,1  Cycle Int  Samp  45,1  Cycle Int  Ref  45,1  Cycle Int  Samp  46,1  Cycle Int  Ref  46,Line,Information,Excel File,Date_ordinal,acid_temp,leak_rate,p_no_acid,p_gases,total_co2,co2_after_exp,left_mbar,right_mbar,left_pos,right_pos,vm1_after_transfer,Raw Identifier 1,Raw Label,Raw Comment,Species,Label,1  Cycle Int  Diff Samp-Ref  44,1  Cycle Int  Diff Samp-Ref  45,1  Cycle Int  Diff Samp-Ref  46,1  Cycle Int  Pressure-Weighted Mismatch Samp-Ref  44,1  Cycle Int  Relative Mismatch Samp-Ref/Ref  44,1  Cycle Int  Symmetric Relative Mismatch Samp-Ref  44,1  Cycle Int  Mean Samp-Ref  44,Metrology consultation,IRMS cycle summary: d 13C/12C  Mean,IRMS cycle summary: d 18O/16O  Mean,IRMS cycle summary: d 13C/12C  Std Dev,IRMS cycle summary: d 18O/16O  Std Dev,IRMS cycle summary: 1  Cycle Int  Samp  44,IRMS cycle summary: 1  Cycle Int  Ref  44,IRMS cycle summary: 1  Cycle Int  Diff Samp-Ref  44
13,Normal sample size (2300mV - 17800mV Bellow 10.5),2023-11-18,01:04:10,SHP2L,,,,-0.692,0.041,-5.831,0.035,5.689256,6.204504,6.172959,6.6145320000000005,8.088605,8.832449,1, Acid: 71.7 (°C); LeakRate (µBar/Min):  103 ;  0 xtra drops; P no Acid :  -19; P gases:    1;Total CO2 :  633;# Exp.:  0;CO2 after Exp.:  633;RefRe skipped: L mBar 29.0   Pos 33.3;RefRe skipped: R mBar 348.5   Pos 50.8;VM1 aftr Trfr.:  -16;PC (62328);Init,1de02b6d6a84__SHP2L__-0036(Reevaluated).xls,738842,71.7,103.0,,1.0,633.0,633.0,29.0,348.5,33.3,33.3,-16.0,SHP2L,,,,SHP2L - SHP2L,-0.5152479999999997,-0.4415730000000009,-0.7438440000000011,-0.3194993176608508,-0.0830441885443219,-0.0866417348256564,5.94688,True,-0.692,-5.831,0.041,0.035,5.689256,6.204504,-0.5152479999999997
12,Normal sample size (2300mV - 17800mV Bellow 10.5),2023-11-18,00:28:37,SHP2L,,,,-0.671,0.052,-5.728,0.035,7.530629,8.411066,8.171612,8.966004000000002,10.707635,11.974958,2, Acid: 71.7 (°C); LeakRate (µBar/Min):   59 ;  0 xtra drops; P no Acid :   -9; P gases:   52;Total CO2 :  689;# Exp.:  0;CO2 after Exp.:  689;RefRe skipped: L mBar 25.5   Pos 39.0;RefRe skipped: R mBar 348.5   Pos 49.4;VM1 aftr Trfr.:  -19;PC (62329);Init,1de02b6d6a84__SHP2L__-0036(Reevaluated).xls,738842,71.7,59.0,,52.0,689.0,689.0,25.5,348.5,39.0,39.0,-19.0,SHP2L,,,,SHP2L - SHP2L,-0.8804369999999997,-0.794392000000002,-1.267323000000001,-0.5330693467783476,-0.1046760303628576,-0.1104571377133987,7.9708475,True,-0.671,-5.728,0.052,0.035,7.530629,8.411066,-0.8804369999999997
11,Normal sample size (2300mV - 17800mV Bellow 10.5),2023-11-17,23:53:54,SHP2L,,,,-0.659,0.033,-5.824,0.033,6.505822,7.1955100000000005,7.059014,7.670989,9.249363,10.243704,1, Acid: 71.8 (°C); LeakRate (µBar/Min):   78 ;  0 xtra drops; P no Acid :  -14; P gases:    5;Total CO2 :  670;# Exp.:  0;CO2 after Exp.:  670;RefRe skipped: L mBar 25.7   Pos 39.0;RefRe skipped: R mBar 348.5   Pos 50.6;VM1 aftr Trfr.:  -19;PC (62328);Init,1de02b6d6a84__SHP2L__-0036(Reevaluated).xls,738841,71.8,78.0,,5.0,670.0,670.0,25.7,348.5,39.0,39.0,-19.0,SHP2L,,,,SHP2L - SHP2L,-0.6896880000000003,-0.6119749999999993,-0.9943410000000004,-0.421695025934811,-0.0958497729834299,-0.1006745913463012,6.850666,True,-0.659,-5.824,0.033,0.033,6.505822,7.1955100000000005,-0.6896880000000003
10,Normal sample size (2300mV - 17800mV Bellow 10.5),2023-11-17,23:21:53,SHP2L,,,,-0.688,0.034,-5.832,0.034,6.670455,7.299774,7.236629,7.782114,9.482923,10.391748,2, Acid: 71.7 (°C); LeakRate (µBar/Min):   88 ;  0 xtra drops; P no Acid :    3; P gases:  111;Total CO2 :  660;# Exp.:  0;CO2 after Exp.:  660;RefRe skipped: L mBar 14.3   Pos 70.6;RefRe skipped: R mBar 348.5   Pos 49.4;VM1 aftr Trfr.:  -12;PC (62329);Init,1de02b6d6a84__SHP2L__-0036(Reevaluated).xls,738841,71.7,88.0,3.0,111.0,660.0,660.0,14.3,348.5,70.6,70.6,-12.0,SHP2L,,,,SHP2L - SHP2L,-0.6293190000000006,-0.5454850000000002,-0.9088249999999984,-0.3888858139565264,-0.0862107511821599,-0.0900942998142694,6.9851145,True,-0.688,-5.832,0.034,0.034,6.670455,7.299774,-0.6293190000000006
9,Normal sample size (2300mV - 17800mV Bellow 10.5),2023-11-17,22:47:00,SHP2L,,,,-0.608,0.029,-5.775,0.087,3.5084560000000002,3.816292,3.806776,4.068396,4.986562,5.431407,1, Acid: 71.8 (°C); LeakRate (µBar/Min):  127 ;  0 xtra drops; P no Acid :  -19; P gases:   -7;Total CO2 :  557;# Exp.:  0;CO2 after Exp.:  557;RefRe: L mBar 0.0   Pos 0.0;VM1 aftr Trfr.:  -19;PC (62319);Init int: 4196.67;PressAdj: Master: 4157.4  Adjust: 3,1de02b6d6a84__SHP2L__-0036(Reevaluated).xls,738841,71.8,127.0,,,557.0,557.0,,,0.0,0.0,-19.0,SHP2L,,,,SHP2L - SHP2L,-0.30783599999999955,-0.2616200000000002,-0.4448449999999999,-0.1913811049219606,-0.0806636389458667,-0.0840536766589102,3.662374,True,-0.608,-5.775,0.029,0.087,3.508456,3.816292,-0.3078359999999995
8,Normal sample size (2300mV - 17800mV Bellow 10.5),2023-11-17,22:10:32,383 U1539,C10H4W135/137,,,-0.686,0.025,-5.762,0.022,9.21428,10.226973,9.996218,10.901024,13.101463,14.560997,2, Acid: 71.9 (°C); LeakRate (µBar/Min):   68 ;  0 xtra drops; P no Acid :  -21; P gases:   -4;Total CO2 :  709;# Exp.:  0;CO2 after Exp.:  709;RefRe skipped: L mBar 60.2   Pos 10.8;RefRe skipped: R mBar 348.5   Pos 49.4;VM1 aftr Trfr.:  -16;PC (62319);Init,1de02b6d6a84__SHP2L__-0036(Reevaluated).xls,738841,71.9,68.0,,,709.0,709.0,60.2,348.5,10.8,10.8,-16.0,383 U1539,,,,383 U1539 - 383 U1539,-1.0126929999999987,-0.9048059999999988,-1.4595339999999997,-0.6170172658143627,-0.0990217731092082,-0.104179807752103,9.7206265,True,-0.686,-5.762,0.025,0.022,9.21428,10.226973,-1.0126929999999987
7,Normal sample size (2300mV - 17800mV Bellow 10.5),2023-11-17,21:34:55,383 U1539,C10H5W66/68,,,0.392,0.031,3.951,0.034,19.821243,20.753291,21.525906,22.114532,28.472717,29.564194,1, Acid: 71.8 (°C); LeakRate (µBar/Min):  107 ;  0 xtra drops; P no Acid :  -19; P gases:   -4;Total CO2 :  826;# Exp.:  0;CO2 after Exp.:  826;RefRe skipped: L mBar 40.7   Pos 21.4;RefRe skipped: R mBar 348.5   Pos 50.3;VM1 aftr Trfr.:  -19;PC (62309);Init,1de02b6d6a84__SHP2L__-0036(Reevaluated).xls,738841,71.8,107.0,,,826.0,826.0,40.7,348.5,21.4,21.4,-19.0,383 U1539,,,,383 U1539 - 383 U1539,-0.9320480000000018,-0.5886260000000014,-1.0914770000000011,-0.6019874009438517,-0.0449108529341202,-0.0459425116256419,20.287267,True,0.392,3.951,0.031,0.034,19.821243,20.753291,-0.9320480000000018
6,Normal sample size (2300mV - 17800mV Bellow 10.5),2023-11-17,20:53:16,SHP2L,,,,-0.628,0.038,-5.76,0.024,10.781456,12.633358,11.696302,13.465326999999998,15.33224,17.988992999999997,2, Acid: 71.7 (°C); LeakRate (µBar/Min):   54 ;  0 xtra drops; P no Acid :  -21; P gases:    3;Total CO2 :  736;# Exp.:  0;CO2 after Exp.:  736;RefRe skipped: L mBar 66.9   Pos 11.0;RefRe skipped: R mBar 348.5   Pos 49.3;VM1 aftr Trfr.:  -19;PC (62319);Init,1de02b6d6a84__SHP2L__-0036(Reevaluated).xls,738841,71.7,54.0,,3.0,736.0,736.0,66.9,348.5,11.0,11.0,-19.0,SHP2L,,,,SHP2L - SHP2L,-1.851901999999999,-1.7690249999999992,-2.6567529999999966,-1.0687640212622975,-0.1465882625981151,-0.1581820807972251,11.707407,True,-0.628,-5.76,0.038,0.024,10.781456,12.633358,-1.851901999999999
5,Normal sample size (2300mV - 17800mV Bellow 10.5),2023-11-17,20:16:07,383 U1539,C11H1W35/37,,,0.472,0.031,3.789,0.033,21.814782,23.668402999999998,23.69034,25.216854,31.336278,33.721791,1, Acid: 71.8 (°C); LeakRate (µBar/Min):  112 ;  0 xtra drops; P no Acid :  -24; P gases:   -7;Total CO2 :  816;# Exp.:  0;CO2 after Exp.:  816;RefRe: L mBar 0.0   Pos 0.0;VM1 aftr Trfr.:  -19;PC (62319);Init int: 40374.42;PressAdj: Master: 39837.2  Adjust:,1de02b6d6a84__SHP2L__-0036(Reevaluated).xls,738841,71.8,112.0,,,816.0,816.0,,,0.0,0.0,-19.0,383 U1539,,,,383 U1539 - 383 U1539,-1.8536209999999969,-1.5265139999999988,-2.385512999999996,-1.1553353879094457,-0.0783162683177228,-0.0815079682744291,22.7415925,True,0.472,3.789,0.031,0.033,21.814782,23.668403,-1.8536209999999969
4,Normal sample size (2300mV - 17800mV Bellow 10.5),2023-11-17,19:29:07,383 U1539,C10H5W146/148,,,0.888,0.05,3.3,0.043,17.580997,22.199437000000003,19.101036,23.654187,25.239497,31.628368,2, Acid: 71.8 (°C); LeakRate (µBar/Min):   54 ;  0 xtra drops; P no Acid :  -19; P gases:    3;Total CO2 :  794;# Exp.:  0;CO2 after Exp.:  794;RefRe skipped: L mBar 60.9   Pos 11.9;RefRe skipped: R mBar 348.5   Pos 49.6;VM1 aftr Trfr.:  -19;PC (62319);Init,1de02b6d6a84__SHP2L__-0036(Reevaluated).xls,738841,71.8,54.0,,3.0,794.0,794.0,60.9,348.5,11.9,11.9,-19.0,383 U1539,,,,383 U1539 - 383 U1539,-4.618440000000003,-4.553151,-6.388870999999998,-2.473443863911508,-0.2080431138861766,-0.2321965617569684,19.890217,True,0.888,3.3,0.05,0.043,17.580997,22.199437000000003,-4.618440000000003
3,Normal sample size (2300mV - 17800mV Bellow 10.5),2023-11-17,18:53:51,383 U1539,C11H2W85/87,,,0.491,0.028,3.993,0.024,20.016453000000002,20.991688,21.739914,22.368696,28.755679,29.90573,1, Acid: 71.9 (°C); LeakRate (µBar/Min):  107 ;  0 xtra drops; P no Acid :  -19; P gases:   -4;Total CO2 :  824;# Exp.:  0;CO2 after Exp.:  824;RefRe skipped: L mBar 41.8   Pos 22.4;RefRe skipped: R mBar 348.5   Pos 50.4;VM1 aftr Trfr.:  -16;PC (62319);Init,1de02b6d6a84__SHP2L__-0036(Reevaluated).xls,738841,71.9,107.0,,,824.0,824.0,41.8,348.5,22.4,22.4,-16.0,383 U1539,,,,383 U1539 - 383 U1539,-0.9752349999999979,-0.6287819999999975,-1.1500509999999975,-0.6288604042113217,-0.0464581504831816,-0.0475629948697258,20.5040705,True,0.491,3.993,0.028,0.024,20.016453,20.991688,-0.975234999999998
2,Normal sample size (2300mV - 17800mV Bellow 10.5),2023-11-17,18:08:36,383 U1539,C11H2W85/87,,,0.705,0.033,3.23,0.03,10.979141,12.993504000000001,11.930235,13.849587,15.754762,18.503329,2, Acid: 71.9 (°C); LeakRate (µBar/Min):  122 ;  0 xtra drops; P no Acid :    1; P gases:   64;Total CO2 :  763;# Exp.:  0;CO2 after Exp.:  763;RefRe skipped: L mBar 30.8   Pos 32.9;RefRe skipped: R mBar 348.5   Pos 49.4;VM1 aftr Trfr.:  -16;PC (62329);Init,1de02b6d6a84__SHP2L__-0036(Reevaluated).xls,738841,71.9,122.0,1.0,64.0,763.0,763.0,30.8,348.5,32.9,32.9,-16.0,383 U1539,,,,383 U1539 - 383 U1539,-2.0143630000000012,-1.919352,-2.7485669999999995,-1.1510257162929691,-0.1550284665321995,-0.1680551311713831,11.9863225,True,0.705,3.23,0.033,0.03,10.979141,12.993504,-2.014363000000001
1,Normal sample size (2300mV - 17800mV Bellow 10.5),2023-11-17,17:33:17,SHP2L,,,,-0.775,0.03,-5.812,0.043,8.062155,8.997637000000001,8.745211999999999,9.590738,11.461462,12.809454,1,Acid: 71.8 (°C);LeakRate (µBar/Min):   24 ; 0 xtra drops;P no Acid :    5;P gases:   27;Total CO2 :  799;# Exp.:  0;CO2 after Exp.:  799;RefRe: L mBar 0.0   Pos 0.0;VM1 aftr Trfr.:   -4;PC (62319);Init int: 10068.92;PressAdj: Master: 9968.9  Adjust: 9222.,1de02b6d6a84__SHP2L__-0036(Reevaluated).xls,738841,71.8,24.0,5.0,27.0,799.0,799.0,,,0.0,0.0,-4.0,SHP2L,,,,SHP2L - SHP2L,-0.9354820000000004,-0.8455260000000013,-1.3479920000000014,-0.566843699658513,-0.1039697422778892,-0.1096709737140992,8.529896,True,-0.775,-5.812,0.03,0.043,8.062155,8.997637000000001,-0.9354820000000004
46,Normal sample size (2300mV - 17800mV Bellow 10.5),2023-11-14,23:32:26,SHP2L,,,,-0.659,0.028,-5.722,0.033,10.91659,12.856224000000001,11.842139,13.702176,15.524677,18.306884,2, Acid: 71.7 (°C); LeakRate (µBar/Min):   98 ;  0 xtra drops; P no Acid :  -19; P gases:   13;Total CO2 :  716;# Exp.:  0;CO2 after Exp.:  716;RefRe skipped: L mBar 64.6   Pos 12.4;RefRe skipped: R mBar 348.5   Pos 49.1;VM1 aftr Trfr.:   -9;PC (62319);Init,1de02b6d6a84__SHP2L__-0036(Reevaluated).xls,738838,71.7,98.0,,13.0,716.0,716.0,64.6,348.5,12.4,12.4,-9.0,SHP2L,,,,SHP2L - SHP2L,-1.9396340000000016,-1.860037,-2.782206999999996,-1.113777833158757,-0.1508712044843028,-0.1631808501929979,11.886407,True,-0.659,-5.722,0.028,0.033,10.91659,12.856224,-1.9396340000000016
45,Normal sample size (2300mV - 17800mV Bellow 10.5),2023-11-14,22:55:16,383 U1539,C11H4W65/67,,,0.672,0.025,3.34,0.033,18.971939,22.68334,20.606934000000003,24.168004,27.238293,32.31746,1, Acid: 71.6 (°C); LeakRate (µBar/Min):  254 ;  0 xtra drops; P no Acid :  350; P gases:  562;Total CO2 :  792;# Exp.:  0;CO2 after Exp.:  792;RefRe: L mBar 0.0   Pos 0.0;VM1 aftr Trfr.:   -7;PC (62319);Init int: 24909.97;PressAdj: Master: 24599.6  Adjust:,1de02b6d6a84__SHP2L__-0036(Reevaluated).xls,738838,71.6,254.0,350.0,562.0,792.0,792.0,,,0.0,0.0,-7.0,383 U1539,,,,383 U1539 - 383 U1539,-3.711401000000002,-3.5610699999999973,-5.079166999999995,-2.099170964234549,-0.1636179239917931,-0.1781959496658275,20.8276395,True,0.672,3.34,0.025,0.033,18.971939,22.68334,-3.711401000000002
44,Normal sample size (2300mV - 17800mV Bellow 10.5),2023-11-14,22:15:35,383 U1539,C11H5W35/37,,,0.785,0.032,3.62,0.023,15.577884,17.106308000000002,16.924386,18.228367,22.367372,24.364008,2, Acid: 71.7 (°C); LeakRate (µBar/Min):   98 ;  0 xtra drops; P no Acid :   13; P gases:  142;Total CO2 :  792;# Exp.:  0;CO2 after Exp.:  792;RefRe skipped: L mBar 53.6   Pos 15.2;RefRe skipped: R mBar 348.5   Pos 49.2;VM1 aftr Trfr.:  -14;PC (62309);Init,1de02b6d6a84__SHP2L__-0036(Reevaluated).xls,738838,71.7,98.0,13.0,142.0,792.0,792.0,53.6,348.5,15.2,15.2,-14.0,383 U1539,,,,383 U1539 - 383 U1539,-1.528424000000003,-1.3039810000000005,-1.9966360000000023,-0.9412418740284102,-0.0893485607765277,-0.0935268034161592,16.342096,True,0.785,3.62,0.032,0.023,15.577884,17.106308000000002,-1.528424000000003
43,Normal sample size (2300mV - 17800mV Bellow 10.5),2023-11-14,21:31:25,383 U1539,C11H5W115/117,,,0.736,0.045,3.372,0.034,14.712054,17.842846,15.983146,19.014412,21.118315,25.414782,1, Acid: 71.5 (°C); LeakRate (µBar/Min):  220 ;  0 xtra drops; P no Acid :   81; P gases:  382;Total CO2 :  770;# Exp.:  0;CO2 after Exp.:  770;RefRe skipped: L mBar 51.9   Pos 16.9;RefRe skipped: R mBar 348.5   Pos 50.4;VM1 aftr Trfr.:  -14;PC (62319);Init,1de02b6d6a84__SHP2L__-0036(Reevaluated).xls,738838,71.5,220.0,81.0,382.0,770.0,770.0,51.9,348.5,16.9,16.9,-14.0,383 U1539,,,,383 U1539 - 383 U1539,-3.1307920000000014,-3.0312659999999987,-4.296467,-1.7456959789523474,-0.1754648333567414,-0.1923392177521664,16.27745,True,0.736,3.372,0.045,0.034,14.712054,17.842846,-3.1307920000000014
42,Normal sample size (2300mV - 17800mV Bellow 10.5),2023-11-14,20:57:10,383 U1539,C12H6W32/34,,,0.699,0.046,3.466,0.026,14.27164,17.080194,15.505616,18.20219,20.488083,24.328493,2, Acid: 71.5 (°C); LeakRate (µBar/Min):   73 ;  0 xtra drops; P no Acid :   18; P gases:  108;Total CO2 :  748;# Exp.:  0;CO2 after Exp.:  750;RefRe skipped: L mBar 30.3   Pos 33.4;RefRe skipped: R mBar 348.5   Pos 49.1;VM1 aftr Trfr.:   -9;PC (62329);Init,1de02b6d6a84__SHP2L__-0036(Reevaluated).xls,738838,71.5,73.0,18.0,108.0,748.0,750.0,30.3,348.5,33.4,33.4,-9.0,383 U1539,,,,383 U1539 - 383 U1539,-2.808553999999999,-2.6965739999999983,-3.840409999999999,-1.586971306293541,-0.1644333782157274,-0.1791636176690652,15.675916999999998,True,0.699,3.466,0.046,0.026,14.27164,17.080194,-2.808553999999999
41,Normal sample size (2300mV - 17800mV Bellow 10.5),2023-11-14,20:20:01,SHP2L,,,,-0.681,0.033,-5.856,0.025,7.9879,8.858139999999999,8.666679,9.442639,11.35714,12.612077,1, Acid: 71.7 (°C); LeakRate (µBar/Min):  205 ;  0 xtra drops; P no Acid :  279; P gases:  474;Total CO2 :  697;# Exp.:  0;CO2 after Exp.:  697;RefRe: L mBar 0.0   Pos 0.0;VM1 aftr Trfr.:  -12;PC (62329);Init int: 9619.67;PressAdj: Master: 9519.0  Adjust: 9,1de02b6d6a84__SHP2L__-0036(Reevaluated).xls,738838,71.7,205.0,279.0,474.0,697.0,697.0,,,0.0,0.0,-12.0,SHP2L,,,,SHP2L - SHP2L,-0.870239999999999,-0.7759599999999995,-1.254937,-0.5306819715274218,-0.0982418430957288,-0.1033168625979754,8.42302,True,-0.681,-5.856,0.033,0.025,7.9879,8.858139999999999,-0.870239999999999
40,Normal sample size (2300mV - 17800mV Bellow 10.5),2023-11-14,19:42:22,383 U1539,C12H4W14/16,,,0.222,0.033,3.633,0.021,16.845833,18.546616999999998,18.291282,19.763811,24.189536,26.418362,2, Acid: 71.5 (°C); LeakRate (µBar/Min):  107 ;  0 xtra drops; P no Acid :   10; P gases:  140;Total CO2 :  797;# Exp.:  0;CO2 after Exp.:  797;RefRe skipped: L mBar 62.9   Pos 10.7;RefRe skipped: R mBar 348.5   Pos 49.9;VM1 aftr Trfr.:  -12;PC (62319);Init,1de02b6d6a84__SHP2L__-0036(Reevaluated).xls,738838,71.5,107.0,10.0,140.0,797.0,797.0,62.9,348.5,10.7,10.7,-12.0,383 U1539,,,,383 U1539 - 383 U1539,-1.7007839999999987,-1.4725290000000015,-2.228826000000001,-1.0446773098686724,-0.0917031930944602,-0.0961099895599202,17.696225,True,0.222,3.633,0.033,0.021,16.845833,18.546617,-1.7007839999999987
39,Normal sample size (2300mV - 17800mV Bellow 10.5),2023-11-14,18:58:40,383 U1539,C13H1W106/108,,,0.455,0.054,2.976,0.046,17.581523,21.929607,19.09333,23.365992,25.231663,31.242338,1, Acid: 71.7 (°C); LeakRate (µBar/Min):  220 ;  0 xtra drops; P no Acid :  355; P gases:  560;Total CO2 :  792;# Exp.:  0;CO2 after Exp.:  792;RefRe skipped: L mBar 56.3   Pos 14.2;RefRe skipped: R mBar 348.5   Pos 49.9;VM1 aftr Trfr.:   -9;PC (62319);Init,1de02b6d6a84__SHP2L__-0036(Reevaluated).xls,738838,71.7,220.0,355.0,560.0,792.0,792.0,56.3,348.5,14.2,14.2,-9.0,383 U1539,,,,383 U1539 - 383 U1539,-4.348084,-4.272661999999997,-6.010674999999999,-2.3573755939244063,-0.1982745974426263,-0.2200941355005539,19.755565,True,0.455,2.976,0.054,0.046,17.581523,21.929607,-4.348084
38,Normal sample size (2300mV - 17800mV Bellow 10.5),2023-11-14,18:23:32,383 U1539,D12H2W147/149,,,0.312,0.033,3.198,0.026,15.68881,19.020281999999998,17.036939999999998,20.267744,22.519495,27.093196,2, Acid: 71.6 (°C); LeakRate (µBar/Min):  215 ;  0 xtra drops; P no Acid :  -21; P gases:    1;Total CO2 :  755;# Exp.:  0;CO2 after Exp.:  755;RefRe skipped: L mBar 66.3   Pos 11.8;RefRe skipped: R mBar 348.5   Pos 49.9;VM1 aftr Trfr.:   52;PC (62319);Init,1de02b6d6a84__SHP2L__-0036(Reevaluated).xls,738838,71.6,215.0,,1.0,755.0,755.0,66.3,348.5,11.8,11.8,52.0,383 U1539,,,,383 U1539 - 383 U1539,-3.331471999999998,-3.2308040000000027,-4.573701,-1.858294033019239,-0.1751536596565707,-0.1919653789848491,17.354546,True,0.312,3.198,0.033,0.026,15.68881,19.020282,-3.331471999999998
37,Normal sample size (2300mV - 17800mV Bellow 10.5),2023-11-14,17:46:02,383 U1539,C12H6W112/114,,,0.759,0.033,3.406,0.036,19.128816,23.478521,20.778509,25.015545,27.467823,33.453088,1, Acid: 71.5 (°C); LeakRate (µBar/Min):  278 ;  0 xtra drops; P no Acid :  435; P gases:  650;Total CO2 :  789;# Exp.:  0;CO2 after Exp.:  789;RefRe: L mBar 0.0   Pos 0.0;VM1 aftr Trfr.:   -9;PC (62319);Init int: 26277.06;PressAdj: Master: 25953.2  Adjust:,1de02b6d6a84__SHP2L__-0036(Reevaluated).xls,738838,71.5,278.0,435.0,650.0,789.0,789.0,,,0.0,0.0,-9.0,383 U1539,,,,383 U1539 - 383 U1539,-4.349705,-4.237036,-5.985265000000002,-2.3965272463945904,-0.1852631603157626,-0.2041763370473024,21.3036685,True,0.759,3.406,0.033,0.036,19.128816,23.478521,-4.349705
36,Normal sample size (2300mV - 17800mV Bellow 10.5),2023-11-14,17:07:12,SHP2L,,,,-0.927,0.022,-6.121,0.064,3.752163,4.104177,4.069985,4.375401,5.331778,5.84169,2, Acid: 71.5 (°C); LeakRate (µBar/Min):  220 ;  0 xtra drops; P no Acid :  -21; P gases:   20;Total CO2 :  555;# Exp.:  0;CO2 after Exp.:  553;RefRe skipped: L mBar 61.8   Pos 10.6;RefRe skipped: R mBar 348.5   Pos 49.9;VM1 aftr Trfr.:   57;PC (62319);Init,1de02b6d6a84__SHP2L__-0036(Reevaluated).xls,738838,71.5,220.0,,20.0,555.0,553.0,61.8,348.5,10.6,10.6,57.0,SHP2L,,,,SHP2L - SHP2L,-0.35201400000000005,-0.3054160000000001,-0.5099119999999999,-0.2176310029669352,-0.0857696926813829,-0.0896127204270691,3.92817,True,-0.927,-6.121,0.022,0.064,3.752163,4.104177,-0.352014
35,Normal sample size (2300mV - 17800mV Bellow 10.5),2023-11-14,16:30:54,383 U1539,D12H2W27/29,,,0.176,0.047,3.121,0.051,17.046547,21.430138,18.507514,22.832469,24.466034,30.530323,1, Acid: 71.5 (°C); LeakRate (µBar/Min):  347 ;  0 xtra drops; P no Acid :  181; P gases:  611;Total CO2 :  775;# Exp.:  0;CO2 after Exp.:  775;RefRe skipped: L mBar 56.1   Pos 13.9;RefRe skipped: R mBar 348.5   Pos 49.9;VM1 aftr Trfr.:   -9;PC (62299);Init,1de02b6d6a84__SHP2L__-0036(Reevaluated).xls,738838,71.5,347.0,181.0,611.0,775.0,775.0,56.1,348.5,13.9,13.9,-9.0,383 U1539,,,,383 U1539 - 383 U1539,-4.383590999999999,-4.324954999999999,-6.064288999999999,-2.358015698760854,-0.2045526258393669,-0.2278569996349737,19.2383425,True,0.176,3.121,0.047,0.051,17.046547,21.430138,-4.383590999999999
34,Normal sample size (2300mV - 17800mV Bellow 10.5),2023-11-14,15:55:19,383 U1539,C13H1W26/28,,,0.748,0.041,2.928,0.031,15.624549,18.919697,16.973286,20.160346,22.421451,26.950996,2, Acid: 71.6 (°C); LeakRate (µBar/Min):  117 ;  0 xtra drops; P no Acid :   -7; P gases:   76;Total CO2 :  763;# Exp.:  0;CO2 after Exp.:  763;RefRe skipped: L mBar 61.7   Pos 12.9;RefRe skipped: R mBar 348.5   Pos 49.9;VM1 aftr Trfr.:   93;PC (62319);Init,1de02b6d6a84__SHP2L__-0036(Reevaluated).xls,738838,71.6,117.0,,76.0,763.0,763.0,61.7,348.5,12.9,12.9,93.0,383 U1539,,,,383 U1539 - 383 U1539,-3.2951479999999993,-3.187059999999999,-4.529544999999999,-1.8402357015038813,-0.1741649456648275,-0.190778400547518,17.272123,True,0.748,2.928,0.041,0.031,15.624549,18.919697,-3.295148
33,Normal sample size (2300mV - 17800mV Bellow 10.5),2023-11-14,15:17:03,383 U1539,D12H1W86/88,,,0.346,0.039,3.514,0.024,20.997051,21.39354,22.801446,22.795762,30.155219,30.480947,1, Acid: 71.5 (°C); LeakRate (µBar/Min):  274 ;  0 xtra drops; P no Acid :  162; P gases:  513;Total CO2 :  809;# Exp.:  0;CO2 after Exp.:  809;RefRe: L mBar 0.0   Pos 0.0;VM1 aftr Trfr.:   -9;PC (62328);Init int: 41459.51;PressAdj: Master: 40904.1  Adjust:,1de02b6d6a84__SHP2L__-0036(Reevaluated).xls,738838,71.5,274.0,162.0,513.0,809.0,809.0,,,0.0,0.0,-9.0,383 U1539,,,,383 U1539 - 383 U1539,-0.39648900000000253,0.0056839999999986,-0.325727999999998,-0.2631552299476496,-0.0185331179412104,-0.0187064624789025,21.1952955,True,0.346,3.514,0.039,0.024,20.997051,21.39354,-0.3964890000000025
32,Normal sample size (2300mV - 17800mV Bellow 10.5),2023-11-14,14:28:38,383 U1539,A10H4W115/117,,,1.324,0.061,3.342,0.027,10.133751,12.132164000000001,11.017974,12.930426,14.543401,17.276946,2, Acid: 71.5 (°C); LeakRate (µBar/Min):   59 ;  0 xtra drops; P no Acid :  -19; P gases:   23;Total CO2 :  726;# Exp.:  0;CO2 after Exp.:  726;RefRe skipped: L mBar 26.6   Pos 32.9;RefRe skipped: R mBar 348.5   Pos 49.9;VM1 aftr Trfr.:  -16;PC (62319);Init,1de02b6d6a84__SHP2L__-0036(Reevaluated).xls,738838,71.5,59.0,,23.0,726.0,726.0,26.6,348.5,32.9,32.9,-16.0,383 U1539,,,,383 U1539 - 383 U1539,-1.998413000000001,-1.9124519999999985,-2.7335449999999994,-1.1288140743911652,-0.1647202428190058,-0.1795042332641619,11.1329575,True,1.324,3.342,0.061,0.027,10.133751,12.132164,-1.998413000000001
31,Normal sample size (2300mV - 17800mV Bellow 10.5),2023-11-14,13:53:47,SHP2L,,,,-0.682,0.051,-5.759,0.03,6.828778000000001,7.594868,7.409356,8.095813,9.70909,10.812245,1, Acid: 71.7 (°C); LeakRate (µBar/Min):  293 ;  0 xtra drops; P no Acid :  159; P gases:  511;Total CO2 :  650;# Exp.:  0;CO2 after Exp.:  650;RefRe skipped: L mBar 76.6   Pos 3.4;RefRe skipped: R mBar 348.5   Pos 49.9;VM1 aftr Trfr.:   -9;PC (62319);Init,1de02b6d6a84__SHP2L__-0036(Reevaluated).xls,738838,71.7,293.0,159.0,511.0,650.0,650.0,76.6,348.5,3.4,3.4,-9.0,SHP2L,,,,SHP2L - SHP2L,-0.7660899999999993,-0.6864569999999999,-1.103155000000001,-0.4658088875091971,-0.1008694291987693,-0.1062269553759152,7.211823000000001,True,-0.682,-5.759,0.051,0.03,6.828778000000001,7.594868,-0.7660899999999993
30,Normal sample size (2300mV - 17800mV Bellow 10.5),2023-11-14,13:16:36,383 U1539,A11H7W30/32,,,0.568,0.062,3.807,0.078,18.405947,28.646057,19.988464,30.515042,26.441049,40.821676,2, Acid: 71.7 (°C); LeakRate (µBar/Min):   98 ;  0 xtra drops; P no Acid :  -19; P gases:    1;Total CO2 :  843;# Exp.:  0;CO2 after Exp.:  843;RefRe skipped: L mBar 36.6   Pos 27.1;RefRe skipped: R mBar 348.5   Pos 49.9;VM1 aftr Trfr.:  -12;PC (62319);Init,1de02b6d6a84__SHP2L__-0036(Reevaluated).xls,738838,71.7,98.0,,1.0,843.0,843.0,36.6,348.5,27.1,27.1,-12.0,383 U1539,,,,383 U1539 - 383 U1539,-10.240109999999998,-10.526578,-14.380626999999995,-4.44941741468994,-0.3574701397822394,-0.4352677518262558,23.526002,True,0.568,3.807,0.062,0.078,18.405947,28.646057,-10.240109999999998
29,Normal sample size (2300mV - 17800mV Bellow 10.5),2023-11-14,12:27:49,383 U1539,C11H4W25/27,,,0.61,0.045,3.325,0.028,9.463928,11.091145000000001,10.282611,11.822269,13.581465,15.793787,1, Acid: 71.7 (°C); LeakRate (µBar/Min):  303 ;  0 xtra drops; P no Acid :  206; P gases:  577;Total CO2 :  706;# Exp.:  0;CO2 after Exp.:  706;RefRe: L mBar 0.0   Pos 0.0;VM1 aftr Trfr.:   37;PC (62328);Init int: 12896.68;PressAdj: Master: 12754.6  Adjust:,1de02b6d6a84__SHP2L__-0036(Reevaluated).xls,738838,71.7,303.0,206.0,577.0,706.0,706.0,,,0.0,0.0,37.0,383 U1539,,,,383 U1539 - 383 U1539,-1.6272170000000017,-1.5396579999999993,-2.2123220000000003,-0.9389570569066452,-0.1467131662240464,-0.158327533062033,10.2775365,True,0.61,3.325,0.045,0.028,9.463928,11.091145,-1.6272170000000017
28,Normal sample size (2300mV - 17800mV Bellow 10.5),2023-11-14,11:45:06,383 U1539,C11H3W55/57,,,0.808,0.036,3.33,0.032,9.92874,11.728906,10.788843,12.502502,14.248962,16.702828,2, Acid: 71.6 (°C); LeakRate (µBar/Min):  225 ;  0 xtra drops; P no Acid :   -9; P gases:   23;Total CO2 :  733;# Exp.:  0;CO2 after Exp.:  733;RefRe: L mBar 0.0   Pos 0.0;VM1 aftr Trfr.:  -14;PC (62329);Init int: 12983.84;PressAdj: Master: 12840.7  Adjust:,1de02b6d6a84__SHP2L__-0036(Reevaluated).xls,738838,71.6,225.0,,23.0,733.0,733.0,,,0.0,0.0,-14.0,383 U1539,,,,383 U1539 - 383 U1539,-1.8001660000000008,-1.7136589999999998,-2.453866000000001,-1.0305151960643435,-0.1534811516095363,-0.1662383806624229,10.828823,True,0.808,3.33,0.036,0.032,9.92874,11.728906,-1.8001660000000008
27,Normal sample size (2300mV - 17800mV Bellow 10.5),2023-11-14,11:06:46,383 U1539,C10H3W4/6,,,0.971,0.037,3.089,0.019,11.991033,14.512375,13.031101,15.466666,17.206761,20.668222,1, Acid: 71.4 (°C); LeakRate (µBar/Min):  293 ;  0 xtra drops; P no Acid :  220; P gases:  574;Total CO2 :  731;# Exp.:  0;CO2 after Exp.:  731;RefRe skipped: L mBar 53.1   Pos 16.3;RefRe skipped: R mBar 348.5   Pos 49.9;VM1 aftr Trfr.:   57;PC (62319);Init,1de02b6d6a84__SHP2L__-0036(Reevaluated).xls,738838,71.4,293.0,220.0,574.0,731.0,731.0,53.1,348.5,16.3,16.3,57.0,383 U1539,,,,383 U1539 - 383 U1539,-2.5213420000000006,-2.435564999999998,-3.461461,-1.4088186019983222,-0.1737373793055927,-0.1902654934037163,13.251704,True,0.971,3.089,0.037,0.019,11.991033,14.512375,-2.5213420000000006
26,Normal sample size (2300mV - 17800mV Bellow 10.5),2023-11-14,10:28:35,SHP2L,,,,-0.649,0.035,-5.723,0.033,14.864167,17.601207,16.123183,18.756925,21.145014,25.070885,2, Acid: 71.5 (°C); LeakRate (µBar/Min):   73 ;  0 xtra drops; P no Acid :  -19; P gases:    5;Total CO2 :  767;# Exp.:  0;CO2 after Exp.:  767;RefRe skipped: L mBar 40.5   Pos 24.1;RefRe skipped: R mBar 348.5   Pos 49.9;VM1 aftr Trfr.:  -14;PC (62328);Init,1de02b6d6a84__SHP2L__-0036(Reevaluated).xls,738838,71.5,73.0,,5.0,767.0,767.0,40.5,348.5,24.1,24.1,-14.0,SHP2L,,,,SHP2L - SHP2L,-2.7370399999999986,-2.633741999999998,-3.925870999999997,-1.563091793134132,-0.1555029720404969,-0.1686128735187217,16.232687,True,-0.649,-5.723,0.035,0.033,14.864167,17.601207,-2.7370399999999986
25,Normal sample size (2300mV - 17800mV Bellow 10.5),2023-11-14,09:54:58,383 U1539,C10H2W33/35,,,1.048,0.021,2.7,0.03,11.129684,12.551845,12.096257,13.378099,15.963425,17.874129,1, Acid: 71.8 (°C); LeakRate (µBar/Min):  308 ;  0 xtra drops; P no Acid :  169; P gases:  528;Total CO2 :  726;# Exp.:  0;CO2 after Exp.:  726;RefRe: L mBar 0.0   Pos 0.0;VM1 aftr Trfr.:    5;PC (62319);Init int: 14645.16;PressAdj: Master: 14475.2  Adjust:,1de02b6d6a84__SHP2L__-0036(Reevaluated).xls,738838,71.8,308.0,169.0,528.0,726.0,726.0,,,0.0,0.0,5.0,383 U1539,,,,383 U1539 - 383 U1539,-1.422161000000001,-1.281842000000001,-1.9107040000000008,-0.8527647577864644,-0.1133029447065352,-0.1201071940920707,11.8407645,True,1.048,2.7,0.021,0.03,11.129684,12.551845,-1.422161000000001
24,Normal sample size (2300mV - 17800mV Bellow 10.5),2023-11-14,09:14:40,383 U1539,C10H4W15/17,,,0.884,0.056,3.209,0.024,13.358253000000001,16.216210999999998,14.515563,17.281909,19.171753,23.096426,2, Acid: 71.7 (°C); LeakRate (µBar/Min):   83 ;  0 xtra drops; P no Acid :  -16; P gases:    3;Total CO2 :  772;# Exp.:  0;CO2 after Exp.:  772;RefRe skipped: L mBar 67.5   Pos 10.1;RefRe skipped: R mBar 348.5   Pos 49.9;VM1 aftr Trfr.:  -14;PC (62319);Init,1de02b6d6a84__SHP2L__-0036(Reevaluated).xls,738838,71.7,83.0,,3.0,772.0,772.0,67.5,348.5,10.1,10.1,-14.0,383 U1539,,,,383 U1539 - 383 U1539,-2.8579579999999964,-2.766345999999998,-3.924673000000002,-1.5920669730772306,-0.1762408000241238,-0.1932720065526798,14.787232,True,0.884,3.209,0.056,0.024,13.358253,16.216210999999998,-2.8579579999999964
23,Normal sample size (2300mV - 17800mV Bellow 10.5),2023-11-14,08:39:35,383 U1539,C10H3W124/126,,,0.968,0.055,3.13,0.025,19.642428,24.034124,21.341697,25.607801,28.195572,34.243423,1, Acid: 71.7 (°C); LeakRate (µBar/Min):  269 ;  0 xtra drops; P no Acid :  159; P gases:  509;Total CO2 :  784;# Exp.:  0;CO2 after Exp.:  784;RefRe skipped: L mBar 62.0   Pos 13.1;RefRe skipped: R mBar 348.5   Pos 49.9;VM1 aftr Trfr.:    8;PC (62319);Init,1de02b6d6a84__SHP2L__-0036(Reevaluated).xls,738838,71.7,269.0,159.0,509.0,784.0,784.0,62.0,348.5,13.1,13.1,8.0,383 U1539,,,,383 U1539 - 383 U1539,-4.391696,-4.266103999999999,-6.047851000000001,-2.4271932480564256,-0.1827275252470196,-0.2011008561298519,21.838276,True,0.968,3.13,0.055,0.025,19.642428,24.034124,-4.391696
22,Normal sample size (2300mV - 17800mV Bellow 10.5),2023-11-14,08:01:51,383 U1539,D9H4W35/37,,,0.326,0.031,4.201,0.038,18.398986,21.449044999999998,19.980681,22.855862,26.437757,30.55768,2, Acid: 71.7 (°C); LeakRate (µBar/Min):   68 ;  0 xtra drops; P no Acid :  -16; P gases:    3;Total CO2 :  797;# Exp.:  0;CO2 after Exp.:  797;RefRe skipped: L mBar 19.2   Pos 53.4;RefRe skipped: R mBar 348.5   Pos 49.9;VM1 aftr Trfr.:  -14;PC (62328);Init,1de02b6d6a84__SHP2L__-0036(Reevaluated).xls,738838,71.7,68.0,,3.0,797.0,797.0,19.2,348.5,53.4,53.4,-14.0,383 U1539,,,,383 U1539 - 383 U1539,-3.0500589999999974,-2.8751810000000013,-4.119923,-1.7692914627675924,-0.1422002238328092,-0.1530845526595779,19.9240155,True,0.326,4.201,0.031,0.038,18.398986,21.449045,-3.0500589999999974
21,Normal sample size (2300mV - 17800mV Bellow 10.5),2023-11-14,07:27:45,SHP2L,,,,-0.825,0.035,-6.066,0.048,4.837256999999999,5.253144,5.250413,5.603103,6.874904000000001,7.478314999999999,1, Acid: 71.7 (°C); LeakRate (µBar/Min):  274 ;  0 xtra drops; P no Acid :  152; P gases:  504;Total CO2 :  601;# Exp.:  0;CO2 after Exp.:  601;RefRe: L mBar 0.0   Pos 0.0;VM1 aftr Trfr.:    8;PC (62328);Init int: 5809.48;PressAdj: Master: 5751.6  Adjust: 5,1de02b6d6a84__SHP2L__-0036(Reevaluated).xls,738838,71.7,274.0,152.0,504.0,601.0,601.0,,,0.0,0.0,8.0,SHP2L,,,,SHP2L - SHP2L,-0.41588700000000056,-0.3526899999999999,-0.6034109999999986,-0.2589765338876387,-0.0791691604113652,-0.082432204626952,5.0452005,True,-0.825,-6.066,0.035,0.048,4.837256999999999,5.253144,-0.4158870000000005
20,Normal sample size (2300mV - 17800mV Bellow 10.5),2023-11-14,06:49:01,383 U1539,D9H3W65/67,,,0.271,0.041,4.303,0.033,14.761151,17.70361,16.032103,18.867517,21.209079000000003,25.216209,2, Acid: 71.7 (°C); LeakRate (µBar/Min):   63 ;  0 xtra drops; P no Acid :  -19; P gases:    1;Total CO2 :  775;# Exp.:  0;CO2 after Exp.:  775;RefRe skipped: L mBar 55.0   Pos 13.0;RefRe skipped: R mBar 348.5   Pos 49.9;VM1 aftr Trfr.:  -14;PC (62319);Init,1de02b6d6a84__SHP2L__-0036(Reevaluated).xls,738838,71.7,63.0,,1.0,775.0,775.0,55.0,348.5,13.0,13.0,-14.0,383 U1539,,,,383 U1539 - 383 U1539,-2.9424590000000013,-2.835414,-4.0071299999999965,-1.6591055734219498,-0.1662067228096417,-0.1812709479056384,16.2323805,True,0.271,4.303,0.041,0.033,14.761151,17.70361,-2.9424590000000013
19,Normal sample size (2300mV - 17800mV Bellow 10.5),2023-11-14,06:14:58,383 U1539,D9H2W134/136,,,0.098,0.06,4.048,0.033,15.171038000000001,18.462268,16.475647000000002,19.675364,21.792838,26.297565,1, Acid: 71.8 (°C); LeakRate (µBar/Min):  274 ;  0 xtra drops; P no Acid :  311; P gases:  567;Total CO2 :  765;# Exp.:  0;CO2 after Exp.:  765;RefRe skipped: L mBar 59.6   Pos 12.4;RefRe skipped: R mBar 348.5   Pos 49.9;VM1 aftr Trfr.:   -2;PC (62309);Init,1de02b6d6a84__SHP2L__-0036(Reevaluated).xls,738838,71.8,274.0,311.0,567.0,765.0,765.0,59.6,348.5,12.4,12.4,-2.0,383 U1539,,,,383 U1539 - 383 U1539,-3.2912300000000005,-3.199717,-4.504726999999999,-1.8289157134333545,-0.1782679137796071,-0.1957125475562824,16.816653000000002,True,0.098,4.048,0.06,0.033,15.171038,18.462268,-3.2912300000000005
18,Normal sample size (2300mV - 17800mV Bellow 10.5),2023-11-14,05:36:46,383 U1539,C12H4W134/136,,,0.125,0.032,3.889,0.031,18.460646,20.496226999999998,20.046098,21.840745,26.516354,29.19792,2, Acid: 71.7 (°C); LeakRate (µBar/Min):   78 ;  0 xtra drops; P no Acid :  -24; P gases:   -4;Total CO2 :  802;# Exp.:  0;CO2 after Exp.:  804;RefRe skipped: L mBar 70.1   Pos 10.6;RefRe skipped: R mBar 348.5   Pos 49.9;VM1 aftr Trfr.:  -12;PC (62309);Init,1de02b6d6a84__SHP2L__-0036(Reevaluated).xls,738838,71.7,78.0,,,802.0,804.0,70.1,348.5,10.6,10.6,-12.0,383 U1539,,,,383 U1539 - 383 U1539,-2.035580999999997,-1.7946469999999977,-2.681566,-1.2398426550997064,-0.0993149129349512,-0.1045043322650663,19.4784365,True,0.125,3.889,0.032,0.031,18.460646,20.496227,-2.035580999999997
17,Normal sample size (2300mV - 17800mV Bellow 10.5),2023-11-14,04:51:45,383 U1539,C12H5W103/105,,,0.372,0.046,3.608,0.05,20.398544,25.191049,22.15305,26.840451,29.297886,35.896729,1, Acid: 71.7 (°C); LeakRate (µBar/Min):  357 ;  0 xtra drops; P no Acid :  518; P gases:  743;Total CO2 :  814;# Exp.:  0;CO2 after Exp.:  814;RefRe: L mBar 0.0   Pos 0.0;VM1 aftr Trfr.:   -4;PC (62328);Init int: 28568.14;PressAdj: Master: 28207.8  Adjust:,1de02b6d6a84__SHP2L__-0036(Reevaluated).xls,738838,71.7,357.0,518.0,743.0,814.0,814.0,,,0.0,0.0,-4.0,383 U1539,,,,383 U1539 - 383 U1539,-4.7925049999999985,-4.687401000000001,-6.598843000000002,-2.624343653575436,-0.19024634504105,-0.2102455707380409,22.7947965,True,0.372,3.608,0.046,0.05,20.398544,25.191049,-4.792504999999999
16,Normal sample size (2300mV - 17800mV Bellow 10.5),2023-11-14,04:12:19,SHP2L,,,,-0.7,0.046,-5.808,0.02,10.646123,12.319321,11.552301,13.133707,15.14001,17.542921999999997,2, Acid: 71.5 (°C); LeakRate (µBar/Min):  103 ;  0 xtra drops; P no Acid :   42; P gases:  132;Total CO2 :  726;# Exp.:  0;CO2 after Exp.:  726;RefRe skipped: L mBar 49.5   Pos 15.1;RefRe skipped: R mBar 348.5   Pos 50.2;VM1 aftr Trfr.:  -12;PC (62328);Init,1de02b6d6a84__SHP2L__-0036(Reevaluated).xls,738838,71.5,103.0,42.0,132.0,726.0,726.0,49.5,348.5,15.1,15.1,-12.0,SHP2L,,,,SHP2L - SHP2L,-1.673198000000001,-1.5814060000000012,-2.402911999999997,-0.9778162663683354,-0.1358190114536346,-0.145714404650744,11.482722,True,-0.7,-5.808,0.046,0.02,10.646123,12.319321,-1.673198000000001
15,Normal sample size (2300mV - 17800mV Bellow 10.5),2023-11-14,03:36:57,383 U1539,C13H5W23/25,,,-0.211,0.025,3.372,0.02,14.410732,16.119328,15.642742,17.177795,20.686055,22.95928,1, Acid: 71.5 (°C); LeakRate (µBar/Min):  288 ;  0 xtra drops; P no Acid :  169; P gases:  521;Total CO2 :  782;# Exp.:  0;CO2 after Exp.:  782;RefRe skipped: L mBar 64.3   Pos 11.0;RefRe skipped: R mBar 348.5   Pos 49.9;VM1 aftr Trfr.:   -9;PC (62319);Init,1de02b6d6a84__SHP2L__-0036(Reevaluated).xls,738838,71.5,288.0,169.0,521.0,782.0,782.0,64.3,348.5,11.0,11.0,-9.0,383 U1539,,,,383 U1539 - 383 U1539,-1.708596,-1.5350529999999996,-2.273225,-1.0329604827991286,-0.1059967264144014,-0.1119287679093981,15.26503,True,-0.211,3.372,0.025,0.02,14.410732,16.119328,-1.708596
14,Normal sample size (2300mV - 17800mV Bellow 10.5),2023-11-14,02:52:15,383 U1539,C13H3W125/127,,,0.002,0.039,3.074,0.036,18.463773,22.509359,20.043294000000003,23.984764,26.501166,32.069264,2, Acid: 71.6 (°C); LeakRate (µBar/Min):   98 ;  0 xtra drops; P no Acid :  -19; P gases:    1;Total CO2 :  787;# Exp.:  0;CO2 after Exp.:  787;RefRe skipped: L mBar 54.2   Pos 15.8;RefRe skipped: R mBar 348.5   Pos 50.1;VM1 aftr Trfr.:  -16;PC (62319);Init,1de02b6d6a84__SHP2L__-0036(Reevaluated).xls,738838,71.6,98.0,,1.0,787.0,787.0,54.2,348.5,15.8,15.8,-16.0,383 U1539,,,,383 U1539 - 383 U1539,-4.045586,-3.9414699999999954,-5.568097999999996,-2.244109142753536,-0.1797290629200058,-0.1974750673197255,20.486566,True,0.002,3.074,0.039,0.036,18.463773,22.509359,-4.045586
13,Normal sample size (2300mV - 17800mV Bellow 10.5),2023-11-14,02:17:08,383 U1539,C13H4W94/96,,,-0.194,0.019,3.153,0.026,17.028527999999998,18.097294,18.485598000000003,19.287718,24.443992,25.782222,1, Acid: 71.8 (°C); LeakRate (µBar/Min):  303 ;  0 xtra drops; P no Acid :  267; P gases:  594;Total CO2 :  792;# Exp.:  0;CO2 after Exp.:  792;RefRe: L mBar 0.0   Pos 0.0;VM1 aftr Trfr.:   -4;PC (62338);Init int: 32488.24;PressAdj: Master: 32070.5  Adjust:,1de02b6d6a84__SHP2L__-0036(Reevaluated).xls,738838,71.8,303.0,267.0,594.0,792.0,792.0,,,0.0,0.0,-4.0,383 U1539,,,,383 U1539 - 383 U1539,-1.0687660000000037,-0.8021199999999986,-1.338230000000003,-0.6800663846349948,-0.0590566744398363,-0.0608535794550233,17.562911,True,-0.194,3.153,0.019,0.026,17.028527999999998,18.097294,-1.0687660000000037
12,Normal sample size (2300mV - 17800mV Bellow 10.5),2023-11-14,01:28:15,383 U1539,C13H3W45/47,,,0.21,0.029,3.156,0.027,17.710994,18.777483,19.231654,20.010689,25.421699,26.748589,2, Acid: 71.7 (°C); LeakRate (µBar/Min):  112 ;  0 xtra drops; P no Acid :  -14; P gases:   10;Total CO2 :  811;# Exp.:  0;CO2 after Exp.:  811;RefRe skipped: L mBar 32.3   Pos 28.2;RefRe skipped: R mBar 348.5   Pos 50.1;VM1 aftr Trfr.:  -14;PC (62328);Init,1de02b6d6a84__SHP2L__-0036(Reevaluated).xls,738838,71.7,112.0,,10.0,811.0,811.0,32.3,348.5,28.2,28.2,-14.0,383 U1539,,,,383 U1539 - 383 U1539,-1.0664890000000007,-0.7790350000000004,-1.3268899999999988,-0.6802478093341,-0.056796163788299,-0.0584562079694365,18.2442385,True,0.21,3.156,0.029,0.027,17.710994,18.777483,-1.066489000000001
11,Normal sample size (2300mV - 17800mV Bellow 10.5),2023-11-14,00:46:06,SHP2L,,,,-0.709,0.038,-5.932,0.027,8.519263,9.508186,9.241967,10.135182,12.111538,13.536856,1, Acid: 71.7 (°C); LeakRate (µBar/Min):  322 ;  0 xtra drops; P no Acid :  196; P gases:  577;Total CO2 :  689;# Exp.:  0;CO2 after Exp.:  689;RefRe skipped: L mBar 48.7   Pos 17.6;RefRe skipped: R mBar 348.5   Pos 49.7;VM1 aftr Trfr.:   -7;PC (62309);Init,1de02b6d6a84__SHP2L__-0036(Reevaluated).xls,738838,71.7,322.0,196.0,577.0,689.0,689.0,48.7,348.5,17.6,17.6,-7.0,SHP2L,,,,SHP2L - SHP2L,-0.9889229999999998,-0.8932149999999996,-1.425317999999999,-0.5992003349558406,-0.1040075362429805,-0.1097130270622315,9.0137245,True,-0.709,-5.932,0.038,0.027,8.519263,9.508186,-0.9889229999999998
10,Normal sample size (2300mV - 17800mV Bellow 10.5),2023-11-14,00:10:42,383 U1539,C13H2W115/117,,,0.464,0.029,3.041,0.026,13.168795,15.770382,14.305665,16.807152,18.895965,22.460573,2, Acid: 71.7 (°C); LeakRate (µBar/Min):   73 ;  0 xtra drops; P no Acid :  -21; P gases:   -7;Total CO2 :  755;# Exp.:  0;CO2 after Exp.:  755;RefRe skipped: L mBar 67.6   Pos 11.3;RefRe skipped: R mBar 348.5   Pos 50.5;VM1 aftr Trfr.:  -16;PC (62319);Init,1de02b6d6a84__SHP2L__-0036(Reevaluated).xls,738838,71.7,73.0,,,755.0,755.0,67.6,348.5,11.3,11.3,-16.0,383 U1539,,,,383 U1539 - 383 U1539,-2.6015870000000003,-2.5014869999999974,-3.564608,-1.4690865768353776,-0.1649666444351189,-0.1797968891789839,14.4695885,True,0.464,3.041,0.029,0.026,13.168795,15.770382,-2.6015870000000003
9,Normal sample size (2300mV - 17800mV Bellow 10.5),2023-11-13,23:35:26,383 U1539,D9H4W115/117,,,0.279,0.042,4.085,0.036,19.295287000000002,24.016348,20.951507000000003,25.59127,27.725182,34.220542,1, Acid: 71.7 (°C); LeakRate (µBar/Min):  274 ;  0 xtra drops; P no Acid :  186; P gases:  499;Total CO2 :  772;# Exp.:  0;CO2 after Exp.:  772;RefRe: L mBar 0.0   Pos 0.0;VM1 aftr Trfr.:   -9;PC (62328);Init int: 26261.51;PressAdj: Master: 25937.0  Adjust:,1de02b6d6a84__SHP2L__-0036(Reevaluated).xls,738837,71.7,274.0,186.0,499.0,772.0,772.0,,,0.0,0.0,-9.0,383 U1539,,,,383 U1539 - 383 U1539,-4.721060999999999,-4.639762999999999,-6.495360000000002,-2.565010218946891,-0.1965769733183412,-0.2180042845300113,21.6558175,True,0.279,4.085,0.042,0.036,19.295287,24.016348,-4.721060999999999
8,Normal sample size (2300mV - 17800mV Bellow 10.5),2023-11-13,22:53:42,383 U1539,C14H3W35/67,,,0.165,0.032,3.556,0.02,14.851007,16.917693,16.125471,18.028796,21.322334,24.095425,2, Acid: 71.6 (°C); LeakRate (µBar/Min):  264 ;  0 xtra drops; P no Acid :  -21; P gases:    1;Total CO2 :  792;# Exp.:  0;CO2 after Exp.:  792;RefRe skipped: L mBar 36.9   Pos 25.0;RefRe skipped: R mBar 348.5   Pos 50.4;VM1 aftr Trfr.:  -16;PC (62309);Init,1de02b6d6a84__SHP2L__-0036(Reevaluated).xls,738837,71.6,264.0,,1.0,792.0,792.0,36.9,348.5,25.0,25.0,-16.0,383 U1539,,,,383 U1539 - 383 U1539,-2.0666860000000007,-1.9033249999999988,-2.773091000000001,-1.2268584927869297,-0.1221612190267314,-0.1301083141582753,15.88435,True,0.165,3.556,0.032,0.02,14.851007,16.917693,-2.0666860000000007
7,Normal sample size (2300mV - 17800mV Bellow 10.5),2023-11-13,22:10:34,383 U1539,C13H7W01/03,,,0.213,0.032,3.624,0.029,9.899194,11.160581,10.751616,11.89535,14.209269,15.89168,1, Acid: 71.6 (°C); LeakRate (µBar/Min):  313 ;  0 xtra drops; P no Acid :  164; P gases:  521;Total CO2 :  701;# Exp.:  0;CO2 after Exp.:  701;RefRe skipped: L mBar 32.8   Pos 29.6;RefRe skipped: R mBar 348.5   Pos 49.6;VM1 aftr Trfr.:  -16;PC (62319);Init,1de02b6d6a84__SHP2L__-0036(Reevaluated).xls,738837,71.6,313.0,164.0,521.0,701.0,701.0,32.8,348.5,29.6,29.6,-16.0,383 U1539,,,,383 U1539 - 383 U1539,-1.261387000000001,-1.1437340000000005,-1.682411,-0.7566004503194177,-0.1130216249494538,-0.119791118376146,10.5298875,True,0.213,3.624,0.032,0.029,9.899194,11.160581,-1.261387000000001
6,Normal sample size (2300mV - 17800mV Bellow 10.5),2023-11-13,21:35:03,SHP2L,,,,-0.684,0.029,-5.745,0.024,8.730207,9.655498,9.4702,10.292566,12.413298,13.746489,2, Acid: 71.6 (°C); LeakRate (µBar/Min):   68 ;  0 xtra drops; P no Acid :  -19; P gases:   -2;Total CO2 :  694;# Exp.:  0;CO2 after Exp.:  694;RefRe skipped: L mBar 48.8   Pos 18.9;RefRe skipped: R mBar 348.5   Pos 50.6;VM1 aftr Trfr.:  -14;PC (62319);Init,1de02b6d6a84__SHP2L__-0036(Reevaluated).xls,738837,71.6,68.0,,,694.0,694.0,48.8,348.5,18.9,18.9,-14.0,SHP2L,,,,SHP2L - SHP2L,-0.9252909999999996,-0.8223660000000006,-1.3331909999999991,-0.5657615306974146,-0.0958304791736272,-0.1006533064682588,9.1928525,True,-0.684,-5.745,0.029,0.024,8.730207,9.655498,-0.9252909999999996
5,Normal sample size (2300mV - 17800mV Bellow 10.5),2023-11-13,21:02:59,383 U1539,C13H6W72/74,,,0.073,0.033,3.594,0.029,13.097809999999999,15.778159,14.223114,16.817356,18.806374,22.474146,1, Acid: 71.8 (°C); LeakRate (µBar/Min):  371 ;  0 xtra drops; P no Acid :  228; P gases:  633;Total CO2 :  743;# Exp.:  0;CO2 after Exp.:  743;RefRe: L mBar 0.0   Pos 0.0;VM1 aftr Trfr.:   -4;PC (62338);Init int: 17926.50;PressAdj: Master: 17717.9  Adjust:,1de02b6d6a84__SHP2L__-0036(Reevaluated).xls,738837,71.8,371.0,228.0,633.0,743.0,743.0,,,0.0,0.0,-4.0,383 U1539,,,,383 U1539 - 383 U1539,-2.6803490000000014,-2.5942420000000013,-3.667772000000003,-1.504661874276074,-0.1698771700804892,-0.1856456488092227,14.4379845,True,0.073,3.594,0.033,0.029,13.09781,15.778159,-2.680349000000001
4,Normal sample size (2300mV - 17800mV Bellow 10.5),2023-11-13,20:22:00,383 U1539,C14H4W35/37,,,0.301,0.037,3.699,0.032,14.076029,16.68394,15.286153,17.779686,20.211694,23.762494,2, Acid: 71.6 (°C); LeakRate (µBar/Min):   73 ;  0 xtra drops; P no Acid :  -16; P gases:   27;Total CO2 :  765;# Exp.:  0;CO2 after Exp.:  765;RefRe skipped: L mBar 44.0   Pos 19.3;RefRe skipped: R mBar 348.5   Pos 50.4;VM1 aftr Trfr.:  -12;PC (62329);Init,1de02b6d6a84__SHP2L__-0036(Reevaluated).xls,738837,71.6,73.0,,27.0,765.0,765.0,44.0,348.5,19.3,19.3,-12.0,383 U1539,,,,383 U1539 - 383 U1539,-2.6079109999999996,-2.493533000000001,-3.5508000000000024,-1.4879197647429416,-0.156312657561703,-0.1695652554136189,15.3799845,True,0.301,3.699,0.037,0.032,14.076029,16.68394,-2.607911
3,Normal sample size (2300mV - 17800mV Bellow 10.5),2023-11-13,19:47:05,383 U1539,C14H7W47/49,,,0.308,0.031,3.078,0.026,12.307625,13.861429,13.366995,14.773708,17.658399000000003,19.739041,1, Acid: 71.6 (°C); LeakRate (µBar/Min):  444 ;  0 xtra drops; P no Acid :  462; P gases:  767;Total CO2 :  738;# Exp.:  0;CO2 after Exp.:  738;RefRe skipped: L mBar 53.1   Pos 15.8;RefRe skipped: R mBar 348.5   Pos 49.7;VM1 aftr Trfr.:   -2;PC (62309);Init,1de02b6d6a84__SHP2L__-0036(Reevaluated).xls,738837,71.6,444.0,462.0,767.0,738.0,738.0,53.1,348.5,15.8,15.8,-2.0,383 U1539,,,,383 U1539 - 383 U1539,-1.5538039999999995,-1.406713,-2.080641999999997,-0.9329700420110624,-0.1120955133846589,-0.1187512548218212,13.084527,True,0.308,3.078,0.031,0.026,12.307625,13.861429,-1.5538039999999995
2,Normal sample size (2300mV - 17800mV Bellow 10.5),2023-11-13,19:09:58,383 U1539,C14H6W55/57,,,0.261,0.027,3.812,0.018,16.235378,17.574029,17.630153999999997,18.727148,23.31405,25.029856,2, Acid: 72.0 (°C); LeakRate (µBar/Min):  151 ;  0 xtra drops; P no Acid :   -4; P gases:   18;Total CO2 :  833;# Exp.:  0;CO2 after Exp.:  833;RefRe skipped: L mBar 26.6   Pos 38.6;RefRe skipped: R mBar 348.5   Pos 50.4;VM1 aftr Trfr.:   -9;PC (62319);Init,1de02b6d6a84__SHP2L__-0036(Reevaluated).xls,738837,72.0,151.0,,18.0,833.0,833.0,26.6,348.5,38.6,38.6,-9.0,383 U1539,,,,383 U1539 - 383 U1539,-1.3386509999999987,-1.0969940000000022,-1.7158060000000006,-0.8363029824200902,-0.0761721173898141,-0.0791880792230398,16.9047035,True,0.261,3.812,0.027,0.018,16.235378,17.574029,-1.3386509999999987
1,Normal sample size (2300mV - 17800mV Bellow 10.5),2023-11-13,18:24:58,SHP2L,,,,-0.844,0.025,-5.854,0.036,6.841544,7.54273,7.42088,8.04068,9.724131,10.737067,1,Acid: 71.9 (°C);LeakRate (µBar/Min):  469 ; 0 xtra drops;P no Acid :  704;P gases:  960;Total CO2 :  794;# Exp.:  0;CO2 after Exp.:  794;RefRe: L mBar 0.0   Pos 0.0;VM1 aftr Trfr.:   10;PC (62338);Init int: 8454.85;PressAdj: Master: 8373.1  Adjust: 7778.5,1de02b6d6a84__SHP2L__-0036(Reevaluated).xls,738837,71.9,469.0,704.0,960.0,794.0,794.0,,,0.0,0.0,10.0,SHP2L,,,,SHP2L - SHP2L,-0.7011859999999999,-0.6197999999999997,-1.0129359999999998,-0.4300946216550378,-0.0929618321217914,-0.097493415378489,7.192137,True,-0.844,-5.854,0.025,0.036,6.841544,7.54273,-0.7011859999999999
46,Normal sample size (2300mV - 17800mV Bellow 10.5),2023-11-09,17:57:12,SHP2L,,,,-0.689,0.036,-5.749,0.027,13.541986000000001,15.468302,14.685141,16.481168,19.251826,22.019814,2, Acid: 71.4 (°C); LeakRate (µBar/Min):  303 ;  0 xtra drops; P no Acid :   -2; P gases:   35;Total CO2 :  828;# Exp.:  0;CO2 after Exp.:  828;RefRe skipped: L mBar 46.7   Pos 19.7;RefRe skipped: R mBar 348.5   Pos 50.6;VM1 aftr Trfr.:    3;PC (62328);Init,1de02b6d6a84__SHP2L__-0036(Reevaluated).xls,738833,71.4,303.0,,35.0,828.0,828.0,46.7,348.5,19.7,19.7,3.0,SHP2L,,,,SHP2L - SHP2L,-1.9263159999999981,-1.7960270000000005,-2.767987999999999,-1.1404400561675487,-0.12453312587251,-0.1328022665614349,14.505144,True,-0.689,-5.749,0.036,0.027,13.541986,15.468302,-1.926315999999998
45,Normal sample size (2300mV - 17800mV Bellow 10.5),2023-11-09,17:23:03,383 U1539,C15H1W6/8,,,0.488,0.027,3.457,0.025,12.614741,15.076621999999999,13.700369,16.066004,18.101823,21.464167,1, Acid: 71.4 (°C); LeakRate (µBar/Min):  449 ;  0 xtra drops; P no Acid :  335; P gases:  780;Total CO2 :  824;# Exp.:  0;CO2 after Exp.:  824;RefRe: L mBar 0.0   Pos 0.0;VM1 aftr Trfr.:    8;PC (62338);Init int: 16345.56;PressAdj: Master: 16161.4  Adjust:,1de02b6d6a84__SHP2L__-0036(Reevaluated).xls,738833,71.4,449.0,335.0,780.0,824.0,824.0,,,0.0,0.0,8.0,383 U1539,,,,383 U1539 - 383 U1539,-2.461880999999998,-2.365635,-3.362344,-1.392985389959292,-0.1632912863372178,-0.1778085824088903,13.8456815,True,0.488,3.457,0.027,0.025,12.614741,15.076622,-2.461880999999998
44,Normal sample size (2300mV - 17800mV Bellow 10.5),2023-11-09,16:41:34,383 U1539,C14H5W84/86,,,0.447,0.035,3.503,0.034,13.548461,16.677819,14.713946,17.770275,19.44262,23.745065,2, Acid: 71.7 (°C); LeakRate (µBar/Min):   54 ;  0 xtra drops; P no Acid :   -4; P gases:   10;Total CO2 :  848;# Exp.:  0;CO2 after Exp.:  848;RefRe skipped: L mBar 68.5   Pos 9.0;RefRe skipped: R mBar 348.5   Pos 50.1;VM1 aftr Trfr.:    3;PC (62338);Init,1de02b6d6a84__SHP2L__-0036(Reevaluated).xls,738833,71.7,54.0,,10.0,848.0,848.0,68.5,348.5,9.0,9.0,3.0,383 U1539,,,,383 U1539 - 383 U1539,-3.129358,-3.0563290000000016,-4.302445000000002,-1.7191397086530016,-0.1876359252969468,-0.2070620665195982,15.11314,True,0.447,3.503,0.035,0.034,13.548461,16.677819,-3.129358
43,Normal sample size (2300mV - 17800mV Bellow 10.5),2023-11-09,16:07:35,383 U1539,C13H5W103/105,,,-0.044,0.027,3.492,0.032,19.532772,24.641576,21.195626,26.247486,28.036738,35.093654,1, Acid: 71.6 (°C); LeakRate (µBar/Min):  361 ;  0 xtra drops; P no Acid :  237; P gases:  665;Total CO2 :  872;# Exp.:  0;CO2 after Exp.:  875;RefRe skipped: L mBar 56.7   Pos 14.2;RefRe skipped: R mBar 348.5   Pos 49.7;VM1 aftr Trfr.:   15;PC (62319);Init,1de02b6d6a84__SHP2L__-0036(Reevaluated).xls,738833,71.6,361.0,237.0,665.0,872.0,875.0,56.7,348.5,14.2,14.2,15.0,383 U1539,,,,383 U1539 - 383 U1539,-5.108803999999999,-5.051860000000001,-7.056916000000001,-2.738544827984512,-0.2073245639808102,-0.2313018406066796,22.087174,True,-0.044,3.492,0.027,0.032,19.532772,24.641576,-5.108803999999999
42,Normal sample size (2300mV - 17800mV Bellow 10.5),2023-11-09,15:30:36,383 U1539,C15H2W16/18,,,0.506,0.033,3.036,0.017,15.856629000000002,19.279635,17.219418,20.539617,22.745235,27.451046,2, Acid: 71.5 (°C); LeakRate (µBar/Min):  112 ;  0 xtra drops; P no Acid :   -9; P gases:    5;Total CO2 :  838;# Exp.:  0;CO2 after Exp.:  838;RefRe skipped: L mBar 46.4   Pos 20.0;RefRe skipped: R mBar 348.5   Pos 50.3;VM1 aftr Trfr.:    5;PC (62329);Init,1de02b6d6a84__SHP2L__-0036(Reevaluated).xls,738833,71.5,112.0,,5.0,838.0,838.0,46.4,348.5,20.0,20.0,5.0,383 U1539,,,,383 U1539 - 383 U1539,-3.4230059999999973,-3.320198999999999,-4.705810999999997,-1.9038158177562263,-0.1775451661818285,-0.194841773729842,17.568132,True,0.506,3.036,0.033,0.017,15.856629000000002,19.279635,-3.4230059999999973
41,Normal sample size (2300mV - 17800mV Bellow 10.5),2023-11-09,14:54:31,SHP2L,,,,-0.725,0.029,-5.833,0.033,13.138401,14.933474,14.249423,15.913823,18.678273,21.260126,1, Acid: 71.5 (°C); LeakRate (µBar/Min):  542 ;  0 xtra drops; P no Acid :  362; P gases:  875;Total CO2 :  838;# Exp.:  0;CO2 after Exp.:  838;RefRe: L mBar 0.0   Pos 0.0;VM1 aftr Trfr.:   18;PC (62338);Init int: 16953.55;PressAdj: Master: 16755.5  Adjust:,1de02b6d6a84__SHP2L__-0036(Reevaluated).xls,738833,71.5,542.0,362.0,875.0,838.0,838.0,,,0.0,0.0,18.0,SHP2L,,,,SHP2L - SHP2L,-1.7950730000000004,-1.6644000000000003,-2.581852999999999,-1.0679944367667022,-0.120204648965137,-0.1278912078370255,14.0359375,True,-0.725,-5.833,0.029,0.033,13.138401,14.933474,-1.7950730000000004
40,Normal sample size (2300mV - 17800mV Bellow 10.5),2023-11-09,14:16:41,383 U1539,C15H3W24/26,,,0.672,0.03,3.346,0.017,12.600347,14.683061,13.687982,15.645602,18.076974,20.901517,2, Acid: 71.4 (°C); LeakRate (µBar/Min):  293 ;  0 xtra drops; P no Acid :   -7; P gases:   20;Total CO2 :  819;# Exp.:  0;CO2 after Exp.:  819;RefRe skipped: L mBar 40.1   Pos 21.9;RefRe skipped: R mBar 348.5   Pos 50.5;VM1 aftr Trfr.:    5;PC (62328);Init,1de02b6d6a84__SHP2L__-0036(Reevaluated).xls,738833,71.4,293.0,,20.0,819.0,819.0,40.1,348.5,21.9,21.9,5.0,383 U1539,,,,383 U1539 - 383 U1539,-2.082714000000001,-1.9576200000000004,-2.8245429999999985,-1.2086505432917705,-0.1418446739409446,-0.1526725693505738,13.641704,True,0.672,3.346,0.03,0.017,12.600347,14.683061,-2.082714000000001
39,Normal sample size (2300mV - 17800mV Bellow 10.5),2023-11-09,13:38:25,383 U1539,C15H2W56/58,,,0.075,0.032,2.809,0.02,11.084352999999998,12.429856,12.033282,13.246664,15.892147,17.692238,1, Acid: 71.6 (°C); LeakRate (µBar/Min):  493 ;  0 xtra drops; P no Acid :  667; P gases:  907;Total CO2 :  802;# Exp.:  0;CO2 after Exp.:  802;RefRe skipped: L mBar 60.3   Pos 13.1;RefRe skipped: R mBar 348.5   Pos 49.4;VM1 aftr Trfr.:   15;PC (62329);Init,1de02b6d6a84__SHP2L__-0036(Reevaluated).xls,738833,71.6,493.0,667.0,907.0,802.0,802.0,60.3,348.5,13.1,13.1,15.0,383 U1539,,,,383 U1539 - 383 U1539,-1.3455030000000008,-1.213382000000001,-1.8000909999999983,-0.8113983761737369,-0.1082476739875346,-0.1144416977836678,11.7571045,True,0.075,2.809,0.032,0.02,11.084352999999998,12.429856,-1.3455030000000008
38,Normal sample size (2300mV - 17800mV Bellow 10.5),2023-11-09,13:04:43,383 U1539,D15H3W132/134,,,0.475,0.043,3.46,0.022,17.263312000000003,20.815990000000003,18.745828000000003,22.177322,24.775432,29.640561,2, Acid: 71.4 (°C); LeakRate (µBar/Min):  308 ;  0 xtra drops; P no Acid :   -7; P gases:    5;Total CO2 :  863;# Exp.:  0;CO2 after Exp.:  863;RefRe skipped: L mBar 34.0   Pos 29.4;RefRe skipped: R mBar 348.5   Pos 50.3;VM1 aftr Trfr.:    8;PC (62338);Init,1de02b6d6a84__SHP2L__-0036(Reevaluated).xls,738833,71.4,308.0,,5.0,863.0,863.0,34.0,348.5,29.4,29.4,8.0,383 U1539,,,,383 U1539 - 383 U1539,-3.5526780000000002,-3.431493999999997,-4.865129,-1.992453105695012,-0.1706706238809684,-0.1865936513227054,19.039651000000003,True,0.475,3.46,0.043,0.022,17.263312000000003,20.815990000000003,-3.552678
37,Normal sample size (2300mV - 17800mV Bellow 10.5),2023-11-09,12:28:25,383 U1539,C15H3W144/146,,,0.671,0.022,2.875,0.029,9.096539,10.193923,9.882298,10.864722,13.041249,14.508878,1, Acid: 71.5 (°C); LeakRate (µBar/Min):  562 ;  0 xtra drops; P no Acid :  455; P gases:  882;Total CO2 :  780;# Exp.:  0;CO2 after Exp.:  780;RefRe: L mBar 0.0   Pos 0.0;VM1 aftr Trfr.:   20;PC (62338);Init int: 11188.25;PressAdj: Master: 11066.3  Adjust:,1de02b6d6a84__SHP2L__-0036(Reevaluated).xls,738833,71.5,562.0,455.0,882.0,780.0,780.0,,,0.0,0.0,20.0,383 U1539,,,,383 U1539 - 383 U1539,-1.097384,-0.982424,-1.4676290000000003,-0.6622144815693937,-0.1076508033266486,-0.1137747763635728,9.645231,True,0.671,2.875,0.022,0.029,9.096539,10.193923,-1.097384
36,Normal sample size (2300mV - 17800mV Bellow 10.5),2023-11-09,11:49:09,SHP2L,,,,-0.463,0.038,-5.631,0.081,2.798029,3.075193,3.035678,3.277647,3.975244,4.373624,2, Acid: 71.4 (°C); LeakRate (µBar/Min):   59 ;  0 xtra drops; P no Acid :   -7; P gases:   10;Total CO2 :  555;# Exp.:  0;CO2 after Exp.:  555;RefRe skipped: L mBar 49.6   Pos 15.8;RefRe skipped: R mBar 348.5   Pos 50.6;VM1 aftr Trfr.:    5;PC (62338);Init,1de02b6d6a84__SHP2L__-0036(Reevaluated).xls,738833,71.4,59.0,,10.0,555.0,555.0,49.6,348.5,15.8,15.8,5.0,SHP2L,,,,SHP2L - SHP2L,-0.27716399999999997,-0.2419690000000001,-0.3983799999999995,-0.1705382756313897,-0.0901289772706948,-0.0943822658159354,2.936611,True,-0.463,-5.631,0.038,0.081,2.798029,3.075193,-0.2771639999999999
35,Normal sample size (2300mV - 17800mV Bellow 10.5),2023-11-09,11:16:28,383 U1539,C14H4W115/117,,,0.101,0.031,3.609,0.024,13.977439,16.216606,15.172559,17.278412,20.057417,23.085343,1, Acid: 71.5 (°C); LeakRate (µBar/Min):  674 ;  0 xtra drops; P no Acid :  582; P gases:  951;Total CO2 :  824;# Exp.:  0;CO2 after Exp.:  824;RefRe skipped: L mBar 34.9   Pos 26.1;RefRe skipped: R mBar 348.5   Pos 49.5;VM1 aftr Trfr.:   18;PC (62319);Init,1de02b6d6a84__SHP2L__-0036(Reevaluated).xls,738833,71.5,674.0,582.0,951.0,824.0,824.0,34.9,348.5,26.1,26.1,18.0,383 U1539,,,,383 U1539 - 383 U1539,-2.2391669999999984,-2.105853,-3.027926000000001,-1.305146726523318,-0.138078646049611,-0.1483184515357249,15.0970225,True,0.101,3.609,0.031,0.024,13.977439,16.216606,-2.2391669999999984
34,Normal sample size (2300mV - 17800mV Bellow 10.5),2023-11-09,10:39:22,383 U1539,C15H5W416,,,0.82,0.034,2.961,0.02,9.318614,10.499235,10.124488,11.188868,13.361025,14.941919,2, Acid: 71.4 (°C); LeakRate (µBar/Min):   59 ;  0 xtra drops; P no Acid :   -7; P gases:    8;Total CO2 :  765;# Exp.:  0;CO2 after Exp.:  765;RefRe skipped: L mBar 56.9   Pos 14.3;RefRe skipped: R mBar 348.5   Pos 50.2;VM1 aftr Trfr.:   -9;PC (62328);Init,1de02b6d6a84__SHP2L__-0036(Reevaluated).xls,738833,71.4,59.0,,8.0,765.0,765.0,56.9,348.5,14.3,14.3,-9.0,383 U1539,,,,383 U1539 - 383 U1539,-1.1806210000000004,-1.0643800000000017,-1.580894000000001,-0.708613436369209,-0.1124482878990707,-0.1191472394405669,9.9089245,True,0.82,2.961,0.034,0.02,9.318614,10.499235,-1.1806210000000004
33,Normal sample size (2300mV - 17800mV Bellow 10.5),2023-11-09,10:04:42,383 U1539,D15H4W21/23,,,0.543,0.032,3.558,0.027,17.528824,19.414971,19.037754,20.685508,25.159543000000003,27.645807,1, Acid: 71.5 (°C); LeakRate (µBar/Min):  112 ;  0 xtra drops; P no Acid :   -4; P gases:   18;Total CO2 :  882;# Exp.:  0;CO2 after Exp.:  882;RefRe: L mBar 0.0   Pos 0.0;VM1 aftr Trfr.:   -4;PC (62348);Init int: 34258.04;PressAdj: Master: 33812.4  Adjust:,1de02b6d6a84__SHP2L__-0036(Reevaluated).xls,738833,71.5,112.0,,18.0,882.0,882.0,,,0.0,0.0,-4.0,383 U1539,,,,383 U1539 - 383 U1539,-1.8861470000000011,-1.6477540000000026,-2.4862639999999985,-1.151587081898622,-0.0971491021027021,-0.1021090009837917,18.4718975,True,0.543,3.558,0.032,0.027,17.528824,19.414971,-1.886147000000001
32,Normal sample size (2300mV - 17800mV Bellow 10.5),2023-11-09,09:15:00,383 U1539,D15H4W101/103,,,0.547,0.038,3.346,0.053,19.04478,23.814378,20.680456,25.369026,27.32951,33.914517999999994,2, Acid: 71.5 (°C); LeakRate (µBar/Min):   88 ;  0 xtra drops; P no Acid :   -4; P gases:   10;Total CO2 :  885;# Exp.:  0;CO2 after Exp.:  885;RefRe skipped: L mBar 55.8   Pos 13.7;RefRe skipped: R mBar 348.5   Pos 50.4;VM1 aftr Trfr.:   -7;PC (62338);Init,1de02b6d6a84__SHP2L__-0036(Reevaluated).xls,738833,71.5,88.0,,10.0,885.0,885.0,55.8,348.5,13.7,13.7,-7.0,383 U1539,,,,383 U1539 - 383 U1539,-4.769598000000002,-4.688570000000002,-6.585007999999995,-2.5794297646228976,-0.2002822832492203,-0.2225707747221726,21.429579,True,0.547,3.346,0.038,0.053,19.04478,23.814378,-4.769598000000002
31,Normal sample size (2300mV - 17800mV Bellow 10.5),2023-11-09,08:39:25,SHP2L,,,,-0.647,0.033,-5.79,0.034,15.521163,18.906408,16.832092,20.142641,22.065931,26.916422,1, Acid: 71.5 (°C); LeakRate (µBar/Min):  117 ;  0 xtra drops; P no Acid :   -2; P gases:   25;Total CO2 :  846;# Exp.:  0;CO2 after Exp.:  846;RefRe skipped: L mBar 40.8   Pos 22.3;RefRe skipped: R mBar 348.5   Pos 49.9;VM1 aftr Trfr.:   -4;PC (62329);Init,1de02b6d6a84__SHP2L__-0036(Reevaluated).xls,738833,71.5,117.0,,25.0,846.0,846.0,40.8,348.5,22.3,22.3,-4.0,SHP2L,,,,SHP2L - SHP2L,-3.3852449999999994,-3.3105490000000017,-4.850490999999998,-1.8793624805507128,-0.1790527846431749,-0.1966589510482746,17.2137855,True,-0.647,-5.79,0.033,0.034,15.521163,18.906408,-3.3852449999999994
30,Normal sample size (2300mV - 17800mV Bellow 10.5),2023-11-09,08:02:33,383 U1539,D15H5W71/73,,,0.386,0.027,2.951,0.023,10.902381,12.789724,11.839078,13.629351,15.63138,18.202262,2, Acid: 71.3 (°C); LeakRate (µBar/Min):   73 ;  0 xtra drops; P no Acid :  -12; P gases:   20;Total CO2 :  794;# Exp.:  0;CO2 after Exp.:  794;RefRe skipped: L mBar 47.5   Pos 19.3;RefRe skipped: R mBar 348.5   Pos 50.2;VM1 aftr Trfr.:   -4;PC (62329);Init,1de02b6d6a84__SHP2L__-0036(Reevaluated).xls,738833,71.3,73.0,,20.0,794.0,794.0,47.5,348.5,19.3,19.3,-4.0,383 U1539,,,,383 U1539 - 383 U1539,-1.8873429999999995,-1.790273000000001,-2.570881999999997,-1.0879682713939818,-0.147567140620079,-0.1593225253729037,11.8460525,True,0.386,2.951,0.027,0.023,10.902381,12.789724,-1.8873429999999995
29,Normal sample size (2300mV - 17800mV Bellow 10.5),2023-11-09,07:24:58,383 U1539,D15H6W15/17,,,0.399,0.022,2.824,0.031,12.669841,15.445892,13.759052,16.457401,18.166044000000003,21.986232,1, Acid: 71.5 (°C); LeakRate (µBar/Min):  117 ;  0 xtra drops; P no Acid :   -4; P gases:   18;Total CO2 :  828;# Exp.:  0;CO2 after Exp.:  828;RefRe: L mBar 0.0   Pos 0.0;VM1 aftr Trfr.:   -4;PC (62328);Init int: 17357.67;PressAdj: Master: 17156.2  Adjust:,1de02b6d6a84__SHP2L__-0036(Reevaluated).xls,738833,71.5,117.0,,18.0,828.0,828.0,,,0.0,0.0,-4.0,383 U1539,,,,383 U1539 - 383 U1539,-2.7760510000000007,-2.6983490000000003,-3.820187999999998,-1.539893991245579,-0.179727464105019,-0.1974731371933288,14.0578665,True,0.399,2.824,0.022,0.031,12.669841,15.445892,-2.7760510000000007
28,Normal sample size (2300mV - 17800mV Bellow 10.5),2023-11-09,06:45:43,383 U1539,C16H1W66/68,,,0.164,0.046,4.141,0.021,18.197098999999998,21.468256,19.754158,22.870225,26.131827,30.570429,2, Acid: 71.4 (°C); LeakRate (µBar/Min):   59 ;  0 xtra drops; P no Acid :   -9; P gases:    5;Total CO2 :  860;# Exp.:  0;CO2 after Exp.:  860;RefRe: L mBar 0.0   Pos 0.0;VM1 aftr Trfr.:   -4;PC (62338);Init int: 23650.12;PressAdj: Master: 23360.0  Adjust:,1de02b6d6a84__SHP2L__-0036(Reevaluated).xls,738833,71.4,59.0,,5.0,860.0,860.0,,,0.0,0.0,-4.0,383 U1539,,,,383 U1539 - 383 U1539,-3.2711570000000023,-3.116066999999997,-4.438602,-1.8750462913327164,-0.152371808869803,-0.1649377397479489,19.8326775,True,0.164,4.141,0.046,0.021,18.197099,21.468256,-3.2711570000000023
27,Normal sample size (2300mV - 17800mV Bellow 10.5),2023-11-09,06:04:51,383 U1539,C16H2W39/41,,,0.207,0.046,3.618,0.028,14.629081,17.293579,15.881241,18.424932,20.99302,24.617506,1, Acid: 71.5 (°C); LeakRate (µBar/Min):   93 ;  0 xtra drops; P no Acid :   -4; P gases:   35;Total CO2 :  841;# Exp.:  0;CO2 after Exp.:  841;RefRe skipped: L mBar 49.8   Pos 16.2;RefRe skipped: R mBar 348.5   Pos 49.8;VM1 aftr Trfr.:   -7;PC (62319);Init,1de02b6d6a84__SHP2L__-0036(Reevaluated).xls,738833,71.5,93.0,,35.0,841.0,841.0,49.8,348.5,16.2,16.2,-7.0,383 U1539,,,,383 U1539 - 383 U1539,-2.664498000000002,-2.5436910000000026,-3.624486000000001,-1.5242379627289868,-0.1540744110863345,-0.1669345850251828,15.96133,True,0.207,3.618,0.046,0.028,14.629081,17.293579,-2.664498000000002
26,Normal sample size (2300mV - 17800mV Bellow 10.5),2023-11-09,05:29:44,SHP2L,,,,-0.657,0.036,-5.738,0.035,14.393565,16.37619,15.608339,17.448314,20.461332,23.311177,2, Acid: 71.6 (°C); LeakRate (µBar/Min):   88 ;  0 xtra drops; P no Acid :   -7; P gases:   10;Total CO2 :  826;# Exp.:  0;CO2 after Exp.:  826;RefRe skipped: L mBar 57.9   Pos 13.9;RefRe skipped: R mBar 348.5   Pos 50.1;VM1 aftr Trfr.:   -2;PC (62319);Init,1de02b6d6a84__SHP2L__-0036(Reevaluated).xls,738833,71.6,88.0,,10.0,826.0,826.0,57.9,348.5,13.9,13.9,-2.0,SHP2L,,,,SHP2L - SHP2L,-1.9826250000000005,-1.8399750000000008,-2.849845000000002,-1.1784232326291255,-0.1210675376873375,-0.128868429404134,15.384877500000002,True,-0.657,-5.738,0.036,0.035,14.393565,16.37619,-1.9826250000000003
25,Normal sample size (2300mV - 17800mV Bellow 10.5),2023-11-09,04:53:15,383 U1539,C16H2W119/121,,,0.211,0.03,3.538,0.021,17.900984,19.86396,19.432919,21.16139,25.690484,28.282121,1, Acid: 71.4 (°C); LeakRate (µBar/Min):  122 ;  0 xtra drops; P no Acid :   59; P gases:  125;Total CO2 :  914;# Exp.:  0;CO2 after Exp.:  914;RefRe: L mBar 0.0   Pos 0.0;VM1 aftr Trfr.:   -4;PC (62329);Init int: 35133.74;PressAdj: Master: 34673.9  Adjust:,1de02b6d6a84__SHP2L__-0036(Reevaluated).xls,738833,71.4,122.0,59.0,125.0,914.0,914.0,,,0.0,0.0,-4.0,383 U1539,,,,383 U1539 - 383 U1539,-1.9629759999999976,-1.728470999999999,-2.591636999999998,-1.1962756840109852,-0.0988209803080552,-0.1039575750463179,18.882472,True,0.211,3.538,0.03,0.021,17.900984,19.86396,-1.9629759999999976
24,Normal sample size (2300mV - 17800mV Bellow 10.5),2023-11-09,04:07:07,383 U1539,C15H5W124/126,,,0.825,0.041,2.645,0.031,12.799113,15.326277,13.90403,16.329031,18.348558,21.816737,2, Acid: 71.5 (°C); LeakRate (µBar/Min):   78 ;  0 xtra drops; P no Acid :  -12; P gases:   10;Total CO2 :  816;# Exp.:  0;CO2 after Exp.:  816;RefRe skipped: L mBar 59.6   Pos 11.7;RefRe skipped: R mBar 348.5   Pos 50.4;VM1 aftr Trfr.:   13;PC (62319);Init,1de02b6d6a84__SHP2L__-0036(Reevaluated).xls,738833,71.5,78.0,,10.0,816.0,816.0,59.6,348.5,11.7,11.7,13.0,383 U1539,,,,383 U1539 - 383 U1539,-2.527163999999999,-2.425001,-3.4681789999999992,-1.4271901580833173,-0.1648909255652889,-0.1797069480636534,14.062695,True,0.825,2.645,0.041,0.031,12.799113,15.326277,-2.527163999999999
23,Normal sample size (2300mV - 17800mV Bellow 10.5),2023-11-09,03:28:50,383 U1539,C15H4W74/76,,,0.683,0.053,3.075,0.029,17.631752,20.578834,19.147954,21.923811,25.291684,29.300222,1, Acid: 71.4 (°C); LeakRate (µBar/Min):  117 ;  0 xtra drops; P no Acid :   -2; P gases:   18;Total CO2 :  872;# Exp.:  0;CO2 after Exp.:  872;RefRe skipped: L mBar 62.4   Pos 11.8;RefRe skipped: R mBar 348.5   Pos 49.9;VM1 aftr Trfr.:   -4;PC (62319);Init,1de02b6d6a84__SHP2L__-0036(Reevaluated).xls,738833,71.4,117.0,,18.0,872.0,872.0,62.4,348.5,11.8,11.8,-4.0,383 U1539,,,,383 U1539 - 383 U1539,-2.9470820000000018,-2.7758569999999985,-4.0085380000000015,-1.7075449207507325,-0.143209377168794,-0.1542547397728997,19.105293,True,0.683,3.075,0.053,0.029,17.631752,20.578834,-2.9470820000000018
22,Normal sample size (2300mV - 17800mV Bellow 10.5),2023-11-09,02:55:19,383 U1539,C18H1W65/67,,,0.015,0.029,3.341,0.03,20.288324,21.816860000000002,22.018791,23.24126,29.114717,31.066168,2, Acid: 71.4 (°C); LeakRate (µBar/Min):   73 ;  0 xtra drops; P no Acid :    5; P gases:   71;Total CO2 :  904;# Exp.:  0;CO2 after Exp.:  902;RefRe skipped: L mBar 21.3   Pos 47.7;RefRe skipped: R mBar 348.5   Pos 50.2;VM1 aftr Trfr.:   -4;PC (62338);Init,1de02b6d6a84__SHP2L__-0036(Reevaluated).xls,738833,71.4,73.0,5.0,71.0,904.0,902.0,21.3,348.5,47.7,47.7,-4.0,383 U1539,,,,383 U1539 - 383 U1539,-1.5285360000000026,-1.2224689999999967,-1.9514510000000025,-0.9612465890919336,-0.0700621445982603,-0.0726055964985215,21.052592,True,0.015,3.341,0.029,0.03,20.288324,21.81686,-1.5285360000000026
21,Normal sample size (2300mV - 17800mV Bellow 10.5),2023-11-09,02:10:45,SHP2L,,,,-0.554,0.02,-5.913,0.028,5.387665,5.930877000000001,5.845542,6.322391,7.654109999999999,8.439033,1, Acid: 71.5 (°C); LeakRate (µBar/Min):  107 ;  0 xtra drops; P no Acid :   -7; P gases:   10;Total CO2 :  697;# Exp.:  0;CO2 after Exp.:  694;RefRe: L mBar 0.0   Pos 0.0;VM1 aftr Trfr.:   -4;PC (62338);Init int: 6603.42;PressAdj: Master: 6537.0  Adjust: 6,1de02b6d6a84__SHP2L__-0036(Reevaluated).xls,738833,71.5,107.0,,10.0,697.0,694.0,,,0.0,0.0,-4.0,SHP2L,,,,SHP2L - SHP2L,-0.5432120000000005,-0.4768489999999996,-0.7849230000000009,-0.3337000216507517,-0.0915905017082634,-0.0959862144788614,5.659271,True,-0.554,-5.913,0.02,0.028,5.387665,5.930877000000001,-0.5432120000000005
20,Normal sample size (2300mV - 17800mV Bellow 10.5),2023-11-09,01:31:31,383 U1539,C17H3W105/107,,,0.291,0.049,2.997,0.037,16.132877,19.867983,17.514682,21.165639,23.139093,28.287372,2, Acid: 71.5 (°C); LeakRate (µBar/Min):  322 ;  0 xtra drops; P no Acid :   -2; P gases:   20;Total CO2 :  875;# Exp.:  0;CO2 after Exp.:  875;RefRe skipped: L mBar 44.3   Pos 18.2;RefRe skipped: R mBar 348.5   Pos 49.9;VM1 aftr Trfr.:   -7;PC (62328);Init,1de02b6d6a84__SHP2L__-0036(Reevaluated).xls,738833,71.5,322.0,,20.0,875.0,875.0,44.3,348.5,18.2,18.2,-7.0,383 U1539,,,,383 U1539 - 383 U1539,-3.7351059999999983,-3.6509569999999982,-5.148278999999999,-2.051002488432872,-0.1879962349474528,-0.2075009319221817,18.00043,True,0.291,2.997,0.049,0.037,16.132877,19.867983,-3.7351059999999983
19,Normal sample size (2300mV - 17800mV Bellow 10.5),2023-11-09,00:56:24,383 U1539,D17H2W141/143,,,0.386,0.053,2.646,0.027,12.020802,14.065551,13.053797,14.98785,17.231111000000002,20.020088,1, Acid: 71.6 (°C); LeakRate (µBar/Min):   78 ;  0 xtra drops; P no Acid :   -7; P gases:   10;Total CO2 :  819;# Exp.:  0;CO2 after Exp.:  816;RefRe skipped: L mBar 44.7   Pos 18.8;RefRe skipped: R mBar 348.5   Pos 49.9;VM1 aftr Trfr.:   -2;PC (62328);Init,1de02b6d6a84__SHP2L__-0036(Reevaluated).xls,738833,71.6,78.0,,10.0,819.0,816.0,44.7,348.5,18.8,18.8,-2.0,383 U1539,,,,383 U1539 - 383 U1539,-2.0447489999999995,-1.9340529999999987,-2.788976999999999,-1.1817399333385157,-0.1453728332434328,-0.1567677168211286,13.0431765,True,0.386,2.646,0.053,0.027,12.020802,14.065551,-2.0447489999999995
18,Normal sample size (2300mV - 17800mV Bellow 10.5),2023-11-09,00:20:03,383 U1539,C16H4W26/28,,,0.624,0.048,3.572,0.027,11.945416999999999,14.264901,12.974654,15.199235,17.139312,20.304621,2, Acid: 71.5 (°C); LeakRate (µBar/Min):   83 ;  0 xtra drops; P no Acid :   -4; P gases:   30;Total CO2 :  826;# Exp.:  0;CO2 after Exp.:  826;RefRe skipped: L mBar 59.6   Pos 13.2;RefRe skipped: R mBar 348.5   Pos 49.9;VM1 aftr Trfr.:   -4;PC (62328);Init,1de02b6d6a84__SHP2L__-0036(Reevaluated).xls,738833,71.5,83.0,,30.0,826.0,826.0,59.6,348.5,13.2,13.2,-4.0,383 U1539,,,,383 U1539 - 383 U1539,-2.319484000000001,-2.224580999999999,-3.1653090000000006,-1.3134971873571657,-0.1626007779514208,-0.1769901456365391,13.105159,True,0.624,3.572,0.048,0.027,11.945417,14.264901,-2.319484000000001
17,Normal sample size (2300mV - 17800mV Bellow 10.5),2023-11-08,23:44:02,383 U1539,C18H2W38/40,,,0.079,0.036,3.453,0.026,18.354773,20.580436000000002,19.923269,21.925804,26.342237,29.304795,1, Acid: 71.5 (°C); LeakRate (µBar/Min):   83 ;  0 xtra drops; P no Acid :   -4; P gases:   15;Total CO2 :  902;# Exp.:  0;CO2 after Exp.:  902;RefRe: L mBar 0.0   Pos 0.0;VM1 aftr Trfr.:   -4;PC (62338);Init int: 36871.62;PressAdj: Master: 36382.3  Adjust:,1de02b6d6a84__SHP2L__-0036(Reevaluated).xls,738832,71.5,83.0,,15.0,902.0,902.0,,,0.0,0.0,-4.0,383 U1539,,,,383 U1539 - 383 U1539,-2.225663000000001,-2.002534999999998,-2.962557999999998,-1.342329286868606,-0.1081445990745774,-0.1143264955891209,19.4676045,True,0.079,3.453,0.036,0.026,18.354773,20.580436,-2.225663000000001
16,Normal sample size (2300mV - 17800mV Bellow 10.5),2023-11-08,22:56:09,SHP2L,,,,-0.649,0.023,-5.739,0.027,11.156175,13.103639,12.098914,13.96245,15.857486000000002,18.650125,2, Acid: 71.5 (°C); LeakRate (µBar/Min):   54 ;  0 xtra drops; P no Acid :   -4; P gases:   15;Total CO2 :  838;# Exp.:  0;CO2 after Exp.:  838;RefRe skipped: L mBar 52.7   Pos 13.6;RefRe skipped: R mBar 348.5   Pos 49.3;VM1 aftr Trfr.:    1;PC (62319);Init,1de02b6d6a84__SHP2L__-0036(Reevaluated).xls,738832,71.5,54.0,,15.0,838.0,838.0,52.7,348.5,13.6,13.6,1.0,SHP2L,,,,SHP2L - SHP2L,-1.947464,-1.863536,-2.7926389999999977,-1.1212386231886016,-0.1486200894270668,-0.1605506126304183,12.129907,True,-0.649,-5.739,0.023,0.027,11.156175,13.103639,-1.947464
15,Normal sample size (2300mV - 17800mV Bellow 10.5),2023-11-08,22:21:09,383 U1539,C17H5W03/05,,,0.507,0.035,3.193,0.016,15.034932000000001,17.550127,16.326842,18.697453000000003,21.56768,24.984486,1, Acid: 71.7 (°C); LeakRate (µBar/Min):  176 ;  0 xtra drops; P no Acid :   69; P gases:  267;Total CO2 :  836;# Exp.:  0;CO2 after Exp.:  836;RefRe skipped: L mBar 67.0   Pos 9.5;RefRe skipped: R mBar 348.5   Pos 50.3;VM1 aftr Trfr.:   -2;PC (62328);Init,1de02b6d6a84__SHP2L__-0036(Reevaluated).xls,738832,71.7,176.0,69.0,267.0,836.0,836.0,67.0,348.5,9.5,9.5,-2.0,383 U1539,,,,383 U1539 - 383 U1539,-2.5151949999999985,-2.370611000000004,-3.416806000000001,-1.4571292583687132,-0.1433149173222506,-0.1543771947750653,16.2925295,True,0.507,3.193,0.035,0.016,15.034932,17.550127,-2.5151949999999985
14,Normal sample size (2300mV - 17800mV Bellow 10.5),2023-11-08,21:45:32,383 U1539,C18H5W93/95,,,0.054,0.053,3.844,0.047,19.636025,23.940523000000002,21.310537,25.500683,28.191659,34.092461,2, Acid: 71.5 (°C); LeakRate (µBar/Min):   68 ;  0 xtra drops; P no Acid :   -4; P gases:   13;Total CO2 :  872;# Exp.:  0;CO2 after Exp.:  872;RefRe skipped: L mBar 64.0   Pos 11.6;RefRe skipped: R mBar 348.5   Pos 49.9;VM1 aftr Trfr.:   -4;PC (62329);Init,1de02b6d6a84__SHP2L__-0036(Reevaluated).xls,738832,71.5,68.0,,13.0,872.0,872.0,64.0,348.5,11.6,11.6,-4.0,383 U1539,,,,383 U1539 - 383 U1539,-4.304498000000002,-4.190146000000002,-5.900801999999999,-2.3875235608519816,-0.1797996643598806,-0.1975603023901756,21.788274,True,0.054,3.844,0.053,0.047,19.636025,23.940523,-4.304498000000002
13,Normal sample size (2300mV - 17800mV Bellow 10.5),2023-11-08,21:10:52,383 U1539,C18H2W118/120,,,-0.034,0.029,3.618,0.024,21.559154,22.581511,23.397046,24.055394,30.949864,32.156705,1, Acid: 71.5 (°C); LeakRate (µBar/Min):  147 ;  0 xtra drops; P no Acid :   96; P gases:  218;Total CO2 :  919;# Exp.:  0;CO2 after Exp.:  919;RefRe: L mBar 0.0   Pos 0.0;VM1 aftr Trfr.:    5;PC (62338);Init int: 44180.48;PressAdj: Master: 43553.7  Adjust:,1de02b6d6a84__SHP2L__-0036(Reevaluated).xls,738832,71.5,147.0,96.0,218.0,919.0,919.0,,,0.0,0.0,5.0,383 U1539,,,,383 U1539 - 383 U1539,-1.0223569999999995,-0.6583480000000002,-1.2068410000000007,-0.6600646948592975,-0.0452740739979711,-0.0463226822704188,22.0703325,True,-0.034,3.618,0.029,0.024,21.559154,22.581511,-1.0223569999999995
12,Normal sample size (2300mV - 17800mV Bellow 10.5),2023-11-08,20:22:22,383 U1539,C17H4W74/76,,,0.154,0.034,2.893,0.033,16.564485,19.324148,17.983449,20.589825,23.760397,27.517196,2, Acid: 71.3 (°C); LeakRate (µBar/Min):   49 ;  0 xtra drops; P no Acid :   -7; P gases:    8;Total CO2 :  850;# Exp.:  0;CO2 after Exp.:  850;RefRe skipped: L mBar 37.0   Pos 22.4;RefRe skipped: R mBar 348.5   Pos 49.3;VM1 aftr Trfr.:   -7;PC (62348);Init,1de02b6d6a84__SHP2L__-0036(Reevaluated).xls,738832,71.3,49.0,,8.0,850.0,850.0,37.0,348.5,22.4,22.4,-7.0,383 U1539,,,,383 U1539 - 383 U1539,-2.7596629999999998,-2.606376000000001,-3.756798999999997,-1.5997011122931224,-0.1428090387219141,-0.1537903658799152,17.9443165,True,0.154,2.893,0.034,0.033,16.564485,19.324148,-2.759663
11,Normal sample size (2300mV - 17800mV Bellow 10.5),2023-11-08,19:47:39,SHP2L,,,,-0.711,0.051,-5.837,0.028,9.954946,11.301088,10.79722,12.042905,14.146803,16.083134,1, Acid: 71.5 (°C); LeakRate (µBar/Min):  112 ;  0 xtra drops; P no Acid :   -7; P gases:   23;Total CO2 :  792;# Exp.:  0;CO2 after Exp.:  792;RefRe skipped: L mBar 70.2   Pos 8.7;RefRe skipped: R mBar 348.5   Pos 50.8;VM1 aftr Trfr.:   -7;PC (62319);Init,1de02b6d6a84__SHP2L__-0036(Reevaluated).xls,738832,71.5,112.0,,23.0,792.0,792.0,70.2,348.5,8.7,8.7,-7.0,SHP2L,,,,SHP2L - SHP2L,-1.3461420000000004,-1.2456850000000017,-1.936331000000001,-0.8018898925036201,-0.1191161417378574,-0.1266597522378822,10.628017,True,-0.711,-5.837,0.051,0.028,9.954946,11.301088,-1.3461420000000004
10,Normal sample size (2300mV - 17800mV Bellow 10.5),2023-11-08,19:11:16,383 U1539,C17H3W30/32,,,0.181,0.03,3.243,0.034,23.664732,25.432207,25.68239,27.090576,33.961836000000005,36.221114,2, Acid: 71.4 (°C); LeakRate (µBar/Min):   98 ;  0 xtra drops; P no Acid :   -7; P gases:    8;Total CO2 :  914;# Exp.:  0;CO2 after Exp.:  914;RefRe skipped: L mBar 60.7   Pos 13.4;RefRe skipped: R mBar 348.5   Pos 49.9;VM1 aftr Trfr.:   -4;PC (62338);Init,1de02b6d6a84__SHP2L__-0036(Reevaluated).xls,738832,71.4,98.0,,8.0,914.0,914.0,60.7,348.5,13.4,13.4,-4.0,383 U1539,,,,383 U1539 - 383 U1539,-1.7674749999999975,-1.4081860000000042,-2.259277999999995,-1.1121824388744015,-0.0694975076288108,-0.0719993969481477,24.5484695,True,0.181,3.243,0.03,0.034,23.664732,25.432207,-1.7674749999999977
9,Normal sample size (2300mV - 17800mV Bellow 10.5),2023-11-08,18:29:19,383 U1539,C18H3W92/94,,,0.06,0.036,3.74,0.034,17.594292000000003,21.029033,19.098651,22.403315,25.257212,29.944916000000003,1, Acid: 71.5 (°C); LeakRate (µBar/Min):  107 ;  0 xtra drops; P no Acid :   -7; P gases:   18;Total CO2 :  846;# Exp.:  0;CO2 after Exp.:  846;RefRe: L mBar 0.0   Pos 0.0;VM1 aftr Trfr.:   -4;PC (62338);Init int: 23755.35;PressAdj: Master: 23460.5  Adjust:,1de02b6d6a84__SHP2L__-0036(Reevaluated).xls,738832,71.5,107.0,,18.0,846.0,846.0,,,0.0,0.0,-4.0,383 U1539,,,,383 U1539 - 383 U1539,-3.4347409999999954,-3.304663999999999,-4.687704000000004,-1.9433530222058248,-0.1633332830853418,-0.1778583796190511,19.3116625,True,0.06,3.74,0.036,0.034,17.594292000000003,21.029033,-3.4347409999999954
8,Normal sample size (2300mV - 17800mV Bellow 10.5),2023-11-08,17:47:48,383 U1539,C18H4W71/73,,,-0.127,0.036,3.915,0.025,14.546547,16.046956,15.789443,17.098611000000002,20.882649,22.845619,2, Acid: 71.4 (°C); LeakRate (µBar/Min):   63 ;  0 xtra drops; P no Acid :   -4; P gases:   10;Total CO2 :  887;# Exp.:  0;CO2 after Exp.:  887;RefRe skipped: L mBar 54.1   Pos 13.4;RefRe skipped: R mBar 348.5   Pos 49.9;VM1 aftr Trfr.:   -4;PC (62338);Init,1de02b6d6a84__SHP2L__-0036(Reevaluated).xls,738832,71.4,63.0,,10.0,887.0,887.0,54.1,348.5,13.4,13.4,-4.0,383 U1539,,,,383 U1539 - 383 U1539,-1.5004090000000012,-1.3091680000000032,-1.9629699999999983,-0.919776112319052,-0.0935011599707758,-0.0980867735218161,15.2967515,True,-0.127,3.915,0.036,0.025,14.546547,16.046956,-1.5004090000000012
7,Normal sample size (2300mV - 17800mV Bellow 10.5),2023-11-08,17:04:34,383 U1539,C17H5W123/125,,,0.283,0.035,2.841,0.025,16.464798,18.175815,17.876418,19.366637,23.614313,25.878839,1, Acid: 71.5 (°C); LeakRate (µBar/Min):  103 ;  0 xtra drops; P no Acid :   -7; P gases:   20;Total CO2 :  880;# Exp.:  0;CO2 after Exp.:  880;RefRe skipped: L mBar 52.3   Pos 15.7;RefRe skipped: R mBar 348.5   Pos 49.9;VM1 aftr Trfr.:   -7;PC (62338);Init,1de02b6d6a84__SHP2L__-0036(Reevaluated).xls,738832,71.5,103.0,,20.0,880.0,880.0,52.3,348.5,15.7,15.7,-7.0,383 U1539,,,,383 U1539 - 383 U1539,-1.7110170000000018,-1.4902189999999962,-2.264526,-1.048146650414433,-0.0941370166894855,-0.0987867622319502,17.3203065,True,0.283,2.841,0.035,0.025,16.464798,18.175815,-1.7110170000000018
6,Normal sample size (2300mV - 17800mV Bellow 10.5),2023-11-08,16:20:20,SHP2L,,,,-0.696,0.031,-5.647,0.027,16.760637,17.388082999999998,18.174845,18.526678,23.83157,24.75483,2, Acid: 71.5 (°C); LeakRate (µBar/Min):   88 ;  0 xtra drops; P no Acid :   -4; P gases:   13;Total CO2 :  868;# Exp.:  0;CO2 after Exp.:  868;RefRe skipped: L mBar 31.3   Pos 32.2;RefRe skipped: R mBar 348.5   Pos 49.9;VM1 aftr Trfr.:   -7;PC (62329);Init,1de02b6d6a84__SHP2L__-0036(Reevaluated).xls,738832,71.5,88.0,,13.0,868.0,868.0,31.3,348.5,32.2,32.2,-7.0,SHP2L,,,,SHP2L - SHP2L,-0.6274459999999991,-0.3518329999999992,-0.9232600000000026,-0.4089972460149621,-0.0360848289026455,-0.0367478488212734,17.07436,True,-0.696,-5.647,0.031,0.027,16.760637,17.388082999999998,-0.6274459999999991
5,Normal sample size (2300mV - 17800mV Bellow 10.5),2023-11-08,15:39:09,383 U1539,C17H3W65/67,,,0.187,0.024,2.807,0.027,8.298994,9.239081,9.011624,9.846085,11.896281,13.147131,1, Acid: 71.5 (°C); LeakRate (µBar/Min):  112 ;  0 xtra drops; P no Acid :   -4; P gases:   15;Total CO2 :  765;# Exp.:  0;CO2 after Exp.:  765;RefRe: L mBar 0.0   Pos 0.0;VM1 aftr Trfr.:    5;PC (62319);Init int: 10480.27;PressAdj: Master: 10367.5  Adjust:,1de02b6d6a84__SHP2L__-0036(Reevaluated).xls,738832,71.5,112.0,,15.0,765.0,765.0,,,0.0,0.0,5.0,383 U1539,,,,383 U1539 - 383 U1539,-0.9400870000000001,-0.8344609999999992,-1.2508499999999998,-0.5710444777137197,-0.101751137369615,-0.1072052662564164,8.7690375,True,0.187,2.807,0.024,0.027,8.298994,9.239081,-0.940087
4,Normal sample size (2300mV - 17800mV Bellow 10.5),2023-11-08,14:59:16,383 U1539,D20H2W78/80,,,0.361,0.054,3.568,0.045,18.776397,23.139264999999998,20.383455,24.647791,26.949111,32.949117,2, Acid: 71.5 (°C); LeakRate (µBar/Min):   63 ;  0 xtra drops; P no Acid :  -16; P gases:    5;Total CO2 :  858;# Exp.:  0;CO2 after Exp.:  858;RefRe skipped: L mBar 67.7   Pos 9.8;RefRe skipped: R mBar 348.5   Pos 49.9;VM1 aftr Trfr.:   -4;PC (62319);Init,1de02b6d6a84__SHP2L__-0036(Reevaluated).xls,738832,71.5,63.0,,5.0,858.0,858.0,67.7,348.5,9.8,9.8,-4.0,383 U1539,,,,383 U1539 - 383 U1539,-4.362867999999999,-4.264336,-6.000005999999999,-2.39408731665957,-0.1885482533693269,-0.2081736416330487,20.957831,True,0.361,3.568,0.054,0.045,18.776397,23.139265,-4.362867999999999
3,Normal sample size (2300mV - 17800mV Bellow 10.5),2023-11-08,14:22:23,383 U1539,D20H3W127/129,,,0.568,0.032,3.433,0.031,20.099722,24.163096000000003,21.826647,25.740639,28.850034,34.414529,1, Acid: 71.6 (°C); LeakRate (µBar/Min):   93 ;  0 xtra drops; P no Acid :   10; P gases:   40;Total CO2 :  880;# Exp.:  0;CO2 after Exp.:  880;RefRe skipped: L mBar 47.8   Pos 18.6;RefRe skipped: R mBar 348.5   Pos 49.9;VM1 aftr Trfr.:   -4;PC (62348);Init,1de02b6d6a84__SHP2L__-0036(Reevaluated).xls,738832,71.6,93.0,10.0,40.0,880.0,880.0,47.8,348.5,18.6,18.6,-4.0,383 U1539,,,,383 U1539 - 383 U1539,-4.063374000000003,-3.913991999999997,-5.564495000000001,-2.2857539647567866,-0.1681644603820637,-0.1836021375774133,22.131409,True,0.568,3.433,0.032,0.031,20.099722,24.163096000000003,-4.063374000000003
2,Normal sample size (2300mV - 17800mV Bellow 10.5),2023-11-08,13:47:42,383 U1539,D20H1W108/110,,,0.386,0.027,3.439,0.024,13.707825000000001,15.523537000000001,14.884152,16.539067,19.665292,22.096252,2, Acid: 71.4 (°C); LeakRate (µBar/Min):   24 ;  0 xtra drops; P no Acid :  -12; P gases:    8;Total CO2 :  824;# Exp.:  0;CO2 after Exp.:  824;RefRe skipped: L mBar 30.7   Pos 32.9;RefRe skipped: R mBar 348.5   Pos 49.9;VM1 aftr Trfr.:  -12;PC (62329);Init,1de02b6d6a84__SHP2L__-0036(Reevaluated).xls,738832,71.4,24.0,,8.0,824.0,824.0,30.7,348.5,32.9,32.9,-12.0,383 U1539,,,,383 U1539 - 383 U1539,-1.8157119999999995,-1.654914999999999,-2.430959999999999,-1.084251538567036,-0.1169650962921658,-0.1242304070539032,14.615681000000002,True,0.386,3.439,0.027,0.024,13.707825,15.523537,-1.8157119999999995
1,Normal sample size (2300mV - 17800mV Bellow 10.5),2023-11-08,13:12:26,SHP2L,,,,-0.731,0.035,-5.881,0.049,7.750433,9.017441000000002,8.40558,9.610074,11.011456,12.83155,1,Acid: 71.4 (°C);LeakRate (µBar/Min):  127 ; 0 xtra drops;P no Acid :   -4;P gases:   30;Total CO2 :  755;# Exp.:  0;CO2 after Exp.:  755;RefRe: L mBar 0.0   Pos 0.0;VM1 aftr Trfr.:   -7;PC (62338);Init int: 9770.77;PressAdj: Master: 9673.0  Adjust: 9288.2,1de02b6d6a84__SHP2L__-0036(Reevaluated).xls,738832,71.4,127.0,,30.0,755.0,755.0,,,0.0,0.0,-7.0,SHP2L,,,,SHP2L - SHP2L,-1.2670080000000015,-1.2044940000000004,-1.8200939999999992,-0.7364228014815325,-0.1405063809122789,-0.1511232729921517,8.383937000000001,True,-0.731,-5.881,0.035,0.049,7.750433,9.017441000000002,-1.2670080000000017
46,Normal sample size (2300mV - 17800mV Bellow 10.5),2023-11-07,18:38:11,SHP2L,,,,-0.634,0.026,-5.717,0.033,14.019418,17.189657,15.203573,18.313785,19.93145,24.471032,2, Acid: 71.3 (°C); LeakRate (µBar/Min):   88 ;  0 xtra drops; P no Acid :   -9; P gases:   15;Total CO2 :  836;# Exp.:  0;CO2 after Exp.:  836;RefRe skipped: L mBar 55.2   Pos 14.9;RefRe skipped: R mBar 348.5   Pos 49.9;VM1 aftr Trfr.:   -7;PC (62338);Init,1de02b6d6a84__SHP2L__-0036(Reevaluated).xls,738831,71.3,88.0,,15.0,836.0,836.0,55.2,348.5,14.9,14.9,-7.0,SHP2L,,,,SHP2L - SHP2L,-3.1702390000000005,-3.110211999999999,-4.539581999999999,-1.7484772710419834,-0.1844271238221914,-0.2031613561119642,15.6045375,True,-0.634,-5.717,0.026,0.033,14.019418,17.189657,-3.1702390000000005
45,Normal sample size (2300mV - 17800mV Bellow 10.5),2023-11-07,18:01:54,383 U1539,D20H3W7/9,,,0.455,0.024,3.546,0.03,16.744623999999998,18.61786,18.181985,19.834376,24.029016,26.505497,1, Acid: 71.3 (°C); LeakRate (µBar/Min):  117 ;  0 xtra drops; P no Acid :   -7; P gases:   13;Total CO2 :  860;# Exp.:  0;CO2 after Exp.:  863;RefRe: L mBar 0.0   Pos 0.0;VM1 aftr Trfr.:   -7;PC (62328);Init int: 32778.73;PressAdj: Master: 32357.7  Adjust:,1de02b6d6a84__SHP2L__-0036(Reevaluated).xls,738831,71.3,117.0,,13.0,860.0,863.0,,,0.0,0.0,-7.0,383 U1539,,,,383 U1539 - 383 U1539,-1.8732360000000021,-1.652390999999998,-2.476481,-1.1393137746804547,-0.1006150008647611,-0.1059448199396853,17.681241999999997,True,0.455,3.546,0.024,0.03,16.744623999999998,18.61786,-1.873236000000002
44,Normal sample size (2300mV - 17800mV Bellow 10.5),2023-11-07,17:11:56,383 U1539,C19H6W91/93,,,0.575,0.037,3.22,0.02,18.673221,19.770864000000003,20.27659,21.060794,26.788988,28.147029,2, Acid: 71.5 (°C); LeakRate (µBar/Min):   83 ;  0 xtra drops; P no Acid :   -9; P gases:    8;Total CO2 :  897;# Exp.:  0;CO2 after Exp.:  899;RefRe skipped: L mBar 57.4   Pos 12.5;RefRe skipped: R mBar 348.5   Pos 49.9;VM1 aftr Trfr.:   -9;PC (62329);Init,1de02b6d6a84__SHP2L__-0036(Reevaluated).xls,738831,71.5,83.0,,8.0,897.0,899.0,57.4,348.5,12.5,12.5,-9.0,383 U1539,,,,383 U1539 - 383 U1539,-1.0976430000000015,-0.7842040000000026,-1.358041,-0.7010676275045747,-0.0555182110402459,-0.0571033489287104,19.2220425,True,0.575,3.22,0.037,0.02,18.673221,19.770864000000003,-1.0976430000000017
43,Normal sample size (2300mV - 17800mV Bellow 10.5),2023-11-07,16:28:37,383 U1539,C16H3W93/95,,,0.585,0.044,3.66,0.031,17.802146,19.607103,19.33176,20.88795,25.551623,27.916089,1, Acid: 71.6 (°C); LeakRate (µBar/Min):   88 ;  0 xtra drops; P no Acid :   -4; P gases:   32;Total CO2 :  880;# Exp.:  0;CO2 after Exp.:  880;RefRe skipped: L mBar 65.3   Pos 11.4;RefRe skipped: R mBar 348.5   Pos 49.9;VM1 aftr Trfr.:   -4;PC (62338);Init,1de02b6d6a84__SHP2L__-0036(Reevaluated).xls,738831,71.6,88.0,,32.0,880.0,880.0,65.3,348.5,11.4,11.4,-4.0,383 U1539,,,,383 U1539 - 383 U1539,-1.8049569999999981,-1.5561900000000009,-2.364466,-1.1082328039630414,-0.0920562818484708,-0.0964979008266109,18.7046245,True,0.585,3.66,0.044,0.031,17.802146,19.607103,-1.804956999999998
42,Normal sample size (2300mV - 17800mV Bellow 10.5),2023-11-07,15:43:08,383 U1539,C19H5W118/120,,,0.619,0.034,3.397,0.026,19.128178,23.03221,20.768778,24.532698,27.447415,32.795689,2, Acid: 71.6 (°C); LeakRate (µBar/Min):  112 ;  0 xtra drops; P no Acid :   -4; P gases:   27;Total CO2 :  880;# Exp.:  0;CO2 after Exp.:  880;RefRe skipped: L mBar 20.4   Pos 49.9;RefRe skipped: R mBar 348.5   Pos 49.9;VM1 aftr Trfr.:   -4;PC (62328);Init,1de02b6d6a84__SHP2L__-0036(Reevaluated).xls,738831,71.6,112.0,,27.0,880.0,880.0,20.4,348.5,49.9,49.9,-4.0,383 U1539,,,,383 U1539 - 383 U1539,-3.904032000000001,-3.7639200000000015,-5.348273999999996,-2.192585686469191,-0.169503143641014,-0.1851990546197061,21.080194,True,0.619,3.397,0.034,0.026,19.128178,23.03221,-3.904032000000001
41,Normal sample size (2300mV - 17800mV Bellow 10.5),2023-11-07,15:06:46,SHP2L,,,,-0.627,0.026,-5.814,0.039,5.177588,5.6529229999999995,5.616104999999999,6.024942,7.356301999999999,8.042335,1, Acid: 71.6 (°C); LeakRate (µBar/Min):  107 ;  0 xtra drops; P no Acid :   -2; P gases:   27;Total CO2 :  672;# Exp.:  0;CO2 after Exp.:  672;RefRe: L mBar 0.0   Pos 0.0;VM1 aftr Trfr.:   -4;PC (62338);Init int: 6223.20;PressAdj: Master: 6161.8  Adjust: 5,1de02b6d6a84__SHP2L__-0036(Reevaluated).xls,738831,71.6,107.0,,27.0,672.0,672.0,,,0.0,0.0,-4.0,SHP2L,,,,SHP2L - SHP2L,-0.4753349999999994,-0.408837000000001,-0.6860330000000001,-0.29441465620633,-0.0840865867092121,-0.0877770217859525,5.4152555,True,-0.627,-5.814,0.026,0.039,5.177588,5.652923,-0.4753349999999994
40,Normal sample size (2300mV - 17800mV Bellow 10.5),2023-11-07,14:27:08,383 U1539,C19H5W38/40,,,0.403,0.032,3.276,0.024,16.728722,18.652212,18.164029,19.871073,24.000133,26.55412,2, Acid: 71.4 (°C); LeakRate (µBar/Min):   88 ;  0 xtra drops; P no Acid :   -4; P gases:   13;Total CO2 :  889;# Exp.:  0;CO2 after Exp.:  889;RefRe skipped: L mBar 61.8   Pos 10.8;RefRe skipped: R mBar 348.5   Pos 49.9;VM1 aftr Trfr.:   -7;PC (62338);Init,1de02b6d6a84__SHP2L__-0036(Reevaluated).xls,738831,71.4,88.0,,13.0,889.0,889.0,61.8,348.5,10.8,10.8,-7.0,383 U1539,,,,383 U1539 - 383 U1539,-1.9234899999999975,-1.7070439999999998,-2.553986999999996,-1.1666150287920254,-0.103123961919369,-0.1087303122071338,17.690466999999998,True,0.403,3.276,0.032,0.024,16.728722,18.652212,-1.9234899999999973
39,Normal sample size (2300mV - 17800mV Bellow 10.5),2023-11-07,13:44:57,383 U1539,D19H3W58/60,,,0.572,0.046,3.393,0.038,17.441871,21.516787,18.93853,22.919494,25.025706,30.634403,1, Acid: 71.6 (°C); LeakRate (µBar/Min):  107 ;  0 xtra drops; P no Acid :   -7; P gases:   18;Total CO2 :  853;# Exp.:  0;CO2 after Exp.:  853;RefRe skipped: L mBar 69.0   Pos 9.8;RefRe skipped: R mBar 348.5   Pos 49.9;VM1 aftr Trfr.:   -7;PC (62319);Init,1de02b6d6a84__SHP2L__-0036(Reevaluated).xls,738831,71.6,107.0,,18.0,853.0,853.0,69.0,348.5,9.8,9.8,-7.0,383 U1539,,,,383 U1539 - 383 U1539,-4.074916000000002,-3.980964,-5.608696999999999,-2.233775498894543,-0.1893831081750264,-0.2091918053234791,19.479329,True,0.572,3.393,0.046,0.038,17.441871,21.516787,-4.074916000000002
38,Normal sample size (2300mV - 17800mV Bellow 10.5),2023-11-07,13:06:34,383 U1539,C19H4W65/67,,,0.728,0.118,2.275,0.171,1.6949539999999998,24.801330999999998,1.839252,26.415001,2.425281,35.316141,2, Acid: 71.7 (°C); LeakRate (µBar/Min):   83 ;  0 xtra drops; P no Acid :    8; P gases:   86;Total CO2 :  887;# Exp.:  0;CO2 after Exp.:  887;RefRe skipped: L mBar 46.0   Pos 20.2;RefRe skipped: R mBar 348.5   Pos 49.9;VM1 aftr Trfr.:   -2;PC (62329);Init,1de02b6d6a84__SHP2L__-0036(Reevaluated).xls,738831,71.7,83.0,8.0,86.0,887.0,887.0,46.0,348.5,20.2,20.2,-2.0,383 U1539,,,,383 U1539 - 383 U1539,-23.106377,-24.575749,-32.89086,-1.067873958124809,-0.9316587484760396,-1.7441220155957713,13.248142499999998,True,0.728,2.275,0.118,0.171,1.6949539999999998,24.801331,-23.106377
37,Normal sample size (2300mV - 17800mV Bellow 10.5),2023-11-07,12:30:05,383 U1539,C19H3W131/133,,,0.368,0.034,3.093,0.027,12.331775,14.760354999999999,13.38833,15.726033,17.684542,21.008133,1, Acid: 71.6 (°C); LeakRate (µBar/Min):  107 ;  0 xtra drops; P no Acid :   -4; P gases:   20;Total CO2 :  806;# Exp.:  0;CO2 after Exp.:  806;RefRe: L mBar 0.0   Pos 0.0;VM1 aftr Trfr.:    1;PC (62329);Init int: 16935.91;PressAdj: Master: 16742.4  Adjust:,1de02b6d6a84__SHP2L__-0036(Reevaluated).xls,738831,71.6,107.0,,20.0,806.0,806.0,,,0.0,0.0,1.0,383 U1539,,,,383 U1539 - 383 U1539,-2.4285799999999984,-2.3377029999999994,-3.3235910000000004,-1.3721020606137202,-0.1645339830918699,-0.1792830611694243,13.546065,True,0.368,3.093,0.034,0.027,12.331775,14.760355,-2.4285799999999984
36,Normal sample size (2300mV - 17800mV Bellow 10.5),2023-11-07,11:48:16,SHP2L,,,,-0.685,0.038,-5.797,0.034,14.787501,18.260702000000002,16.035085,19.454962,21.020979,25.994649000000003,2, Acid: 71.7 (°C); LeakRate (µBar/Min):  440 ;  0 xtra drops; P no Acid :  277; P gases:  811;Total CO2 :  838;# Exp.:  0;CO2 after Exp.:  838;RefRe skipped: L mBar 59.9   Pos 10.8;RefRe skipped: R mBar 348.5   Pos 49.9;VM1 aftr Trfr.:    5;PC (62329);Init,1de02b6d6a84__SHP2L__-0036(Reevaluated).xls,738831,71.7,440.0,277.0,811.0,838.0,838.0,59.9,348.5,10.8,10.8,5.0,SHP2L,,,,SHP2L - SHP2L,-3.4732010000000013,-3.419877,-4.973670000000002,-1.9020084770015968,-0.1902008477001596,-0.2101900063976247,16.5241015,True,-0.685,-5.797,0.038,0.034,14.787501,18.260702,-3.4732010000000013
35,Normal sample size (2300mV - 17800mV Bellow 10.5),2023-11-07,11:12:42,383 U1539,C18H6W26/28,,,-0.494,0.023,3.806,0.018,18.847016,20.688921999999998,20.444578,22.038166,27.054262,29.455805,1, Acid: 71.5 (°C); LeakRate (µBar/Min):   98 ;  0 xtra drops; P no Acid :   -9; P gases:   18;Total CO2 :  877;# Exp.:  0;CO2 after Exp.:  877;RefRe skipped: L mBar 53.5   Pos 15.0;RefRe skipped: R mBar 348.5   Pos 49.9;VM1 aftr Trfr.:   -7;PC (62328);Init,1de02b6d6a84__SHP2L__-0036(Reevaluated).xls,738831,71.5,98.0,,18.0,877.0,877.0,53.5,348.5,15.0,15.0,-7.0,383 U1539,,,,383 U1539 - 383 U1539,-1.841905999999998,-1.5935880000000004,-2.401543000000004,-1.1346904836899918,-0.0890286115438976,-0.0931762893800571,19.767969,True,-0.494,3.806,0.023,0.018,18.847016,20.688922,-1.841905999999998
34,Normal sample size (2300mV - 17800mV Bellow 10.5),2023-11-07,10:27:21,383 U1539,D19H3W18/20,,,0.512,0.028,3.277,0.027,14.978193,17.879762,16.263671,19.047524000000003,21.485748,25.450946,2, Acid: 71.6 (°C); LeakRate (µBar/Min):  278 ;  0 xtra drops; P no Acid :  135; P gases:  303;Total CO2 :  826;# Exp.:  0;CO2 after Exp.:  826;RefRe skipped: L mBar 76.6   Pos 8.4;RefRe skipped: R mBar 348.5   Pos 49.9;VM1 aftr Trfr.:   -9;PC (62319);Init,1de02b6d6a84__SHP2L__-0036(Reevaluated).xls,738831,71.6,278.0,135.0,303.0,826.0,826.0,76.6,348.5,8.4,8.4,-9.0,383 U1539,,,,383 U1539 - 383 U1539,-2.9015690000000003,-2.783853000000004,-3.965197999999997,-1.6437501461368895,-0.1622823055474676,-0.1766128780686442,16.4289775,True,0.512,3.277,0.028,0.027,14.978193,17.879762,-2.9015690000000003
33,Normal sample size (2300mV - 17800mV Bellow 10.5),2023-11-07,09:53:01,383 U1539,C18H7W28/30,,,0.133,0.074,3.39,0.04,22.639321,28.427671,24.570223,30.274489000000003,32.494023,40.488081,1, Acid: 71.5 (°C); LeakRate (µBar/Min):  107 ;  0 xtra drops; P no Acid :    3; P gases:   76;Total CO2 :  880;# Exp.:  0;CO2 after Exp.:  880;RefRe: L mBar 0.0   Pos 0.0;VM1 aftr Trfr.:   -9;PC (62338);Init int: 30983.89;PressAdj: Master: 30589.6  Adjust:,1de02b6d6a84__SHP2L__-0036(Reevaluated).xls,738831,71.5,107.0,3.0,76.0,880.0,880.0,,,0.0,0.0,-9.0,383 U1539,,,,383 U1539 - 383 U1539,-5.788350000000001,-5.7042660000000005,-7.994058000000002,-3.1173252200488246,-0.2036167507355773,-0.226696336451538,25.533496,True,0.133,3.39,0.074,0.04,22.639321,28.427671,-5.788350000000001
32,Normal sample size (2300mV - 17800mV Bellow 10.5),2023-11-07,09:12:47,383 U1539,D19H2W8/10,,,0.052,0.036,3.632,0.036,15.379342000000001,18.835537,16.693365,20.066856,22.070586,26.814893,2, Acid: 71.8 (°C); LeakRate (µBar/Min):   73 ;  0 xtra drops; P no Acid :   -4; P gases:   15;Total CO2 :  841;# Exp.:  0;CO2 after Exp.:  841;RefRe skipped: L mBar 39.7   Pos 20.9;RefRe skipped: R mBar 348.5   Pos 49.9;VM1 aftr Trfr.:   -9;PC (62338);Init,1de02b6d6a84__SHP2L__-0036(Reevaluated).xls,738831,71.8,73.0,,15.0,841.0,841.0,39.7,348.5,20.9,20.9,-9.0,383 U1539,,,,383 U1539 - 383 U1539,-3.4561949999999975,-3.3734910000000013,-4.744307000000003,-1.9083727161910893,-0.183493308420142,-0.2020287723361522,17.107439499999998,True,0.052,3.632,0.036,0.036,15.379342,18.835537,-3.456194999999997
31,Normal sample size (2300mV - 17800mV Bellow 10.5),2023-11-07,08:37:56,SHP2L,,,,-0.751,0.047,-5.852,0.022,11.010539000000001,12.302316000000001,11.9401,13.108689,15.647548,17.507987,1, Acid: 71.7 (°C); LeakRate (µBar/Min):  122 ;  0 xtra drops; P no Acid :   -9; P gases:   15;Total CO2 :  780;# Exp.:  0;CO2 after Exp.:  780;RefRe skipped: L mBar 51.3   Pos 15.6;RefRe skipped: R mBar 348.5   Pos 49.9;VM1 aftr Trfr.:   47;PC (62328);Init,1de02b6d6a84__SHP2L__-0036(Reevaluated).xls,738831,71.7,122.0,,15.0,780.0,780.0,51.3,348.5,15.6,15.6,47.0,SHP2L,,,,SHP2L - SHP2L,-1.2917769999999997,-1.168588999999999,-1.8604389999999995,-0.7818338364318798,-0.105002749075865,-0.11082100411983,11.6564275,True,-0.751,-5.852,0.047,0.022,11.010539,12.302316,-1.2917769999999995
30,Normal sample size (2300mV - 17800mV Bellow 10.5),2023-11-07,08:01:18,383 U1539,C22H1W102/104,,,0.577,0.02,3.375,0.024,16.141501,16.997533,17.528723999999997,18.109938,23.158017,24.195972,2, Acid: 71.6 (°C); LeakRate (µBar/Min):   98 ;  0 xtra drops; P no Acid :  -12; P gases:   13;Total CO2 :  868;# Exp.:  0;CO2 after Exp.:  868;RefRe skipped: L mBar 60.7   Pos 13.5;RefRe skipped: R mBar 348.5   Pos 49.9;VM1 aftr Trfr.:   -9;PC (62338);Init,1de02b6d6a84__SHP2L__-0036(Reevaluated).xls,738831,71.6,98.0,,13.0,868.0,868.0,60.7,348.5,13.5,13.5,-9.0,383 U1539,,,,383 U1539 - 383 U1539,-0.856031999999999,-0.5812140000000028,-1.0379550000000002,-0.5497348087760181,-0.0503621319635031,-0.0516630629607368,16.569517,True,0.577,3.375,0.02,0.024,16.141501,16.997533,-0.856031999999999
29,Normal sample size (2300mV - 17800mV Bellow 10.5),2023-11-07,07:20:05,383 U1539,C21H6W46/48,,,0.646,0.034,3.099,0.024,17.665528,20.998612,19.182804,22.368031,25.340417,29.898243,1, Acid: 71.7 (°C); LeakRate (µBar/Min):  117 ;  0 xtra drops; P no Acid :    3; P gases:   62;Total CO2 :  846;# Exp.:  0;CO2 after Exp.:  846;RefRe: L mBar 0.0   Pos 0.0;VM1 aftr Trfr.:   -9;PC (62338);Init int: 24424.38;PressAdj: Master: 24125.1  Adjust:,1de02b6d6a84__SHP2L__-0036(Reevaluated).xls,738831,71.7,117.0,3.0,62.0,846.0,846.0,,,0.0,0.0,-9.0,383 U1539,,,,383 U1539 - 383 U1539,-3.333084000000003,-3.1852269999999976,-4.557825999999995,-1.896214683788076,-0.1587287769305896,-0.1724121627947758,19.33207,True,0.646,3.099,0.034,0.024,17.665528,20.998612,-3.333084000000003
28,Small sample size (3000mV - 20000mV Bellow 10.5),2023-11-07,06:37:58,383 U1539,C21H1W121/123,,,0.669,0.017,3.103,0.026,7.9613130000000005,10.276065000000001,8.648052,10.951033,11.415061,14.624426,2, Acid: 71.5 (°C); LeakRate (µBar/Min):   59 ;  0 xtra drops; P no Acid :   -9; P gases:    8;Total CO2 :  831;# Exp.:  0;CO2 after Exp.:  831;RefRe: L mBar 0.0   Pos 0.0;VM1 aftr Trfr.:   -9;PC (62338);Init int: 19047.03;PressAdj: Master: 18825.8  Adjust:,1de02b6d6a84__SHP2L__-0036(Reevaluated).xls,738831,71.5,59.0,,8.0,831.0,831.0,,,0.0,0.0,-9.0,383 U1539,,,,383 U1539 - 383 U1539,-2.3147520000000004,-2.302980999999999,-3.209365,-1.21273953843643,-0.2252566522302068,-0.253847016824458,9.118689,True,0.669,3.103,0.017,0.026,7.961313,10.276065,-2.3147520000000004
27,Normal sample size (2300mV - 17800mV Bellow 10.5),2023-11-07,05:43:17,383 U1539,C22H3W102/104,,,0.28,0.029,3.783,0.028,19.676536,22.121056,21.358116000000003,23.561968,28.244449,31.496432,1, Acid: 71.6 (°C); LeakRate (µBar/Min):  103 ;  0 xtra drops; P no Acid :   -7; P gases:   18;Total CO2 :  858;# Exp.:  0;CO2 after Exp.:  858;RefRe skipped: L mBar 49.9   Pos 18.0;RefRe skipped: R mBar 348.5   Pos 49.9;VM1 aftr Trfr.:   -7;PC (62328);Init,1de02b6d6a84__SHP2L__-0036(Reevaluated).xls,738831,71.6,103.0,,18.0,858.0,858.0,49.9,348.5,18.0,18.0,-7.0,383 U1539,,,,383 U1539 - 383 U1539,-2.4445200000000007,-2.2038519999999977,-3.2519830000000027,-1.470420663434308,-0.1105064785333937,-0.1169694177597599,20.898796,True,0.28,3.783,0.029,0.028,19.676536,22.121056,-2.4445200000000007
26,Normal sample size (2300mV - 17800mV Bellow 10.5),2023-11-07,04:58:19,SHP2L,,,,-0.633,0.036,-5.813,0.034,13.533403,16.320824,14.676112,17.388064999999997,19.236221,23.230656,2, Acid: 71.6 (°C); LeakRate (µBar/Min):   63 ;  0 xtra drops; P no Acid :   -9; P gases:   32;Total CO2 :  828;# Exp.:  0;CO2 after Exp.:  828;RefRe skipped: L mBar 10.2   Pos 99.6;RefRe skipped: R mBar 348.5   Pos 49.9;VM1 aftr Trfr.:   -9;PC (62329);Init,1de02b6d6a84__SHP2L__-0036(Reevaluated).xls,738831,71.6,63.0,,32.0,828.0,828.0,10.2,348.5,99.6,99.6,-9.0,SHP2L,,,,SHP2L - SHP2L,-2.787421000000002,-2.7119529999999976,-3.9944349999999993,-1.5630494344940626,-0.1707892322103345,-0.1867354328082252,14.9271135,True,-0.633,-5.813,0.036,0.034,13.533403,16.320824,-2.787421000000002
25,Normal sample size (2300mV - 17800mV Bellow 10.5),2023-11-07,04:21:56,383 U1539,C20H6W12/20,,,-0.194,1.043,-10.875,1.408,0.039468,2.701616,42.711,2.879196,55.627,3.84171,1, Acid: 71.5 (°C); LeakRate (µBar/Min):  972 ;  1 xtra drops; P no Acid :   -4; P gases:   13;Total CO2 :   13;# Exp.:  0;CO2 after Exp.:   13;RefRe: L mBar 0.0   Pos 0.0;VM1 aftr Trfr.:  -12;PC (62328);Init int:   43.40;PressAdj: Master: 43.2  Adjust: 274,1de02b6d6a84__SHP2L__-0036(Reevaluated).xls,738831,71.5,972.0,,13.0,13.0,13.0,,,0.0,0.0,-12.0,383 U1539,,,,383 U1539 - 383 U1539,-2.662148,39.831804,51.78529,363.2265884055914,13.609034000390878,1.743738145493191,21.084808,True,-0.194,-10.875,1.043,1.408,0.039468,2.701616,36.766384
24,Normal sample size (2300mV - 17800mV Bellow 10.5),2023-11-07,03:44:22,383 U1539,C20H5W08/10,,,0.487,0.032,2.953,0.027,13.420635,15.718279,14.573582,16.746395,19.245172,22.372682,2, Acid: 71.5 (°C); LeakRate (µBar/Min):  200 ;  0 xtra drops; P no Acid :   -4; P gases:   15;Total CO2 :  821;# Exp.:  0;CO2 after Exp.:  821;RefRe skipped: L mBar 52.3   Pos 15.5;RefRe skipped: R mBar 348.5   Pos 49.9;VM1 aftr Trfr.:   -9;PC (62328);Init,1de02b6d6a84__SHP2L__-0036(Reevaluated).xls,738831,71.5,200.0,,15.0,821.0,821.0,52.3,348.5,15.5,15.5,-9.0,383 U1539,,,,383 U1539 - 383 U1539,-2.297644,-2.172813,-3.127510000000001,-1.3266489700692474,-0.1461765629685031,-0.1577027887861572,14.569457,True,0.487,2.953,0.032,0.027,13.420635,15.718279,-2.297644
23,Normal sample size (2300mV - 17800mV Bellow 10.5),2023-11-07,03:10:17,383 U1539,C19H3W11/13,,,0.373,0.048,3.134,0.026,14.277826,17.357941,15.501691,18.491858,20.478085,24.708956,1, Acid: 71.7 (°C); LeakRate (µBar/Min):  103 ;  0 xtra drops; P no Acid :   -9; P gases:   30;Total CO2 :  816;# Exp.:  0;CO2 after Exp.:  816;RefRe skipped: L mBar 56.7   Pos 14.7;RefRe skipped: R mBar 348.5   Pos 49.9;VM1 aftr Trfr.:   -7;PC (62328);Init,1de02b6d6a84__SHP2L__-0036(Reevaluated).xls,738831,71.7,103.0,,30.0,816.0,816.0,56.7,348.5,14.7,14.7,-7.0,383 U1539,,,,383 U1539 - 383 U1539,-3.080115000000001,-2.990167,-4.230870999999997,-1.713310284759934,-0.1774470255429489,-0.1947235861232636,15.8178835,True,0.373,3.134,0.048,0.026,14.277826,17.357941,-3.080115000000001
22,Normal sample size (2300mV - 17800mV Bellow 10.5),2023-11-07,02:33:19,383 U1539,C22H6W51/53,,,0.608,0.043,2.93,0.029,15.85211,19.220523,17.214952,20.475121,22.732007000000003,27.362231,2, Acid: 71.4 (°C); LeakRate (µBar/Min):   83 ;  0 xtra drops; P no Acid :   -7; P gases:   10;Total CO2 :  836;# Exp.:  0;CO2 after Exp.:  836;RefRe skipped: L mBar 17.3   Pos 58.8;RefRe skipped: R mBar 348.5   Pos 50.2;VM1 aftr Trfr.:  -12;PC (62329);Init,1de02b6d6a84__SHP2L__-0036(Reevaluated).xls,738831,71.4,83.0,,10.0,836.0,836.0,17.3,348.5,58.8,58.8,-12.0,383 U1539,,,,383 U1539 - 383 U1539,-3.3684130000000003,-3.2601689999999977,-4.630223999999998,-1.8786783225957444,-0.175250850354072,-0.1920821285359442,17.536316499999998,True,0.608,2.93,0.043,0.029,15.85211,19.220523,-3.3684130000000003
21,Normal sample size (2300mV - 17800mV Bellow 10.5),2023-11-07,01:58:12,SHP2L,,,,-0.65,0.028,-5.826,0.054,4.337128,4.7220439999999995,4.704486,5.032657,6.161883,6.717288,1, Acid: 71.7 (°C); LeakRate (µBar/Min):   98 ;  0 xtra drops; P no Acid :   -9; P gases:   10;Total CO2 :  623;# Exp.:  0;CO2 after Exp.:  623;RefRe: L mBar 0.0   Pos 0.0;VM1 aftr Trfr.:   -9;PC (62338);Init int: 5202.31;PressAdj: Master: 5151.2  Adjust: 4,1de02b6d6a84__SHP2L__-0036(Reevaluated).xls,738831,71.7,98.0,,10.0,623.0,623.0,,,0.0,0.0,-9.0,SHP2L,,,,SHP2L - SHP2L,-0.3849159999999996,-0.3281710000000002,-0.5554050000000004,-0.239080076977587,-0.0815146999900889,-0.0849781856443391,4.529586,True,-0.65,-5.826,0.028,0.054,4.337128,4.722044,-0.3849159999999996
20,Normal sample size (2300mV - 17800mV Bellow 10.5),2023-11-07,01:18:49,383 U1539,C22H2W12/14,,,0.353,0.032,3.634,0.021,17.224411,18.828388999999998,18.701399,20.060625,24.721779,26.807126,2, Acid: 71.7 (°C); LeakRate (µBar/Min):   54 ;  0 xtra drops; P no Acid :   -9; P gases:    8;Total CO2 :  887;# Exp.:  0;CO2 after Exp.:  889;RefRe skipped: L mBar 8.7   Pos 100.0;RefRe skipped: R mBar 348.5   Pos 50.7;VM1 aftr Trfr.:   -9;PC (62348);Init,1de02b6d6a84__SHP2L__-0036(Reevaluated).xls,738831,71.7,54.0,,8.0,887.0,889.0,8.7,348.5,100.0,100.0,-9.0,383 U1539,,,,383 U1539 - 383 U1539,-1.603977999999998,-1.3592259999999996,-2.0853470000000023,-0.9922813702912324,-0.0851893382912366,-0.0889793857897305,18.0264,True,0.353,3.634,0.032,0.021,17.224411,18.828389,-1.603977999999998
19,Normal sample size (2300mV - 17800mV Bellow 10.5),2023-11-07,00:36:25,383 U1539,C22H5W108/110,,,-2.102,1.203,-3.752,0.896,0.011191000000000001,2.303826,12.111,2.454226,15.909,3.273393,1, Acid: 71.4 (°C); LeakRate (µBar/Min):  342 ;  0 xtra drops; P no Acid :   -7; P gases:   20;Total CO2 :   -7;# Exp.:  0;CO2 after Exp.:   -7;RefRe skipped: L mBar 50.9   Pos 15.3;RefRe skipped: R mBar 348.5   Pos 49.3;VM1 aftr Trfr.:   -9;PC (62338);Init,1de02b6d6a84__SHP2L__-0036(Reevaluated).xls,738831,71.4,342.0,,20.0,,,50.9,348.5,15.3,15.3,-9.0,383 U1539,,,,383 U1539 - 383 U1539,-2.2926349999999998,9.656774,12.635607,29.193631158594137,3.8575717089745503,1.317123170020866,6.747413,True,-2.102,-3.752,1.203,0.896,0.011191,2.303826,8.887174000000002
18,Normal sample size (2300mV - 17800mV Bellow 10.5),2023-11-07,00:01:34,383 U1539,D20H4W56/58,,,0.538,0.03,3.674,0.016,15.655106,16.8124,16.999837,17.911667,22.466509,23.93241,2, Acid: 71.6 (°C); LeakRate (µBar/Min):   54 ;  0 xtra drops; P no Acid :   -9; P gases:    8;Total CO2 :  877;# Exp.:  0;CO2 after Exp.:  877;RefRe skipped: L mBar 57.0   Pos 14.2;RefRe skipped: R mBar 348.5   Pos 50.5;VM1 aftr Trfr.:   -9;PC (62329);Init,1de02b6d6a84__SHP2L__-0036(Reevaluated).xls,738831,71.6,54.0,,8.0,877.0,877.0,57.0,348.5,14.2,14.2,-9.0,383 U1539,,,,383 U1539 - 383 U1539,-1.1572940000000003,-0.911830000000002,-1.4659010000000023,-0.7287443705196548,-0.0688357402869311,-0.0712893685150932,16.233753,True,0.538,3.674,0.03,0.016,15.655106,16.8124,-1.1572940000000005
17,Normal sample size (2300mV - 17800mV Bellow 10.5),2023-11-06,23:19:45,383 U1539,D20H4W56/58,,,0.627,0.025,3.738,0.031,17.674544,19.431403,19.194422,20.700323,25.368897,27.66467,1, Acid: 71.6 (°C); LeakRate (µBar/Min):   98 ;  0 xtra drops; P no Acid :   -4; P gases:   27;Total CO2 :  872;# Exp.:  0;CO2 after Exp.:  872;RefRe: L mBar 0.0   Pos 0.0;VM1 aftr Trfr.:   -7;PC (62338);Init int: 34393.11;PressAdj: Master: 33953.4  Adjust:,1de02b6d6a84__SHP2L__-0036(Reevaluated).xls,738830,71.6,98.0,,27.0,872.0,872.0,,,0.0,0.0,-7.0,383 U1539,,,,383 U1539 - 383 U1539,-1.7568589999999986,-1.5059010000000017,-2.295772999999997,-1.080652791608978,-0.090413389089815,-0.0946942009053157,18.5529735,True,0.627,3.738,0.025,0.031,17.674544,19.431403,-1.7568589999999986
16,Normal sample size (2300mV - 17800mV Bellow 10.5),2023-11-06,22:30:35,SHP2L,,,,-0.679,0.026,-5.741,0.017,9.58501,10.726704999999999,10.394744,11.430134,13.621447,15.26372,2, Acid: 71.5 (°C); LeakRate (µBar/Min):  264 ;  0 xtra drops; P no Acid :   -9; P gases:    3;Total CO2 :  765;# Exp.:  0;CO2 after Exp.:  765;RefRe skipped: L mBar 68.6   Pos 8.6;RefRe skipped: R mBar 348.5   Pos 50.6;VM1 aftr Trfr.:   -9;PC (62328);Init,1de02b6d6a84__SHP2L__-0036(Reevaluated).xls,738830,71.5,264.0,,3.0,765.0,765.0,68.6,348.5,8.6,8.6,-9.0,SHP2L,,,,SHP2L - SHP2L,-1.1416949999999986,-1.0353899999999996,-1.6422729999999994,-0.6898926933127744,-0.1064348278432192,-0.1124173906536202,10.1558575,True,-0.679,-5.741,0.026,0.017,9.58501,10.726705,-1.1416949999999986
15,Normal sample size (2300mV - 17800mV Bellow 10.5),2023-11-06,21:55:39,383 U1539,C22H4W138/140,,,0.765,0.046,3.207,0.041,19.917666,24.667726,21.628143,26.272766,28.576463,35.125403,1, Acid: 71.6 (°C); LeakRate (µBar/Min):   78 ;  0 xtra drops; P no Acid :    3; P gases:   20;Total CO2 :  870;# Exp.:  0;CO2 after Exp.:  868;RefRe skipped: L mBar 65.4   Pos 10.8;RefRe skipped: R mBar 348.5   Pos 49.5;VM1 aftr Trfr.:   -9;PC (62328);Init,1de02b6d6a84__SHP2L__-0036(Reevaluated).xls,738830,71.6,78.0,3.0,20.0,870.0,868.0,65.4,348.5,10.8,10.8,-9.0,383 U1539,,,,383 U1539 - 383 U1539,-4.750059999999998,-4.644622999999999,-6.548939999999998,-2.59366354571206,-0.1925617302543411,-0.2130769647601168,22.292696,True,0.765,3.207,0.046,0.041,19.917666,24.667726,-4.750059999999998
14,Normal sample size (2300mV - 17800mV Bellow 10.5),2023-11-06,21:21:10,383 U1539,C22H1W82/84,,,0.403,0.038,3.629,0.025,19.532837,23.156705000000002,21.204801,24.666089,28.036155,32.972863,2, Acid: 71.5 (°C); LeakRate (µBar/Min):   78 ;  0 xtra drops; P no Acid :   -9; P gases:   20;Total CO2 :  865;# Exp.:  0;CO2 after Exp.:  863;RefRe skipped: L mBar 61.3   Pos 13.2;RefRe skipped: R mBar 348.5   Pos 50.4;VM1 aftr Trfr.:    3;PC (62338);Init,1de02b6d6a84__SHP2L__-0036(Reevaluated).xls,738830,71.5,78.0,,20.0,865.0,863.0,61.3,348.5,13.2,13.2,3.0,383 U1539,,,,383 U1539 - 383 U1539,-3.6238680000000016,-3.461288,-4.936707999999999,-2.0671221749914603,-0.156493248931573,-0.1697777877307749,21.344771,True,0.403,3.629,0.038,0.025,19.532837,23.156705,-3.6238680000000016
13,Normal sample size (2300mV - 17800mV Bellow 10.5),2023-11-06,20:44:44,383 U1539,C22H4W89/100,,,0.574,0.045,3.378,0.04,17.452937000000002,21.256638,18.952528,22.643661,25.042562,30.265725,1, Acid: 71.7 (°C); LeakRate (µBar/Min):  117 ;  0 xtra drops; P no Acid :   -7; P gases:   18;Total CO2 :  865;# Exp.:  0;CO2 after Exp.:  865;RefRe: L mBar 0.0   Pos 0.0;VM1 aftr Trfr.:   -7;PC (62338);Init int: 23067.64;PressAdj: Master: 22784.7  Adjust:,1de02b6d6a84__SHP2L__-0036(Reevaluated).xls,738830,71.7,117.0,,18.0,865.0,865.0,,,0.0,0.0,-7.0,383 U1539,,,,383 U1539 - 383 U1539,-3.8037009999999967,-3.691133000000004,-5.223163,-2.111959220255687,-0.1789417969106872,-0.1965250716392518,19.3547875,True,0.574,3.378,0.045,0.04,17.452937000000002,21.256638,-3.8037009999999967
12,Normal sample size (2300mV - 17800mV Bellow 10.5),2023-11-06,20:06:31,383 U1539,D21H1W120/122,,,0.517,0.029,2.882,0.028,10.863812,12.706954,11.798088,13.539655,15.574114,18.083117,2, Acid: 71.7 (°C); LeakRate (µBar/Min):   78 ;  0 xtra drops; P no Acid :   -9; P gases:   10;Total CO2 :  794;# Exp.:  0;CO2 after Exp.:  794;RefRe skipped: L mBar 42.7   Pos 19.9;RefRe skipped: R mBar 348.5   Pos 50.4;VM1 aftr Trfr.:   -7;PC (62328);Init,1de02b6d6a84__SHP2L__-0036(Reevaluated).xls,738830,71.7,78.0,,10.0,794.0,794.0,42.7,348.5,19.9,19.9,-7.0,383 U1539,,,,383 U1539 - 383 U1539,-1.8431420000000003,-1.741567,-2.509002999999998,-1.0656259609045258,-0.145049867969932,-0.1563922021032324,11.785383,True,0.517,2.882,0.029,0.028,10.863812,12.706954,-1.8431420000000005
11,Normal sample size (2300mV - 17800mV Bellow 10.5),2023-11-06,19:28:36,SHP2L,,,,-0.668,0.029,-5.824,0.03,11.96532,13.448031,12.976336,14.328614,17.004642,19.140185,1, Acid: 71.6 (°C); LeakRate (µBar/Min):   93 ;  0 xtra drops; P no Acid :   -7; P gases:   13;Total CO2 :  809;# Exp.:  0;CO2 after Exp.:  809;RefRe skipped: L mBar 54.3   Pos 15.0;RefRe skipped: R mBar 348.5   Pos 49.3;VM1 aftr Trfr.:   -9;PC (62329);Init,1de02b6d6a84__SHP2L__-0036(Reevaluated).xls,738830,71.6,93.0,,13.0,809.0,809.0,54.3,348.5,15.0,15.0,-9.0,SHP2L,,,,SHP2L - SHP2L,-1.4827110000000001,-1.352278,-2.135543000000002,-0.8921283464238557,-0.1102548767176399,-0.1166875631631578,12.7066755,True,-0.668,-5.824,0.029,0.03,11.96532,13.448031,-1.482711
10,Normal sample size (2300mV - 17800mV Bellow 10.5),2023-11-06,18:55:12,383 U1539,C21H2W50/52,,,0.836,0.043,3.376,0.024,15.142987999999999,18.221239,16.448363,19.410567,21.726187000000003,25.939579,2, Acid: 71.6 (°C); LeakRate (µBar/Min):   68 ;  0 xtra drops; P no Acid :   -7; P gases:   10;Total CO2 :  848;# Exp.:  0;CO2 after Exp.:  848;RefRe skipped: L mBar 54.3   Pos 16.1;RefRe skipped: R mBar 348.5   Pos 50.3;VM1 aftr Trfr.:   -9;PC (62329);Init,1de02b6d6a84__SHP2L__-0036(Reevaluated).xls,738830,71.6,68.0,,10.0,848.0,848.0,54.3,348.5,16.1,16.1,-9.0,383 U1539,,,,383 U1539 - 383 U1539,-3.0782510000000016,-2.962204,-4.213391999999999,-1.7299873034374302,-0.1689375239521308,-0.1845240412733076,16.6821135,True,0.836,3.376,0.043,0.024,15.142988,18.221239,-3.0782510000000016
9,Normal sample size (2300mV - 17800mV Bellow 10.5),2023-11-06,18:20:10,383 U1539,C20H4W78/80,,,0.797,0.037,2.785,0.033,15.056659999999999,18.222952,16.355163,19.413859,21.59084,25.943405,1, Acid: 71.4 (°C); LeakRate (µBar/Min):  112 ;  0 xtra drops; P no Acid :   -9; P gases:    8;Total CO2 :  833;# Exp.:  0;CO2 after Exp.:  833;RefRe: L mBar 0.0   Pos 0.0;VM1 aftr Trfr.:    5;PC (62338);Init int: 19792.00;PressAdj: Master: 19554.8  Adjust:,1de02b6d6a84__SHP2L__-0036(Reevaluated).xls,738830,71.4,112.0,,8.0,833.0,833.0,,,0.0,0.0,5.0,383 U1539,,,,383 U1539 - 383 U1539,-3.1662920000000003,-3.0586959999999976,-4.352564999999999,-1.7691558341750564,-0.1737529682347843,-0.1902841896113452,16.639806,True,0.797,2.785,0.037,0.033,15.05666,18.222952,-3.1662920000000003
8,Normal sample size (2300mV - 17800mV Bellow 10.5),2023-11-06,17:39:59,383 U1539,C21H3W99/101,,,0.77,0.057,3.555,0.05,18.808537,23.698833999999998,20.425884,25.241126,26.993292,33.745602,2, Acid: 71.3 (°C); LeakRate (µBar/Min):   63 ;  0 xtra drops; P no Acid :   -9; P gases:    5;Total CO2 :  858;# Exp.:  0;CO2 after Exp.:  858;RefRe skipped: L mBar 73.5   Pos 8.1;RefRe skipped: R mBar 348.5   Pos 50.2;VM1 aftr Trfr.:  -12;PC (62329);Init,1de02b6d6a84__SHP2L__-0036(Reevaluated).xls,738830,71.3,63.0,,5.0,858.0,858.0,73.5,348.5,8.1,8.1,-12.0,383 U1539,,,,383 U1539 - 383 U1539,-4.890296999999997,-4.815242000000001,-6.752309999999998,-2.6246323990898617,-0.2063517977297953,-0.2300917175047121,21.2536855,True,0.77,3.555,0.057,0.05,18.808537,23.698834,-4.890296999999997
7,Normal sample size (2300mV - 17800mV Bellow 10.5),2023-11-06,17:05:20,383 U1539,C20H5W88/90,,,0.653,0.061,3.023,0.042,22.536853999999998,26.854095,24.470727,28.600521,32.336063,38.24662,1, Acid: 71.4 (°C); LeakRate (µBar/Min):  107 ;  0 xtra drops; P no Acid :  -12; P gases:   10;Total CO2 :  850;# Exp.:  0;CO2 after Exp.:  853;RefRe skipped: L mBar 29.9   Pos 32.9;RefRe skipped: R mBar 348.5   Pos 49.1;VM1 aftr Trfr.:   -7;PC (62338);Init,1de02b6d6a84__SHP2L__-0036(Reevaluated).xls,738830,71.4,107.0,,10.0,850.0,853.0,29.9,348.5,32.9,32.9,-7.0,383 U1539,,,,383 U1539 - 383 U1539,-4.317241000000003,-4.129794,-5.910557000000004,-2.450159044010714,-0.1607665795477376,-0.1748191151378769,24.6954745,True,0.653,3.023,0.061,0.042,22.536854,26.854095,-4.317241000000003
6,Normal sample size (2300mV - 17800mV Bellow 10.5),2023-11-06,16:28:29,SHP2L,,,,-0.642,0.027,-5.731,0.027,7.683539,8.718016,8.334026,9.29078,10.919256,12.404793,2, Acid: 71.5 (°C); LeakRate (µBar/Min):  313 ;  0 xtra drops; P no Acid :  -12; P gases:    8;Total CO2 :  738;# Exp.:  0;CO2 after Exp.:  738;RefRe skipped: L mBar 40.2   Pos 24.1;RefRe skipped: R mBar 348.5   Pos 50.2;VM1 aftr Trfr.:   -9;PC (62338);Init,1de02b6d6a84__SHP2L__-0036(Reevaluated).xls,738830,71.5,313.0,,8.0,738.0,738.0,40.2,348.5,24.1,24.1,-9.0,SHP2L,,,,SHP2L - SHP2L,-1.0344770000000008,-0.956754,-1.4855370000000008,-0.6165519710754674,-0.1186596812852833,-0.1261437711241404,8.200777500000001,True,-0.642,-5.731,0.027,0.027,7.683539,8.718016,-1.0344770000000008
5,Normal sample size (2300mV - 17800mV Bellow 10.5),2023-11-06,15:54:43,383 U1539,C21H5W117/119,,,0.744,0.025,2.755,0.028,10.51438,12.460161,11.420995,13.277535,15.071667,17.733262,1, Acid: 71.5 (°C); LeakRate (µBar/Min):   98 ;  0 xtra drops; P no Acid :  -12; P gases:    8;Total CO2 :  784;# Exp.:  0;CO2 after Exp.:  784;RefRe: L mBar 0.0   Pos 0.0;VM1 aftr Trfr.:   -7;PC (62338);Init int: 14282.02;PressAdj: Master: 14142.3  Adjust:,1de02b6d6a84__SHP2L__-0036(Reevaluated).xls,738830,71.5,98.0,,8.0,784.0,784.0,,,0.0,0.0,-7.0,383 U1539,,,,383 U1539 - 383 U1539,-1.9457810000000002,-1.856539999999999,-2.661595,-1.11034818282875,-0.1561601812368235,-0.1693858432253336,11.4872705,True,0.744,2.755,0.025,0.028,10.51438,12.460161,-1.945781
4,Normal sample size (2300mV - 17800mV Bellow 10.5),2023-11-06,15:13:03,383 U1539,C21H5W37/39,,,0.878,0.049,3.042,0.045,16.64416,20.827081999999997,18.078983,22.186785,23.873335,29.652922,2, Acid: 71.5 (°C); LeakRate (µBar/Min):   59 ;  0 xtra drops; P no Acid :   -4; P gases:   10;Total CO2 :  855;# Exp.:  0;CO2 after Exp.:  855;RefRe skipped: L mBar 40.6   Pos 21.9;RefRe skipped: R mBar 348.5   Pos 49.9;VM1 aftr Trfr.:   -7;PC (62338);Init,1de02b6d6a84__SHP2L__-0036(Reevaluated).xls,738830,71.5,59.0,,10.0,855.0,855.0,40.6,348.5,21.9,21.9,-7.0,383 U1539,,,,383 U1539 - 383 U1539,-4.182921999999998,-4.107802,-5.779586999999999,-2.2605724700714505,-0.2008405210100963,-0.2232603872591145,18.735621,True,0.878,3.042,0.049,0.045,16.64416,20.827082,-4.182921999999998
3,Normal sample size (2300mV - 17800mV Bellow 10.5),2023-11-06,14:37:18,383 U1539,C21H4W69/71,,,0.603,0.029,3.015,0.03,10.617138,12.585192999999999,11.531605,13.410874,15.223014,17.910752,1, Acid: 71.5 (°C); LeakRate (µBar/Min):   98 ;  0 xtra drops; P no Acid :   -7; P gases:   18;Total CO2 :  797;# Exp.:  0;CO2 after Exp.:  797;RefRe skipped: L mBar 31.3   Pos 30.8;RefRe skipped: R mBar 348.5   Pos 49.9;VM1 aftr Trfr.:   -9;PC (62338);Init,1de02b6d6a84__SHP2L__-0036(Reevaluated).xls,738830,71.5,98.0,,18.0,797.0,797.0,31.3,348.5,30.8,30.8,-9.0,383 U1539,,,,383 U1539 - 383 U1539,-1.968054999999998,-1.8792690000000007,-2.6877379999999995,-1.122768000358996,-0.1563786109597205,-0.1696428690720771,11.6011655,True,0.603,3.015,0.029,0.03,10.617138,12.585193,-1.968054999999998
2,Normal sample size (2300mV - 17800mV Bellow 10.5),2023-11-06,14:00:27,383 U1539,D21H2W50/52,,,0.566,0.033,2.879,0.027,8.000376000000001,9.21565,8.689394,9.820649,11.466069,13.112067,2, Acid: 71.5 (°C); LeakRate (µBar/Min):  122 ;  0 xtra drops; P no Acid :   -2; P gases:   15;Total CO2 :  770;# Exp.:  0;CO2 after Exp.:  770;RefRe skipped: L mBar 54.5   Pos 15.9;RefRe skipped: R mBar 348.5   Pos 49.9;VM1 aftr Trfr.:   -7;PC (62338);Init,1de02b6d6a84__SHP2L__-0036(Reevaluated).xls,738830,71.5,122.0,,15.0,770.0,770.0,54.5,348.5,15.9,15.9,-7.0,383 U1539,,,,383 U1539 - 383 U1539,-1.215273999999999,-1.1312549999999997,-1.6459980000000003,-0.7134504981418204,-0.1318706765122372,-0.1411793871593826,8.608013,True,0.566,2.879,0.033,0.027,8.000376000000001,9.21565,-1.215273999999999
1,Normal sample size (2300mV - 17800mV Bellow 10.5),2023-11-06,13:26:50,SHP2L,,,,-0.742,0.029,-5.835,0.041,15.242372999999999,18.254254,16.523553,19.444156,21.664312,25.983719,1,Acid: 71.6 (°C);LeakRate (µBar/Min):  215 ; 0 xtra drops;P no Acid :    5;P gases:   32;Total CO2 :  892;# Exp.:  0;CO2 after Exp.:  892;RefRe: L mBar 0.0   Pos 0.0;VM1 aftr Trfr.:    5;PC (62329);Init int: 20389.34;PressAdj: Master: 20149.1  Adjust: 1821,1de02b6d6a84__SHP2L__-0036(Reevaluated).xls,738830,71.6,215.0,5.0,32.0,892.0,892.0,,,0.0,0.0,5.0,SHP2L,,,,SHP2L - SHP2L,-3.0118810000000007,-2.920603,-4.319406999999998,-1.7007149043469514,-0.1649961154260262,-0.1798318977012223,16.7483135,True,-0.742,-5.835,0.029,0.041,15.242373,18.254254,-3.0118810000000007
