Index,User name,Start Time,Stop Time,Status,Mark To Pause,Label,Comment,Run ID,Line,Vial,Evaluate,Sample Type,Reference,Acquisition information Background Result,Kiel IV Initial Pressure,Kiel IV Acid Temperature,Linearity Correction Result,Pressure Adjust Target Intensity,High Voltage,Kiel IV Residual CO₂ Pressure,Peak Center Result,Kiel IV Non Condensable Pressure,Pressure Adjust Result Intensity,Initial Intensity from µ-Volume,Kiel IV Leak Rate,Pressure Adjust Initial Intensity,Ion Source Pressure,Pressure Adjust Bellow Position,Kiel IV CO₂ Sample Pressure,Measuring from,Pressure Adjust failed with Target Intensity,Cycle Number,Sample Intensities Sample Intensity 44.00 m/z,45.00 m/z,45.00 m/z__dup2,46.00 m/z,46.00 m/z__dup2,Standard Intensities Standard Intensity 44.00 m/z,"Molecule Deltas CO2 Brand, Assonov and Coplen d45CO2",d46CO2,"CO2 Brand, Assonov and Coplen (Avg.) d45CO2 Mean",d45CO2 SD,d45CO2 SE,d46CO2 Mean,d46CO2 SD,d46CO2 SE,d 13C/12C  Mean,d 13C/12C  Std Dev,d 18O/16O  Mean,d 18O/16O  Std Dev,Excel File,Date,Date_ordinal,leak_rate,p_gases,p_no_acid,total_co2,1  Cycle Int  Samp  44,Identifier 1,Species,Identifier 2,Collector Status,Cycles Total,d13C Cycles Used,d18O Cycles Used,d13C Cycles Excluded,d18O Cycles Excluded,1  Cycle Int  Ref  44,1  Cycle Int  Diff Samp-Ref  44,1  Cycle Int  Pressure-Weighted Mismatch Samp-Ref  44
1.0,GIRMS\IRMS-operator,2026-01-26 16:06:20.121,2026-01-26 16:13:51.195,Error,False,SHP2L,<Comment>,1.0,1,2.0,True,QC Standard,SHP2L,"NA, NA, NA",23 µbar,72 °C,,,,,,,,,,,,,,,,Pre,,,,,,,,,,,,,,,,,,,Natan Pereira BTS coral series 1.xlsx,2026-01-26 16:06:20.121,739642.0,,,,,,SHP2L,,<Comment>,Failed Sample,0.0,0.0,0.0,0.0,0.0,,,
2.0,GIRMS\IRMS-operator,2026-01-26 16:16:40.474,2026-01-26 17:06:22.498,Success,False,BTS,1003*,2.0,2,2.0,True,Unknown,,"0.001 V, 0.000 V, 0.001 V",,72 °C,,6.466 V,9.5210 kV,93 µbar,Carbon Dioxide: 0.0210 kV,550 µbar,6.109 V,7.328 V,220 µbar/min,2.261 V,7.87E-008 mbar,31 %,868 µbar,µ-Volume,,Pre,5.537903077302339,6.013251549884915,6.189555709017061,7.90427376197079,8.258653177482875,5.793785817323091,-2.107493826767892,-3.599755535206084,-2.146104913294492,0.03067170055692435,0.010844083727162206,-3.6028545924324806,0.012626081828257068,0.0047722103643885625,-2.151620782798292,0.02852333193466445,-3.5963199013555758,0.02248525024034407,Natan Pereira BTS coral series 1.xlsx,2026-01-26 16:16:40.474,739642.0,220.0,550.0,93.0,868.0,5.384102580532089,BTS,,1003*,OK,8.0,7.0,7.0,0.0,0.0,5.568867690263153,-0.18476510973106475,-0.22419013388186107
3.0,GIRMS\IRMS-operator,2026-01-26 16:45:41.146,2026-01-26 17:33:40.384,Success,False,BTS,642*,3.0,1,3.0,True,Unknown,,"0.001 V, 0.001 V, 0.001 V",32 µbar,72 °C,,7.269 V,9.5209 kV,35 µbar,Carbon Dioxide: 0.0209 kV,69 µbar,7.321 V,8.161 V,44 µbar/min,6.000 V,8.77E-008 mbar,24 %,892 µbar,µ-Volume,,Pre,6.618458875976034,7.1881296250065025,7.423403834721192,9.448108588149868,9.90678620601634,6.949681886992879,-1.7617912750282905,-3.501583102839767,-1.7926937629408615,0.019891639293692986,0.0070327565167435475,-3.5066778394651497,0.0273992272945272,0.009687089709615862,-1.7971084040712288,0.0167250014607705,-3.507405658983062,0.02951089969351314,Natan Pereira BTS coral series 1.xlsx,2026-01-26 16:45:41.146,739642.0,44.0,69.0,35.0,892.0,6.432136433342665,BTS,,642*,OK,8.0,7.0,7.0,0.0,0.0,6.6715448728786875,-0.23940843953602275,-0.2896799242788999
4.0,GIRMS\IRMS-operator,2026-01-26 17:06:22.618,2026-01-26 18:04:06.050,Success,False,BTS,384*,4.0,2,3.0,True,Unknown,,"0.001 V, 0.001 V, 0.002 V",37 µbar,72 °C,,19.283 V,9.5206 kV,69 µbar,Carbon Dioxide: 0.0206 kV,81 µbar,13.759 V,23.143 V,117 µbar/min,7.154 V,1.36E-007 mbar,10 %,995 µbar,µ-Volume,17.107 V,Pre,17.084696553547545,18.507429142981792,14.262118942904666,24.36772515049932,19.037296669397332,13.366931341488527,-3.2862659414515383,-3.4996142601517732,-3.4855381115222044,0.1235055800756385,0.04366581659293106,-3.96607329527654,0.27616864968488586,0.09764036247165743,-3.514005564389443,0.1011543616581677,-4.032710300294363,0.2180276729254285,Natan Pereira BTS coral series 1.xlsx,2026-01-26 17:06:22.618,739642.0,117.0,81.0,69.0,995.0,16.239025853474303,BTS,,384*,OK,8.0,7.0,7.0,0.0,0.0,12.543791197140381,3.6952346563339216,6.003759480947251
5.0,GIRMS\IRMS-operator,2026-01-26 17:33:40.532,2026-01-26 18:38:55.649,Success,False,BTS,634,5.0,1,4.0,True,Unknown,,"0.002 V, 0.002 V, 0.002 V",40 µbar,73 °C,,3.392 V,9.5203 kV,40 µbar,Carbon Dioxide: 0.0203 kV,69 µbar,3.356 V,3.975 V,139 µbar/min,12.931 V,5.52E-008 mbar,55 %,763 µbar,µ-Volume,,Pre,3.0907386174944507,3.356799446809192,3.4338345880089713,4.412373685559217,4.5807519597033535,3.213482791150738,-2.1234319646253885,-3.3997900634792355,-2.1230886959685837,0.024579758339482338,0.008690256900887277,-3.3706086158708795,0.023279345483246623,0.008230491526394056,-2.12303965758904,0.026548750672056247,-3.366439837641114,0.021680588917572085,Natan Pereira BTS coral series 1.xlsx,2026-01-26 17:33:40.532,739642.0,139.0,69.0,40.0,763.0,3.0083502543969987,BTS,,634,OK,8.0,7.0,7.0,0.0,0.0,3.0977387172675823,-0.08938846287058366,-0.10894697846749685
6.0,GIRMS\IRMS-operator,2026-01-26 18:04:06.170,2026-01-26 19:14:11.280,Success,False,SHP2L,<Comment>,6.0,2,4.0,True,QC Standard,SHP2L,"0.001 V, 0.001 V, 0.001 V",42 µbar,73 °C,,5.615 V,9.5208 kV,81 µbar,Carbon Dioxide: 0.0208 kV,84 µbar,5.322 V,6.305 V,103 µbar/min,2.294 V,6.99E-008 mbar,37 %,863 µbar,µ-Volume,,Pre,4.89735959175758,5.324635750724105,5.401892642202118,6.972273958288354,7.207466535119171,5.055808635864761,-0.9436820459262085,-6.2099875417541694,-0.9366917268228414,0.012136485459833347,0.004290895584210047,-6.223068662349923,0.012620670204361585,0.004462080742311543,-0.9356931098080746,0.01274895252203786,-6.224937393863603,0.012378801749487179,Natan Pereira BTS coral series 1.xlsx,2026-01-26 18:04:06.170,739642.0,103.0,84.0,81.0,863.0,4.765584018642757,SHP2L,,<Comment>,OK,8.0,7.0,7.0,0.0,0.0,4.86800436019636,-0.10242034155360269,-0.12583501290472837
7.0,GIRMS\IRMS-operator,2026-01-26 18:38:55.755,2026-01-26 19:42:38.052,Success,False,BTS,632,7.0,1,5.0,True,Unknown,,"0.001 V, 0.001 V, 0.002 V",42 µbar,72 °C,,6.273 V,9.5206 kV,42 µbar,Carbon Dioxide: 0.0206 kV,81 µbar,6.350 V,7.058 V,139 µbar/min,5.242 V,7.87E-008 mbar,30 %,885 µbar,µ-Volume,,Pre,5.742836624613784,6.2396216606906325,6.429208953755422,8.197937262337199,8.578766238968363,6.018156433685351,-1.519698612580389,-3.5101338477596666,-1.5496986136477042,0.021926051812724882,0.007752029960712679,-3.5120192832079065,0.018861124051429683,0.006668414358783309,-1.553984328085892,0.019734448454843782,-3.512288631129084,0.020355717044751687,Natan Pereira BTS coral series 1.xlsx,2026-01-26 18:38:55.755,739642.0,139.0,81.0,42.0,885.0,5.584535936332105,BTS,,632,OK,8.0,7.0,7.0,0.0,0.0,5.787405955239956,-0.20287001890785117,-0.24568074412938487
8.0,GIRMS\IRMS-operator,2026-01-26 19:14:11.506,2026-01-26 20:14:56.130,Success,False,BTS,951,8.0,2,5.0,True,Unknown,,"0.001 V, 0.001 V, 0.002 V",47 µbar,73 °C,,13.204 V,9.5204 kV,93 µbar,Carbon Dioxide: 0.0204 kV,150 µbar,11.740 V,15.577 V,117 µbar/min,6.230 V,1.19E-007 mbar,13 %,980 µbar,µ-Volume,,Pre,10.529918466653633,11.424654386581857,12.051695249618966,15.020831870502679,16.084581064647878,11.290071402635386,-2.151092683450706,-3.673407938403872,-2.2279364220862687,0.0471655902622396,0.016675554356547904,-3.7419683059436437,0.03488618259691435,0.012334128141995129,-2.238914099034206,0.038348455918056565,-3.751762644163611,0.022903030104982302,Natan Pereira BTS coral series 1.xlsx,2026-01-26 19:14:11.506,739642.0,117.0,150.0,93.0,980.0,10.117364917840769,BTS,,951,OK,8.0,7.0,7.0,0.0,0.0,10.642977849746028,-0.5256129319052594,-0.6270763246075384
9.0,GIRMS\IRMS-operator,2026-01-26 19:42:38.177,2026-01-26 20:47:23.366,Success,False,BTS,405,9.0,1,6.0,True,Unknown,,"0.002 V, 0.002 V, 0.002 V",45 µbar,72 °C,,9.366 V,9.5200 kV,45 µbar,Carbon Dioxide: 0.0200 kV,79 µbar,9.206 V,10.796 V,125 µbar/min,11.145 V,1.00E-007 mbar,17 %,946 µbar,µ-Volume,,Pre,8.407090076600339,9.1283965264607,9.375865591670474,11.998073703036182,12.513311153635852,8.779880922223478,-1.7653332629947727,-3.586193767214585,-1.8184482343005652,0.031570214643626436,0.011161756429011547,-3.5749448300283877,0.008386388339339261,0.0031697568491290923,-1.8260360873442498,0.02500839990552988,-3.568712862215289,0.01336487069517784,Natan Pereira BTS coral series 1.xlsx,2026-01-26 19:42:38.177,739642.0,125.0,79.0,45.0,946.0,8.146305103250741,BTS,,405,OK,8.0,7.0,7.0,0.0,0.0,8.386222045804411,-0.2399169425536698,-0.29248617210854627
10.0,GIRMS\IRMS-operator,2026-01-26 20:14:56.224,2026-01-26 21:23:36.951,Success,False,BTS,872,10.0,2,6.0,True,Unknown,,"0.001 V, 0.001 V, 0.001 V",47 µbar,72 °C,,7.250 V,9.5205 kV,103 µbar,Carbon Dioxide: 0.0205 kV,86 µbar,6.864 V,8.143 V,183 µbar/min,2.311 V,8.22E-008 mbar,28 %,919 µbar,µ-Volume,,Pre,6.2826453511611,6.826196142547846,6.951715611066863,8.967417421381922,9.276005274253004,6.507348178165189,-1.455553372399998,-3.609759837230553,-1.4619298407837904,0.019885008930848623,0.00703041232947906,-3.635585465665128,0.033118693868877856,0.011709226509362432,-1.462840764838618,0.0212972112171772,-3.639274841155782,0.03395018816944699,Natan Pereira BTS coral series 1.xlsx,2026-01-26 20:14:56.224,739642.0,183.0,86.0,103.0,919.0,6.108355066548206,BTS,,872,OK,8.0,7.0,7.0,0.0,0.0,6.2548993890181555,-0.14654432246994986,-0.17960691312961422
11.0,GIRMS\IRMS-operator,2026-01-26 20:47:23.523,2026-01-26 21:52:22.720,Success,False,SHP2L,<Comment>,11.0,1,7.0,True,QC Standard,SHP2L,"0.001 V, 0.001 V, 0.002 V",47 µbar,72 °C,,1.644 V,9.5204 kV,45 µbar,Carbon Dioxide: 0.0204 kV,91 µbar,2.069 V,1.805 V,110 µbar/min,6.734 V,4.21E-008 mbar,100 %,606 µbar,µ-Volume,1.540 V,Pre,1.4675259941386194,1.5958731360067315,2.13709131102059,2.0881616386099324,2.849878470087259,1.9997383343372983,-0.9531020431139403,-6.432566489783076,-0.9102530873675435,0.03202181973776619,0.011321422941253852,-6.379730446079202,0.05185869361760399,0.018334816960241657,-0.9041318079752011,0.02909597663158792,-6.372182439835791,0.051047060679402304,Natan Pereira BTS coral series 1.xlsx,2026-01-26 20:47:23.523,739642.0,110.0,91.0,45.0,606.0,1.42873462700661,SHP2L,,<Comment>,OK,8.0,7.0,7.0,0.0,0.0,1.9254587852994063,-0.49672415829279637,-0.462575612046898
12.0,GIRMS\IRMS-operator,2026-01-26 21:23:37.055,2026-01-26 22:22:29.847,Success,False,BTS,952,12.0,2,7.0,True,Unknown,,"0.001 V, 0.001 V, 0.001 V",47 µbar,73 °C,,20.633 V,9.5205 kV,98 µbar,Carbon Dioxide: 0.0205 kV,86 µbar,14.541 V,24.986 V,132 µbar/min,2.058 V,1.37E-007 mbar,10 %,"1,029 µbar",µ-Volume,18.082 V,Pre,18.105207352545825,19.632943168400512,15.090696707485902,25.818977603847017,20.14100934022092,14.1420945214301,-2.3654100079213425,-3.645459143723828,-2.5316819257680394,0.1025988039080553,0.03627415499250738,-4.072234539303068,0.2702090629502354,0.09553333037508706,-2.5554350568889963,0.08375537058678749,-4.133202452957246,0.2246974707482226,Natan Pereira BTS coral series 1.xlsx,2026-01-26 21:23:37.055,739642.0,132.0,86.0,98.0,1029.0,17.203970222380725,BTS,,952,OK,8.0,7.0,7.0,0.0,0.0,13.242034582999315,3.9619356393814105,6.459984660412466
13.0,GIRMS\IRMS-operator,2026-01-26 21:52:22.865,2026-01-26 22:56:23.774,Success,False,BTS,989,13.0,1,8.0,True,Unknown,,"0.002 V, 0.002 V, 0.002 V",47 µbar,72 °C,,27.640 V,9.5198 kV,101 µbar,Carbon Dioxide: 0.0198 kV,"1,344 µbar",13.548 V,34.320 V,"1,458 µbar/min",13.605 V,1.31E-007 mbar,10 %,"1,046 µbar",µ-Volume,24.483 V,Pre,24.743842490838077,26.837055699229342,14.064167754054173,35.31006601191065,18.769210842614374,13.181122549698859,-2.0889341496987957,-2.80997016749851,-2.302822797938739,0.1333841186096574,0.04715840738573976,-3.5395633059942115,0.48733565026130143,0.17229917150686094,-2.333378319115874,0.1097386506767872,-3.643790897207883,0.4191504043852279,Natan Pereira BTS coral series 1.xlsx,2026-01-26 21:52:22.865,739642.0,1458.0,1344.0,101.0,1046.0,23.421692260430365,BTS,,989,OK,8.0,7.0,7.0,0.0,0.0,12.37298787467292,11.048704385757446,26.248539461542908
14.0,GIRMS\IRMS-operator,2026-01-26 22:22:29.943,2026-01-26 23:34:52.769,Success,False,BTS,873,14.0,2,8.0,True,Unknown,,"0.001 V, 0.001 V, 0.002 V",49 µbar,72 °C,,9.801 V,9.5207 kV,137 µbar,Carbon Dioxide: 0.0207 kV,89 µbar,8.845 V,11.303 V,95 µbar/min,2.313 V,9.58E-008 mbar,20 %,973 µbar,µ-Volume,,Pre,8.026610476370776,8.717044624136394,8.955135377691692,11.457896967978472,11.950648566336628,8.384723314946243,-1.6799361102090016,-3.376548191289075,-1.695978392123307,0.016795122577761997,0.005937972532797398,-3.365788019937671,0.015333110206903127,0.005421073101990933,-1.6982701466824932,0.01673525826451172,-3.3642508526017565,0.01588189959711713,Natan Pereira BTS coral series 1.xlsx,2026-01-26 22:22:29.943,739642.0,95.0,89.0,137.0,973.0,7.777597409137755,BTS,,873,OK,8.0,7.0,7.0,0.0,0.0,8.024628623822032,-0.24703121468427724,-0.3004847641894824
15.0,GIRMS\IRMS-operator,2026-01-26 22:56:23.947,2026-01-27 00:03:15.832,Success,False,BTS,893,15.0,1,9.0,True,Unknown,,"0.002 V, 0.002 V, 0.002 V",49 µbar,73 °C,,28.085 V,9.5202 kV,101 µbar,Carbon Dioxide: 0.0202 kV,"1,339 µbar",14.519 V,34.764 V,"1,099 µbar/min",8.590 V,1.36E-007 mbar,10 %,"1,056 µbar",µ-Volume,24.800 V,Pre,25.05168215978415,27.16760720031098,15.077564966843873,35.748256737730486,20.12282460405586,14.132111236932587,-2.1224489813386205,-2.8021832575426675,-2.3557673323792443,0.14993307166606046,0.05300934584959998,-3.5398575251441025,0.5027494817470666,0.17774878389068657,-2.389098525385047,0.12592673129767043,-3.6452395633728787,0.4373020212676316,Natan Pereira BTS coral series 1.xlsx,2026-01-26 22:56:23.947,739642.0,1099.0,1339.0,101.0,1056.0,23.71446685540945,BTS,,893,OK,8.0,7.0,7.0,0.0,0.0,13.234107658746554,10.480359196662898,23.569207275419494
16.0,GIRMS\IRMS-operator,2026-01-26 23:34:52.892,2026-01-27 00:38:05.477,Success,False,SHP2L,<Comment>,16.0,2,9.0,True,QC Standard,SHP2L,"0.002 V, 0.002 V, 0.002 V",49 µbar,73 °C,,5.721 V,9.5200 kV,49 µbar,Carbon Dioxide: 0.0200 kV,135 µbar,5.462 V,6.420 V,139 µbar/min,13.676 V,6.43E-008 mbar,33 %,885 µbar,µ-Volume,,Pre,4.993239221327123,5.428804445597589,5.5388735625031185,7.107916776162798,7.389354739230841,5.185294681134432,-0.7259285361947976,-5.976408976690939,-0.7546392027374949,0.017768711807209927,0.006282188305913806,-5.97601570429561,0.02362024669787473,0.00835101830668319,-0.7587407265293088,0.014537480179316406,-5.975959522524846,0.025512204989516823,Natan Pereira BTS coral series 1.xlsx,2026-01-26 23:34:52.892,739642.0,139.0,135.0,49.0,885.0,4.86290867360805,SHP2L,,<Comment>,OK,8.0,7.0,7.0,0.0,0.0,4.998121552382923,-0.13521287877487254,-0.16510395056957494
17.0,GIRMS\IRMS-operator,2026-01-27 00:03:15.984,2026-01-27 01:07:55.584,Success,False,BTS,953,17.0,1,10.0,True,Unknown,,"0.001 V, 0.001 V, 0.002 V",52 µbar,73 °C,,24.234 V,9.5206 kV,169 µbar,Carbon Dioxide: 0.0206 kV,"1,341 µbar",13.323 V,29.789 V,"1,385 µbar/min",5.376 V,1.27E-007 mbar,10 %,"1,046 µbar",µ-Volume,21.557 V,Pre,21.66782319545746,23.49805975350295,13.830976132477861,30.9047938911875,18.456885370488948,12.95998692512512,-2.3940898385138576,-3.450813285033938,-2.5662815515430095,0.09143175402120861,0.03232600664208849,-4.063499220635716,0.377692737783209,0.1335345480457098,-2.5908803676900307,0.06407373509871928,-4.151025782864542,0.3080996267080475,Natan Pereira BTS coral series 1.xlsx,2026-01-27 00:03:15.984,739643.0,1385.0,1341.0,169.0,1046.0,20.567685365676876,BTS,,953,OK,8.0,7.0,7.0,0.0,0.0,12.166708707809448,8.400976657867428,17.82346730180781
18.0,GIRMS\IRMS-operator,2026-01-27 00:38:05.603,2026-01-27 01:51:00.526,Success,False,BTS,371,18.0,2,10.0,True,Unknown,,"0.001 V, 0.001 V, 0.001 V",52 µbar,72 °C,,15.075 V,9.5210 kV,74 µbar,Carbon Dioxide: 0.0210 kV,103 µbar,13.134 V,17.947 V,73 µbar/min,2.316 V,1.26E-007 mbar,12 %,"1,021 µbar",µ-Volume,,Pre,11.769147161057152,12.766944293438868,13.504223946988061,16.778062852410226,18.021728666809945,12.65265426608484,-2.2120902950253374,-4.072271174875852,-2.293535592744367,0.04773450837603365,0.016876697284649723,-4.144633057606928,0.042217162068431,0.014926020790519525,-2.305170635275657,0.03734775094932206,-4.1549704694256535,0.03289312176739947,Natan Pereira BTS coral series 1.xlsx,2026-01-27 00:38:05.603,739643.0,73.0,103.0,74.0,1021.0,11.272819284012474,BTS,,371,OK,8.0,7.0,7.0,0.0,0.0,11.885689142754234,-0.6128698587417603,-0.7295020998908455
19.0,GIRMS\IRMS-operator,2026-01-27 01:07:55.771,2026-01-27 02:17:33.703,Success,False,BTS,992,19.0,1,11.0,True,Unknown,,"0.002 V, 0.002 V, 0.002 V",52 µbar,73 °C,,26.814 V,9.5204 kV,96 µbar,Carbon Dioxide: 0.0204 kV,"1,341 µbar",14.274 V,33.082 V,"1,289 µbar/min",12.442 V,1.34E-007 mbar,10 %,"1,058 µbar",µ-Volume,23.771 V,Pre,23.981370239308966,26.00043191994963,14.832980180638412,34.22075217748818,19.795578775655592,13.90268790768373,-2.3779912689305682,-2.751750286053456,-2.581066327951173,0.11887975762851923,0.04203034138246957,-3.406051102309057,0.44096734850315905,0.15590550120421764,-2.6100770506684023,0.09291209429029709,-3.4995226474884293,0.3812036530651003,Natan Pereira BTS coral series 1.xlsx,2026-01-27 01:07:55.771,739643.0,1289.0,1341.0,96.0,1058.0,22.722147612622866,BTS,,992,OK,8.0,7.0,7.0,0.0,0.0,13.023862962066955,9.69828465055591,21.235113754486523
20.0,GIRMS\IRMS-operator,2026-01-27 01:51:00.643,2026-01-27 02:50:20.692,Success,False,BTS,1001,20.0,2,11.0,True,Unknown,,"0.002 V, 0.002 V, 0.002 V",49 µbar,72 °C,,11.307 V,9.5204 kV,855 µbar,Carbon Dioxide: 0.0204 kV,89 µbar,10.875 V,13.195 V,73 µbar/min,13.425 V,1.11E-007 mbar,13 %,"1,041 µbar",µ-Volume,,Pre,9.895966414232355,10.743358884218495,11.1676843503745,14.121294021606447,14.900848269462587,10.461271766443351,-1.6252175654071221,-3.1429856220613894,-1.6934946325093265,0.043048390013555274,0.015219904248874093,-3.173638912392501,0.022153183298864322,0.007832333067747766,-1.703248499238213,0.035694126206985206,-3.178017953868374,0.019838886368511298,Natan Pereira BTS coral series 1.xlsx,2026-01-27 01:51:00.643,739643.0,73.0,89.0,855.0,1041.0,9.521083000917535,BTS,,1001,OK,8.0,7.0,7.0,0.0,0.0,9.884343508501154,-0.36326050758361816,-0.4391438577821131
21.0,GIRMS\IRMS-operator,2026-01-27 02:17:33.883,2026-01-27 03:21:39.455,Success,False,SHP2L,<Comment>,21.0,1,12.0,True,QC Standard,SHP2L,"0.002 V, 0.002 V, 0.002 V",52 µbar,72 °C,,9.669 V,9.5207 kV,93 µbar,Carbon Dioxide: 0.0207 kV,"1,344 µbar",9.597 V,11.155 V,"1,297 µbar/min",10.377 V,1.02E-007 mbar,15 %,980 µbar,µ-Volume,,Pre,8.741509343248396,9.499042679480862,9.839285932226895,12.442136449793997,13.12983994005126,9.215187003544205,-0.8256509797098799,-5.9536992216445705,-0.8821311816623323,0.030324326492807484,0.010721268448989523,-6.005786908396191,0.02817808614030939,0.00996245789533572,-0.890199781941254,0.02156858848294502,-6.013228006503565,0.020237403783073538,Natan Pereira BTS coral series 1.xlsx,2026-01-27 02:17:33.883,739643.0,1297.0,1344.0,93.0,980.0,8.457546729447278,SHP2L,,<Comment>,OK,8.0,7.0,7.0,0.0,0.0,8.760165579271119,-0.30261884982384046,-0.3666723596312094
22.0,GIRMS\IRMS-operator,2026-01-27 02:50:20.865,2026-01-27 04:01:32.043,Success,False,BTS,641,22.0,2,12.0,True,Unknown,,"0.001 V, 0.001 V, 0.001 V",52 µbar,72 °C,,7.506 V,9.5212 kV,52 µbar,Carbon Dioxide: 0.0212 kV,103 µbar,7.093 V,8.432 V,103 µbar/min,2.337 V,8.10E-008 mbar,27 %,943 µbar,µ-Volume,,Pre,6.501241478361296,7.061905398610893,7.186978413759085,9.277401843389152,9.588463583310723,6.728313379205798,-1.6207452669145805,-3.5627231059720543,-1.6502318254630055,0.019508886863891534,0.0068974330974294305,-3.55698031837251,0.01590785414419035,0.005624275769741759,-1.6544441909699235,0.016685879107297328,-3.5561599201440037,0.016998665546266684,Natan Pereira BTS coral series 1.xlsx,2026-01-27 02:50:20.865,739643.0,103.0,103.0,52.0,943.0,6.322108112449042,BTS,,641,OK,8.0,7.0,7.0,0.0,0.0,6.468392672381215,-0.14628455993217315,-0.1794378832635619
23.0,GIRMS\IRMS-operator,2026-01-27 03:21:39.702,2026-01-27 04:28:49.571,Success,False,BTS,1002,23.0,1,13.0,True,Unknown,,"0.002 V, 0.002 V, 0.002 V",54 µbar,73 °C,,11.187 V,9.5211 kV,802 µbar,Carbon Dioxide: 0.0211 kV,"1,353 µbar",10.026 V,13.055 V,"1,355 µbar/min",6.957 V,1.04E-007 mbar,17 %,"1,041 µbar",µ-Volume,,Pre,9.034498497086963,9.803092258883025,10.22075690598538,12.896932392731781,13.637341290131683,9.572311206895316,-2.317382841969584,-2.9636336060981927,-2.3688924071996467,0.028750391526342803,0.010164798405022624,-2.9936582289587235,0.018264086096241267,0.006457329565413569,-2.376250916518227,0.021423609112746798,-2.9979474607959418,0.014746623005089636,Natan Pereira BTS coral series 1.xlsx,2026-01-27 03:21:39.702,739643.0,1355.0,1353.0,802.0,1041.0,8.721639821865676,BTS,,1002,OK,8.0,7.0,7.0,0.0,0.0,9.075765579916826,-0.35412575805115054,-0.42709304676069815
24.0,GIRMS\IRMS-operator,2026-01-27 04:01:32.261,2026-01-27 04:59:00.788,Success,False,BTS,401,24.0,2,13.0,True,Unknown,,"0.002 V, 0.002 V, 0.002 V",54 µbar,73 °C,,6.193 V,9.5209 kV,765 µbar,Carbon Dioxide: 0.0209 kV,169 µbar,6.182 V,6.926 V,73 µbar/min,9.640 V,6.96E-008 mbar,30 %,985 µbar,µ-Volume,,Pre,5.658348219082953,6.142920828794733,6.270189418975736,8.070335715813524,8.36429909805358,5.870036863007332,-2.1670972429894686,-3.958586394891883,-2.1504628996012465,0.018086068335429074,0.006394390782492596,-3.949741221092748,0.02108799798634857,0.007455733188897666,-2.148086564831501,0.01813611004926385,-3.9484776248357285,0.022448132013835387,Natan Pereira BTS coral series 1.xlsx,2026-01-27 04:01:32.261,739643.0,73.0,169.0,765.0,985.0,5.509330874562205,BTS,,401,OK,8.0,7.0,7.0,0.0,0.0,5.652963030331406,-0.1436321557692004,-0.1756808788229809
25.0,GIRMS\IRMS-operator,2026-01-27 04:28:49.787,2026-01-27 05:31:18.337,Success,False,BTS,879,25.0,1,14.0,True,Unknown,,"0.001 V, 0.001 V, 0.002 V",54 µbar,73 °C,,9.469 V,9.5213 kV,81 µbar,Carbon Dioxide: 0.0213 kV,"1,310 µbar",9.428 V,10.930 V,"1,004 µbar/min",6.064 V,9.91E-008 mbar,17 %,985 µbar,µ-Volume,,Pre,8.570435488779465,9.310418033800303,9.62225988059019,12.227262655194044,12.839387455876114,9.010898492450153,-1.219893221485524,-3.659364988775393,-1.233820379846387,0.012098694145443062,0.004277534336872385,-3.648496528695436,0.023540195712380814,0.008322716009341482,-1.2358099738979387,0.01156844608361106,-3.646943891541156,0.024979950292853974,Natan Pereira BTS coral series 1.xlsx,2026-01-27 04:28:49.787,739643.0,1004.0,1310.0,81.0,985.0,8.298042521930107,BTS,,879,OK,8.0,7.0,7.0,0.0,0.0,8.578020172593815,-0.2799776506637084,-0.3399085303546851
26.0,GIRMS\IRMS-operator,2026-01-27 04:59:00.940,2026-01-27 06:10:16.557,Success,False,SHP2L,<Comment>,26.0,2,14.0,True,QC Standard,SHP2L,"0.001 V, 0.001 V, 0.001 V",54 µbar,72 °C,,7.753 V,9.5215 kV,118 µbar,Carbon Dioxide: 0.0215 kV,108 µbar,7.317 V,8.718 V,388 µbar/min,2.331 V,8.22E-008 mbar,26 %,958 µbar,µ-Volume,,Pre,6.704824094405905,7.288058627762271,7.401896026412967,9.542261375611233,9.875585450356409,6.930182169227273,-0.8598980948600898,-6.180243373929195,-0.881236807997246,0.022541539191591603,0.007969637610378374,-6.1843114545618585,0.019451004882465525,0.0068769687266420085,-0.8842851955882683,0.022496138843502628,-6.184892608937953,0.020934332541179317,Natan Pereira BTS coral series 1.xlsx,2026-01-27 04:59:00.940,739643.0,388.0,108.0,118.0,958.0,6.514864091506734,SHP2L,,<Comment>,OK,8.0,7.0,7.0,0.0,0.0,6.6612381979138995,-0.14637410640716553,-0.17966552849793335
27.0,GIRMS\IRMS-operator,2026-01-27 05:31:18.483,2026-01-27 06:39:06.248,Success,False,BTS,393,27.0,1,15.0,True,Unknown,,"0.002 V, 0.002 V, 0.002 V",52 µbar,73 °C,,6.245 V,9.5214 kV,79 µbar,Carbon Dioxide: 0.0214 kV,84 µbar,6.243 V,6.985 V,117 µbar/min,7.167 V,7.42E-008 mbar,30 %,916 µbar,µ-Volume,,Pre,5.710790553809904,6.200482089588634,6.328542546760591,8.14548171850254,8.442685095078604,5.924934937102689,-2.025724924491712,-3.930845369559899,-2.0154372350335574,0.010265713496892915,0.0036294778136856227,-3.9487081060531475,0.010990077256346265,0.0038855790768632446,-2.0139675651109634,0.010138524325930973,-3.951259925552183,0.008951841080529821,Natan Pereira BTS coral series 1.xlsx,2026-01-27 05:31:18.483,739643.0,117.0,84.0,79.0,916.0,5.5588435580241855,BTS,,393,OK,8.0,7.0,7.0,0.0,0.0,5.704493287167219,-0.14564972914303365,-0.17812593863869142
28.0,GIRMS\IRMS-operator,2026-01-27 06:10:16.737,2026-01-27 07:13:27.005,Success,False,BTS,389,28.0,2,15.0,True,Unknown,,"0.001 V, 0.001 V, 0.002 V",54 µbar,72 °C,,8.050 V,9.5215 kV,54 µbar,Carbon Dioxide: 0.0215 kV,115 µbar,8.053 V,9.084 V,117 µbar/min,6.125 V,8.94E-008 mbar,22 %,960 µbar,µ-Volume,,Pre,7.343230410535555,7.964537503907418,8.161813976952766,10.47325852135506,10.89016320923653,7.642534848836223,-2.9189366163699937,-3.988291508151276,-2.989632757038785,0.0381480886861804,0.013487386099651987,-4.006695477141609,0.03089990138138025,0.010924764902384771,-2.9997322057057545,0.027309950395908566,-4.009324615568799,0.03239479042729648,Natan Pereira BTS coral series 1.xlsx,2026-01-27 06:10:16.737,739643.0,117.0,115.0,54.0,960.0,7.133213644957062,BTS,,389,OK,8.0,7.0,7.0,0.0,0.0,7.3326878696507976,-0.199474224693736,-0.24353362017102345
29.0,GIRMS\IRMS-operator,2026-01-27 06:39:06.370,2026-01-27 07:45:53.858,Success,False,BTS,883,29.0,1,16.0,True,Unknown,,"0.002 V, 0.002 V, 0.002 V",54 µbar,73 °C,,3.300 V,9.5215 kV,841 µbar,Carbon Dioxide: 0.0215 kV,242 µbar,3.215 V,3.753 V,132 µbar/min,7.850 V,4.86E-008 mbar,61 %,963 µbar,µ-Volume,,Pre,2.938981175565902,3.1935415310829516,3.296806381194245,4.196803851627422,4.396633981034754,3.0851085245371683,-1.6699324154199058,-2.870939320651744,-1.667750278359906,0.006382178495306949,0.0024122367316295134,-2.872854774656361,0.030527048603138686,0.010792941538445342,-1.6736291961646974,0.017680422351713448,-2.873128410942735,0.03296238202649704,Natan Pereira BTS coral series 1.xlsx,2026-01-27 06:39:06.370,739643.0,132.0,242.0,841.0,963.0,2.857632688196379,BTS,,883,OK,8.0,7.0,7.0,0.0,0.0,2.9683960116582098,-0.1107633234618306,-0.13382296565224128
30.0,GIRMS\IRMS-operator,2026-01-27 07:13:27.209,2026-01-27 08:21:58.843,Success,False,BTS,919,30.0,2,16.0,True,Unknown,,"0.001 V, 0.001 V, 0.001 V",54 µbar,73 °C,,22.119 V,9.5219 kV,865 µbar,Carbon Dioxide: 0.0219 kV,250 µbar,15.484 V,26.931 V,132 µbar/min,2.357 V,1.39E-007 mbar,10 %,"1,075 µbar",µ-Volume,19.487 V,Pre,19.521600259019763,21.17105927104093,16.089673896971714,27.85492277954558,21.474081643566883,15.079996240808395,-2.131986204046532,-2.931189832700465,-2.3196995618241925,0.09824757850975653,0.03473576449970328,-3.316826075584631,0.2491770099310253,0.08809737671900783,-2.3465157557924305,0.06745127164659476,-3.371916967425226,0.21002536337896743,Natan Pereira BTS coral series 1.xlsx,2026-01-27 07:13:27.209,739643.0,132.0,250.0,865.0,1075.0,18.551236642076404,BTS,,919,OK,8.0,7.0,7.0,0.0,0.0,14.085269225313096,4.465967416763307,7.38198858199016
31.0,GIRMS\IRMS-operator,2026-01-27 07:45:54.088,2026-01-27 08:49:27.484,Success,False,SHP2L,<Comment>,31.0,1,17.0,True,QC Standard,SHP2L,"0.002 V, 0.002 V, 0.002 V",54 µbar,72 °C,,13.830 V,9.5212 kV,67 µbar,Carbon Dioxide: 0.0212 kV,"1,158 µbar",13.577 V,16.434 V,689 µbar/min,14.558 V,1.29E-007 mbar,11 %,"1,019 µbar",µ-Volume,,Pre,12.297272682189941,13.35640778177255,14.045631190471585,17.49570279805806,18.74258726327565,13.163760304450989,-0.6750546755558418,-5.692510249673988,-0.7654077992634012,0.0577523371118694,0.020418534600587183,-5.786240291622849,0.066659899266789,0.023567833402379335,-0.7783153883644811,0.04833459619267084,-5.799630297615543,0.05925148184459638,Natan Pereira BTS coral series 1.xlsx,2026-01-27 07:45:54.088,739643.0,689.0,1158.0,67.0,1019.0,11.773869395256042,SHP2L,,<Comment>,OK,8.0,7.0,7.0,0.0,0.0,12.356728315353392,-0.5828589200973493,-0.6969943687554639
32.0,GIRMS\IRMS-operator,2026-01-27 08:21:58.959,2026-01-27 09:22:50.662,Success,False,BTS,875,32.0,2,17.0,True,Unknown,,"0.002 V, 0.002 V, 0.002 V",54 µbar,73 °C,,14.622 V,9.5213 kV,54 µbar,Carbon Dioxide: 0.0213 kV,377 µbar,13.649 V,17.418 V,125 µbar/min,12.817 V,1.29E-007 mbar,10 %,"1,019 µbar",µ-Volume,,Pre,12.49063493572732,13.547510865803808,14.14039826738462,17.81199920402753,18.869013073313113,13.25238229595681,-2.0850152945900424,-3.410321890487622,-2.177186074187529,0.05953437109531542,0.021048578757586957,-3.5124384357196057,0.05880963691917619,0.02079234653233411,-2.1903533284157413,0.050168550396010085,-3.527026513609889,0.045263194827789684,Natan Pereira BTS coral series 1.xlsx,2026-01-27 08:21:58.959,739643.0,125.0,377.0,54.0,1019.0,11.954658090468023,BTS,,875,OK,8.0,7.0,7.0,0.0,0.0,12.436499017110068,-0.4818409266420449,-0.5812899455523738
33.0,GIRMS\IRMS-operator,2026-01-27 08:49:27.648,2026-01-27 09:55:23.216,Success,False,BTS,861,33.0,1,18.0,True,Unknown,,"0.002 V, 0.002 V, 0.002 V",54 µbar,73 °C,,8.084 V,9.5214 kV,54 µbar,Carbon Dioxide: 0.0214 kV,511 µbar,7.803 V,9.101 V,183 µbar/min,12.828 V,8.72E-008 mbar,20 %,951 µbar,µ-Volume,,Pre,7.126864324766767,7.739402561011524,7.918395309272022,10.16992665962028,10.565388576543803,7.414635275302586,-1.7097922088221695,-3.4941001192185794,-1.734431044906906,0.01719128603230542,0.0060780374653803685,-3.514463801809045,0.019705426001686895,0.00696692017598126,-1.7379508786332971,0.015138171170208423,-3.517372899321969,0.019339972381627008,Natan Pereira BTS coral series 1.xlsx,2026-01-27 08:49:27.648,739643.0,183.0,511.0,54.0,951.0,6.9264807843573,BTS,,861,OK,8.0,7.0,7.0,0.0,0.0,7.120039599448551,-0.19355881509125084,-0.23631608630088147
34.0,GIRMS\IRMS-operator,2026-01-27 09:22:50.855,2026-01-27 10:33:10.052,Success,False,BTS,942,34.0,2,18.0,True,Unknown,,"0.001 V, 0.001 V, 0.001 V",54 µbar,72 °C,,51.828 V,9.5222 kV,54 µbar,Carbon Dioxide: 0.0222 kV,150 µbar,15.507 V,52.351 V,132 µbar/min,2.358 V,1.41E-007 mbar,10 %,"1,092 µbar",µ-Volume,51.833 V,Pre,52.42190720894044,52.350954177112946,16.115442874164955,52.357962027643865,21.509563222979253,15.104616306802681,-81.10893071788638,-302.0878556685241,-30.86397835899388,38.66145201604475,13.66888744553178,-195.74400018181944,108.49751726585471,38.35966510029519,-2.788171110890248,0.22623776649468688,,,Natan Pereira BTS coral series 1.xlsx,2026-01-27 09:22:50.855,739643.0,132.0,150.0,54.0,1092.0,52.420655511400156,BTS,,942,Partially Saturated Collectors,8.0,3.0,0.0,4.0,7.0,14.110857866784979,38.30979764461517,178.6113257635615
35.0,GIRMS\IRMS-operator,2026-01-27 09:55:23.363,2026-01-27 11:00:31.253,Success,False,BTS,976,35.0,1,19.0,True,Unknown,,"0.002 V, 0.002 V, 0.003 V",52 µbar,72 °C,,51.827 V,9.5214 kV,52 µbar,Carbon Dioxide: 0.0214 kV,147 µbar,14.514 V,52.351 V,132 µbar/min,14.579 V,1.36E-007 mbar,10 %,"1,073 µbar",µ-Volume,51.830 V,Pre,44.715876501823416,48.47793903555796,15.078774358891698,52.357028542138934,20.1230303627032,14.133075994277949,-2.3111482737497857,-181.69962174038855,-2.9586290521830816,0.3271831252093229,0.11567670326265973,-50.0585658521563,69.59423392306799,24.605277369242117,-3.0511263062449814,0.21221845248416715,-3.5887349802076933,0.22291502664472992,Natan Pereira BTS coral series 1.xlsx,2026-01-27 09:55:23.363,739643.0,132.0,147.0,52.0,1073.0,41.89507178666686,BTS,,976,Partially Saturated Collectors,8.0,7.0,3.0,0.0,4.0,13.231125412527092,28.66394637413977,113.9074793954023
36.0,GIRMS\IRMS-operator,2026-01-27 10:33:10.251,2026-01-27 11:34:35.600,Success,False,SHP2L,<Comment>,36.0,2,19.0,True,QC Standard,SHP2L,"0.002 V, 0.002 V, 0.003 V",52 µbar,72 °C,,5.984 V,9.5215 kV,49 µbar,Carbon Dioxide: 0.0215 kV,125 µbar,5.743 V,6.707 V,125 µbar/min,13.668 V,7.16E-008 mbar,31 %,885 µbar,µ-Volume,,Pre,5.24155753276888,5.69850476759353,5.818220582455004,7.461921892426875,7.762686643131878,5.446865340104148,-0.7844214292331841,-5.9918311351607745,-0.7918554509206421,0.02122652098295522,0.007504708464023088,-6.022194156470665,0.02995810229306615,0.010591788641453668,-0.7929174540188504,0.022696536882547528,-6.026531730943505,0.029520615174811124,Natan Pereira BTS coral series 1.xlsx,2026-01-27 10:33:10.251,739643.0,125.0,125.0,49.0,885.0,5.106970501570438,SHP2L,,<Comment>,OK,8.0,7.0,7.0,0.0,0.0,5.2507570179161975,-0.14378651634575945,-0.1755131641102866
37.0,GIRMS\IRMS-operator,2026-01-27 11:00:31.516,2026-01-27 12:05:54.096,Success,False,BTS,399,37.0,1,20.0,True,Unknown,,"0.002 V, 0.001 V, 0.002 V",49 µbar,72 °C,,6.747 V,9.5221 kV,54 µbar,Carbon Dioxide: 0.0221 kV,941 µbar,6.754 V,7.562 V,322 µbar/min,5.642 V,7.94E-008 mbar,25 %,904 µbar,µ-Volume,,Pre,6.169808903999304,6.693612351014677,6.836685124975355,8.806809521547448,9.12251440009857,6.400121251411413,-2.9088072095880824,-3.4853054737713496,-2.9354304560270386,0.024159429934963554,0.008541648368307,-3.4907606625114718,0.012222631417683162,0.004321352779693754,-2.9392337769468893,0.023365545797148567,-3.4915399751886325,0.012985496072387297,Natan Pereira BTS coral series 1.xlsx,2026-01-27 11:00:31.516,739643.0,322.0,941.0,54.0,904.0,6.00256696913017,BTS,,399,OK,8.0,7.0,7.0,0.0,0.0,6.157411137886023,-0.1548441687558535,-0.18944529431687102
38.0,GIRMS\IRMS-operator,2026-01-27 11:34:35.768,2026-01-27 12:44:37.126,Success,False,BTS,971,38.0,2,20.0,True,Unknown,,"0.001 V, 0.001 V, 0.001 V",49 µbar,72 °C,,38.324 V,9.5222 kV,47 µbar,Carbon Dioxide: 0.0222 kV,157 µbar,15.443 V,48.985 V,103 µbar/min,2.339 V,1.42E-007 mbar,10 %,"1,043 µbar",µ-Volume,32.870 V,Pre,33.82483793859185,36.66987433019277,16.045013209015096,48.32002273685003,21.417376910510306,15.037111178681263,-2.52661565565937,-1.9728267844807412,-2.98038854196811,0.27625594888136534,0.09767122739856883,-2.829407268328574,0.5610077555233369,0.19834619411439816,-3.045213240012216,0.22319495303503686,-2.9517759088782642,0.47689258008879465,Natan Pereira BTS coral series 1.xlsx,2026-01-27 11:34:35.768,739643.0,103.0,157.0,47.0,1043.0,31.870640054985895,BTS,,971,OK,8.0,7.0,7.0,0.0,0.0,14.045438901230701,17.825201153755195,50.762150937673105
39.0,GIRMS\IRMS-operator,2026-01-27 12:05:54.258,2026-01-27 13:14:15.428,Success,False,BTS,644,39.0,1,21.0,True,Unknown,,"0.002 V, 0.002 V, 0.003 V",47 µbar,72 °C,,7.692 V,9.5213 kV,62 µbar,Carbon Dioxide: 0.0213 kV,"1,190 µbar",7.292 V,8.649 V,645 µbar/min,14.522 V,8.59E-008 mbar,25 %,919 µbar,µ-Volume,,Pre,6.588448841809902,7.154667472210021,7.3944046554673655,9.413602975227588,9.867134284802376,6.92273335285867,-1.871656942680322,-2.4870506468726017,-1.926025711611934,0.03325947718381129,0.011759000927696108,-2.4894313366038148,0.010964014076308988,0.0038763643511914234,-1.9337926786021644,0.02697253630718027,-2.489771435136845,0.011796820757991187,Natan Pereira BTS coral series 1.xlsx,2026-01-27 12:05:54.258,739643.0,645.0,1190.0,62.0,919.0,6.408621800018981,BTS,,644,OK,8.0,7.0,7.0,0.0,0.0,6.65679232903207,-0.24817052901308934,-0.2998471648197923
40.0,GIRMS\IRMS-operator,2026-01-27 12:44:37.261,2026-01-27 13:46:44.415,Success,False,BTS,965,40.0,2,21.0,True,Unknown,,"0.002 V, 0.002 V, 0.002 V",47 µbar,72 °C,,51.839 V,9.5217 kV,47 µbar,Carbon Dioxide: 0.0217 kV,132 µbar,14.037 V,52.362 V,95 µbar/min,7.146 V,1.35E-007 mbar,10 %,"1,060 µbar",µ-Volume,51.845 V,Pre,52.431602132599345,52.36203626426331,14.582198417507328,52.367767476928485,19.463529968154674,13.664130223076333,-81.31170086038608,-302.28659765305923,-76.570029686783,13.260585555754426,5.012030231374492,-298.6205770543184,10.095205946923095,3.815629195648404,,,,,Natan Pereira BTS coral series 1.xlsx,2026-01-27 12:44:37.261,739643.0,95.0,132.0,47.0,1060.0,52.430871975700846,BTS,,965,Fully Saturated Collectors,8.0,0.0,0.0,7.0,7.0,12.806376890961207,39.624495084739635,203.59853508908296
41.0,GIRMS\IRMS-operator,2026-01-27 13:14:15.614,2026-01-27 14:20:46.490,Success,False,SHP2L,<Comment>,41.0,1,22.0,True,QC Standard,SHP2L,"0.002 V, 0.002 V, 0.003 V",45 µbar,73 °C,,7.280 V,9.5211 kV,69 µbar,Carbon Dioxide: 0.0211 kV,"1,095 µbar",7.001 V,8.156 V,484 µbar/min,13.204 V,8.34E-008 mbar,24 %,899 µbar,µ-Volume,,Pre,6.383278838845406,6.9416227588529065,7.079801226603456,9.095007348156331,9.44761352548635,6.6275235390438665,-0.5975445418756609,-5.379827822234673,-0.5786409196174014,0.01986823788307172,0.007024482868673734,-5.376478229085449,0.012876082468826003,0.0045523826144120445,-0.5759404021519358,0.0198109045708684,-5.375999715778417,0.013830714003307114,Natan Pereira BTS coral series 1.xlsx,2026-01-27 13:14:15.614,739643.0,484.0,1095.0,69.0,899.0,6.2111407888977155,SHP2L,,<Comment>,OK,8.0,7.0,7.0,0.0,0.0,6.37536632979743,-0.16422554089971442,-0.20079691499841396
42.0,GIRMS\IRMS-operator,2026-01-27 13:46:44.553,2026-01-27 14:58:40.240,Success,False,BTS,969,42.0,2,22.0,True,Unknown,,"0.001 V, 0.001 V, 0.002 V",45 µbar,72 °C,,51.839 V,9.5217 kV,62 µbar,Carbon Dioxide: 0.0217 kV,267 µbar,15.440 V,52.363 V,132 µbar/min,2.322 V,1.43E-007 mbar,10 %,"1,043 µbar",µ-Volume,51.843 V,Pre,48.20604813561839,52.259871503898424,16.046369216033746,52.36933735328394,21.420683536107124,15.036659364561256,-2.695330565713916,-241.17066017242493,-2.4607122873254172,0.41484924653130517,0.14667135769620784,-83.34822112391707,94.56917333292704,33.43525187745936,-2.5371626388114117,0.35605967139600475,-2.633565106404112,0.22047829088378584,Natan Pereira BTS coral series 1.xlsx,2026-01-27 13:46:44.553,739643.0,132.0,267.0,62.0,1043.0,45.10069084630412,BTS,,969,Partially Saturated Collectors,8.0,6.0,2.0,1.0,5.0,14.041694962449716,31.0589958838544,125.19909145716171
43.0,GIRMS\IRMS-operator,2026-01-27 14:20:46.698,2026-01-27 15:28:15.676,Success,False,BTS,390,43.0,1,23.0,True,Unknown,,"0.002 V, 0.002 V, 0.003 V",45 µbar,72 °C,,4.035 V,9.5209 kV,86 µbar,Carbon Dioxide: 0.0209 kV,938 µbar,3.923 V,4.640 V,315 µbar/min,14.512 V,6.09E-008 mbar,51 %,777 µbar,µ-Volume,,Pre,3.6046979017143483,3.926881575958699,3.987846392046965,5.154461986152446,5.3203918112059965,3.7314103083822356,0.7268233832307125,-2.057610813340771,0.7109321982775307,0.00955400805565361,0.0033778519418317843,-2.0083922911952183,0.03597582265282208,0.01271937407828755,0.7086620289985047,0.0076414227557023645,-2.001361073745854,0.03238129515347077,Natan Pereira BTS coral series 1.xlsx,2026-01-27 14:20:46.698,739643.0,315.0,938.0,86.0,777.0,3.507043524286472,BTS,,390,OK,8.0,7.0,7.0,0.0,0.0,3.5938835855192517,-0.08684006123277976,-0.10635242027527965
44.0,GIRMS\IRMS-operator,2026-01-27 14:58:40.469,2026-01-27 16:01:21.463,Success,False,BTS,637,44.0,2,23.0,True,Unknown,,"0.001 V, 0.001 V, 0.002 V",42 µbar,72 °C,,9.051 V,9.5214 kV,89 µbar,Carbon Dioxide: 0.0214 kV,255 µbar,9.116 V,10.426 V,117 µbar/min,3.878 V,1.02E-007 mbar,18 %,911 µbar,µ-Volume,,Pre,8.219795351514655,8.921020409868103,9.280397286976747,11.732456130259965,12.38743667053554,8.688541179189523,-2.443614023055485,-3.7907007849097285,-2.4960405411804945,0.032825884332920066,0.011605702705126513,-3.7832635639713366,0.01599643616496964,0.005655594243533881,-2.5035300437697816,0.027084997168516343,-3.7822011038372807,0.016970502761252188,Natan Pereira BTS coral series 1.xlsx,2026-01-27 14:58:40.469,739643.0,117.0,255.0,89.0,911.0,7.968010430822212,BTS,,637,OK,8.0,7.0,7.0,0.0,0.0,8.293317680845101,-0.32530725002288907,-0.3922522475827066
45.0,GIRMS\IRMS-operator,2026-01-27 15:28:15.865,2026-01-27 16:34:55.943,Success,False,BTS,870,45.0,1,24.0,True,Unknown,,"0.002 V, 0.002 V, 0.002 V",42 µbar,72 °C,,15.791 V,9.5207 kV,89 µbar,Carbon Dioxide: 0.0207 kV,887 µbar,13.659 V,18.890 V,315 µbar/min,8.811 V,1.33E-007 mbar,10 %,980 µbar,µ-Volume,14.219 V,Pre,14.111515440923576,15.316405562879225,14.191740421773574,20.133722200546703,18.944013490829906,13.297256388646966,-1.6160544576135916,-3.4609458327432563,-1.6994574524176742,0.049042604068824276,0.017339178952056306,-3.619777111965053,0.089210052096343,0.031540516393664654,-1.7113721659611147,0.03848475187853561,-3.642467294711023,0.06692999795143471,Natan Pereira BTS coral series 1.xlsx,2026-01-27 15:28:15.865,739643.0,315.0,887.0,89.0,980.0,13.47255364893139,BTS,,870,OK,8.0,7.0,7.0,0.0,0.0,12.474714816666749,0.997838832264641,1.3524767336725785
46.0,GIRMS\IRMS-operator,2026-01-27 16:01:21.632,2026-01-27 17:15:19.064,Success,False,SHP2L,<Comment>,46.0,2,24.0,True,QC Standard,SHP2L,"0.001 V, 0.001 V, 0.002 V",47 µbar,72 °C,,6.015 V,9.5208 kV,103 µbar,Carbon Dioxide: 0.0208 kV,328 µbar,5.730 V,6.743 V,161 µbar/min,2.330 V,7.31E-008 mbar,35 %,875 µbar,µ-Volume,,Pre,5.257803567792905,5.717390610996246,5.808606462192994,7.4884026141268745,7.751020679007245,5.436403223254275,-0.8397792205734333,-5.93949460021681,-0.8565069329771191,0.024879110623100165,0.008796093915742199,-5.965382484401455,0.01410312208388336,0.004986206630707838,-0.8588966061776456,0.025861815125385042,-5.969080753570689,0.010217333769107308,Natan Pereira BTS coral series 1.xlsx,2026-01-27 16:01:21.632,739643.0,161.0,328.0,103.0,875.0,5.120772489454282,SHP2L,,<Comment>,OK,8.0,7.0,7.0,0.0,0.0,5.238501090172965,-0.1177286007186833,-0.14443103738901839
1.0,GIRMS\IRMS-operator,2026-01-28 13:39:29.204,2026-01-28 14:31:37.613,Success,False,SHP2L,,1.0,1,2.0,True,QC Standard,SHP2L,"0.001 V, 0.000 V, 0.001 V",32 µbar,72 °C,,4.204 V,9.5207 kV,47 µbar,Carbon Dioxide: 0.0207 kV,"1,134 µbar",4.346 V,4.808 V,498 µbar/min,2.334 V,5.97E-008 mbar,47 %,809 µbar,µ-Volume,,Pre,3.9069368856944444,4.24985636150273,4.40237880688965,5.564525192504422,5.873583803019554,4.118882191518398,-0.8184997732759713,-6.121561931101693,-0.8359469711368218,0.014991784986355337,0.00566636211183544,-6.077596641088423,0.0335446495202343,0.011859824574141871,-0.8483069489398127,0.0281240234220898,-6.0713158853722415,0.030734406906950597,Natan Pereira BTS coral series 2.xlsx,2026-01-28 13:39:29.204,739644.0,498.0,1134.0,47.0,809.0,3.8101389425792096,SHP2L,,,OK,8.0,7.0,7.0,0.0,0.0,3.968470157315887,-0.15833121473667733,-0.13552914537636404
2.0,GIRMS\IRMS-operator,2026-01-28 14:12:07.686,2026-01-28 15:00:46.951,Success,False,BTS,997,2.0,2,2.0,True,Unknown,,"0.001 V, 0.001 V, 0.001 V",35 µbar,72 °C,,23.703 V,9.5206 kV,45 µbar,Carbon Dioxide: 0.0206 kV,303 µbar,15.255 V,28.205 V,66 µbar/min,4.318 V,1.42E-007 mbar,10 %,990 µbar,µ-Volume,21.231 V,Pre,21.02432276132874,22.815737014707988,15.849965697225993,29.99608696874803,21.161859049169475,14.853438986571355,-1.6072564653515364,-3.4886442600315926,-1.8965170850734208,0.18465258141183816,0.06528454623995589,-3.986022801670097,0.3678951091425072,0.13007056322001592,-1.9378400307479757,0.15440813005254633,-4.057076879047026,0.33284167714074636,Natan Pereira BTS coral series 2.xlsx,2026-01-28 14:12:07.686,739644.0,66.0,303.0,45.0,990.0,20.057550324233098,BTS,,997,OK,8.0,7.0,7.0,0.0,0.0,13.88444627645783,6.1731040477752686,7.950627102315906
3.0,GIRMS\IRMS-operator,2026-01-28 14:31:37.722,2026-01-28 15:28:51.939,Success,False,BTS,896,3.0,1,3.0,True,Unknown,,"0.002 V, 0.002 V, 0.002 V",45 µbar,72 °C,,51.844 V,9.5198 kV,42 µbar,Carbon Dioxide: 0.0198 kV,130 µbar,14.228 V,52.368 V,132 µbar/min,14.296 V,1.39E-007 mbar,10 %,"1,056 µbar",µ-Volume,51.848 V,Pre,46.272783447108075,50.1104573459172,14.789504811241596,52.37359527292205,19.744343792819514,13.860060740313338,-3.66327382307452,-209.36782534726595,-4.231296688129522,0.3641666135226902,0.12875234095181745,-67.1385801146373,81.4926290185593,28.811995297871448,-4.312442811708807,0.3053900314906568,-3.7828329791521065,0.14804980599875708,Natan Pereira BTS coral series 2.xlsx,2026-01-28 14:31:37.722,739644.0,132.0,130.0,42.0,1056.0,43.46142606814842,BTS,,896,Partially Saturated Collectors,8.0,7.0,2.0,0.0,5.0,12.981443572840497,30.479982495307922,90.97962812890614
4.0,GIRMS\IRMS-operator,2026-01-28 15:00:47.102,2026-01-28 16:03:42.698,Success,False,BTS,876,4.0,2,3.0,True,Unknown,,"0.002 V, 0.002 V, 0.003 V",40 µbar,72 °C,,12.407 V,9.5199 kV,47 µbar,Carbon Dioxide: 0.0199 kV,152 µbar,11.998 V,14.319 V,103 µbar/min,13.438 V,1.22E-007 mbar,11 %,953 µbar,µ-Volume,,Pre,10.888493322050468,11.811383275127385,12.381755022144294,15.537952688903655,16.52831366416916,11.598686025768451,-2.4284338805563577,-3.581317524590455,-2.5371548831856217,0.06574630704803758,0.023244829775820135,-3.639913194867672,0.04273604304236848,0.015109472918169461,-2.5526864549898027,0.052834921787129396,-3.648284004907274,0.03842880825666271,Natan Pereira BTS coral series 2.xlsx,2026-01-28 15:00:47.102,739644.0,103.0,152.0,47.0,953.0,10.480246208822624,BTS,,876,OK,8.0,7.0,7.0,0.0,0.0,10.915066105629066,-0.4348198968064416,-0.3722228117561714
5.0,GIRMS\IRMS-operator,2026-01-28 16:09:50.740,2026-01-28 17:01:24.512,Success,False,BTS,936,5.0,1,4.0,True,Unknown,,"0.001 V, 0.001 V, 0.002 V",42 µbar,72 °C,,21.176 V,9.5201 kV,828 µbar,Carbon Dioxide: 0.0201 kV,870 µbar,18.626 V,25.249 V,308 µbar/min,3.332 V,1.56E-007 mbar,14 %,"1,036 µbar",µ-Volume,,Pre,16.690938631782764,18.105538612011948,19.037755256299057,23.81613605453875,25.42733900978472,17.84381167102837,-1.8503220980378154,-3.5859721537550016,-1.9781771873992464,0.09178269026558865,0.032450081341171125,-3.6418560234205284,0.08650892528256066,0.030585523850229505,-1.9964422001651652,0.0819412766474962,-3.6498394333727466,0.09020107939557029,Natan Pereira BTS coral series 2.xlsx,2026-01-28 16:09:50.740,739644.0,308.0,870.0,828.0,1036.0,15.935598770866626,BTS,,936,OK,8.0,7.0,7.0,0.0,0.0,16.61710337806725,-0.6815046072006226,-0.5826802830817205
6.0,GIRMS\IRMS-operator,2026-01-28 16:39:25.481,2026-01-28 17:28:53.048,Success,False,SHP2L,,6.0,2,4.0,True,QC Standard,SHP2L,"0.002 V, 0.002 V, 0.003 V",49 µbar,72 °C,,3.677 V,9.5190 kV,52 µbar,Carbon Dioxide: 0.0190 kV,198 µbar,3.574 V,4.204 V,95 µbar/min,17.685 V,5.57E-008 mbar,80 %,794 µbar,µ-Volume,,Pre,3.302398346749605,3.5929808984427027,3.638503902475787,4.705154281364164,4.854344422679354,3.404206514147348,-0.6040590730405082,-5.7473440204097725,-0.6452832172787332,0.023138266178210732,0.008180612459756074,-5.771589750056886,0.03246376538035125,0.011477674321647723,-0.6511723807413368,0.01734670833298201,-5.775053425720758,0.03343012037280384,Natan Pereira BTS coral series 2.xlsx,2026-01-28 16:39:25.481,739644.0,95.0,198.0,52.0,794.0,3.220788470854431,SHP2L,,,OK,8.0,7.0,7.0,0.0,0.0,3.2797933498919525,-0.059004879037521274,-0.05165972714226873
7.0,GIRMS\IRMS-operator,2026-01-28 17:01:24.654,2026-01-28 17:59:06.133,Success,False,BTS,404,7.0,1,5.0,True,Unknown,,"0.001 V, 0.001 V, 0.002 V",54 µbar,72 °C,,12.749 V,9.5201 kV,74 µbar,Carbon Dioxide: 0.0201 kV,487 µbar,11.082 V,14.836 V,183 µbar/min,3.551 V,1.13E-007 mbar,23 %,"1,009 µbar",µ-Volume,,Pre,9.98923899706171,10.84692481298003,11.210233756212025,14.254749300007573,14.963761450772038,10.49800934370325,-1.7185482294661547,-3.84804798635463,-1.7944765356014134,0.03808492556032432,0.0134650545623451,-3.8934384636725996,0.027810403970701468,0.009832462617610147,-1.805323436477879,0.024373949213629002,-3.899922817575167,0.022580620869844834,Natan Pereira BTS coral series 2.xlsx,2026-01-28 17:01:24.654,739644.0,183.0,487.0,74.0,1009.0,9.619332571585634,BTS,,404,OK,8.0,7.0,7.0,0.0,0.0,9.916243174522025,-0.29691060293639104,-0.25678635349689577
8.0,GIRMS\IRMS-operator,2026-01-28 17:28:53.143,2026-01-28 18:32:27.750,Success,False,BTS,917,8.0,2,5.0,True,Unknown,,"0.002 V, 0.002 V, 0.003 V",47 µbar,72 °C,,51.837 V,9.5195 kV,59 µbar,Carbon Dioxide: 0.0195 kV,176 µbar,22.340 V,52.361 V,139 µbar/min,10.675 V,1.75E-007 mbar,10 %,"1,053 µbar",µ-Volume,51.843 V,Pre,48.579216481939625,52.35191455187446,23.16986790003425,52.366400891583176,30.955727034847946,21.723554016844105,-8.051002522952654,-247.190104536115,-3.178241042272521,0.2780315119828134,0.10508603390654271,-94.10292095582432,96.63956338197262,34.167245299150004,-3.250854027461022,0.22016267348363514,-3.073770667660791,96.73481709109882,Natan Pereira BTS coral series 2.xlsx,2026-01-28 17:28:53.143,739644.0,139.0,176.0,59.0,1053.0,45.73698389698632,BTS,,917,Partially Saturated Collectors,8.0,6.0,1.0,1.0,6.0,20.17019736935265,25.566786527633667,51.687077971804946
9.0,GIRMS\IRMS-operator,2026-01-28 17:59:06.219,2026-01-28 19:08:39.990,Success,False,BTS,392,9.0,1,6.0,True,Unknown,,"0.001 V, 0.001 V, 0.002 V",62 µbar,72 °C,,15.502 V,9.5201 kV,57 µbar,Carbon Dioxide: 0.0201 kV,247 µbar,13.225 V,18.259 V,154 µbar/min,3.365 V,1.24E-007 mbar,20 %,"1,041 µbar",µ-Volume,,Pre,11.904926187659719,12.917345061724706,13.386748196879326,16.981256539200352,17.87163072285514,12.541381515029647,-2.0762158515125195,-3.979623182515435,-2.187483617169514,0.06939495578875056,0.024534821909183088,-4.048338154526681,0.05407616131270757,0.01911881018237658,-2.2033790122633703,0.057097078810026354,-4.058154579099717,0.050122077367717496,Natan Pereira BTS coral series 2.xlsx,2026-01-28 17:59:06.219,739644.0,154.0,247.0,57.0,1041.0,11.421264758885295,BTS,,392,OK,8.0,7.0,7.0,0.0,0.0,11.78890267706273,-0.36763791817743474,-0.3175481423650909
10.0,GIRMS\IRMS-operator,2026-01-28 18:32:27.862,2026-01-28 19:35:25.686,Success,False,BTS,1005,10.0,2,6.0,True,Unknown,,"0.002 V, 0.002 V, 0.003 V",52 µbar,72 °C,,29.415 V,9.5194 kV,62 µbar,Carbon Dioxide: 0.0194 kV,333 µbar,24.282 V,35.647 V,117 µbar/min,12.727 V,1.82E-007 mbar,10 %,"1,048 µbar",µ-Volume,26.502 V,Pre,26.422489539270714,28.627694131884137,25.173530461344285,37.699750823857244,33.635965747715886,23.602549091463395,-2.676423467735445,-3.6662726728815542,-2.814675709551351,0.13013984391944858,0.04601138306900048,-3.6642667795034614,0.10294298352816855,0.03639584086417152,-2.8344260298107655,0.12695829000638956,-3.663980223306591,0.11118768411590048,Natan Pereira BTS coral series 2.xlsx,2026-01-28 18:32:27.862,739644.0,117.0,333.0,62.0,1048.0,25.145325914507218,BTS,,1005,OK,8.0,7.0,7.0,0.0,0.0,21.890658990030598,3.25466692447662,3.333139155110497
11.0,GIRMS\IRMS-operator,2026-01-28 19:08:40.108,2026-01-28 20:06:27.947,Success,False,SHP2L,,11.0,1,7.0,True,QC Standard,SHP2L,"0.002 V, 0.002 V, 0.004 V",62 µbar,72 °C,,4.896 V,9.5185 kV,59 µbar,Carbon Dioxide: 0.0185 kV,604 µbar,4.667 V,5.539 V,198 µbar/min,22.744 V,6.37E-008 mbar,58 %,880 µbar,µ-Volume,,Pre,4.1153406487561925,4.476092055963915,4.731795738192307,5.860033052928686,6.312879341609716,4.427585078467591,-0.8138278198550619,-6.179972562805891,-0.8072313967056877,0.011561564136072832,0.0040876302008701435,-6.149828085841857,0.04378979000316736,0.015482028728987263,-0.8062890505414914,0.01215153930228491,-6.145521731989853,0.04543184948125564,Natan Pereira BTS coral series 2.xlsx,2026-01-28 19:08:40.108,739644.0,198.0,604.0,59.0,880.0,4.017305909261869,SHP2L,,,OK,8.0,7.0,7.0,0.0,0.0,4.269373952016996,-0.25206804275512695,-0.21146425094596297
12.0,GIRMS\IRMS-operator,2026-01-28 19:35:25.788,2026-01-28 20:38:41.365,Success,False,BTS,983,12.0,2,7.0,True,Unknown,,"0.001 V, 0.001 V, 0.003 V",57 µbar,72 °C,,27.170 V,9.5202 kV,62 µbar,Carbon Dioxide: 0.0202 kV,638 µbar,22.511 V,32.609 V,161 µbar/min,4.619 V,1.74E-007 mbar,10 %,"1,048 µbar",µ-Volume,24.298 V,Pre,24.12601484860075,26.14833510196308,23.33159840381245,34.43370708690484,31.173347918852173,21.868861456762676,-2.6705642104061234,-3.6413196512131707,-2.813345239834869,0.11537445924302907,0.0407910312532384,-3.6841891482193714,0.1134414711265922,0.040107616750695636,-2.8337425297532612,0.10791979467990159,-3.6903133620774002,0.12109392763356688,Natan Pereira BTS coral series 2.xlsx,2026-01-28 19:35:25.788,739644.0,161.0,638.0,62.0,1048.0,22.90230168903959,BTS,,983,OK,8.0,7.0,7.0,0.0,0.0,20.343012352835064,2.5592893362045253,2.568808426461063
13.0,GIRMS\IRMS-operator,2026-01-28 20:06:28.070,2026-01-28 21:14:12.082,Success,False,BTS,366,13.0,1,8.0,True,Unknown,,"0.001 V, 0.001 V, 0.002 V",64 µbar,72 °C,,25.036 V,9.5204 kV,62 µbar,Carbon Dioxide: 0.0204 kV,736 µbar,21.857 V,30.142 V,234 µbar/min,3.376 V,1.73E-007 mbar,12 %,"1,078 µbar",µ-Volume,,Pre,0.39082142509864604,0.42718611601314543,22.538034117028012,0.5603391566576701,30.112416510119594,21.12538531033316,5.846453618072456,0.9506106762571243,9.700609630729607,7.154040957090179,2.529335436822382,11.050323637079766,18.195746060685973,6.43316771412973,10.251203346823486,7.54194406258261,12.493139774340145,19.152980587027017,Natan Pereira BTS coral series 2.xlsx,2026-01-28 20:06:28.070,739644.0,234.0,736.0,62.0,1078.0,0.05218925650966514,BTS,,366,OK,8.0,7.0,7.0,0.0,0.0,19.673699285667325,-19.621510029157662,-0.04640619593439789
14.0,GIRMS\IRMS-operator,2026-01-28 20:38:41.484,2026-01-28 21:06:03.329,Error,False,BTS,998,14.0,2,8.0,True,Unknown,,"0.001 V, 0.001 V, 0.002 V",54 µbar,73 °C,,,,,,,,,366 µbar/min,,,,,,,Pre,,,,,,,,,,,,,,,,,,,Natan Pereira BTS coral series 2.xlsx,2026-01-28 20:38:41.484,739644.0,366.0,,,,,BTS,,998,Failed Sample,0.0,0.0,0.0,0.0,0.0,,,
15.0,GIRMS\IRMS-operator,2026-01-29 10:20:49.192,2026-01-29 11:19:32.395,Success,False,BTS,1004,15.0,1,9.0,True,Unknown,,"0.001 V, 0.001 V, 0.001 V",52 µbar,73 °C,,25.651 V,9.5216 kV,62 µbar,Carbon Dioxide: 0.0216 kV,101 µbar,24.788 V,30.861 V,303 µbar/min,3.280 V,1.92E-007 mbar,10 %,"1,063 µbar",µ-Volume,,Pre,22.421356574078906,24.283179769958497,25.710994134391782,31.97536111349846,34.35120225424553,24.10824252702843,-3.0023121555451393,-3.98092446957099,-3.0399623713424497,0.052633491577037034,0.01860874940582396,-3.904393225443309,0.03954097714679735,0.013979846537621354,-3.045340973599209,0.05442417778262892,-3.8934601905679256,0.02661663648682186,Natan Pereira BTS coral series 2.xlsx,2026-01-29 10:20:49.192,739645.0,303.0,101.0,62.0,1063.0,21.338608399411545,BTS,,1004,OK,8.0,7.0,7.0,0.0,0.0,22.34480930902611,-1.0062009096145665,-0.8566878506919817
16.0,GIRMS\IRMS-operator,2026-01-29 10:59:01.757,2026-01-29 11:51:04.367,Success,False,SHP2L,,16.0,2,9.0,True,QC Standard,SHP2L,"0.002 V, 0.002 V, 0.003 V",57 µbar,72 °C,,5.010 V,9.5204 kV,443 µbar,Carbon Dioxide: 0.0204 kV,91 µbar,4.794 V,5.660 V,464 µbar/min,23.239 V,6.75E-008 mbar,57 %,902 µbar,µ-Volume,,Pre,4.271765370373077,4.645209116183221,4.860326952493531,6.085088116007615,6.483553024697388,4.548971672062224,-0.8184137097735356,-5.43913035094401,-0.8250623861288942,0.026585392929766718,0.009399355810573471,-5.430453546748439,0.024029773360631213,0.008495807846839091,-0.8260121970368025,0.02856851979016664,-5.42921400329193,0.025677382549080117,Natan Pereira BTS coral series 2.xlsx,2026-01-29 10:59:01.757,739645.0,464.0,91.0,443.0,902.0,4.168570374902261,SHP2L,,,OK,8.0,7.0,7.0,0.0,0.0,4.390935525066763,-0.2223651501645021,-0.18821111318369738
17.0,GIRMS\IRMS-operator,2026-01-29 11:19:32.547,2026-01-29 12:25:50.541,Success,False,BTS,863,17.0,1,10.0,True,Unknown,,"0.001 V, 0.001 V, 0.002 V",54 µbar,72 °C,,8.388 V,9.5217 kV,59 µbar,Carbon Dioxide: 0.0217 kV,71 µbar,7.848 V,9.454 V,127 µbar/min,4.758 V,9.07E-008 mbar,32 %,948 µbar,µ-Volume,,Pre,7.115979325141113,7.728916436746395,7.908415824487484,10.158661741423725,10.55425739152858,7.40302775621028,-1.8035131208683497,-3.5687634525696232,-1.8263366440380566,0.01727984042120474,0.006109346169827639,-3.564974362721282,0.01935937985411023,0.006844574387203789,-1.829597147348015,0.015784067980921968,-3.5644330641715185,0.020845026935424605,Natan Pereira BTS coral series 2.xlsx,2026-01-29 11:19:32.547,739645.0,127.0,71.0,59.0,948.0,6.928135287131471,BTS,,863,OK,8.0,7.0,7.0,0.0,0.0,7.106219064559143,-0.17808377742767245,-0.15479274041864016
18.0,GIRMS\IRMS-operator,2026-01-29 11:51:04.535,2026-01-29 12:57:28.950,Success,False,BTS,929,18.0,2,10.0,True,Unknown,,"0.002 V, 0.001 V, 0.002 V",59 µbar,72 °C,,51.842 V,9.5213 kV,54 µbar,Carbon Dioxide: 0.0213 kV,79 µbar,22.172 V,52.364 V,107 µbar/min,7.722 V,1.80E-007 mbar,10 %,"1,073 µbar",µ-Volume,51.844 V,Pre,47.46869254256536,51.42477919923443,22.97592928277629,52.369721925738745,30.694403446200777,21.54323506499577,-2.738028123556724,-229.41422812379076,-3.3557551987982577,0.3860705793973553,0.13649656235424465,-77.81423133910879,89.74209718831015,31.728622739878148,-3.5229600641628984,0.26283455719036497,-3.259324356913784,0.13623185551294315,Natan Pereira BTS coral series 2.xlsx,2026-01-29 11:51:04.535,739645.0,107.0,79.0,54.0,1073.0,44.50304854060459,BTS,,929,Partially Saturated Collectors,8.0,6.0,2.0,1.0,5.0,20.01778829242039,24.485260248184197,48.53185106069943
19.0,GIRMS\IRMS-operator,2026-01-29 12:25:50.677,2026-01-29 13:39:47.414,Success,False,BTS,966,19.0,1,11.0,True,Unknown,,"0.001 V, 0.001 V, 0.002 V",49 µbar,72 °C,,51.839 V,9.5216 kV,59 µbar,Carbon Dioxide: 0.0216 kV,69 µbar,25.047 V,52.365 V,117 µbar/min,3.318 V,1.93E-007 mbar,10 %,"1,043 µbar",µ-Volume,51.834 V,Pre,42.84535778685098,46.499478226937164,25.980609065331322,52.37042658317087,34.71973292815684,24.35768080873972,-1.0420396618420202,-146.61913544157835,-1.5495237283200125,0.3218666285734556,0.11379703785097112,-20.28557911427842,34.29470082238143,12.962178523340508,-1.622021452102583,0.26797243910524443,-2.7378233482508265,0.13576389177325668,Natan Pereira BTS coral series 2.xlsx,2026-01-29 12:25:50.677,739645.0,117.0,69.0,59.0,1043.0,40.29941989107614,BTS,,966,Partially Saturated Collectors,8.0,7.0,3.0,0.0,4.0,22.563282977776584,17.736136913299557,28.242556004904515
20.0,GIRMS\IRMS-operator,2026-01-29 12:57:29.071,2026-01-29 14:07:25.400,Success,False,BTS,931,20.0,2,11.0,True,Unknown,,"0.002 V, 0.002 V, 0.003 V",57 µbar,72 °C,,37.504 V,9.5199 kV,52 µbar,Carbon Dioxide: 0.0199 kV,76 µbar,23.171 V,47.419 V,98 µbar/min,23.285 V,1.84E-007 mbar,10 %,"1,060 µbar",µ-Volume,33.268 V,Pre,33.87840667016023,36.69601822566493,24.063245899195508,48.312122288267524,32.147208514730835,22.571331050462657,-2.5520538996668396,-3.611890803065898,-2.7340084014134955,0.14262742524513655,0.050426409787006715,-3.766885574808476,0.14282702270147915,0.050496978144450436,-2.760001901663018,0.13201073310654945,-3.789027685057416,0.13864920861951968,Natan Pereira BTS coral series 2.xlsx,2026-01-29 12:57:29.071,739645.0,98.0,76.0,52.0,1060.0,31.991338517732554,BTS,,931,OK,8.0,7.0,7.0,0.0,0.0,20.935079243249827,11.056259274482727,15.063104131828434
21.0,GIRMS\IRMS-operator,2026-01-29 13:39:47.544,2026-01-29 14:46:28.232,Success,False,SHP2L,,21.0,1,12.0,True,QC Standard,SHP2L,"0.002 V, 0.002 V, 0.003 V",49 µbar,72 °C,,9.399 V,9.5200 kV,54 µbar,Carbon Dioxide: 0.0200 kV,62 µbar,8.747 V,10.926 V,303 µbar/min,21.643 V,1.00E-007 mbar,27 %,936 µbar,µ-Volume,,Pre,7.910499787504669,8.600071491570988,8.84556190167128,11.268516693222399,11.804902054804119,8.28245569497942,-0.5970604405096669,-5.498097698870885,-0.6595250046478874,0.03157423677043388,0.011163178465581717,-5.528520428334682,0.020738610666800654,0.007332206117441205,-0.6684485138104902,0.020491063540173972,-5.532866532543797,0.018041004157756838,Natan Pereira BTS coral series 2.xlsx,2026-01-29 13:39:47.544,739645.0,303.0,62.0,54.0,936.0,7.683987452215987,SHP2L,,,OK,8.0,7.0,7.0,0.0,0.0,7.90500126426794,-0.2210138120519538,-0.19153695561456405
22.0,GIRMS\IRMS-operator,2026-01-29 15:38:18.847,2026-01-29 16:42:02.389,Success,False,BTS,918,22.0,2,12.0,True,Unknown,,"0.001 V, 0.001 V, 0.001 V",45 µbar,72 °C,,18.836 V,9.5209 kV,49 µbar,Carbon Dioxide: 0.0209 kV,67 µbar,16.525 V,22.648 V,88 µbar/min,3.253 V,1.52E-007 mbar,16 %,"1,009 µbar",µ-Volume,,Pre,16.099679833692864,17.455340864596444,17.924965860781747,22.957348488427055,23.93543090686883,16.80188215379174,-2.2990626616241627,-3.950903765796654,-2.449839929949245,0.09463350326697759,0.023658375816744397,-4.112827530922818,0.10681310813837532,0.02670327703459383,-2.4598917478375837,0.08867401327423834,-4.123622448597896,0.1011252199806522,Natan Pereira BTS coral series 2.xlsx,2026-01-29 15:38:18.847,739645.0,88.0,67.0,49.0,1009.0,15.340167647642447,BTS,,918,OK,16.0,15.0,15.0,0.0,0.0,15.678811436933831,-0.3386437892913836,-0.2953986767477323
23.0,GIRMS\IRMS-operator,2026-01-29 16:12:35.415,2026-01-29 17:12:21.304,Success,False,BTS,865,23.0,1,13.0,True,Unknown,,"0.002 V, 0.002 V, 0.003 V",45 µbar,72 °C,,10.582 V,9.5199 kV,54 µbar,Carbon Dioxide: 0.0199 kV,54 µbar,9.783 V,12.291 V,259 µbar/min,15.614 V,1.12E-007 mbar,26 %,955 µbar,µ-Volume,,Pre,9.565464403688441,10.377503400219629,10.56481081779602,13.646106989270855,14.100099259666308,9.894929077684413,-2.4506914285978842,-3.8216630933649576,-2.535568880259187,0.019387432777352616,0.005005813618160166,-3.857274948034916,0.0228636815575027,0.005903377193679841,-2.535568880259187,0.019387432777352605,-3.8636214923138663,0.02534986024941475,Natan Pereira BTS coral series 2.xlsx,2026-01-29 16:12:35.415,739645.0,259.0,54.0,54.0,955.0,9.22132771421965,BTS,,865,OK,16.0,15.0,15.0,0.0,0.0,9.360260512887965,-0.13893279866831598,-0.12202779571150449
24.0,GIRMS\IRMS-operator,2026-01-29 16:42:02.517,2026-01-29 17:44:35.350,Success,False,BTS,867,24.0,2,13.0,True,Unknown,,"0.002 V, 0.002 V, 0.003 V",57 µbar,72 °C,,8.849 V,9.5204 kV,52 µbar,Carbon Dioxide: 0.0204 kV,76 µbar,8.617 V,10.129 V,88 µbar/min,9.526 V,1.03E-007 mbar,28 %,968 µbar,µ-Volume,,Pre,8.495924875597753,9.220592404741618,9.289987112421368,12.122855069704995,12.400210383006081,8.698661300601586,-2.3526938772886474,-3.991594834991674,-2.3978381337874666,0.026823078041584722,0.006925688969938632,-3.977912423523696,0.02459866151929046,0.006149665379822615,-2.3949675199505416,0.03347805895316447,-3.9770002627591636,0.02518038250819316,Natan Pereira BTS coral series 2.xlsx,2026-01-29 16:42:02.517,739645.0,88.0,76.0,52.0,968.0,8.217988417010107,BTS,,867,OK,16.0,15.0,15.0,0.0,0.0,8.279709026675024,-0.06172060966491699,-0.05461716065728353
25.0,GIRMS\IRMS-operator,2026-01-29 17:12:21.431,2026-01-29 18:22:11.124,Success,False,BTS,1008,25.0,1,14.0,True,Unknown,,"0.002 V, 0.002 V, 0.002 V",47 µbar,72 °C,,14.807 V,9.5203 kV,54 µbar,Carbon Dioxide: 0.0203 kV,62 µbar,13.431 V,17.448 V,98 µbar/min,8.388 V,1.34E-007 mbar,17 %,987 µbar,µ-Volume,,Pre,13.077358995765008,14.193721727405052,14.610640429861755,18.645385550643383,19.504646109725414,13.692151104300775,-1.4555039685826276,-4.048491090020923,-1.6273080193417369,0.06385187639901761,0.016486483594499307,-4.155210713027094,0.08590919517483658,0.021477298793709146,-1.6273080193417369,0.06385187639901761,-4.16232535456084,0.08390364262352115,Natan Pereira BTS coral series 2.xlsx,2026-01-29 17:12:21.431,739645.0,98.0,62.0,54.0,987.0,12.541483436911857,BTS,,1008,OK,16.0,15.0,15.0,0.0,0.0,12.835781370490349,-0.2942979335784912,-0.25636708895853516
26.0,GIRMS\IRMS-operator,2026-01-29 17:44:35.485,2026-01-29 19:03:47.732,Success,False,SHP2L,,26.0,2,14.0,True,QC Standard,SHP2L,"0.001 V, 0.001 V, 0.002 V",59 µbar,72 °C,,8.363 V,9.5206 kV,54 µbar,Carbon Dioxide: 0.0206 kV,81 µbar,7.540 V,9.517 V,107 µbar/min,3.269 V,9.30E-008 mbar,35 %,977 µbar,µ-Volume,,Pre,7.376303225879831,8.020026560020082,8.116913817703589,10.505148541498974,10.833286699211763,7.597868380370156,-0.8248790652529703,-6.081731097982268,-0.8726334718913782,0.027829206222780966,0.007185470149266833,-6.098606708686907,0.027127193801332727,0.006781798450333182,-0.8712112758131625,0.030827567341641493,-6.09973174940055,0.027690247983284625,Natan Pereira BTS coral series 2.xlsx,2026-01-29 17:44:35.485,739645.0,107.0,81.0,54.0,977.0,7.128593834868177,SHP2L,,,OK,16.0,15.0,15.0,0.0,0.0,7.267010721197826,-0.1384168863296491,-0.12105580135791749
27.0,GIRMS\IRMS-operator,2026-01-29 18:22:11.246,2026-01-29 19:33:03.325,Success,False,BTS,930,27.0,1,15.0,True,Unknown,,"0.002 V, 0.002 V, 0.002 V",52 µbar,72 °C,,32.742 V,9.5201 kV,62 µbar,Carbon Dioxide: 0.0201 kV,67 µbar,24.344 V,40.386 V,88 µbar/min,7.253 V,2.00E-007 mbar,10 %,"1,051 µbar",µ-Volume,28.984 V,Pre,31.672561317299287,34.31434874353709,26.908978269675398,45.19429510405227,35.96149092486069,25.233203321312352,-2.579413311793455,-3.6087283486202493,-2.956774223065527,0.26945535768275825,0.06736383942068956,-4.053000418977694,0.4301581737794489,0.10753954344486223,-2.9819316171503316,0.2587329252124651,-4.082618557001523,0.42803576561506024,Natan Pereira BTS coral series 2.xlsx,2026-01-29 18:22:11.246,739645.0,88.0,67.0,62.0,1051.0,30.017995982979222,BTS,,930,OK,16.0,15.0,15.0,0.0,0.0,23.36875513157694,6.649240851402283,7.614942762368749
28.0,GIRMS\IRMS-operator,2026-01-29 19:03:47.860,2026-01-29 20:07:45.951,Success,False,BTS,885,28.0,2,15.0,True,Unknown,,"0.002 V, 0.002 V, 0.003 V",64 µbar,72 °C,,14.015 V,9.5188 kV,57 µbar,Carbon Dioxide: 0.0188 kV,81 µbar,12.829 V,16.544 V,68 µbar/min,22.685 V,1.30E-007 mbar,19 %,"1,034 µbar",µ-Volume,,Pre,12.507944287932105,13.56745436813895,13.931057602430027,17.83496957420554,18.592380696527623,13.05499571768064,-2.0912581843256506,-3.7365045754907955,-2.228231866660057,0.051197824621868754,0.013219221474836382,-3.8180965208400104,0.07113991240421623,0.017784978101054057,-2.2282318666600576,0.05119782462186881,-3.8235359838632914,0.0701082047050942,Natan Pereira BTS coral series 2.xlsx,2026-01-29 19:03:47.860,739645.0,68.0,81.0,57.0,1034.0,11.987610640204137,BTS,,885,OK,16.0,15.0,15.0,0.0,0.0,12.256680907881446,-0.2690702676773089,-0.2346248031011647
29.0,GIRMS\IRMS-operator,2026-01-29 19:33:03.500,2026-01-29 20:44:01.964,Success,False,BTS,932,29.0,1,16.0,True,Unknown,,"0.002 V, 0.002 V, 0.003 V",54 µbar,72 °C,,13.344 V,9.5196 kV,57 µbar,Carbon Dioxide: 0.0196 kV,71 µbar,11.973 V,15.656 V,88 µbar/min,12.312 V,1.24E-007 mbar,19 %,"1,009 µbar",µ-Volume,,Pre,11.675502396791899,12.676407234386007,12.975488440707723,16.648371843427604,17.317195562452266,12.156854147783957,-1.3862988696076162,-3.9524734525556715,-1.491830662447365,0.04063675435848182,0.010492364858288116,-4.0304192876185505,0.055681859656993286,0.014376994342492908,-1.4918306624473652,0.040636754358481825,-4.045341687111155,0.06283469675597345,Natan Pereira BTS coral series 2.xlsx,2026-01-29 19:33:03.500,739645.0,88.0,71.0,57.0,1009.0,11.216349629048812,BTS,,932,OK,16.0,15.0,15.0,0.0,0.0,11.42852726328801,-0.21217763423919855,-0.185656147420481
30.0,GIRMS\IRMS-operator,2026-01-29 20:07:46.085,2026-01-29 21:24:10.420,Success,False,BTS,987,30.0,2,16.0,True,Unknown,,"0.001 V, 0.001 V, 0.002 V",59 µbar,72 °C,,23.670 V,9.5202 kV,57 µbar,Carbon Dioxide: 0.0202 kV,79 µbar,20.793 V,28.413 V,98 µbar/min,3.264 V,1.78E-007 mbar,13 %,"1,075 µbar",µ-Volume,,Pre,20.21786132221552,21.925808911355016,22.76680064681339,28.831176669765664,30.41259220378513,21.34424009685846,-1.8125091624676681,-4.025607608552972,-2.064499658587168,0.14783034635744224,0.03695758658936056,-4.184426409550336,0.17163927939995782,0.042909819849989456,-2.081299024995135,0.1362965985196128,-4.195014329616828,0.17217011130477822,Natan Pereira BTS coral series 2.xlsx,2026-01-29 20:07:46.085,739645.0,98.0,79.0,57.0,1075.0,19.263054517558537,BTS,,987,OK,16.0,15.0,15.0,0.0,0.0,19.83302393322321,-0.5699694156646729,-0.49355576791869044
31.0,GIRMS\IRMS-operator,2026-01-29 20:44:02.120,2026-01-29 21:58:35.822,Success,False,SHP2L,,31.0,1,17.0,True,QC Standard,SHP2L,"0.002 V, 0.002 V, 0.004 V",54 µbar,73 °C,,4.172 V,9.5189 kV,62 µbar,Carbon Dioxide: 0.0189 kV,76 µbar,4.064 V,4.731 V,93 µbar/min,19.632 V,6.15E-008 mbar,68 %,858 µbar,µ-Volume,,Pre,3.9203397390780235,4.264297025361226,4.411371205822765,5.581495733085408,5.88384910327902,4.128076827281454,-0.6889661405230507,-6.028082921664124,-0.7344621915772315,0.02504755303887815,0.006261888259719538,-6.034612945179804,0.03371455732728361,0.008705061270221644,-0.7374952616475102,0.02268230166929759,-6.028746443179367,0.04165331297303144,Natan Pereira BTS coral series 2.xlsx,2026-01-29 20:44:02.120,739645.0,93.0,76.0,62.0,858.0,3.8259135989478135,SHP2L,,,OK,16.0,15.0,15.0,0.0,0.0,3.9862539151707286,-0.1603403162229151,-0.13720230155063498
32.0,GIRMS\IRMS-operator,2026-01-29 21:24:10.566,2026-01-29 22:30:45.919,Success,False,BTS,963,32.0,2,17.0,True,Unknown,,"0.001 V, 0.001 V, 0.002 V",67 µbar,72 °C,,51.910 V,9.5203 kV,67 µbar,Carbon Dioxide: 0.0203 kV,84 µbar,23.352 V,52.433 V,68 µbar/min,4.040 V,1.91E-007 mbar,10 %,"1,143 µbar",µ-Volume,51.917 V,Pre,52.434558777517964,52.366448916115516,25.84132400862192,52.37067799516301,34.53029255815129,24.23224857301204,-80.56523258632353,-302.4763074274618,-77.46674013534566,13.360232694896213,3.5706723822769386,-293.81172007702213,24.413030225116533,6.3034172994889754,-3.4448566581279927,13.852943612816128,,,Natan Pereira BTS coral series 2.xlsx,2026-01-29 21:24:10.566,739645.0,68.0,84.0,67.0,1143.0,52.433977632231404,BTS,,963,Partially Saturated Collectors,16.0,1.0,0.0,14.0,15.0,22.47461190671413,29.959365725517273,62.316302903684864
33.0,GIRMS\IRMS-operator,2026-01-29 21:58:35.952,2026-01-29 23:08:00.738,Success,False,BTS,1000,33.0,1,18.0,True,Unknown,,"0.002 V, 0.002 V, 0.004 V",57 µbar,72 °C,,51.909 V,9.5190 kV,67 µbar,Carbon Dioxide: 0.0190 kV,74 µbar,21.594 V,52.433 V,225 µbar/min,21.786 V,1.80E-007 mbar,10 %,"1,097 µbar",µ-Volume,51.918 V,Pre,52.43355850174267,52.36501364057606,23.981684129887274,52.36890863518763,32.03688513379144,22.49559084369976,-80.30577243938686,-302.10721766421165,-58.64528344066649,34.74346141385763,8.685865353464408,-272.31084107406826,59.51774944908478,15.367416828003401,-3.7322732138959096,0.07727941567411317,,,Natan Pereira BTS coral series 2.xlsx,2026-01-29 21:58:35.952,739645.0,225.0,74.0,67.0,1097.0,52.43297735645611,BTS,,1000,Partially Saturated Collectors,16.0,3.0,0.0,12.0,15.0,20.903714694522208,31.5292626619339,70.50880046512927
34.0,GIRMS\IRMS-operator,2026-01-29 22:30:46.062,2026-01-29 23:53:16.200,Success,False,BTS,868,34.0,2,18.0,True,Unknown,,"0.002 V, 0.002 V, 0.003 V",67 µbar,72 °C,,9.098 V,9.5204 kV,62 µbar,Carbon Dioxide: 0.0204 kV,281 µbar,8.099 V,10.406 V,103 µbar/min,3.277 V,9.34E-008 mbar,33 %,"1,019 µbar",µ-Volume,,Pre,7.979300771789027,8.668146751017193,8.667804024309735,11.381248762643528,11.567751696145725,8.114879624288792,-1.4822134166058154,-4.284414967573702,-1.489136252395197,0.023172859127854953,0.005793214781963738,-4.21753984879631,0.035212681064788635,0.008803170266197159,-1.4895977747811562,0.02390995056357036,-4.2130815075444845,0.03142855844644377,Natan Pereira BTS coral series 2.xlsx,2026-01-29 22:30:46.062,739645.0,103.0,281.0,62.0,1019.0,7.7826652362012725,BTS,,868,OK,16.0,15.0,15.0,0.0,0.0,7.764068604766479,0.018596631434793842,0.016619644558722
35.0,GIRMS\IRMS-operator,2026-01-29 23:08:00.883,2026-01-30 00:23:39.363,Success,False,BTS,643,35.0,1,19.0,True,Unknown,,"0.002 V, 0.002 V, 0.003 V",59 µbar,72 °C,,9.278 V,9.5202 kV,69 µbar,Carbon Dioxide: 0.0202 kV,84 µbar,8.561 V,10.627 V,93 µbar/min,7.864 V,9.86E-008 mbar,30 %,"1,014 µbar",µ-Volume,,Pre,8.402584960108914,9.121444845237486,9.223929308199851,11.991540726467193,12.308446404981467,8.637457062846341,-2.0204893143171976,-3.478413773412181,-2.0687983859853643,0.022922410135337103,0.0059185408472731136,-3.500934931854174,0.036700540455213884,0.009175135113803471,-2.06779961576186,0.02537305951828735,-3.5024363424169738,0.03747659170624425,Natan Pereira BTS coral series 2.xlsx,2026-01-29 23:08:00.883,739645.0,93.0,84.0,69.0,1014.0,8.148541714469742,BTS,,643,OK,16.0,15.0,15.0,0.0,0.0,8.221297433024564,-0.07275571855482177,-0.06429173241614239
36.0,GIRMS\IRMS-operator,2026-01-29 23:53:16.334,2026-01-30 00:54:58.724,Success,False,SHP2L,,36.0,2,19.0,True,QC Standard,SHP2L,"0.002 V, 0.002 V, 0.003 V",74 µbar,73 °C,,7.185 V,9.5202 kV,64 µbar,Carbon Dioxide: 0.0202 kV,84 µbar,7.074 V,7.948 V,161 µbar/min,8.503 V,8.47E-008 mbar,37 %,990 µbar,µ-Volume,,Pre,7.111546918655025,7.730923670841532,7.659122826367592,10.12464101398674,10.220187168441777,7.170205473681524,-0.8386291810557056,-6.040787429984595,-0.9009092712876783,0.0348934013814456,0.0087233503453614,-6.097799990743394,0.027622696863961054,0.007132149662097133,-0.9050612773031431,0.03176458602067783,-6.106787519386301,0.029608176472363697,Natan Pereira BTS coral series 2.xlsx,2026-01-29 23:53:16.334,739645.0,161.0,84.0,64.0,990.0,6.794115424977423,SHP2L,,,OK,16.0,15.0,15.0,0.0,0.0,6.773685952463722,0.020429472513701086,0.018268945412817362
37.0,GIRMS\IRMS-operator,2026-01-30 00:23:39.531,2026-01-30 01:33:03.805,Success,False,BTS,362,37.0,1,20.0,True,Unknown,,"0.002 V, 0.002 V, 0.004 V",62 µbar,72 °C,,14.620 V,9.5204 kV,67 µbar,Carbon Dioxide: 0.0204 kV,74 µbar,12.960 V,16.871 V,78 µbar/min,7.002 V,1.26E-007 mbar,19 %,"1,031 µbar",µ-Volume,,Pre,12.849330352354214,13.933797015559433,13.992045654666182,18.31680680355007,18.67440486988002,13.109370516348045,-2.526275677751433,-4.200344594215255,-2.465060529118018,0.0758221204311879,0.018955530107796974,-4.07207318287186,0.08204393406657182,0.021183652686478132,-2.460979519209124,0.07664286153967868,-4.079295631688799,0.09746219112507029,Natan Pereira BTS coral series 2.xlsx,2026-01-30 00:23:39.531,739646.0,78.0,74.0,67.0,1031.0,12.423678682851953,BTS,,362,OK,16.0,15.0,15.0,0.0,0.0,12.335034334084986,0.0886443487669677,0.07959932103351851
38.0,GIRMS\IRMS-operator,2026-01-30 00:54:58.865,2026-01-30 02:13:20.347,Success,False,BTS,891,38.0,2,20.0,True,Unknown,,"0.001 V, 0.001 V, 0.002 V",71 µbar,73 °C,,30.969 V,9.5207 kV,64 µbar,Carbon Dioxide: 0.0207 kV,91 µbar,25.706 V,38.078 V,68 µbar/min,3.334 V,1.97E-007 mbar,10 %,"1,124 µbar",µ-Volume,,Pre,25.952744372273813,28.13806500224709,28.10617651729225,37.02449362663794,37.5625298538642,26.35763872423304,-1.7996405664377768,-3.8013490670715244,-2.0717576316085506,0.19362927962353255,0.04840731990588314,-3.905620410885335,0.1699054042969135,0.043869386751505604,-2.0898987692866022,0.185818701698333,-3.943252986706599,0.2042117480156453,Natan Pereira BTS coral series 2.xlsx,2026-01-30 00:54:58.865,739646.0,68.0,91.0,64.0,1124.0,24.62294984617365,BTS,,891,OK,16.0,15.0,15.0,0.0,0.0,24.40884996214045,0.21409988403319957,0.19255626630222938
39.0,GIRMS\IRMS-operator,2026-01-30 01:33:03.957,2026-01-30 02:47:00.158,Success,False,BTS,379,39.0,1,21.0,True,Unknown,,"0.002 V, 0.002 V, 0.003 V",62 µbar,72 °C,,0.006 V,9.5192 kV,67 µbar,Carbon Dioxide: 0.0192 kV,169 µbar,2.800 V,0.006 V,259 µbar/min,23.380 V,4.38E-008 mbar,100 %,59 µbar,µ-Volume,0.012 V,Pre,0.0060099525163470275,0.006525669613405512,3.0703759047379515,0.008407423477827705,4.094085252123304,2.873080038928695,-2.4315944733839245,-23.0803998020227,-1.1893480630047957,1.541666731014011,0.38541668275350277,-37.12851360063148,5.3068978894839995,1.3702351430663213,,,,,Natan Pereira BTS coral series 2.xlsx,2026-01-30 01:33:03.957,739646.0,259.0,169.0,67.0,59.0,0.005537846460028505,BTS,,379,Failed Sample,16.0,15.0,15.0,0.0,0.0,2.7659525764242243,-2.7604147299641957,-0.004927413155362527
40.0,GIRMS\IRMS-operator,2026-01-30 02:13:20.513,2026-01-30 03:22:36.593,Success,False,BTS,949,40.0,2,21.0,True,Unknown,,"0.001 V, 0.001 V, 0.002 V",74 µbar,72 °C,,12.257 V,9.5209 kV,123 µbar,Carbon Dioxide: 0.0209 kV,"1,456 µbar",10.597 V,14.429 V,"1,260 µbar/min",2.774 V,1.13E-007 mbar,23 %,"1,075 µbar",µ-Volume,,Pre,10.341714409328118,11.214596540871666,11.429665000382473,14.748032012602627,15.251750865599453,10.707080192662337,-2.700648434209363,-3.7917554090347583,-2.772575050272591,0.03820295250461978,0.009550738126154945,-3.807551393505882,0.038203507194383535,0.009864103142037511,-2.77737015801014,0.03419863168683599,-3.8164379669952524,0.048407419533395134,Natan Pereira BTS coral series 2.xlsx,2026-01-30 02:13:20.513,739646.0,1260.0,1456.0,123.0,1075.0,9.933258679843561,BTS,,949,OK,16.0,15.0,15.0,0.0,0.0,10.09076395366253,-0.15750527381896795,-0.1382328493030917
41.0,GIRMS\IRMS-operator,2026-01-30 02:47:00.311,2026-01-30 03:56:42.181,Success,False,SHP2L,,41.0,1,22.0,True,QC Standard,SHP2L,"0.002 V, 0.002 V, 0.003 V",64 µbar,72 °C,,6.242 V,9.5205 kV,64 µbar,Carbon Dioxide: 0.0205 kV,74 µbar,5.952 V,6.975 V,88 µbar/min,10.185 V,7.71E-008 mbar,41 %,953 µbar,µ-Volume,,Pre,5.945214035492454,6.462637017339763,6.423491704215405,8.461384607490674,8.56932226681922,6.013890882959679,-0.8511763044315446,-6.0875022866028194,-0.8865246833060849,0.05438135974306589,0.013595339935766473,-6.104218960309653,0.04400826995914964,0.01100206748978741,-0.888881241897721,0.055437980725940125,-6.105333405223442,0.04531858683661705,Natan Pereira BTS coral series 2.xlsx,2026-01-30 02:47:00.311,739646.0,88.0,74.0,64.0,953.0,5.793601013277487,SHP2L,,,OK,16.0,15.0,15.0,0.0,0.0,5.793413301935509,0.0001877113419785914,0.00016736053189162829
42.0,GIRMS\IRMS-operator,2026-01-30 03:22:36.730,2026-01-30 04:38:07.011,Success,False,BTS,958,42.0,2,22.0,True,Unknown,,"0.001 V, 0.001 V, 0.002 V",64 µbar,72 °C,,25.040 V,9.5211 kV,59 µbar,Carbon Dioxide: 0.0211 kV,98 µbar,22.096 V,30.382 V,68 µbar/min,3.265 V,1.83E-007 mbar,12 %,"1,092 µbar",µ-Volume,,Pre,21.37122609696683,23.172492883799936,24.260471366046332,30.48217440169354,32.40902865450879,22.74986662946042,-1.7635746680867426,-3.6068988935933355,-2.0048978592036724,0.14446092552258122,0.036115231380645305,-3.691674041189953,0.1281372985135135,0.03203432462837837,-2.0209860719448005,0.13387495328362434,-3.6973257176963936,0.13055419282403355,Natan Pereira BTS coral series 2.xlsx,2026-01-30 03:22:36.730,739646.0,68.0,98.0,59.0,1092.0,20.32282509885129,BTS,,958,OK,16.0,15.0,15.0,0.0,0.0,21.09972694001492,-0.7769018411636317,-0.6671474907370124
43.0,GIRMS\IRMS-operator,2026-01-30 03:56:42.404,2026-01-30 05:13:07.391,Success,False,BTS,572,43.0,1,23.0,True,Unknown,,"0.002 V, 0.002 V, 0.003 V",59 µbar,73 °C,,7.452 V,9.5200 kV,91 µbar,Carbon Dioxide: 0.0200 kV,"1,324 µbar",6.924 V,8.379 V,723 µbar/min,20.515 V,8.47E-008 mbar,36 %,987 µbar,µ-Volume,,Pre,6.846303136827899,7.42691127219909,7.442781008870538,9.761338264820257,9.928872020122686,6.969021207292921,-2.771467277410511,-4.172865319254537,-2.8155012446646754,0.04490996050648756,0.011595701941363942,-4.177178176515813,0.025731504609021766,0.006877033878082429,-2.808919374906704,0.057339123303389396,-4.178299436032622,0.04794076930841377,Natan Pereira BTS coral series 2.xlsx,2026-01-30 03:56:42.404,739646.0,723.0,1324.0,91.0,987.0,6.6726222099860975,BTS,,572,OK,16.0,15.0,15.0,0.0,0.0,6.697008545205158,-0.024386335219060307,-0.021662605191491165
44.0,GIRMS\IRMS-operator,2026-01-30 04:38:07.159,2026-01-30 05:45:54.304,Success,False,BTS,352,44.0,2,23.0,True,Unknown,,"0.002 V, 0.002 V, 0.002 V",74 µbar,72 °C,,10.030 V,9.5210 kV,71 µbar,Carbon Dioxide: 0.0210 kV,770 µbar,9.065 V,11.573 V,190 µbar/min,6.778 V,1.02E-007 mbar,26 %,"1,048 µbar",µ-Volume,,Pre,8.888689884647889,9.638294475391366,9.77501249896045,12.67376297949255,13.04147893427313,9.155316107614826,-2.9252595181524788,-3.998357543051778,-2.952673272577394,0.018143190279177844,0.004535797569794461,-4.004391739693981,0.028187612697590844,0.0072780103031409365,-2.9545008562057213,0.017188067792490106,-3.9998191112157486,0.034165794160365436,Natan Pereira BTS coral series 2.xlsx,2026-01-30 04:38:07.159,739646.0,190.0,770.0,71.0,1048.0,8.580095791654346,BTS,,352,OK,16.0,15.0,15.0,0.0,0.0,8.67984416468596,-0.09974837303161443,-0.08790923298738415
45.0,GIRMS\IRMS-operator,2026-01-30 05:13:07.549,2026-01-30 06:22:15.096,Success,False,BTS,878,45.0,1,24.0,True,Unknown,,"0.002 V, 0.002 V, 0.002 V",64 µbar,72 °C,,19.561 V,9.5210 kV,103 µbar,Carbon Dioxide: 0.0210 kV,"1,346 µbar",17.888 V,23.530 V,991 µbar/min,8.794 V,1.57E-007 mbar,13 %,"1,058 µbar",µ-Volume,,Pre,17.36554209494914,18.835173492500857,19.64412773139246,24.75072055547383,26.228215391327407,18.420350592378036,-1.5451793386358492,-3.9198405063148867,-1.7416429809725271,0.09833378214248843,0.024583445535622108,-4.033329028869867,0.10185400394868001,0.025463500987170002,-1.7547405571283055,0.08613603459443661,-4.040894930373532,0.10066751642003992,Natan Pereira BTS coral series 2.xlsx,2026-01-30 05:13:07.549,739646.0,991.0,1346.0,103.0,1058.0,16.585525911095992,BTS,,878,OK,16.0,15.0,15.0,0.0,0.0,17.156001966241256,-0.5704760551452637,-0.49169867920751104
46.0,GIRMS\IRMS-operator,2026-01-30 05:45:54.481,2026-01-30 07:02:55.898,Success,False,SHP2L,<Comment>,46.0,2,24.0,True,QC Standard,SHP2L,"0.001 V, 0.001 V, 0.002 V",71 µbar,72 °C,,8.195 V,9.5214 kV,64 µbar,Carbon Dioxide: 0.0214 kV,201 µbar,7.359 V,9.305 V,78 µbar/min,3.259 V,8.85E-008 mbar,36 %,"1,014 µbar",µ-Volume,,Pre,7.283447486399237,7.917339888066505,7.885072001562718,10.366091290512689,10.52000538448394,7.382957345951752,-0.7447891639579263,-6.056420721918698,-0.8150916680114486,0.03571761580546342,0.008929403951365855,-6.107074419162813,0.030361150849390874,0.007839215440758801,-0.819778501615017,0.03146912655716457,-6.105000341085098,0.03480595433059123,Natan Pereira BTS coral series 2.xlsx,2026-01-30 05:45:54.481,739646.0,78.0,201.0,64.0,1014.0,7.066195980362685,SHP2L,,<Comment>,OK,16.0,15.0,15.0,0.0,0.0,7.062470690064225,0.0037252902984601377,0.00332305556298436
1.0,GIRMS\IRMS-operator,2026-02-05 17:02:47.623,2026-02-05 18:03:31.831,Success,False,SHP2L,,1.0,1,2.0,True,QC Standard,SHP2L,"0.003 V, 0.003 V, 0.004 V",,72 °C,,9.547 V,9.5217 kV,62 µbar,Carbon Dioxide: 0.0217 kV,"1,244 µbar",8.741 V,10.734 V,742 µbar/min,3.461 V,8.90E-008 mbar,37 %,919 µbar,µ-Volume,,Pre,8.564517850795998,9.307546246281806,9.395850443303104,12.197904528303281,12.546519649668797,8.798802554666734,-0.8402305505470498,-6.096728258378814,-0.8923957742557193,0.0279680334185134,0.00699200835462835,-6.110585191453193,0.012361624271740906,0.0031917576624350607,-0.8958734558362974,0.025114791881155216,-6.113599366482761,0.014127538072827607,Natan Pereira BTS coral series 3.xlsx,2026-02-05 17:02:47.623,739652.0,742.0,1244.0,62.0,919.0,8.276799976885057,SHP2L,,,OK,16.0,15.0,15.0,0.0,0.0,8.382887770220131,-0.10608779333507456,-0.10123244192662015
2.0,GIRMS\IRMS-operator,2026-02-05 17:33:51.842,2026-02-05 18:33:10.523,Success,False,BTS,403,2.0,2,2.0,True,Unknown,,"0.003 V, 0.003 V, 0.004 V",40 µbar,72 °C,,8.050 V,9.5216 kV,57 µbar,Carbon Dioxide: 0.0216 kV,67 µbar,7.911 V,8.943 V,34 µbar/min,8.574 V,8.43E-008 mbar,40 %,889 µbar,µ-Volume,,Pre,7.803818860176059,8.473634214439834,8.53732805685462,11.140582970755075,11.399144123648718,7.994247596543894,-1.7569247618804962,-3.7577993515385266,-1.7644009375946157,0.018032643071764037,0.0046560084203363114,-3.7691792291352075,0.014353626582305134,0.0037060904473965243,-1.7681030959845856,0.02171303516181011,-3.767155032318163,0.01780022869747629,Natan Pereira BTS coral series 3.xlsx,2026-02-05 17:33:51.842,739652.0,34.0,67.0,57.0,889.0,7.5577333968237,BTS,,403,OK,16.0,15.0,15.0,0.0,0.0,7.625302949073765,-0.067569552250065,-0.0647248414616719
3.0,GIRMS\IRMS-operator,2026-02-05 18:03:31.992,2026-02-05 19:04:26.273,Success,False,BTS,630,3.0,1,3.0,True,Unknown,,"0.003 V, 0.003 V, 0.004 V",59 µbar,72 °C,,7.757 V,9.5216 kV,67 µbar,Carbon Dioxide: 0.0216 kV,"1,183 µbar",7.770 V,8.602 V,537 µbar/min,7.770 V,8.34E-008 mbar,40 %,919 µbar,µ-Volume,,Pre,7.880670092413913,8.555593504485094,8.397364486963925,11.247728136679847,11.212382582328038,7.8635715545105125,-1.9178621807864893,-3.955760823073917,-1.9452224744070241,0.015094671316396665,0.003773667829099166,-3.988891012032425,0.020446534969054003,0.005111633742263501,-1.9470464939817265,0.013678045897703,-3.9910996912963252,0.019086510759889017,Natan Pereira BTS coral series 3.xlsx,2026-02-05 18:03:31.992,739652.0,537.0,1183.0,67.0,919.0,7.626128699650198,BTS,,630,OK,16.0,15.0,15.0,0.0,0.0,7.501935273497024,0.12419342615317408,0.12201547493767409
4.0,GIRMS\IRMS-operator,2026-02-05 18:33:10.629,2026-02-05 19:43:12.414,Success,False,BTS,939,4.0,2,3.0,True,Unknown,,"0.003 V, 0.003 V, 0.003 V",49 µbar,72 °C,,29.351 V,9.5216 kV,57 µbar,Carbon Dioxide: 0.0216 kV,67 µbar,25.568 V,35.258 V,59 µbar/min,7.609 V,1.85E-007 mbar,10 %,"1,024 µbar",µ-Volume,26.528 V,Pre,28.541796128248578,30.88476722557419,28.086075833629312,40.70002176539478,37.54629530684528,26.35058037469328,-3.348103932442781,-4.184250825772895,-3.515466348116895,0.05468758593673125,0.014120273971816472,-4.215429286777968,0.013788118276368975,0.00356007683066101,-3.515466348116895,0.054687585936731266,-4.215238075092838,0.014263087877684015,Natan Pereira BTS coral series 3.xlsx,2026-02-05 18:33:10.629,739652.0,59.0,67.0,57.0,1024.0,27.255483190512063,BTS,,939,OK,16.0,15.0,15.0,0.0,0.0,24.623446385359177,2.632036805152886,2.8156748028994842
5.0,GIRMS\IRMS-operator,2026-02-05 19:04:26.381,2026-02-05 20:22:24.546,Success,False,BTS,374,5.0,1,4.0,True,Unknown,,"0.003 V, 0.003 V, 0.003 V",59 µbar,73 °C,,11.277 V,9.5216 kV,67 µbar,Carbon Dioxide: 0.0216 kV,"1,168 µbar",10.414 V,12.750 V,493 µbar/min,3.459 V,9.91E-008 mbar,31 %,975 µbar,µ-Volume,,Pre,10.261060724353191,11.133076604313848,11.233480532685345,14.647819327930128,15.001632499316846,10.521801242923138,-2.2893266509378396,-3.701900986432527,-2.345359304739048,0.016161548098181752,0.004172893775545872,-3.71269311206186,0.015998324847840646,0.004130749713526875,-2.3453593047390475,0.016161548098181877,-3.716325975776143,0.019232741176240093,Natan Pereira BTS coral series 3.xlsx,2026-02-05 19:04:26.381,739652.0,493.0,1168.0,67.0,975.0,9.910317192172403,BTS,,374,OK,16.0,15.0,15.0,0.0,0.0,10.001725798462614,-0.09140860629021041,-0.08753569559047979
6.0,GIRMS\IRMS-operator,2026-02-05 19:43:12.551,2026-02-05 20:57:12.513,Success,False,SHP2L,,6.0,2,4.0,True,QC Standard,SHP2L,"0.003 V, 0.003 V, 0.004 V",49 µbar,72 °C,,14.191 V,9.5215 kV,54 µbar,Carbon Dioxide: 0.0215 kV,113 µbar,13.033 V,16.132 V,54 µbar/min,10.176 V,1.15E-007 mbar,24 %,973 µbar,µ-Volume,,Pre,12.78208723751256,13.884237204697516,14.049356971886542,18.200805587005078,18.766334456633984,13.163810283815357,-0.8206355341513483,-6.073207729193952,-0.9188812029517156,0.032338726557611934,0.008349823293012435,-6.098903682700357,0.016270557096075205,0.004067639274018801,-0.9188812029517156,0.03233872655761193,-6.100616746267451,0.015275247472563014,Natan Pereira BTS coral series 3.xlsx,2026-02-05 19:43:12.551,739652.0,54.0,113.0,54.0,973.0,12.339805872117969,SHP2L,,,OK,16.0,15.0,15.0,0.0,0.0,12.474095136796924,-0.13428926467895508,-0.1283884809109901
7.0,GIRMS\IRMS-operator,2026-02-05 20:22:24.696,2026-02-05 21:28:35.240,Success,False,BTS,645,7.0,1,5.0,True,Unknown,,"0.003 V, 0.003 V, 0.004 V",62 µbar,73 °C,,7.361 V,9.5213 kV,67 µbar,Carbon Dioxide: 0.0213 kV,"1,148 µbar",6.865 V,8.161 V,459 µbar/min,12.653 V,7.71E-008 mbar,44 %,921 µbar,µ-Volume,,Pre,6.771974492149818,7.346668753416631,7.4270083996553655,9.667246004501768,9.91643292202125,6.9548266411595225,-2.627091755620037,-3.745050126200966,-2.655051283386271,0.02523865232753355,0.006309663081883387,-3.7193118007793866,0.015200592012457378,0.00392477598111606,-2.65691525190402,0.024958526595153088,-3.714133260732244,0.018646776188847382,Natan Pereira BTS coral series 3.xlsx,2026-02-05 20:22:24.696,739652.0,459.0,1148.0,67.0,921.0,6.563209223824013,BTS,,645,OK,16.0,15.0,15.0,0.0,0.0,6.642617511826027,-0.07940828800201416,-0.07582777713203308
8.0,GIRMS\IRMS-operator,2026-02-05 20:57:12.663,2026-02-05 22:04:34.437,Success,False,BTS,943,8.0,2,5.0,True,Unknown,,"0.003 V, 0.003 V, 0.003 V",52 µbar,72 °C,,25.608 V,9.5216 kV,59 µbar,Carbon Dioxide: 0.0216 kV,86 µbar,25.061 V,30.497 V,49 µbar/min,6.751 V,1.84E-007 mbar,10 %,"1,029 µbar",µ-Volume,,Pre,24.606792157435876,26.666620060347817,27.521365567588113,35.10511689148298,36.78996138534895,25.820581143641927,-1.8623835066305938,-3.690053857354769,-2.0726181215927615,0.10798516468369057,0.026996291170922643,-3.794757229304957,0.02661281081910418,0.006871398206543937,-2.08663376259024,0.09553113578440273,-3.794757229304957,0.026612810819103994,Natan Pereira BTS coral series 3.xlsx,2026-02-05 20:57:12.663,739652.0,49.0,86.0,59.0,1029.0,23.547930544162256,BTS,,943,OK,16.0,15.0,15.0,0.0,0.0,24.138463562274435,-0.5905330181121791,-0.5567661160626113
9.0,GIRMS\IRMS-operator,2026-02-05 21:28:35.379,2026-02-05 22:47:22.263,Success,False,BTS,955,9.0,1,6.0,True,Unknown,,"0.002 V, 0.002 V, 0.003 V",59 µbar,73 °C,,17.835 V,9.5217 kV,71 µbar,Carbon Dioxide: 0.0217 kV,"1,224 µbar",15.282 V,20.715 V,601 µbar/min,3.467 V,1.29E-007 mbar,21 %,"1,016 µbar",µ-Volume,,Pre,14.930785181419534,16.207344566563584,16.521088515500043,21.31123597627384,22.07137401109439,15.483677866356057,-1.2336980064362457,-3.611843794031677,-1.3488457167267618,0.03862688234562135,0.009973418136033651,-3.6494186084586064,0.019334198126623924,0.00499206849044594,-1.3488457167267616,0.03862688234562134,-3.6484773399046686,0.021514868514967648,Natan Pereira BTS coral series 3.xlsx,2026-02-05 21:28:35.379,739652.0,601.0,1224.0,71.0,1016.0,14.36658251513688,BTS,,955,OK,16.0,15.0,15.0,0.0,0.0,14.635891201393287,-0.2693086862564069,-0.2554877899400435
10.0,GIRMS\IRMS-operator,2026-02-05 22:04:34.602,2026-02-05 23:19:06.851,Success,False,BTS,921,10.0,2,6.0,True,Unknown,,"0.003 V, 0.003 V, 0.004 V",52 µbar,72 °C,,21.630 V,9.5215 kV,59 µbar,Carbon Dioxide: 0.0215 kV,206 µbar,19.938 V,25.456 V,142 µbar/min,14.753 V,1.58E-007 mbar,14 %,"1,014 µbar",µ-Volume,,Pre,19.502332604522547,21.155061257438273,21.661968958930583,27.827628677992458,28.948061889319057,20.313268697852926,-1.3785437843728543,-3.687120779689468,-1.5465211043398652,0.0882436594101425,0.022060914852535626,-3.7895847238799134,0.02788826166064931,0.0072007181977579715,-1.557719592337666,0.07869773974179654,-3.789584723879913,0.0278882616606494,Natan Pereira BTS coral series 3.xlsx,2026-02-05 22:04:34.602,739652.0,142.0,206.0,59.0,1014.0,18.737798727149805,BTS,,921,OK,16.0,15.0,15.0,0.0,0.0,19.09946481048568,-0.36166608333587646,-0.3429182854875566
11.0,GIRMS\IRMS-operator,2026-02-05 22:47:22.458,2026-02-05 23:50:02.137,Success,False,SHP2L,,11.0,1,7.0,True,QC Standard,SHP2L,"0.003 V, 0.004 V, 0.004 V",64 µbar,72 °C,,15.448 V,9.5214 kV,74 µbar,Carbon Dioxide: 0.0214 kV,"1,224 µbar",14.763 V,17.752 V,567 µbar/min,19.033 V,1.25E-007 mbar,19 %,"1,031 µbar",µ-Volume,,Pre,14.547964731880256,15.79782702929465,15.970173859662692,20.710882650658704,21.33437703733168,14.967462221809456,-0.8442857571099305,-6.152246176154841,-0.9635843337294725,0.03812174126203932,0.009842991269087093,-6.186024184061236,0.020844696516865484,0.005211174129216371,-0.9635843337294726,0.03812174126203933,-6.188276051254997,0.019457835709928303,Natan Pereira BTS coral series 3.xlsx,2026-02-05 22:47:22.458,739652.0,567.0,1224.0,74.0,1031.0,14.012045527625917,SHP2L,,,OK,16.0,15.0,15.0,0.0,0.0,14.156988984329619,-0.144943456703702,-0.1386483638869033
12.0,GIRMS\IRMS-operator,2026-02-05 23:19:07.019,2026-02-06 00:24:25.055,Success,False,BTS,897,12.0,2,7.0,True,Unknown,,"0.003 V, 0.003 V, 0.004 V",54 µbar,72 °C,,24.483 V,9.5216 kV,49 µbar,Carbon Dioxide: 0.0216 kV,96 µbar,23.715 V,29.990 V,83 µbar/min,14.232 V,1.81E-007 mbar,10 %,"1,034 µbar",µ-Volume,,Pre,23.43510139282,25.386960274060346,26.00500083573637,33.427400450982105,34.760264616288204,24.395213010861987,-2.3510285368371076,-3.889689857759948,-2.5777356259770365,0.08374204191834834,0.02162210224847777,-3.9688193887978507,0.026662912065589524,0.006884334292761402,-2.577735625977036,0.08374204191834837,-3.968819388797851,0.026662912065589635,Natan Pereira BTS coral series 3.xlsx,2026-02-05 23:19:07.019,739652.0,83.0,96.0,49.0,1034.0,22.43307280833971,BTS,,897,OK,16.0,15.0,15.0,0.0,0.0,22.84219909007799,-0.40912628173828125,-0.38832354290898347
13.0,GIRMS\IRMS-operator,2026-02-05 23:50:02.282,2026-02-06 01:11:00.879,Success,False,BTS,884,13.0,1,8.0,True,Unknown,,"0.002 V, 0.002 V, 0.003 V",47 µbar,72 °C,,13.123 V,9.5219 kV,76 µbar,Carbon Dioxide: 0.0219 kV,"1,224 µbar",12.290 V,14.863 V,664 µbar/min,3.469 V,1.09E-007 mbar,26 %,997 µbar,µ-Volume,,Pre,11.960224365912525,12.977903390508203,13.253679180722742,17.072635785820605,17.70198632884276,12.417686998596828,-1.9124749034514776,-3.582709785646343,-1.9923854566174106,0.0320433193867246,0.008273549489465975,-3.6232195430040415,0.020267088517306447,0.005232939753575963,-1.9923854566174108,0.03204331938672464,-3.6224045038502815,0.022169122801265314,Natan Pereira BTS coral series 3.xlsx,2026-02-05 23:50:02.282,739652.0,664.0,1224.0,76.0,997.0,11.553572064746279,BTS,,884,OK,16.0,15.0,15.0,0.0,0.0,11.778844415894191,-0.22527235114791289,-0.213553637399506
14.0,GIRMS\IRMS-operator,2026-02-06 00:24:25.210,2026-02-06 01:38:04.895,Success,False,BTS,909,14.0,2,8.0,True,Unknown,,"0.003 V, 0.003 V, 0.004 V",62 µbar,73 °C,,20.371 V,9.5217 kV,54 µbar,Carbon Dioxide: 0.0217 kV,86 µbar,18.561 V,23.814 V,68 µbar/min,11.977 V,1.48E-007 mbar,16 %,"1,036 µbar",µ-Volume,,Pre,18.09318264605406,19.61373944148839,20.134147595022327,25.81434912745953,26.904324365305904,18.87828012587431,-2.1517478337834683,-3.803735719888346,-2.3149410502675267,0.05762748902382519,0.014879353684868377,-3.868219986634277,0.02423014283989692,0.00625619597967651,-2.314941050267527,0.05762748902382519,-3.868219986634277,0.024230142839896926,Natan Pereira BTS coral series 3.xlsx,2026-02-06 00:24:25.210,739653.0,68.0,86.0,54.0,1036.0,17.379670344609053,BTS,,909,OK,16.0,15.0,15.0,0.0,0.0,17.779632412213118,-0.39996206760406494,-0.3778531529904487
15.0,GIRMS\IRMS-operator,2026-02-06 01:11:01.071,2026-02-06 02:13:34.684,Success,False,BTS,387,15.0,1,9.0,True,Unknown,,"0.003 V, 0.003 V, 0.004 V",49 µbar,72 °C,,4.718 V,9.5216 kV,71 µbar,Carbon Dioxide: 0.0216 kV,"1,178 µbar",4.421 V,5.122 V,640 µbar/min,17.754 V,6.12E-008 mbar,66 %,828 µbar,µ-Volume,,Pre,4.319698016592409,4.682856884725306,4.793984735478602,6.16559038603648,6.3997768120214085,4.488557653166893,-3.4950466654886103,-3.8394001584354243,-3.4705540874051946,0.017444237243451434,0.0043610593108628585,-3.8005909637182023,0.029077583329431098,0.007269395832357774,-3.468921248866301,0.01674310601945851,-3.798003684070387,0.028127292224001038,Natan Pereira BTS coral series 3.xlsx,2026-02-06 01:11:01.071,739653.0,640.0,1178.0,71.0,828.0,4.198307455213795,BTS,,387,OK,16.0,15.0,15.0,0.0,0.0,4.304185937376557,-0.10587848216276186,-0.09981054149074221
16.0,GIRMS\IRMS-operator,2026-02-06 01:38:05.053,2026-02-06 02:46:41.756,Success,False,SHP2L,,16.0,2,9.0,True,QC Standard,SHP2L,"0.002 V, 0.002 V, 0.003 V",59 µbar,72 °C,,4.812 V,9.5220 kV,49 µbar,Carbon Dioxide: 0.0220 kV,74 µbar,4.435 V,5.258 V,117 µbar/min,4.379 V,5.55E-008 mbar,65 %,841 µbar,µ-Volume,,Pre,4.433861723190266,4.819739430913131,4.822823968338613,6.314055569585412,6.438018329557032,4.515321508638421,-0.8068946033753521,-6.143694154220003,-0.8290400177743268,0.02167004679326712,0.00541751169831678,-6.088215507828225,0.015308213739356685,0.003952563791514134,-0.8305163787342583,0.02158165543129715,-6.088215507828224,0.015308213739356666,Natan Pereira BTS coral series 3.xlsx,2026-02-06 01:38:05.053,739653.0,117.0,74.0,49.0,841.0,4.305196050705228,SHP2L,,,OK,16.0,15.0,15.0,0.0,0.0,4.328789128596117,-0.02359307789088927,-0.022677574037734363
17.0,GIRMS\IRMS-operator,2026-02-06 02:13:34.785,2026-02-06 03:31:33.537,Success,False,BTS,636,17.0,1,10.0,True,Unknown,,"0.002 V, 0.002 V, 0.002 V",49 µbar,72 °C,,8.260 V,9.5220 kV,67 µbar,Carbon Dioxide: 0.0220 kV,"1,143 µbar",7.581 V,9.163 V,562 µbar/min,3.482 V,7.98E-008 mbar,43 %,914 µbar,µ-Volume,,Pre,7.438167534676886,8.06677720476728,8.148971931525542,10.615221885754126,10.879598287655373,7.631450312193462,-2.895811681417393,-3.8768912531965682,-2.9464918430284044,0.016660561080965766,0.004452722245456714,-3.885186228025125,0.024736307384272124,0.006184076846068031,-2.949674881465581,0.020241629517543696,-3.885739226347029,0.025501932462590183,Natan Pereira BTS coral series 3.xlsx,2026-02-06 02:13:34.785,739653.0,562.0,1143.0,67.0,914.0,7.206141775004491,BTS,,636,OK,16.0,15.0,15.0,0.0,0.0,7.282703868203178,-0.07656209319868701,-0.0732165800150612
18.0,GIRMS\IRMS-operator,2026-02-06 02:46:41.887,2026-02-06 03:59:13.310,Success,False,BTS,856,18.0,2,10.0,True,Unknown,,"0.002 V, 0.002 V, 0.003 V",57 µbar,73 °C,,15.588 V,9.5220 kV,54 µbar,Carbon Dioxide: 0.0220 kV,135 µbar,14.357 V,17.966 V,83 µbar/min,7.462 V,1.21E-007 mbar,22 %,"1,009 µbar",µ-Volume,,Pre,14.047801973688477,15.228396922133896,15.50655689813945,20.043906637608952,20.713669129788826,14.53253674732434,-2.605243627975873,-3.8763838754346525,-2.7325169186778027,0.03387749896377934,0.009054142445946536,-3.909340541761258,0.016905555935688897,0.004226388983922224,-2.72389320366572,0.046703686682675424,-3.9115376528496975,0.01494852121217807,Natan Pereira BTS coral series 3.xlsx,2026-02-06 02:46:41.887,739653.0,83.0,135.0,54.0,1009.0,13.527200105059022,BTS,,856,OK,16.0,15.0,15.0,0.0,0.0,13.748378040659302,-0.22117793560028076,-0.2103215328194913
19.0,GIRMS\IRMS-operator,2026-02-06 03:31:33.774,2026-02-06 04:36:28.290,Success,False,BTS,862,19.0,1,11.0,True,Unknown,,"0.003 V, 0.003 V, 0.003 V",52 µbar,73 °C,,10.629 V,9.5219 kV,67 µbar,Carbon Dioxide: 0.0219 kV,"1,097 µbar",10.042 V,11.949 V,410 µbar/min,13.862 V,9.58E-008 mbar,31 %,943 µbar,µ-Volume,,Pre,9.909607387681692,10.758085083303737,10.829670261678979,14.151319841574283,14.461488141392906,10.144519222680454,-1.6251046094793997,-3.172603085014103,-1.7000301403466975,0.02275142130926021,0.005874391722220889,-3.1906286302285056,0.02589971585979846,0.006687277879766903,-1.7000301403466977,0.0227514213092602,-3.196083559639481,0.030107076962331464,Natan Pereira BTS coral series 3.xlsx,2026-02-06 03:31:33.774,739653.0,410.0,1097.0,67.0,943.0,9.583212664165917,BTS,,862,OK,16.0,15.0,15.0,0.0,0.0,9.64949296594633,-0.066280301780413,-0.06361749994577741
20.0,GIRMS\IRMS-operator,2026-02-06 03:59:13.530,2026-02-06 05:08:58.547,Success,False,BTS,894,20.0,2,11.0,True,Unknown,,"0.003 V, 0.003 V, 0.003 V",62 µbar,72 °C,,6.123 V,9.5220 kV,57 µbar,Carbon Dioxide: 0.0220 kV,206 µbar,5.685 V,6.724 V,151 µbar/min,9.801 V,6.96E-008 mbar,52 %,899 µbar,µ-Volume,,Pre,5.6183072407743415,6.101492355107842,6.137725611876498,8.019091167777011,8.193904817163682,5.7472378017621395,-1.6270248058642967,-3.815650148159211,-1.6610016925001343,0.014726743131626087,0.0038024287261774863,-3.7942537132203,0.019055838880971048,0.00492019644226751,-1.6601631392823075,0.016984628195458183,-3.7894074150691157,0.022208640621469777,Natan Pereira BTS coral series 3.xlsx,2026-02-06 03:59:13.530,739653.0,151.0,206.0,57.0,899.0,5.449050949485197,BTS,,894,OK,16.0,15.0,15.0,0.0,0.0,5.499541759490966,-0.05049081000576905,-0.04834952274410499
21.0,GIRMS\IRMS-operator,2026-02-06 04:36:28.460,2026-02-06 05:53:51.558,Success,False,SHP2L,,21.0,1,12.0,True,QC Standard,SHP2L,"0.002 V, 0.002 V, 0.002 V",54 µbar,72 °C,,12.227 V,9.5222 kV,71 µbar,Carbon Dioxide: 0.0222 kV,"1,139 µbar",11.323 V,13.816 V,459 µbar/min,3.484 V,1.03E-007 mbar,29 %,968 µbar,µ-Volume,,Pre,11.115465410053723,12.07533909351922,12.21746636898614,15.82618919359777,16.31613937365148,11.446043848991394,-0.8223110083975804,-6.081012826589127,-0.9273988440055152,0.03156921476701625,0.00815113620303328,-6.131365459927652,0.020533523011320998,0.005301732844120866,-0.9273988440055151,0.03156921476701626,-6.131365459927651,0.020533523011320946,Natan Pereira BTS coral series 3.xlsx,2026-02-06 04:36:28.460,739653.0,459.0,1139.0,71.0,968.0,10.731965303421019,SHP2L,,,OK,16.0,15.0,15.0,0.0,0.0,10.869041085243225,-0.13707578182220637,-0.13080798331674567
22.0,GIRMS\IRMS-operator,2026-02-06 05:08:58.724,2026-02-06 06:21:50.859,Success,False,BTS,946,22.0,2,12.0,True,Unknown,,"0.003 V, 0.003 V, 0.003 V",62 µbar,72 °C,,25.647 V,9.5220 kV,54 µbar,Carbon Dioxide: 0.0220 kV,169 µbar,23.225 V,30.642 V,63 µbar/min,11.041 V,1.71E-007 mbar,12 %,"1,053 µbar",µ-Volume,,Pre,22.59251423045403,24.481561842064473,25.33362514028988,32.24173955925035,33.8619279146962,23.765995575630722,-2.006581105683969,-3.3353160737742416,-2.219027981536555,0.08630957487545257,0.022285036407391327,-3.4083747605973955,0.03302022246012791,0.008525784778409299,-2.2190279815365552,0.08630957487545256,-3.407520833700668,0.03514198216867018,Natan Pereira BTS coral series 3.xlsx,2026-02-06 05:08:58.724,739653.0,63.0,169.0,54.0,1053.0,21.619438602173382,BTS,,946,OK,16.0,15.0,15.0,0.0,0.0,22.271200491631085,-0.6517618894577026,-0.6114701148792451
23.0,GIRMS\IRMS-operator,2026-02-06 05:53:51.762,2026-02-06 06:59:28.697,Success,False,BTS,388,23.0,1,13.0,True,Unknown,,"0.003 V, 0.003 V, 0.004 V",52 µbar,73 °C,,6.355 V,9.5218 kV,67 µbar,Carbon Dioxide: 0.0218 kV,"1,126 µbar",6.001 V,7.002 V,444 µbar/min,21.932 V,7.16E-008 mbar,49 %,870 µbar,µ-Volume,,Pre,5.858317977070317,6.357532814872595,6.4911962307814095,8.383081804974918,8.665792791394676,6.078267741007329,-2.3534906671918154,-1.2195900873871457,-2.3710755080513866,0.01622939192974204,0.0041904109775309315,-1.25000509871985,0.030592600088569677,0.007648150022142419,-2.36941319505158,0.019169803835903363,-1.2520327661420305,0.030533194185876453,Natan Pereira BTS coral series 3.xlsx,2026-02-06 05:53:51.762,739653.0,444.0,1126.0,67.0,870.0,5.687687873481991,BTS,,388,OK,16.0,15.0,15.0,0.0,0.0,5.813989874859095,-0.12630200137710368,-0.1194145388095831
24.0,GIRMS\IRMS-operator,2026-02-06 06:21:51.037,2026-02-06 07:31:37.018,Success,False,BTS,999,24.0,2,13.0,True,Unknown,,"0.002 V, 0.002 V, 0.003 V",62 µbar,72 °C,,48.444 V,9.5221 kV,57 µbar,Carbon Dioxide: 0.0221 kV,191 µbar,24.081 V,48.944 V,122 µbar/min,5.912 V,1.77E-007 mbar,10 %,"1,095 µbar",µ-Volume,48.423 V,Pre,44.32424083378378,47.970631399885875,26.444935479895335,48.926060704901985,35.3478842064889,24.81024637844626,-3.210919473872975,-229.0784336663796,-3.1107628123521196,0.14691655321148855,0.03672913830287214,-33.019746431036396,57.071136245905834,14.73570401530185,-3.104085701584062,0.14953905131222045,-4.327531979977717,0.0867673959674945,Natan Pereira BTS coral series 3.xlsx,2026-02-06 06:21:51.037,739653.0,122.0,191.0,57.0,1095.0,41.8483830991036,BTS,,999,Partially Saturated Collectors,16.0,15.0,10.0,0.0,5.0,23.22583571102683,18.62254738807677,32.42887705090688
25.0,GIRMS\IRMS-operator,2026-02-06 06:59:28.854,2026-02-06 08:17:43.768,Success,False,BTS,382,25.0,1,14.0,True,Unknown,,"0.002 V, 0.002 V, 0.002 V",52 µbar,73 °C,,4.738 V,9.5224 kV,67 µbar,Carbon Dioxide: 0.0224 kV,"1,043 µbar",4.348 V,5.118 V,361 µbar/min,3.490 V,5.55E-008 mbar,72 %,824 µbar,µ-Volume,,Pre,4.337084747375862,4.707874782972763,4.731964969022624,6.190990233346612,6.317143464013726,4.430365838529786,-2.213855980372159,-3.7989831027963605,-2.230263682380836,0.022065012520202192,0.005516253130050548,-3.749568947701419,0.029133037771617243,0.007283259442904311,-2.231357529181414,0.022385919466737514,-3.7462746706950893,0.0268945901468967,Natan Pereira BTS coral series 3.xlsx,2026-02-06 06:59:28.854,739653.0,361.0,1043.0,67.0,824.0,4.213816670836957,BTS,,382,OK,16.0,15.0,15.0,0.0,0.0,4.250081565146584,-0.036264894309627316,-0.034749637398691274
26.0,GIRMS\IRMS-operator,2026-02-06 07:31:37.215,2026-02-06 08:45:55.920,Success,False,SHP2L,,26.0,2,14.0,True,QC Standard,SHP2L,"0.002 V, 0.002 V, 0.002 V",62 µbar,72 °C,,9.643 V,9.5223 kV,54 µbar,Carbon Dioxide: 0.0223 kV,159 µbar,8.880 V,10.823 V,93 µbar/min,4.309 V,8.77E-008 mbar,36 %,963 µbar,µ-Volume,,Pre,8.685896436406134,9.438140686694494,9.535266455355993,12.369006872177124,12.731656432151794,8.930430397210646,-0.8644633842280758,-6.04764201433472,-0.8899608729827229,0.017477676513481075,0.004369419128370269,-6.0686031949788095,0.017404643007881106,0.004351160751970277,-0.8916607055663662,0.016665992426128238,-6.0700006070217505,0.0170611536061486,Natan Pereira BTS coral series 3.xlsx,2026-02-06 07:31:37.215,739653.0,93.0,159.0,54.0,963.0,8.414740006161688,SHP2L,,,OK,16.0,15.0,15.0,0.0,0.0,8.508176595153193,-0.09343658899150498,-0.08931135350214384
27.0,GIRMS\IRMS-operator,2026-02-06 08:17:43.960,2026-02-06 09:23:23.805,Success,False,BTS,984,27.0,1,15.0,True,Unknown,,"0.002 V, 0.002 V, 0.003 V",52 µbar,72 °C,,12.210 V,9.5222 kV,76 µbar,Carbon Dioxide: 0.0222 kV,"1,195 µbar",11.305 V,13.789 V,630 µbar/min,8.691 V,1.03E-007 mbar,28 %,982 µbar,µ-Volume,,Pre,11.08054239000256,12.018962685416511,12.15779680425959,15.81289305634064,16.23729302830262,11.3900952577113,-2.3463620296244603,-3.835935015305436,-2.4468967628846245,0.020942580967485698,0.005407351154244834,-3.872410333871111,0.025232272810959366,0.006308068202739841,-2.4468967628846245,0.020942580967485705,-3.8748420217754895,0.024099301134900015,Natan Pereira BTS coral series 3.xlsx,2026-02-06 08:17:43.960,739653.0,630.0,1195.0,76.0,982.0,10.710363888692745,BTS,,984,OK,16.0,15.0,15.0,0.0,0.0,10.816355848264584,-0.10599195957183838,-0.10143356046884501
28.0,GIRMS\IRMS-operator,2026-02-06 08:45:56.156,2026-02-06 09:57:16.117,Success,False,BTS,355,28.0,2,15.0,True,Unknown,,"0.002 V, 0.003 V, 0.003 V",62 µbar,72 °C,,23.620 V,9.5222 kV,54 µbar,Carbon Dioxide: 0.0222 kV,203 µbar,21.479 V,27.983 V,98 µbar/min,11.003 V,1.65E-007 mbar,12 %,"1,048 µbar",µ-Volume,,Pre,20.91538566079231,22.668876450363562,23.406230609718726,29.847960776819633,31.28286809398119,21.953028020525895,-2.055835780632176,-3.475145159990589,-2.254973545766684,0.0728005003543755,0.018797008364537564,-3.5437067203799026,0.03497376134346253,0.008743440335865632,-2.2549735457666844,0.07280050035437537,-3.548277491072523,0.03086073904743819,Natan Pereira BTS coral series 3.xlsx,2026-02-06 08:45:56.156,739653.0,98.0,203.0,54.0,1048.0,20.04062789406868,BTS,,355,OK,16.0,15.0,15.0,0.0,0.0,20.609181699419935,-0.5685538053512538,-0.5343276345707854
29.0,GIRMS\IRMS-operator,2026-02-06 09:23:24.017,2026-02-06 10:43:06.555,Success,False,BTS,898,29.0,1,16.0,True,Unknown,,"0.002 V, 0.002 V, 0.002 V",49 µbar,72 °C,,17.568 V,9.5225 kV,67 µbar,Carbon Dioxide: 0.0225 kV,"1,053 µbar",15.240 V,20.392 V,366 µbar/min,3.482 V,1.29E-007 mbar,21 %,985 µbar,µ-Volume,,Pre,14.85914231280385,16.12365580901704,16.438085211368417,21.22368301715401,21.960321920771868,15.405731806555377,-1.6259283787628531,-2.9197343423551514,-1.7120813835079034,0.05414138722519591,0.013535346806298977,-2.944385114965449,0.016480413254797367,0.004255224404963078,-1.7178249171575735,0.05074599509296629,-2.948737627461358,0.018051491975852096,Natan Pereira BTS coral series 3.xlsx,2026-02-06 09:23:24.017,739653.0,366.0,1053.0,67.0,985.0,14.308604011335955,BTS,,898,OK,16.0,15.0,15.0,0.0,0.0,14.56271351317464,-0.2541095018386841,-0.24130223959543692
30.0,GIRMS\IRMS-operator,2026-02-06 09:57:16.345,2026-02-06 11:10:39.419,Success,False,BTS,866,30.0,2,16.0,True,Unknown,,"0.003 V, 0.003 V, 0.004 V",64 µbar,73 °C,,8.791 V,9.5221 kV,54 µbar,Carbon Dioxide: 0.0221 kV,281 µbar,8.143 V,9.811 V,78 µbar/min,14.766 V,8.51E-008 mbar,38 %,941 µbar,µ-Volume,,Pre,8.076768701776349,8.764891824695983,8.793195165488402,11.528702030854417,11.741237292962266,8.235129909764145,-2.202986635880033,-3.7764519881517966,-2.237777259868304,0.017064110015674375,0.004405934260570536,-3.828491872001109,0.019152857499963594,0.004945246541976188,-2.2368233076898165,0.019389497994076257,-3.8284918720011087,0.019152857499963646,Natan Pereira BTS coral series 3.xlsx,2026-02-06 09:57:16.345,739653.0,78.0,281.0,54.0,941.0,7.815617918751564,BTS,,866,OK,16.0,15.0,15.0,0.0,0.0,7.854047976820737,-0.038430058069172546,-0.03695951808283027
31.0,GIRMS\IRMS-operator,2026-02-06 10:43:06.750,2026-02-06 11:48:41.235,Success,False,SHP2L,,31.0,1,17.0,True,QC Standard,SHP2L,"0.002 V, 0.002 V, 0.003 V",52 µbar,72 °C,,6.576 V,9.5222 kV,69 µbar,Carbon Dioxide: 0.0222 kV,"1,107 µbar",6.291 V,7.248 V,415 µbar/min,7.998 V,7.38E-008 mbar,48 %,863 µbar,µ-Volume,,Pre,6.193843750445745,6.742016438947068,6.81142699923134,8.857717902392427,9.094518003479116,6.378124281494385,0.6639326132209522,-1.9807762009945717,0.6456170952282431,0.021642690155560643,0.005410672538890161,-1.9598204895024633,0.014470388174246758,0.0038673739144040476,0.6443960606953958,0.021824410445721885,-1.9663984724213492,0.025080383387100502,Natan Pereira BTS coral series 3.xlsx,2026-02-06 10:43:06.750,739653.0,415.0,1107.0,69.0,863.0,6.008366867630249,SHP2L,,,OK,16.0,15.0,15.0,0.0,0.0,6.097469517616329,-0.08910264998607964,-0.08485607002785642
32.0,GIRMS\IRMS-operator,2026-02-06 11:10:39.653,2026-02-06 12:23:35.510,Success,False,BTS,361,32.0,2,17.0,True,Unknown,,"0.002 V, 0.002 V, 0.002 V",67 µbar,72 °C,,13.007 V,9.5220 kV,57 µbar,Carbon Dioxide: 0.0220 kV,469 µbar,12.005 V,14.760 V,93 µbar/min,6.194 V,1.08E-007 mbar,25 %,"1,002 µbar",µ-Volume,,Pre,11.754520308573742,12.746882967125513,12.947871903593564,16.77319163210117,17.293778599569432,12.13096513145327,-2.522624197274337,-3.9597022984068087,-2.6297049172796885,0.03455013418952049,0.008920806288349624,-3.9639317347721983,0.016037816280719513,0.004009454070179878,-2.6297049172796885,0.03455013418952053,-3.964213697196557,0.016559616523578288,Natan Pereira BTS coral series 3.xlsx,2026-02-06 11:10:39.653,739653.0,93.0,469.0,57.0,1002.0,11.34138240211367,BTS,,361,OK,16.0,15.0,15.0,0.0,0.0,11.50912822005759,-0.16774581794392063,-0.15975731622270672
33.0,GIRMS\IRMS-operator,2026-02-06 11:48:41.443,2026-02-06 13:06:25.707,Success,False,BTS,358,33.0,1,18.0,True,Unknown,,"0.002 V, 0.002 V, 0.002 V",52 µbar,72 °C,,1.808 V,9.5221 kV,67 µbar,Carbon Dioxide: 0.0221 kV,"1,087 µbar",3.244 V,1.922 V,527 µbar/min,3.469 V,4.81E-008 mbar,100 %,611 µbar,µ-Volume,1.696 V,Pre,1.739056195468667,1.888984591735845,3.563744269310839,2.4947533644005873,4.757549280515265,3.336419336163681,-1.5905749263467328,1.1081593490382957,-1.6279870104886418,0.02863834351656046,0.007159585879140115,1.0857557915445217,0.03777136492625619,0.009752524488194211,-1.630481149431436,0.027786617815515096,1.091223236354303,0.0462336385104226,Natan Pereira BTS coral series 3.xlsx,2026-02-06 11:48:41.443,739653.0,527.0,1087.0,67.0,611.0,1.6933673597064356,BTS,,358,OK,16.0,15.0,15.0,0.0,0.0,3.2013256664509835,-1.507958306744548,-0.7708966364082588
34.0,GIRMS\IRMS-operator,2026-02-06 12:23:35.751,2026-02-06 13:38:06.779,Success,False,BTS,902,34.0,2,18.0,True,Unknown,,"0.002 V, 0.002 V, 0.002 V",64 µbar,72 °C,,24.779 V,9.5222 kV,57 µbar,Carbon Dioxide: 0.0222 kV,511 µbar,22.642 V,29.491 V,142 µbar/min,3.227 V,1.69E-007 mbar,12 %,"1,043 µbar",µ-Volume,,Pre,22.04338864563486,23.90746095647557,24.667062549493146,31.456518065551275,32.97135521135663,23.13725308655283,-1.307253599532765,-3.545203145501108,-1.5272751012917658,0.08135773649394425,0.021006477235078497,-3.6067264470683242,0.03237432193379822,0.008093580483449554,-1.5272751012917658,0.08135773649394425,-3.610828000506139,0.02888894136580725,Natan Pereira BTS coral series 3.xlsx,2026-02-06 12:23:35.751,739653.0,142.0,511.0,57.0,1043.0,21.111052792058196,BTS,,902,OK,16.0,15.0,15.0,0.0,0.0,21.689128439412325,-0.5780756473541295,-0.543798436283087
35.0,GIRMS\IRMS-operator,2026-02-06 13:06:25.950,2026-02-06 14:15:32.686,Success,False,BTS,608,35.0,1,19.0,True,Unknown,,"0.003 V, 0.003 V, 0.004 V",49 µbar,72 °C,,0.010 V,9.5218 kV,69 µbar,Carbon Dioxide: 0.0218 kV,"1,129 µbar",3.050 V,0.010 V,474 µbar/min,21.444 V,5.31E-008 mbar,100 %,62 µbar,µ-Volume,0.017 V,Pre,0.01003063856773906,0.010820609847942819,3.3539349405618797,0.014326149254053353,4.47760580716851,3.140015354673318,-8.427336444820632,-3.3258924716979,-7.862219744408216,0.7447450692337619,0.19229235002082998,-5.505522436678248,1.3725642745178286,0.34314106862945715,,,,,Natan Pereira BTS coral series 3.xlsx,2026-02-06 13:06:25.950,739653.0,474.0,1129.0,69.0,62.0,0.009436562496020429,BTS,,608,Failed Sample,16.0,15.0,15.0,0.0,0.0,3.0049264216572498,-2.9954898591612293,-0.009091453479424184
36.0,GIRMS\IRMS-operator,2026-02-06 13:38:06.975,2026-02-06 14:52:31.445,Success,False,SHP2L,,36.0,2,19.0,True,QC Standard,SHP2L,"0.002 V, 0.002 V, 0.002 V",62 µbar,73 °C,,15.737 V,9.5220 kV,52 µbar,Carbon Dioxide: 0.0220 kV,379 µbar,13.627 V,18.107 V,93 µbar/min,3.039 V,1.19E-007 mbar,21 %,"1,004 µbar",µ-Volume,,Pre,13.30496801433013,14.450648577258226,14.737272412821886,18.944897923597516,19.68696084988994,13.809849157900077,-0.8328812004870789,-6.107505294755344,-0.9313447759005249,0.049842584706627134,0.012460646176656784,-6.131503144605012,0.026696906311431193,0.006674226577857798,-0.9379090142614214,0.043852703688826454,-6.133103001261657,0.026828266252733376,Natan Pereira BTS coral series 3.xlsx,2026-02-06 13:38:06.975,739653.0,93.0,379.0,52.0,1004.0,12.827713623613576,SHP2L,,,OK,16.0,15.0,15.0,0.0,0.0,13.074523510301617,-0.24680988668804105,-0.23402994315915635
37.0,GIRMS\IRMS-operator,2026-02-06 14:15:32.889,2026-02-06 15:37:19.135,Success,False,BTS,871,37.0,1,20.0,True,Unknown,,"0.002 V, 0.002 V, 0.002 V",49 µbar,72 °C,,6.543 V,9.5223 kV,67 µbar,Carbon Dioxide: 0.0223 kV,"1,158 µbar",5.996 V,7.162 V,503 µbar/min,3.469 V,7.45E-008 mbar,53 %,870 µbar,µ-Volume,,Pre,5.898703587105106,6.409336462331782,6.496188657221285,8.433134321135633,8.67388363177865,6.082351601583844,-1.1879014779865305,-2.4058574884591177,-1.2187496157541402,0.018350050084532343,0.004587512521133086,-2.3876820808681027,0.012555420446110983,0.003241795619494662,-1.2208061582719807,0.016978593583282513,-2.389876283759573,0.017757104497461595,Natan Pereira BTS coral series 3.xlsx,2026-02-06 14:15:32.889,739653.0,503.0,1158.0,67.0,870.0,5.725215471250898,BTS,,871,OK,16.0,15.0,15.0,0.0,0.0,5.8181032830740245,-0.09288781182312622,-0.08833943776687277
38.0,GIRMS\IRMS-operator,2026-02-06 14:52:31.688,2026-02-06 16:05:30.144,Success,False,BTS,880,38.0,2,20.0,True,Unknown,,"0.002 V, 0.002 V, 0.002 V",54 µbar,72 °C,,7.358 V,9.5221 kV,47 µbar,Carbon Dioxide: 0.0221 kV,323 µbar,6.789 V,8.177 V,381 µbar/min,5.924 V,7.79E-008 mbar,46 %,889 µbar,µ-Volume,,Pre,6.663244330392575,7.240135604618394,7.321987604996049,9.511951496782457,9.77741543028472,6.856191214855327,-1.1060818160473218,-3.9046631941423993,-1.1227199549045905,0.015246953328079411,0.003936746421336887,-3.9001371816711337,0.017782768795137818,0.004591491159535046,-1.1265260475003942,0.017721892969084458,-3.9030816852171806,0.021790730590411297,Natan Pereira BTS coral series 3.xlsx,2026-02-06 14:52:31.688,739653.0,381.0,323.0,47.0,889.0,6.456587156212041,BTS,,880,OK,16.0,15.0,15.0,0.0,0.0,6.549606840633698,-0.0930196844216562,-0.08862334493508416
39.0,GIRMS\IRMS-operator,2026-02-06 15:37:19.402,2026-02-06 16:41:55.069,Success,False,BTS,934,39.0,1,21.0,True,Unknown,,"0.002 V, 0.002 V, 0.002 V",45 µbar,72 °C,,39.234 V,9.5218 kV,74 µbar,Carbon Dioxide: 0.0218 kV,"1,205 µbar",25.400 V,48.788 V,635 µbar/min,6.668 V,1.88E-007 mbar,10 %,"1,034 µbar",µ-Volume,35.025 V,Pre,38.30025557452855,41.47160819195188,27.82479694507992,48.94433335646504,37.20171169623249,26.10629264289556,-2.6785030162190804,-107.6514010078824,-2.6846164574729623,0.05211056721683003,0.013454890599480325,-8.16805327126107,14.189796738274833,3.66378976356045,-2.6759509406852016,0.06289196457049809,-4.070540464286019,0.06879264032319538,Natan Pereira BTS coral series 3.xlsx,2026-02-06 15:37:19.402,739653.0,635.0,1205.0,74.0,1034.0,36.330351867024284,BTS,,934,Partially Saturated Collectors,16.0,15.0,13.0,0.0,2.0,24.39833644801794,11.932015419006344,17.171517752938925
40.0,GIRMS\IRMS-operator,2026-02-06 16:05:30.385,2026-02-06 17:17:32.250,Success,False,BTS,373,40.0,2,21.0,True,Unknown,,"0.003 V, 0.003 V, 0.004 V",57 µbar,72 °C,,11.414 V,9.5211 kV,52 µbar,Carbon Dioxide: 0.0211 kV,733 µbar,10.546 V,12.863 V,186 µbar/min,23.925 V,1.01E-007 mbar,28 %,951 µbar,µ-Volume,,Pre,10.33738228893099,11.210788633340378,11.389751579278489,14.753567113863884,15.212224855410515,10.668843402420986,-2.688186835515527,-3.959243216425823,-2.753333163805808,0.032874224399263685,0.008488088241188917,-3.9510966353630157,0.017251762424197088,0.004454385904109481,-2.7501598131135654,0.04092388550415977,-3.9475834371334915,0.020528808411880543,Natan Pereira BTS coral series 3.xlsx,2026-02-06 16:05:30.385,739653.0,186.0,733.0,52.0,951.0,9.983639060305983,BTS,,373,OK,16.0,15.0,15.0,0.0,0.0,10.140135806316932,-0.15649674601094965,-0.1489141273548496
41.0,GIRMS\IRMS-operator,2026-02-06 16:41:55.334,2026-02-06 18:04:15.656,Success,False,SHP2L,,41.0,1,22.0,True,QC Standard,SHP2L,"0.002 V, 0.002 V, 0.002 V",47 µbar,72 °C,,12.337 V,9.5215 kV,74 µbar,Carbon Dioxide: 0.0215 kV,"1,207 µbar",10.555 V,14.036 V,698 µbar/min,3.472 V,9.96E-008 mbar,30 %,929 µbar,µ-Volume,,Pre,10.335993807202216,11.242733166308263,11.37141589356265,14.76949159869781,15.186679408641965,10.651660005932689,0.2889904962335432,-2.705447801951366,0.24752518046823602,0.02776156114338563,0.006940390285846408,-2.738686951724759,0.019951177720238533,0.004987794430059633,0.2447608260838822,0.02635820137725911,-2.740902895042985,0.018501438625272818,Natan Pereira BTS coral series 3.xlsx,2026-02-06 16:41:55.334,739653.0,698.0,1207.0,74.0,929.0,9.97888747919166,SHP2L,,,OK,16.0,15.0,15.0,0.0,0.0,10.122390430731972,-0.14350295154031123,-0.13672419146386722
42.0,GIRMS\IRMS-operator,2026-02-06 17:17:32.453,2026-02-06 18:32:13.505,Success,False,BTS,593,42.0,2,22.0,True,Unknown,,"0.002 V, 0.002 V, 0.003 V",59 µbar,73 °C,,7.400 V,9.5214 kV,57 µbar,Carbon Dioxide: 0.0214 kV,714 µbar,6.904 V,8.226 V,171 µbar/min,10.324 V,7.90E-008 mbar,45 %,914 µbar,µ-Volume,,Pre,6.81242006472588,7.389765743580778,7.444952270026244,9.72642675943819,9.940496841149006,6.971706350057035,-2.7248417594938346,-3.582739413703351,-2.7992409668307294,0.019916822671535217,0.005142501501081481,-3.6316452550020433,0.01982419063913935,0.005118584013161845,-2.79924096683073,0.019916822671535186,-3.6316452550020437,0.0198241906391394,Natan Pereira BTS coral series 3.xlsx,2026-02-06 17:17:32.453,739653.0,171.0,714.0,57.0,914.0,6.605279022970205,BTS,,593,OK,16.0,15.0,15.0,0.0,0.0,6.6585140427682035,-0.05323501979799872,-0.05103836541016291
43.0,GIRMS\IRMS-operator,2026-02-06 18:04:15.895,2026-02-06 19:10:15.264,Success,False,BTS,892,43.0,1,23.0,True,Unknown,,"0.002 V, 0.002 V, 0.002 V",49 µbar,72 °C,,21.526 V,9.5214 kV,74 µbar,Carbon Dioxide: 0.0214 kV,"1,165 µbar",20.168 V,25.180 V,498 µbar/min,6.779 V,1.57E-007 mbar,13 %,"1,024 µbar",µ-Volume,,Pre,19.656049618663427,21.32474604105669,21.92861559843737,28.054035935508157,29.3063593245615,20.563694248141882,-1.2335907765786969,-3.4639408486323298,-1.4446086692131654,0.06604743060299416,0.017053373252345762,-3.5402505491201124,0.027521934572606883,0.007106132950341106,-1.444608669213165,0.0660474306029942,-3.5402505491201124,0.027521934572606793,Natan Pereira BTS coral series 3.xlsx,2026-02-06 18:04:15.895,739653.0,498.0,1165.0,74.0,1024.0,18.87494565004313,BTS,,892,OK,16.0,15.0,15.0,0.0,0.0,19.32795585149729,-0.45301020145415904,-0.42755624669935727
44.0,GIRMS\IRMS-operator,2026-02-06 18:32:13.755,2026-02-06 19:43:49.122,Success,False,BTS,344,44.0,2,23.0,True,Unknown,,"0.003 V, 0.003 V, 0.003 V",59 µbar,72 °C,,12.395 V,9.5212 kV,54 µbar,Carbon Dioxide: 0.0212 kV,460 µbar,11.638 V,14.019 V,391 µbar/min,19.234 V,1.06E-007 mbar,25 %,980 µbar,µ-Volume,,Pre,11.488165077486606,12.463964263315011,12.544656509356791,16.3970791459761,16.753887450762782,11.752332863131137,-2.1131992659756405,-3.7131552434249704,-2.176671935711931,0.020870919898172247,0.005388848345710007,-3.7616521195623154,0.028321653438577524,0.007080413359644381,-2.1766719357119304,0.020870919898172267,-3.7648852446381382,0.026080914397044706,Natan Pereira BTS coral series 3.xlsx,2026-02-06 18:32:13.755,739653.0,391.0,460.0,54.0,980.0,11.08544629506168,BTS,,344,OK,16.0,15.0,15.0,0.0,0.0,11.156390723505588,-0.07094442844390869,-0.06812919377724026
45.0,GIRMS\IRMS-operator,2026-02-06 19:10:15.490,2026-02-06 20:30:12.648,Success,False,BTS,886,45.0,1,24.0,True,Unknown,,"0.002 V, 0.002 V, 0.002 V",49 µbar,72 °C,,17.246 V,9.5216 kV,71 µbar,Carbon Dioxide: 0.0216 kV,"1,146 µbar",14.888 V,20.038 V,625 µbar/min,3.474 V,1.26E-007 mbar,21 %,975 µbar,µ-Volume,,Pre,14.527643354755885,15.752865358519292,16.082970782446598,20.755820183577747,21.485246925177783,15.073189767223843,-2.307149058546343,-2.605897148411751,-2.397001211490283,0.0376156667224675,0.009712323384840344,-2.6499261672417105,0.025595702343406697,0.006398925585851674,-2.39680750673803,0.038115576637700904,-2.652861435163708,0.02354222378597746,Natan Pereira BTS coral series 3.xlsx,2026-02-06 19:10:15.490,739653.0,625.0,1146.0,71.0,975.0,13.98463013969088,BTS,,886,OK,16.0,15.0,15.0,0.0,0.0,14.251703651768214,-0.2670735120773333,-0.2532797729768495
46.0,GIRMS\IRMS-operator,2026-02-06 19:43:49.409,2026-02-06 20:57:44.457,Success,False,SHP2L,,46.0,2,24.0,True,QC Standard,SHP2L,"0.003 V, 0.003 V, 0.003 V",62 µbar,73 °C,,8.400 V,9.5215 kV,57 µbar,Carbon Dioxide: 0.0215 kV,584 µbar,7.829 V,9.384 V,313 µbar/min,14.430 V,8.30E-008 mbar,39 %,933 µbar,µ-Volume,,Pre,7.726759497701682,8.397059710475226,8.446048314715865,11.002450197806215,11.277212709059574,7.910118111327576,-0.7858518332228837,-6.120330731539392,-0.7763659097692907,0.016822204975227642,0.004343474647702947,-6.1316413621370565,0.017302072862419655,0.0044673760034012406,-0.7790327088118035,0.02106826535110314,-6.129524208324651,0.02044285755667891,Natan Pereira BTS coral series 3.xlsx,2026-02-06 19:43:49.409,739653.0,313.0,584.0,57.0,933.0,7.479579271547571,SHP2L,,,OK,16.0,15.0,15.0,0.0,0.0,7.544913574599527,-0.06533430305195598,-0.06259644245758758
1.0,GIRMS\IRMS-operator,2026-02-09 15:56:58.520,2026-02-09 16:52:57.425,Success,False,SHP2L,,1.0,1,2.0,True,QC Standard,SHP2L,"0.001 V, 0.001 V, 0.002 V",,72 °C,,3.764 V,9.5204 kV,35 µbar,Carbon Dioxide: 0.0204 kV,931 µbar,3.479 V,4.066 V,283 µbar/min,3.426 V,6.09E-008 mbar,89 %,714 µbar,µ-Volume,,Pre,3.4524494808624646,3.7533712579116334,3.802049247497849,4.918426753533366,5.076562137949679,3.559119149033437,-0.8146640766778512,-6.110061166933023,-0.8396848700946771,0.02310771168191702,0.005776927920479255,-6.1151703008059055,0.02523087335633822,0.006514583487957757,-0.8413529229891322,0.022899967213842846,-6.119930846677752,0.030404272454805835,Natan Pereira BTS coral series 4.1.xlsx,2026-02-09 15:56:58.520,739656.0,283.0,931.0,35.0,714.0,3.3552008249751926,SHP2L,,,OK,16.0,15.0,15.0,0.0,0.0,3.4177707411568354,-0.06256991618164287,-0.04935473585249715
2.0,GIRMS\IRMS-operator,2026-02-09 16:24:31.007,2026-02-09 17:21:03.061,Success,False,BTS,933,2.0,2,2.0,True,Unknown,,"0.001 V, 0.001 V, 0.002 V",27 µbar,72 °C,,48.471 V,9.5202 kV,37 µbar,Carbon Dioxide: 0.0202 kV,638 µbar,25.613 V,48.983 V,142 µbar/min,3.445 V,1.88E-007 mbar,10 %,946 µbar,µ-Volume,47.861 V,Pre,43.18756295469087,46.75637472454988,28.050455339593512,48.966031346225535,37.50905004491785,26.317660343912063,-2.7887795468425347,-208.42477709094442,-2.7507112492443153,0.09507020234402748,0.02376755058600687,-27.885653621417127,49.392747690831214,12.753152615334276,-2.7481733627377674,0.09784438895700925,-4.407886266517163,0.07885907458231654,Natan Pereira BTS coral series 4.1.xlsx,2026-02-09 16:24:31.007,739656.0,142.0,638.0,37.0,946.0,40.86284769799989,BTS,,933,Partially Saturated Collectors,16.0,15.0,11.0,0.0,4.0,24.588768017557083,16.274079680442807,21.730812456818175
3.0,GIRMS\IRMS-operator,2026-02-09 16:52:57.614,2026-02-09 17:53:51.489,Success,False,BTS,968,3.0,1,3.0,True,Unknown,,"0.002 V, 0.002 V, 0.003 V",35 µbar,72 °C,,28.141 V,9.5197 kV,40 µbar,Carbon Dioxide: 0.0197 kV,990 µbar,24.054 V,33.828 V,488 µbar/min,24.144 V,1.82E-007 mbar,10 %,941 µbar,µ-Volume,25.345 V,Pre,27.373923366820765,29.66419820733018,26.365006613206344,39.065328313141066,35.25641269805928,24.734644597327666,-1.9512494791673607,-3.7391040572429812,-2.0952062856139855,0.04954898661038462,0.012793493330898261,-3.7461057079392477,0.013286912116869515,0.003321728029217379,-2.0952062856139855,0.049548986610384635,-3.746572484652333,0.013616794210644505,Natan Pereira BTS coral series 4.1.xlsx,2026-02-09 16:52:57.614,739656.0,488.0,990.0,40.0,941.0,26.11104995564218,BTS,,968,OK,16.0,15.0,15.0,0.0,0.0,23.15205187157388,2.9589980840682983,2.681434539143241
4.0,GIRMS\IRMS-operator,2026-02-09 17:21:03.236,2026-02-09 18:34:57.546,Success,False,BTS,329,4.0,2,3.0,True,Unknown,,"0.002 V, 0.002 V, 0.003 V",25 µbar,72 °C,,7.464 V,9.5195 kV,32 µbar,Carbon Dioxide: 0.0195 kV,391 µbar,7.002 V,8.196 V,93 µbar/min,22.632 V,8.30E-008 mbar,40 %,787 µbar,µ-Volume,,Pre,6.84773437920429,7.428225452904935,7.5444319350025735,9.798615658653366,10.07623919285594,7.064486669929999,-2.7506101664641625,-1.7030446306178781,-2.7930016690527326,0.02730858346121694,0.006827145865304235,-1.708859848555111,0.019651080485858865,0.005073887163780862,-2.7958277692253044,0.025731496590998357,-1.7145375948547372,0.028265979267028462,Natan Pereira BTS coral series 4.1.xlsx,2026-02-09 17:21:03.236,739656.0,93.0,391.0,32.0,787.0,6.640795141468612,BTS,,329,OK,16.0,15.0,15.0,0.0,0.0,6.746600198181647,-0.1058050567130353,-0.08368145041657131
5.0,GIRMS\IRMS-operator,2026-02-09 17:53:51.640,2026-02-09 19:15:07.053,Success,False,BTS,974,5.0,1,4.0,True,Unknown,,"0.001 V, 0.001 V, 0.002 V",40 µbar,72 °C,,29.586 V,9.5197 kV,52 µbar,Carbon Dioxide: 0.0197 kV,"1,104 µbar",26.097 V,35.858 V,567 µbar/min,3.438 V,1.89E-007 mbar,10 %,963 µbar,µ-Volume,,Pre,26.19482329970861,28.36856819754103,28.44060041075209,37.368724374845804,38.034701972082445,26.686531816783194,-2.420848232043249,-4.014553282896571,-2.6744948549271825,0.0907160128846968,0.023422773809117878,-4.106905311634083,0.03014991830703749,0.0077846754328446885,-2.674494854927182,0.09071601288469681,-4.106905311634083,0.03014991830703733,Natan Pereira BTS coral series 4.1.xlsx,2026-02-09 17:53:51.640,739656.0,567.0,1104.0,52.0,963.0,25.005129491153006,BTS,,974,OK,16.0,15.0,15.0,0.0,0.0,24.932128702464347,0.07300078868865967,0.058828119554779096
6.0,GIRMS\IRMS-operator,2026-02-09 18:34:57.738,2026-02-09 19:45:02.883,Success,False,SHP2L,,6.0,2,4.0,True,QC Standard,SHP2L,"0.003 V, 0.003 V, 0.003 V",30 µbar,72 °C,,6.458 V,9.5193 kV,35 µbar,Carbon Dioxide: 0.0193 kV,294 µbar,6.072 V,7.080 V,112 µbar/min,24.493 V,7.75E-008 mbar,49 %,789 µbar,µ-Volume,,Pre,5.926785556118161,6.4424359130220585,6.580248475074768,8.444049781825916,8.787551022078182,6.160950726121645,-0.7884336203982656,-6.01707376146321,-0.8004198301418224,0.015552147227792992,0.00401554714740054,-6.0761889498191834,0.01826348611939207,0.004715611838939721,-0.7986057094863107,0.018380152292078327,-6.076188949819183,0.018263486119392013,Natan Pereira BTS coral series 4.1.xlsx,2026-02-09 18:34:57.738,739656.0,112.0,294.0,35.0,789.0,5.7548948580794015,SHP2L,,,OK,16.0,15.0,15.0,0.0,0.0,5.892647028380094,-0.13775217030069253,-0.10809686087982129
7.0,GIRMS\IRMS-operator,2026-02-09 19:15:07.218,2026-02-09 20:17:12.653,Success,False,BTS,995,7.0,1,5.0,True,Unknown,,"0.002 V, 0.002 V, 0.002 V",37 µbar,72 °C,,19.718 V,9.5197 kV,42 µbar,Carbon Dioxide: 0.0197 kV,987 µbar,18.514 V,23.094 V,391 µbar/min,5.991 V,1.51E-007 mbar,14 %,929 µbar,µ-Volume,,Pre,17.909072545873222,19.410015588174346,20.113067274461272,25.552763520849076,26.885687290799947,18.85729303728252,-2.421247260713799,-4.183641642892089,-2.5626836454238977,0.0767060952066097,0.019176523801652426,-4.233093836991833,0.019605633438566243,0.005062152786627621,-2.5721127377379043,0.06913728990712587,-4.233093836991833,0.019605633438566337,Natan Pereira BTS coral series 4.1.xlsx,2026-02-09 19:15:07.218,739656.0,391.0,987.0,42.0,929.0,17.190523651944694,BTS,,995,OK,16.0,15.0,15.0,0.0,0.0,17.750062254773674,-0.5595386028289795,-0.43541856888525177
8.0,GIRMS\IRMS-operator,2026-02-09 19:45:03.039,2026-02-09 20:53:28.614,Success,False,BTS,978,8.0,2,5.0,True,Unknown,,"0.002 V, 0.002 V, 0.003 V",30 µbar,72 °C,,25.700 V,9.5194 kV,40 µbar,Carbon Dioxide: 0.0194 kV,347 µbar,22.568 V,30.419 V,195 µbar/min,17.656 V,1.76E-007 mbar,10 %,916 µbar,µ-Volume,23.452 V,Pre,25.09600929978467,27.209385219947034,24.740784350768262,35.81400599224964,33.080134651498,23.20655696156598,-1.598793145013322,-3.8108069149161983,-1.668489534337625,0.05171023256020474,0.013351524635612365,-3.833174164890367,0.013560432191051457,0.003390108047762864,-1.6630887460200658,0.06259457159936749,-3.834665314888645,0.012605647889379163,Natan Pereira BTS coral series 4.1.xlsx,2026-02-09 19:45:03.039,739656.0,195.0,347.0,40.0,916.0,24.035419151812558,BTS,,978,OK,16.0,15.0,15.0,0.0,0.0,21.749640629321107,2.2857785224914515,2.0296512881576674
9.0,GIRMS\IRMS-operator,2026-02-09 20:17:12.838,2026-02-09 21:34:30.399,Success,False,BTS,376,9.0,1,6.0,True,Unknown,,"0.002 V, 0.002 V, 0.002 V",42 µbar,72 °C,,13.922 V,9.5198 kV,52 µbar,Carbon Dioxide: 0.0198 kV,"1,102 µbar",12.939 V,15.905 V,532 µbar/min,3.429 V,1.18E-007 mbar,24 %,914 µbar,µ-Volume,,Pre,12.600391554302421,13.664611844285425,13.960534004434043,17.993452558033557,18.653410086147876,13.08031325287267,-2.465467100345009,-3.555482963986112,-2.5795643205225662,0.05710029622294029,0.014275074055735073,-3.589287882126188,0.017543417590316912,0.004385854397579228,-2.5871708018677366,0.0500147145506418,-3.5915415433355267,0.015578408106985738,Natan Pereira BTS coral series 4.1.xlsx,2026-02-09 20:17:12.838,739656.0,532.0,1102.0,52.0,914.0,12.143417643970695,BTS,,376,OK,16.0,15.0,15.0,0.0,0.0,12.393399524158683,-0.24998188018798828,-0.19680978102114058
10.0,GIRMS\IRMS-operator,2026-02-09 20:53:28.771,2026-02-09 22:05:04.909,Success,False,BTS,638,10.0,2,6.0,True,Unknown,,"0.002 V, 0.002 V, 0.003 V",32 µbar,72 °C,,9.741 V,9.5194 kV,37 µbar,Carbon Dioxide: 0.0194 kV,262 µbar,9.227 V,10.884 V,103 µbar/min,12.567 V,9.58E-008 mbar,33 %,843 µbar,µ-Volume,,Pre,9.097556875054302,9.873028205055965,9.907002852577936,12.988721637130245,13.232608942389948,9.278462545567416,-2.1581601614838464,-3.831201013010266,-2.200775019750342,0.021450565089691405,0.005362641272422851,-3.83357340295715,0.023336108499567503,0.006025357305607619,-2.203616010301442,0.018831596900007498,-3.829660576690512,0.028180111910612815,Natan Pereira BTS coral series 4.1.xlsx,2026-02-09 20:53:28.771,739656.0,103.0,262.0,37.0,843.0,8.80704383641905,BTS,,638,OK,16.0,15.0,15.0,0.0,0.0,8.83341889173216,-0.02637505531311035,-0.02112916710030705
11.0,GIRMS\IRMS-operator,2026-02-09 21:34:30.555,2026-02-09 22:36:04.634,Success,False,SHP2L,,11.0,1,7.0,True,QC Standard,SHP2L,"0.002 V, 0.002 V, 0.002 V",42 µbar,72 °C,,8.179 V,9.5194 kV,42 µbar,Carbon Dioxide: 0.0194 kV,955 µbar,7.995 V,9.116 V,342 µbar/min,9.028 V,8.77E-008 mbar,37 %,850 µbar,µ-Volume,,Pre,7.926405534035179,8.614180496587377,8.632225802793128,11.290378604467804,11.529214416082793,8.083761646175727,-0.8294753289849188,-6.161539235630453,-0.8720262677227956,0.02497132454512322,0.0064475682730668485,-6.167208631622167,0.021548913804157275,0.005563905619490683,-0.8707062856380491,0.027749938308908723,-6.171106258763448,0.02539442893769173,Natan Pereira BTS coral series 4.1.xlsx,2026-02-09 21:34:30.555,739656.0,342.0,955.0,42.0,850.0,7.670403828867126,SHP2L,,,OK,16.0,15.0,15.0,0.0,0.0,7.7091617121699265,-0.03875788330280017,-0.030985520110927058
12.0,GIRMS\IRMS-operator,2026-02-09 22:05:05.109,2026-02-09 23:13:15.464,Success,False,BTS,923,12.0,2,7.0,True,Unknown,,"0.002 V, 0.002 V, 0.002 V",32 µbar,72 °C,,32.533 V,9.5195 kV,40 µbar,Carbon Dioxide: 0.0195 kV,291 µbar,23.788 V,39.493 V,78 µbar/min,7.827 V,1.78E-007 mbar,10 %,941 µbar,µ-Volume,29.320 V,Pre,31.71629814315239,34.36459888054123,26.067423711550134,45.244599982431275,34.85507826440606,24.45400861907402,-2.1589950369670374,-4.098349980281801,-2.1893229294784287,0.023515969380686605,0.006071797185421517,-4.039117137940723,0.04760825666070416,0.01190206416517604,-2.186501011051319,0.029254759738167494,-4.03516828178465,0.046487909294590825,Natan Pereira BTS coral series 4.1.xlsx,2026-02-09 22:05:05.109,739656.0,78.0,291.0,40.0,941.0,30.23773042369286,BTS,,923,OK,16.0,15.0,15.0,0.0,0.0,22.89098111796776,7.346749305725101,7.797720613605023
13.0,GIRMS\IRMS-operator,2026-02-09 22:36:04.779,2026-02-09 23:54:34.673,Success,False,BTS,915,13.0,1,8.0,True,Unknown,,"0.002 V, 0.002 V, 0.002 V",42 µbar,72 °C,,15.490 V,9.5196 kV,52 µbar,Carbon Dioxide: 0.0196 kV,"1,104 µbar",14.421 V,17.834 V,537 µbar/min,3.441 V,1.27E-007 mbar,21 %,926 µbar,µ-Volume,,Pre,14.002553365681184,15.17787138050809,15.577103291213657,19.990672008324825,20.815838710595337,14.598510406467927,-2.7094473818418674,-3.6976850286495333,-2.8156985195747497,0.05845198476696435,0.014612996191741088,-3.7270584167516425,0.01548480222774142,0.0039981587431572015,-2.822781928756942,0.05292015096471417,-3.7320698338511997,0.017351084158904777,Natan Pereira BTS coral series 4.1.xlsx,2026-02-09 22:36:04.779,739656.0,537.0,1104.0,52.0,926.0,13.477721136675344,BTS,,915,OK,16.0,15.0,15.0,0.0,0.0,13.809180996868625,-0.3314598601932808,-0.2599364321115594
14.0,GIRMS\IRMS-operator,2026-02-09 23:13:15.660,2026-02-10 00:26:08.460,Success,False,BTS,977,14.0,2,8.0,True,Unknown,,"0.002 V, 0.002 V, 0.003 V",32 µbar,72 °C,,22.480 V,9.5193 kV,40 µbar,Carbon Dioxide: 0.0193 kV,457 µbar,20.589 V,26.339 V,137 µbar/min,13.953 V,1.63E-007 mbar,13 %,921 µbar,µ-Volume,,Pre,20.09169464663658,21.796415374308594,22.37516157391644,28.67679537652912,29.913427842845344,20.984318905631635,-1.1990888731640004,-3.6951811322593064,-1.4139044729087373,0.07872778657856731,0.020327427086837532,-3.753933062176418,0.01980768181731298,0.005114321453695242,-1.413904472908737,0.07872778657856744,-3.7539330621764173,0.019807681817313124,Natan Pereira BTS coral series 4.1.xlsx,2026-02-09 23:13:15.660,739656.0,137.0,457.0,40.0,921.0,19.301292353431318,BTS,,977,OK,16.0,15.0,15.0,0.0,0.0,19.71533601836357,-0.414043664932251,-0.32569869320172523
15.0,GIRMS\IRMS-operator,2026-02-09 23:54:34.837,2026-02-10 00:58:02.439,Success,False,BTS,948,15.0,1,9.0,True,Unknown,,"0.003 V, 0.003 V, 0.003 V",45 µbar,72 °C,,23.043 V,9.5189 kV,47 µbar,Carbon Dioxide: 0.0189 kV,951 µbar,20.831 V,27.194 V,322 µbar/min,19.616 V,1.63E-007 mbar,12 %,963 µbar,µ-Volume,,Pre,20.29418221979663,21.99163693088442,22.700470267714557,28.968227465444308,30.34741934090207,21.289311566644166,-2.2943642755068883,-3.5750698423864247,-2.493241878418173,0.07296213480223582,0.018838742199519993,-3.641969613701002,0.02768639671579232,0.007148596893117025,-2.4932418784181727,0.07296213480223562,-3.6415061009664518,0.02891724153673166,Natan Pereira BTS coral series 4.1.xlsx,2026-02-09 23:54:34.837,739656.0,322.0,951.0,47.0,963.0,19.4555299666457,BTS,,948,OK,16.0,15.0,15.0,0.0,0.0,19.993923821740605,-0.5383938550949061,-0.42095220928094385
16.0,GIRMS\IRMS-operator,2026-02-10 00:26:08.627,2026-02-10 01:31:29.088,Success,False,SHP2L,,16.0,2,9.0,True,QC Standard,SHP2L,"0.003 V, 0.003 V, 0.003 V",32 µbar,72 °C,,0.016 V,9.5191 kV,846 µbar,Carbon Dioxide: 0.0191 kV,733 µbar,2.831 V,0.015 V,376 µbar/min,19.787 V,5.44E-008 mbar,100 %,828 µbar,µ-Volume,0.022 V,Pre,0.014990410905342118,0.016169909561577357,3.1067348189288673,0.02118576887231007,4.148210502458231,2.9083543086742987,-8.57088554498031,-13.923765849535252,-7.302036327978323,0.7308841231393699,0.18272103078484248,-16.206250692093985,1.246056941539619,0.31151423538490475,,,,,Natan Pereira BTS coral series 4.1.xlsx,2026-02-10 00:26:08.627,739657.0,376.0,733.0,846.0,828.0,0.01434966769567046,SHP2L,,,Failed Sample,16.0,15.0,15.0,0.0,0.0,2.784012751134667,-2.7696630834389966,-0.011470576155290913
17.0,GIRMS\IRMS-operator,2026-02-10 00:58:02.650,2026-02-10 02:18:12.368,Success,False,BTS,916,17.0,1,10.0,True,Unknown,,"0.001 V, 0.001 V, 0.001 V",35 µbar,72 °C,,20.181 V,9.5192 kV,62 µbar,Carbon Dioxide: 0.0192 kV,"1,119 µbar",17.365 V,23.571 V,659 µbar/min,3.424 V,1.44E-007 mbar,17 %,924 µbar,µ-Volume,,Pre,16.943318639073524,18.359102984458232,18.766992469817424,24.18214082717896,25.082066655158997,17.593650017056618,-2.7379222824365224,-3.811454281611115,-2.910968044518084,0.06532403954753657,0.016866594484973588,-3.864684113436797,0.02119300677489587,0.005472010819682177,-2.9109680445180843,0.06532403954753628,-3.8646841134367964,0.021193006774895794,Natan Pereira BTS coral series 4.1.xlsx,2026-02-10 00:58:02.650,739657.0,659.0,1119.0,62.0,924.0,16.297979150090367,BTS,,916,OK,16.0,15.0,15.0,0.0,0.0,16.590578351292763,-0.29259920120239613,-0.23095801298398083
18.0,GIRMS\IRMS-operator,2026-02-10 01:31:29.237,2026-02-10 02:45:06.275,Success,False,BTS,576,18.0,2,10.0,True,Unknown,,"0.002 V, 0.002 V, 0.003 V",47 µbar,72 °C,,4.220 V,9.5191 kV,40 µbar,Carbon Dioxide: 0.0191 kV,628 µbar,3.910 V,4.568 V,166 µbar/min,16.738 V,6.24E-008 mbar,75 %,760 µbar,µ-Volume,,Pre,3.8421373971158364,4.172648688681365,4.2699769966773236,5.484928517614387,5.701734495661665,3.997724416041931,-1.7514830574725249,-3.9723158904061417,-1.7555579279704268,0.020394345550776943,0.005265797378330561,-3.9903439075099354,0.024832182443653785,0.006208045610913446,-1.7599410676822618,0.025803779774693836,-3.9915457753168555,0.025217457926219718,Natan Pereira BTS coral series 4.1.xlsx,2026-02-10 01:31:29.237,739657.0,166.0,628.0,40.0,760.0,3.7328605674811093,BTS,,576,OK,16.0,15.0,15.0,0.0,0.0,3.835987366688379,-0.10312679920726975,-0.08063503983737624
19.0,GIRMS\IRMS-operator,2026-02-10 02:18:12.525,2026-02-10 03:23:32.205,Success,False,BTS,906,19.0,1,11.0,True,Unknown,,"0.002 V, 0.002 V, 0.002 V",35 µbar,72 °C,,18.031 V,9.5195 kV,62 µbar,Carbon Dioxide: 0.0195 kV,"1,124 µbar",15.648 V,20.860 V,669 µbar/min,3.874 V,1.33E-007 mbar,18 %,909 µbar,µ-Volume,,Pre,15.29014055505383,16.579639470556778,16.940545594671768,21.823099037467497,22.63968267089035,15.878840730339169,-2.1931738288049063,-3.883271829867474,-2.353078733696693,0.04957651134262239,0.012800600186202642,-3.899339933510007,0.02367362804251316,0.00591840701062829,-2.353078733696693,0.04957651134262234,-3.900411140419509,0.02409981290993961,Natan Pereira BTS coral series 4.1.xlsx,2026-02-10 02:18:12.525,739657.0,669.0,1124.0,62.0,909.0,14.72707037702191,BTS,,906,OK,16.0,15.0,15.0,0.0,0.0,14.998733446746947,-0.2716630697250366,-0.21432855961888397
20.0,GIRMS\IRMS-operator,2026-02-10 02:45:06.478,2026-02-10 03:54:11.845,Success,False,BTS,982,20.0,2,11.0,True,Unknown,,"0.002 V, 0.002 V, 0.003 V",47 µbar,72 °C,,30.070 V,9.5192 kV,45 µbar,Carbon Dioxide: 0.0192 kV,658 µbar,22.842 V,36.413 V,151 µbar/min,15.065 V,1.75E-007 mbar,10 %,977 µbar,µ-Volume,27.066 V,Pre,29.28353941874024,31.692597642993192,25.01605786428378,41.77474156804369,33.45011846013353,23.46904671625611,-3.2631260266889894,-4.052018073501751,-3.258862114393124,0.033125689519929044,0.00855301625615485,-4.013744097382006,0.027866501803902995,0.007195099826905016,-3.2644357192540037,0.04017727155623119,-4.005031242934668,0.0346505249164073,Natan Pereira BTS coral series 4.1.xlsx,2026-02-10 02:45:06.478,739657.0,151.0,658.0,45.0,977.0,27.906046275658575,BTS,,982,OK,16.0,15.0,15.0,0.0,0.0,21.997542147202456,5.908504128456119,6.0226740732264625
21.0,GIRMS\IRMS-operator,2026-02-10 03:23:32.352,2026-02-10 04:40:04.417,Success,False,SHP2L,,21.0,1,12.0,True,QC Standard,SHP2L,"0.002 V, 0.002 V, 0.002 V",35 µbar,72 °C,,17.260 V,9.5197 kV,49 µbar,Carbon Dioxide: 0.0197 kV,"1,014 µbar",14.950 V,19.936 V,435 µbar/min,3.417 V,1.29E-007 mbar,20 %,904 µbar,µ-Volume,,Pre,14.604068539394286,15.858882335629666,16.12632837673685,20.79814863912313,21.550478465478108,15.113881967319397,-0.8487502082312748,-6.13282138801996,-0.9724903052663899,0.0446427869101664,0.011526718015424061,-6.165290157499948,0.01730954366849852,0.00432738591712463,-0.97249030526639,0.044642786910166404,-6.167454742131946,0.015514514262443695,Natan Pereira BTS coral series 4.1.xlsx,2026-02-10 03:23:32.352,739657.0,435.0,1014.0,49.0,904.0,14.06793966080084,SHP2L,,,OK,16.0,15.0,15.0,0.0,0.0,14.28884937549963,-0.22090971469878973,-0.17475745838134668
22.0,GIRMS\IRMS-operator,2026-02-10 03:54:12.085,2026-02-10 05:07:18.019,Success,False,BTS,1006,22.0,2,12.0,True,Unknown,,"0.002 V, 0.002 V, 0.003 V",45 µbar,72 °C,,24.074 V,9.5194 kV,47 µbar,Carbon Dioxide: 0.0194 kV,992 µbar,21.759 V,28.576 V,371 µbar/min,14.482 V,1.71E-007 mbar,12 %,960 µbar,µ-Volume,,Pre,21.202209965344203,22.97973053059923,23.703137203076952,30.248858738100598,31.690695095217304,22.232208029385337,-2.0151409104929296,-4.06940647152898,-2.2137416356038906,0.07742085949099223,0.019989979963845154,-4.169641987776695,0.03275475458771107,0.008457241268487731,-2.21374163560389,0.07742085949099227,-4.1696419877766955,0.032754754587710905,Natan Pereira BTS coral series 4.1.xlsx,2026-02-10 03:54:12.085,739657.0,371.0,992.0,47.0,960.0,20.31521834528042,BTS,,1006,OK,16.0,15.0,15.0,0.0,0.0,20.85838057195736,-0.5431622266769374,-0.4250677279727007
23.0,GIRMS\IRMS-operator,2026-02-10 04:40:04.665,2026-02-10 05:44:35.492,Success,False,BTS,882,23.0,1,13.0,True,Unknown,,"0.002 V, 0.003 V, 0.003 V",32 µbar,72 °C,,7.230 V,9.5193 kV,54 µbar,Carbon Dioxide: 0.0193 kV,"1,085 µbar",6.810 V,7.957 V,606 µbar/min,20.613 V,8.10E-008 mbar,42 %,809 µbar,µ-Volume,,Pre,6.648313993485992,7.222046102546537,7.333670594596238,9.493278396057079,9.794058334754892,6.867130308731764,-1.3639852859461676,-3.7256239902808685,-1.4358331803938267,0.014871011881555653,0.003839678757234511,-3.7559127219803017,0.02373570204467345,0.0059339255111683625,-1.4358331803938271,0.014871011881555677,-3.757931970760264,0.023102543955175917,Natan Pereira BTS coral series 4.1.xlsx,2026-02-10 04:40:04.665,739657.0,606.0,1085.0,54.0,809.0,6.447617072892936,BTS,,882,OK,16.0,15.0,15.0,0.0,0.0,6.559935290729781,-0.1123182178368447,-0.08870284542328204
24.0,GIRMS\IRMS-operator,2026-02-10 05:07:18.196,2026-02-10 06:16:31.911,Success,False,BTS,857,24.0,2,13.0,True,Unknown,,"0.002 V, 0.002 V, 0.002 V",45 µbar,72 °C,,6.123 V,9.5195 kV,47 µbar,Carbon Dioxide: 0.0195 kV,"1,026 µbar",5.960 V,6.739 V,391 µbar/min,6.703 V,7.67E-008 mbar,47 %,816 µbar,µ-Volume,,Pre,5.912378056816936,6.416457885927609,6.455507157098354,8.439737451977336,8.621314301385421,6.044378659785461,-2.3696144161228228,-4.100540204355574,-2.3770990433883905,0.01888967699841207,0.004722419249603017,-4.11744216490025,0.015351888187349162,0.003963840485496111,-2.3775980185394285,0.01944322167646147,-4.122553443404006,0.021034144066861184,Natan Pereira BTS coral series 4.1.xlsx,2026-02-10 05:07:18.196,739657.0,391.0,1026.0,47.0,816.0,5.731856606066893,BTS,,857,OK,16.0,15.0,15.0,0.0,0.0,5.780711522075092,-0.04885491600819858,-0.038923327226086955
25.0,GIRMS\IRMS-operator,2026-02-10 05:44:35.691,2026-02-10 07:02:40.325,Success,False,BTS,860,25.0,1,14.0,True,Unknown,,"0.001 V, 0.001 V, 0.001 V",32 µbar,72 °C,,9.960 V,9.5196 kV,52 µbar,Carbon Dioxide: 0.0196 kV,"1,034 µbar",9.122 V,11.156 V,484 µbar/min,3.417 V,9.48E-008 mbar,34 %,848 µbar,µ-Volume,,Pre,8.932949068762804,9.696144232001243,9.81716162275018,12.754109405151027,13.113523153480779,9.194747569777512,-1.9469293854541547,-3.8161997515482327,-1.9737781664558585,0.02197234226521091,0.005493085566302728,-3.82641114217485,0.0199913772512566,0.00499784431281415,-1.9755680851893052,0.021502231100069154,-3.8270919015499576,0.020500180256349566,Natan Pereira BTS coral series 4.1.xlsx,2026-02-10 05:44:35.691,739657.0,484.0,1034.0,52.0,848.0,8.640841605879809,BTS,,860,OK,16.0,15.0,15.0,0.0,0.0,8.75221896089988,-0.11137735502007118,-0.08835323111096391
26.0,GIRMS\IRMS-operator,2026-02-10 06:16:32.089,2026-02-10 07:29:44.692,Success,False,SHP2L,,26.0,2,14.0,True,QC Standard,SHP2L,"0.002 V, 0.002 V, 0.002 V",45 µbar,72 °C,,9.730 V,9.5195 kV,62 µbar,Carbon Dioxide: 0.0195 kV,"1,185 µbar",8.963 V,10.922 V,772 µbar/min,8.943 V,9.44E-008 mbar,34 %,877 µbar,µ-Volume,,Pre,8.796250125571884,9.558333928410173,9.668677027050615,12.530124933984135,12.914545090463017,9.055372204140957,-0.8580303161270786,-6.093337761542972,-0.9204107979957706,0.018415022736710918,0.004754738425287487,-6.113298421319194,0.020311546867828226,0.005244418850320676,-0.9204107979957705,0.018415022736710918,-6.1181769525258325,0.023683143601311386,Natan Pereira BTS coral series 4.1.xlsx,2026-02-10 06:16:32.089,739657.0,772.0,1185.0,62.0,877.0,8.50457479636351,SHP2L,,,OK,16.0,15.0,15.0,0.0,0.0,8.622031948728145,-0.11745715236463461,-0.0930915177833859
27.0,GIRMS\IRMS-operator,2026-02-10 07:02:40.555,2026-02-10 08:07:35.140,Success,False,BTS,996,27.0,1,15.0,True,Unknown,,"0.002 V, 0.002 V, 0.002 V",32 µbar,72 °C,,13.954 V,9.5195 kV,52 µbar,Carbon Dioxide: 0.0195 kV,"1,053 µbar",12.889 V,15.890 V,513 µbar/min,8.762 V,1.18E-007 mbar,23 %,877 µbar,µ-Volume,,Pre,12.615039944648743,13.689402525970781,13.883906015723781,18.006206995575425,18.551783210365766,13.009309768676758,-1.7626811740032444,-3.99205506558975,-1.8455142212363034,0.04043435886275146,0.010440106566000711,-4.0051990781833915,0.01684893385807718,0.004212233464519295,-1.8441278609005205,0.04370177812187972,-4.006075345689633,0.01705875528056052,Natan Pereira BTS coral series 4.1.xlsx,2026-02-10 07:02:40.555,739657.0,513.0,1053.0,52.0,877.0,12.17740774154663,BTS,,996,OK,16.0,15.0,15.0,0.0,0.0,12.327077671099874,-0.14966992955324265,-0.11880013553812831
28.0,GIRMS\IRMS-operator,2026-02-10 07:29:44.918,2026-02-10 08:38:39.148,Success,False,BTS,962,28.0,2,15.0,True,Unknown,,"0.002 V, 0.002 V, 0.003 V",45 µbar,72 °C,,27.434 V,9.5192 kV,45 µbar,Carbon Dioxide: 0.0192 kV,709 µbar,23.130 V,32.882 V,205 µbar/min,12.489 V,1.77E-007 mbar,10 %,977 µbar,µ-Volume,24.775 V,Pre,26.682959922361047,28.886183561511938,25.317981304355566,38.062297026382424,33.85580352948758,23.752750881719262,-2.9367939483985195,-4.157222954896844,-3.0158264008933338,0.01879096410647071,0.0050220964038271525,-4.177026100070735,0.012338287128109058,0.003185732037859448,-3.0107555097804353,0.02671306665181853,-4.175469083769778,0.01595839267519926,Natan Pereira BTS coral series 4.1.xlsx,2026-02-10 07:29:44.918,739657.0,205.0,709.0,45.0,977.0,25.471853145169884,BTS,,962,OK,16.0,15.0,15.0,0.0,0.0,22.245796450185445,3.2260566949844396,2.9680570533224273
29.0,GIRMS\IRMS-operator,2026-02-10 08:07:35.342,2026-02-10 09:21:59.928,Success,False,BTS,975,29.0,1,16.0,True,Unknown,,"0.002 V, 0.002 V, 0.002 V",35 µbar,72 °C,,37.017 V,9.5196 kV,57 µbar,Carbon Dioxide: 0.0196 kV,"1,043 µbar",25.464 V,45.746 V,484 µbar/min,3.422 V,1.86E-007 mbar,10 %,946 µbar,µ-Volume,32.615 V,Pre,35.686406383218305,38.635486512183256,27.85242512702853,48.97098434667393,37.246601707742656,26.13397229641868,-2.744187311529256,-41.91864247949273,-2.790828484575769,0.034880747791774816,0.009006170353387,-4.310431761452857,0.06438987670043267,0.016625394675008315,-2.787937391204546,0.04038557018013995,-4.305176094376409,0.0633938600843249,Natan Pereira BTS coral series 4.1.xlsx,2026-02-10 08:07:35.342,739657.0,484.0,1043.0,57.0,946.0,33.921542653741376,BTS,,975,Partially Saturated Collectors,16.0,15.0,14.0,0.0,1.0,24.4288026186843,9.492740035057075,10.59138287549391
30.0,GIRMS\IRMS-operator,2026-02-10 08:38:39.347,2026-02-10 09:52:43.858,Success,False,BTS,864,30.0,2,16.0,True,Unknown,,"0.003 V, 0.003 V, 0.003 V",47 µbar,73 °C,,5.837 V,9.5190 kV,40 µbar,Carbon Dioxide: 0.0190 kV,692 µbar,5.478 V,6.393 V,156 µbar/min,24.071 V,7.31E-008 mbar,54 %,799 µbar,µ-Volume,,Pre,5.329095239064666,5.78553923021785,5.9168421404145,7.610795945574138,7.901308984209391,5.539788318838751,-2.039467977117182,-3.6067510902864086,-2.042543593484193,0.02304868274981538,0.005762170687453845,-3.5905645411824723,0.019985482441680934,0.0051602293775034,-2.0427486345753274,0.023842543913516867,-3.5929950909186825,0.023923583137409644,Natan Pereira BTS coral series 4.1.xlsx,2026-02-10 08:38:39.347,739657.0,156.0,692.0,40.0,799.0,5.169787076669344,BTS,,864,OK,16.0,15.0,15.0,0.0,0.0,5.302496691699999,-0.13270961503065504,-0.1039638385283561
31.0,GIRMS\IRMS-operator,2026-02-10 09:22:00.129,2026-02-10 10:30:09.123,Success,False,SHP2L,,31.0,1,17.0,True,QC Standard,SHP2L,"0.002 V, 0.002 V, 0.002 V",30 µbar,72 °C,,11.831 V,9.5196 kV,49 µbar,Carbon Dioxide: 0.0196 kV,948 µbar,10.953 V,13.354 V,371 µbar/min,5.415 V,1.07E-007 mbar,27 %,872 µbar,µ-Volume,,Pre,10.718490758961416,11.644940653866506,11.790241876667713,15.267526888569776,15.751680516919082,11.045094410008168,-0.7934517637631089,-6.109509105087785,-0.8718635528532707,0.04038489712215352,0.01009622428053838,-6.160001384192015,0.015562207879551732,0.00401814479651478,-0.8770910054592814,0.03576290591616894,-6.1600013841920145,0.015562207879551732,Natan Pereira BTS coral series 4.1.xlsx,2026-02-10 09:22:00.129,739657.0,371.0,948.0,49.0,872.0,10.360107473540932,SHP2L,,,OK,16.0,15.0,15.0,0.0,0.0,10.49020496947167,-0.1300974959307375,-0.10323736008719209
32.0,GIRMS\IRMS-operator,2026-02-10 09:52:44.049,2026-02-10 11:01:49.895,Success,False,BTS,922,32.0,2,17.0,True,Unknown,,"0.002 V, 0.002 V, 0.002 V",47 µbar,72 °C,,48.479 V,9.5193 kV,49 µbar,Carbon Dioxide: 0.0193 kV,733 µbar,22.871 V,48.986 V,195 µbar/min,10.647 V,1.75E-007 mbar,10 %,"1,014 µbar",µ-Volume,48.455 V,Pre,43.70388143420141,47.30969470139108,25.044409447866297,48.966509163021506,33.488062083363,23.492467931508237,-3.184750256604807,-217.9000613097003,-3.115809308487358,0.12770978663134167,0.031927446657835416,-29.926716302604685,52.56874182413509,13.573190774396833,-3.111213245279527,0.1308153367862099,-4.398699231049843,0.10767585273087239,Natan Pereira BTS coral series 4.1.xlsx,2026-02-10 09:52:44.049,739657.0,195.0,733.0,49.0,1014.0,41.2942295587055,BTS,,922,Partially Saturated Collectors,16.0,15.0,11.0,0.0,4.0,22.006837061642816,19.287392497062687,29.07990105959404
33.0,GIRMS\IRMS-operator,2026-02-10 10:30:09.397,2026-02-10 11:46:25.800,Success,False,BTS,938,33.0,1,18.0,True,Unknown,,"0.002 V, 0.002 V, 0.002 V",37 µbar,72 °C,,14.549 V,9.5195 kV,860 µbar,Carbon Dioxide: 0.0195 kV,806 µbar,13.565 V,16.617 V,396 µbar/min,3.425 V,1.24E-007 mbar,23 %,955 µbar,µ-Volume,,Pre,13.19100967408589,14.300722252477652,14.63865078603173,18.832958485741415,19.56165507044295,13.716648135198865,-2.703892010580078,-3.8201699958625435,-2.808757140989212,0.04259336857013796,0.010997560475401248,-3.8358039255012577,0.019390270566555227,0.004847567641638807,-2.8087571409892123,0.04259336857013792,-3.8368461874771715,0.019601429399988803,Natan Pereira BTS coral series 4.1.xlsx,2026-02-10 10:30:09.397,739657.0,396.0,806.0,860.0,955.0,12.713591370596204,BTS,,938,OK,16.0,15.0,15.0,0.0,0.0,12.987489614500317,-0.27389824390411377,-0.21543682966909977
34.0,GIRMS\IRMS-operator,2026-02-10 11:01:50.098,2026-02-10 12:18:13.897,Success,False,BTS,855,34.0,2,18.0,True,Unknown,,"0.002 V, 0.002 V, 0.003 V",40 µbar,72 °C,,3.397 V,9.5192 kV,49 µbar,Carbon Dioxide: 0.0192 kV,738 µbar,3.124 V,3.645 V,186 µbar/min,13.151 V,5.97E-008 mbar,99 %,711 µbar,µ-Volume,,Pre,3.113860774962431,3.3801703805862595,3.40916801261519,4.447528481251973,4.552467617538832,3.191413240931914,-2.314536951469659,-3.6245524301092846,-2.3197504262197217,0.02129473890237562,0.005323684725593905,-3.6452873144603655,0.019161202506104143,0.004947401213296611,-2.320097991203059,0.021995123215273787,-3.652671882398069,0.029274886649977717,Natan Pereira BTS coral series 4.1.xlsx,2026-02-10 11:01:50.098,739657.0,186.0,738.0,49.0,711.0,3.032157941890245,BTS,,855,OK,16.0,15.0,15.0,0.0,0.0,3.066813253527002,-0.034655311636756725,-0.02753099851372369
35.0,GIRMS\IRMS-operator,2026-02-10 11:46:26.077,2026-02-10 12:50:16.624,Success,False,BTS,901,35.0,1,19.0,True,Unknown,,"0.002 V, 0.002 V, 0.002 V",52 µbar,72 °C,,27.264 V,9.5193 kV,59 µbar,Carbon Dioxide: 0.0193 kV,"1,063 µbar",24.189 V,32.781 V,557 µbar/min,3.103 V,1.85E-007 mbar,10 %,999 µbar,µ-Volume,,Pre,24.240425487101543,26.283441465620207,26.352985184911894,34.59521307950845,35.241536045130395,24.721554179728496,-1.4441000008518223,-3.7928846360079094,-1.6504844749597458,0.07519827672733034,0.01941611156189648,-3.856049583721766,0.024811547692083383,0.006406314067004667,-1.6504844749597458,0.07519827672733027,-3.856049583721766,0.0248115476920834,Natan Pereira BTS coral series 4.1.xlsx,2026-02-10 11:46:26.077,739657.0,557.0,1063.0,59.0,999.0,23.18327750736522,BTS,,901,OK,16.0,15.0,15.0,0.0,0.0,23.136368651926986,0.04690885543823242,0.03776783942117178
36.0,GIRMS\IRMS-operator,2026-02-10 12:18:14.141,2026-02-10 13:24:30.904,Success,False,SHP2L,,36.0,2,19.0,True,QC Standard,SHP2L,"0.003 V, 0.003 V, 0.003 V",40 µbar,72 °C,,0.017 V,9.5188 kV,880 µbar,Carbon Dioxide: 0.0188 kV,"1,056 µbar",2.928 V,0.016 V,459 µbar/min,22.752 V,5.97E-008 mbar,100 %,853 µbar,µ-Volume,0.023 V,Pre,0.016254538127984684,0.017563190502074236,3.2076820544734512,0.022951518067757144,4.283702651854883,3.002734441722171,-6.928679611139854,-15.055966482160677,-5.697457590995457,0.6785074893650112,0.1696268723412528,-16.43870814675334,0.7626323577016488,0.1906580894254122,,,,,Natan Pereira BTS coral series 4.1.xlsx,2026-02-10 12:18:14.141,739657.0,459.0,1056.0,880.0,853.0,0.015607373808016863,SHP2L,,,Failed Sample,16.0,15.0,15.0,0.0,0.0,2.8738596627170137,-2.858252288908997,-0.012472470969469695
37.0,GIRMS\IRMS-operator,2026-02-10 12:50:16.818,2026-02-10 14:10:56.920,Success,False,BTS,600,37.0,1,20.0,True,Unknown,,"0.001 V, 0.001 V, 0.001 V",40 µbar,72 °C,,5.971 V,9.5193 kV,59 µbar,Carbon Dioxide: 0.0193 kV,"1,090 µbar",5.471 V,6.523 V,562 µbar/min,3.393 V,7.64E-008 mbar,56 %,799 µbar,µ-Volume,,Pre,5.465634061458134,5.936860478231088,5.934881248986913,7.803131473201585,7.926542890209031,5.556208923342386,-1.6241346720158312,-4.176734974394969,-1.6159862671894767,0.0077854104106482415,0.0020101843242553655,-4.14664198156313,0.017587589711897524,0.004541096136940534,-1.6167894327460353,0.009182195068853401,-4.140508904370284,0.0218643879653788,Natan Pereira BTS coral series 4.1.xlsx,2026-02-10 12:50:16.818,739657.0,562.0,1090.0,59.0,799.0,5.305845389869242,BTS,,600,OK,16.0,15.0,15.0,0.0,0.0,5.31638986379788,-0.010544473928637998,-0.008455715319580035
38.0,GIRMS\IRMS-operator,2026-02-10 13:24:31.191,2026-02-10 14:36:45.991,Success,False,BTS,972,38.0,2,20.0,True,Unknown,,"0.002 V, 0.002 V, 0.002 V",49 µbar,72 °C,,48.528 V,9.5193 kV,49 µbar,Carbon Dioxide: failed,846 µbar,24.578 V,49.019 V,230 µbar/min,5.393 V,1.92E-007 mbar,10 %,"1,024 µbar",µ-Volume,48.532 V,Pre,49.01785806756471,48.973084931485445,26.89390028011063,48.97878962302089,35.96804934286952,25.23046390157198,-79.87555560586034,-302.5667986665384,-50.44011448385796,36.738724076490044,9.184681019122511,-247.810243905876,87.43015203680935,22.57436818632967,-5.265176480828048,0.11121388994210481,,,Natan Pereira BTS coral series 4.1.xlsx,2026-02-10 13:24:31.191,739657.0,230.0,846.0,49.0,1024.0,49.01255325417971,BTS,,972,Partially Saturated Collectors,16.0,5.0,0.0,10.0,15.0,23.5984440241382,25.414109230041507,42.41178168872303
39.0,GIRMS\IRMS-operator,2026-02-10 14:10:57.182,2026-02-10 15:14:47.869,Success,False,BTS,386,39.0,1,21.0,True,Unknown,,"0.003 V, 0.003 V, 0.003 V",35 µbar,72 °C,,7.266 V,9.5186 kV,49 µbar,Carbon Dioxide: 0.0186 kV,784 µbar,6.851 V,7.994 V,254 µbar/min,23.185 V,8.55E-008 mbar,42 %,814 µbar,µ-Volume,,Pre,6.686484125980139,7.253948709006025,7.415648558768563,9.551996652918348,9.905039938854259,6.943134625552493,-2.7858641025055864,-3.537536720781942,-2.8109882548551286,0.014784906995475614,0.0038174465712468393,-3.5449518148921793,0.021694505527802416,0.005423626381950604,-2.815730506637481,0.017338307862389577,-3.5454461544995284,0.022362475514740507,Natan Pereira BTS coral series 4.1.xlsx,2026-02-10 14:10:57.182,739657.0,254.0,784.0,49.0,814.0,6.486883071788549,BTS,,386,OK,16.0,15.0,15.0,0.0,0.0,6.630843190082311,-0.1439601182937622,-0.11316110335199667
40.0,GIRMS\IRMS-operator,2026-02-10 14:36:46.225,2026-02-10 15:47:54.759,Success,False,BTS,890,40.0,2,21.0,True,Unknown,,"0.002 V, 0.002 V, 0.002 V",49 µbar,72 °C,,21.470 V,9.5190 kV,47 µbar,Carbon Dioxide: 0.0190 kV,904 µbar,19.620 V,25.204 V,444 µbar/min,6.743 V,1.62E-007 mbar,12 %,960 µbar,µ-Volume,,Pre,19.13605480545493,20.73863531640461,21.3591792731612,27.31473116070879,28.558590690204028,20.027323058781345,-2.4059087580188265,-3.942187830234145,-2.5749068384628284,0.08501261026804556,0.02125315256701139,-3.9960183709401793,0.03088346233911937,0.007720865584779842,-2.5861733771590965,0.07461462129891369,-3.9996070736539138,0.02830435954629075,Natan Pereira BTS coral series 4.1.xlsx,2026-02-10 14:36:46.225,739657.0,444.0,904.0,47.0,960.0,18.35667937153311,BTS,,890,OK,16.0,15.0,15.0,0.0,0.0,18.830998233494476,-0.47431886196136475,-0.3715171285246219
41.0,GIRMS\IRMS-operator,2026-02-10 15:14:48.133,2026-02-10 16:32:38.059,Success,False,SHP2L,,41.0,1,22.0,True,QC Standard,SHP2L,"0.002 V, 0.002 V, 0.002 V",35 µbar,72 °C,,5.685 V,9.5190 kV,59 µbar,Carbon Dioxide: 0.0190 kV,"1,046 µbar",5.203 V,6.199 V,513 µbar/min,3.396 V,7.56E-008 mbar,59 %,777 µbar,µ-Volume,,Pre,5.1169744883070205,5.562935082757965,5.629742771974964,7.291729846890211,7.519367236809669,5.27036674906397,-0.7952235237346228,-6.10000812205902,-0.8171902614343834,0.018189329624465615,0.004547332406116404,-6.064846176267465,0.020766978652799507,0.005362010831555829,-0.8186547106143676,0.017824679814055798,-6.065916606244389,0.023002356910672418,Natan Pereira BTS coral series 4.1.xlsx,2026-02-10 15:14:48.133,739657.0,513.0,1046.0,59.0,777.0,4.967665137929653,SHP2L,,,OK,16.0,15.0,15.0,0.0,0.0,5.045230823884972,-0.0775656859553191,-0.06136610750848739
42.0,GIRMS\IRMS-operator,2026-02-10 15:47:55.017,2026-02-10 16:58:35.745,Success,False,BTS,619,42.0,2,22.0,True,Unknown,,"0.002 V, 0.002 V, 0.002 V",49 µbar,72 °C,,3.313 V,9.5191 kV,49 µbar,Carbon Dioxide: 0.0191 kV,929 µbar,3.175 V,3.567 V,288 µbar/min,5.158 V,5.97E-008 mbar,96 %,731 µbar,µ-Volume,,Pre,3.1708507836177025,3.442067822547754,3.48474090570221,4.526803575440179,4.653711455992455,3.261859093172815,-2.385832070342375,-4.2430452496190485,-2.367348007495128,0.02370592868393867,0.005926482170984668,-4.191926342949136,0.027289679264588296,0.007046164887672822,-2.366115736638645,0.02400167831962522,-4.183231778761232,0.03043437625341551,Natan Pereira BTS coral series 4.1.xlsx,2026-02-10 15:47:55.017,739657.0,288.0,929.0,49.0,731.0,3.0856679312457462,BTS,,619,OK,16.0,15.0,15.0,0.0,0.0,3.1343579442608203,-0.04869001301507403,-0.03851484482981713
43.0,GIRMS\IRMS-operator,2026-02-10 16:32:38.309,2026-02-10 17:36:19.798,Success,False,BTS,850,43.0,1,23.0,True,Unknown,,"0.001 V, 0.001 V, 0.002 V",42 µbar,72 °C,,28.867 V,9.5187 kV,69 µbar,Carbon Dioxide: 0.0187 kV,"1,073 µbar",24.652 V,34.610 V,435 µbar/min,3.149 V,1.82E-007 mbar,10 %,997 µbar,µ-Volume,25.874 V,Pre,27.848430657225624,30.15905276193843,26.94496169939265,39.72442495972882,36.03516566903363,25.281899356680878,-2.468188498631174,-4.164287945275014,-2.6915046514584726,0.03989646351794844,0.010301222585172406,-4.184995946859474,0.012377862252855682,0.0031959502911306317,-2.691504651458472,0.0398964635179485,-4.183788373913576,0.015121843514193484,Natan Pereira BTS coral series 4.1.xlsx,2026-02-10 16:32:38.309,739657.0,435.0,1073.0,69.0,997.0,26.62351050360776,BTS,,850,OK,16.0,15.0,15.0,0.0,0.0,23.638614201384556,2.9848963022232056,2.7012216470006356
44.0,GIRMS\IRMS-operator,2026-02-10 16:58:35.959,2026-02-10 18:10:11.730,Success,False,BTS,575,44.0,2,23.0,True,Unknown,,"0.002 V, 0.003 V, 0.003 V",64 µbar,72 °C,,4.192 V,9.5181 kV,59 µbar,Carbon Dioxide: 0.0181 kV,850 µbar,3.895 V,4.539 V,430 µbar/min,23.195 V,5.91E-008 mbar,73 %,819 µbar,µ-Volume,,Pre,3.8212269843350324,4.150499725693404,4.250705501676861,5.45432352905968,5.675194221740765,3.979506665694281,-1.6413274269534428,-4.003936127107366,-1.652329247344479,0.031324172430624575,0.007831043107656144,-4.017197365839431,0.01957482296219209,0.005054197555835233,-1.653062702037215,0.032281072836041466,-4.014612616155114,0.023597422211255072,Natan Pereira BTS coral series 4.1.xlsx,2026-02-10 16:58:35.959,739657.0,430.0,850.0,59.0,819.0,3.713593366142729,BTS,,575,OK,16.0,15.0,15.0,0.0,0.0,3.817822868516094,-0.10422950237336526,-0.08146234411115755
45.0,GIRMS\IRMS-operator,2026-02-10 17:36:20.058,2026-02-10 18:53:51.245,Success,False,BTS,360,45.0,1,24.0,True,Unknown,,"0.001 V, 0.001 V, 0.001 V",52 µbar,72 °C,,17.956 V,9.5189 kV,71 µbar,Carbon Dioxide: 0.0189 kV,"1,073 µbar",15.441 V,20.747 V,537 µbar/min,3.438 V,1.29E-007 mbar,19 %,987 µbar,µ-Volume,,Pre,15.081653142152865,16.341556918814486,16.667370808317965,21.5178799825506,22.27111877973841,15.623280549226838,-2.8954421197088243,-4.03186124682775,-3.015033159283087,0.047233290174263386,0.0121955830821003,-4.078310733474075,0.025637043484719714,0.0064092608711799285,-3.0150331592830875,0.04723329017426341,-4.081407365917164,0.023234023977379385,Natan Pereira BTS coral series 4.1.xlsx,2026-02-10 17:36:20.058,739657.0,537.0,1073.0,71.0,987.0,14.522308254419405,BTS,,360,OK,16.0,15.0,15.0,0.0,0.0,14.758134031473238,-0.235825777053833,-0.18645891004815068
46.0,GIRMS\IRMS-operator,2026-02-10 18:10:12.022,2026-02-10 19:22:50.977,Success,False,SHP2L,,46.0,2,24.0,True,QC Standard,SHP2L,"0.002 V, 0.002 V, 0.003 V",59 µbar,72 °C,,3.588 V,9.5188 kV,826 µbar,Carbon Dioxide: 0.0188 kV,"1,043 µbar",3.199 V,3.855 V,322 µbar/min,14.916 V,5.26E-008 mbar,94 %,936 µbar,µ-Volume,,Pre,3.1901665038517897,3.4678174914399116,3.510539079840192,4.547180157356652,4.686659576111649,3.2868343969295486,-0.7855564347447608,-5.263290044958735,-0.7840953766631438,0.015232668470070708,0.003808167117517677,-5.234826003904984,0.02058619860134093,0.005315333622980789,-0.7839979727910361,0.01576215138360132,-5.228533012048323,0.02517897284564617,Natan Pereira BTS coral series 4.1.xlsx,2026-02-10 18:10:12.022,739657.0,322.0,1043.0,826.0,936.0,3.105934817594086,SHP2L,,,OK,16.0,15.0,15.0,0.0,0.0,3.1586321554461514,-0.05269733785206521,-0.041636060172640724
1.0,GIRMS\IRMS-operator,2026-02-11 17:17:15.169,2026-02-11 18:22:18.259,Success,False,SHP2L,,1.0,1,2.0,True,QC Standard,SHP2L,"0.001 V, 0.001 V, 0.000 V",23 µbar,72 °C,,3.880 V,9.5207 kV,64 µbar,Carbon Dioxide: 0.0207 kV,"1,158 µbar",3.566 V,4.205 V,947 µbar/min,3.399 V,5.05E-008 mbar,85 %,699 µbar,µ-Volume,,Pre,3.543965670655796,3.851245001631372,3.8939641802897778,5.04697039834837,5.198118022627284,3.645557736612712,-1.1498298858962919,-6.17086904074704,-1.1201924359639308,0.016742314019101274,0.0041855785047753185,-6.164916311702818,0.03198150852303202,0.008257589993086237,-1.1182166059684397,0.015277525930158967,-6.1586990021076,0.03902991046087514,Natan Pereira BTS coral series 5.xlsx,2026-02-11 17:17:15.169,739658.0,947.0,1158.0,64.0,699.0,3.4391100566259394,SHP2L,,,OK,16.0,15.0,15.0,0.0,0.0,3.4965353198088867,-0.05742526318294727,-0.06871524369856727
2.0,GIRMS\IRMS-operator,2026-02-11 17:53:06.775,2026-02-11 18:52:54.608,Success,False,BTS,331,2.0,2,2.0,True,Unknown,,"0.001 V, 0.001 V, 0.001 V",25 µbar,72 °C,,10.050 V,9.5208 kV,32 µbar,Carbon Dioxide: 0.0208 kV,479 µbar,9.189 V,11.396 V,98 µbar/min,3.538 V,9.07E-008 mbar,34 %,838 µbar,µ-Volume,,Pre,8.991528400399991,9.752740273921649,9.885196695773761,12.833618778523855,13.200127739247732,9.259466179826566,-2.514910883466226,-3.7328273339267692,-2.576933530854885,0.032437194876408414,0.008109298719102103,-3.711626687079421,0.015948443806644425,0.004117870484070578,-2.5810683740141287,0.02888315310174082,-3.7071041912501106,0.01885976124690642,Natan Pereira BTS coral series 5.xlsx,2026-02-11 17:53:06.775,739658.0,98.0,479.0,32.0,838.0,8.684847601869413,BTS,,331,OK,16.0,15.0,15.0,0.0,0.0,8.803973511583406,-0.1191259097139934,-0.14296563159431752
3.0,GIRMS\IRMS-operator,2026-02-11 18:22:18.351,2026-02-11 19:24:54.702,Success,False,BTS,891,3.0,1,3.0,True,Unknown,,"0.002 V, 0.002 V, 0.002 V",32 µbar,72 °C,,14.734 V,9.5209 kV,49 µbar,Carbon Dioxide: 0.0209 kV,"1,102 µbar",13.424 V,17.035 V,659 µbar/min,8.988 V,1.18E-007 mbar,22 %,887 µbar,µ-Volume,,Pre,13.11762965773407,14.229012050439874,14.460143961717645,18.72451261689184,19.316207925577146,13.551611076343692,-1.977564997414416,-3.4769935292544574,-2.064014119017611,0.04660029277942291,0.011650073194855727,-3.517997474316359,0.02369441150985259,0.005923602877463147,-2.069777393791157,0.04192010141688244,-3.520731070653819,0.021758356863006936,Natan Pereira BTS coral series 5.xlsx,2026-02-11 18:22:18.351,739658.0,659.0,1102.0,49.0,887.0,12.620407711017764,BTS,,891,OK,16.0,15.0,15.0,0.0,0.0,12.81604505633179,-0.19563734531402588,-0.23437595953483348
4.0,GIRMS\IRMS-operator,2026-02-11 18:52:54.756,2026-02-11 20:01:57.604,Success,False,BTS,1017,4.0,2,3.0,True,Unknown,,"0.002 V, 0.002 V, 0.002 V",27 µbar,72 °C,,8.008 V,9.5210 kV,32 µbar,Carbon Dioxide: 0.0210 kV,592 µbar,7.284 V,8.942 V,132 µbar/min,12.995 V,7.90E-008 mbar,40 %,809 µbar,µ-Volume,,Pre,7.210980820530039,7.828622768603735,7.855646518347877,10.292894391081148,10.488889364263828,7.357205775874283,-1.7727003980769762,-3.7011864195898303,-1.7590147268295924,0.014544906644059786,0.003755478746972344,-3.7471521530153122,0.02733364078317549,0.006833410195793872,-1.762264707675798,0.021570820680747733,-3.7502165352436765,0.025288638825411894,Natan Pereira BTS coral series 5.xlsx,2026-02-11 18:52:54.756,739658.0,132.0,592.0,32.0,809.0,6.976213249812771,BTS,,1017,OK,16.0,15.0,15.0,0.0,0.0,7.016893381076379,-0.04068013126360803,-0.049203858162069646
5.0,GIRMS\IRMS-operator,2026-02-11 19:24:54.856,2026-02-11 20:42:43.972,Success,False,BTS,849,5.0,1,4.0,True,Unknown,,"0.001 V, 0.001 V, 0.001 V",30 µbar,72 °C,,10.696 V,9.5214 kV,49 µbar,Carbon Dioxide: 0.0214 kV,"1,102 µbar",9.776 V,12.120 V,674 µbar/min,3.426 V,9.44E-008 mbar,32 %,860 µbar,µ-Volume,,Pre,9.55210049770856,10.359851273526393,10.52199065384849,13.630820784084824,14.051242146008041,9.85697796498087,-2.5153986125695527,-3.885762732656395,-2.5666398055827004,0.02865718097690557,0.007164295244226393,-3.9261829834215876,0.021872388419033967,0.005468097104758492,-2.5700558851169104,0.026073805233517346,-3.9288776668059335,0.019700080089117965,Natan Pereira BTS coral series 5.xlsx,2026-02-11 19:24:54.856,739658.0,674.0,1102.0,49.0,860.0,9.216461429416922,BTS,,849,OK,16.0,15.0,15.0,0.0,0.0,9.363839406725253,-0.1473779773083308,-0.17647564876484645
6.0,GIRMS\IRMS-operator,2026-02-11 20:01:57.694,2026-02-11 21:13:37.424,Success,False,SHP2L,,6.0,2,4.0,True,QC Standard,SHP2L,"0.002 V, 0.002 V, 0.002 V",30 µbar,72 °C,,17.219 V,9.5214 kV,32 µbar,Carbon Dioxide: 0.0214 kV,430 µbar,15.705 V,20.097 V,127 µbar/min,9.547 V,1.31E-007 mbar,19 %,894 µbar,µ-Volume,,Pre,15.344660559066092,16.659281396324932,16.91763772910386,21.84355498322357,22.60299266346801,15.859316864379203,-0.8500500369480468,-6.105724944430957,-0.9723108344165122,0.062065950887138066,0.015516487721784517,-6.140572455346723,0.023774304291305032,0.005943576072826258,-0.9804615542477431,0.05466685976291575,-6.142895622741108,0.02265101314333596,Natan Pereira BTS coral series 5.xlsx,2026-02-11 20:01:57.694,739658.0,127.0,430.0,32.0,894.0,14.750715175040519,SHP2L,,,OK,16.0,15.0,15.0,0.0,0.0,14.959838071234977,-0.209122896194458,-0.25085901445272024
7.0,GIRMS\IRMS-operator,2026-02-11 20:42:44.082,2026-02-11 21:44:28.228,Success,False,BTS,979,7.0,1,5.0,True,Unknown,,"0.002 V, 0.002 V, 0.002 V",35 µbar,72 °C,,12.979 V,9.5214 kV,47 µbar,Carbon Dioxide: 0.0214 kV,"1,058 µbar",12.664 V,14.852 V,484 µbar/min,15.128 V,1.13E-007 mbar,23 %,887 µbar,µ-Volume,,Pre,12.44357707109297,13.508628412416314,13.656224414041375,17.76189234960505,18.241262705211128,12.79767336454237,-1.2373132121272779,-3.484472655456927,-1.335816749345603,0.051210111375944646,0.012802527843986162,-3.511565972600314,0.018316391103521328,0.004579097775880332,-1.3423836518268246,0.045503000403081494,-3.5133721937432068,0.017422006588076498,Natan Pereira BTS coral series 5.xlsx,2026-02-11 20:42:44.082,739658.0,484.0,1058.0,47.0,887.0,11.980717202089673,BTS,,979,OK,16.0,15.0,15.0,0.0,0.0,12.113936452743614,-0.1332192506539407,-0.16029000949054906
8.0,GIRMS\IRMS-operator,2026-02-11 21:13:37.589,2026-02-11 22:21:17.561,Success,False,BTS,852,8.0,2,5.0,True,Unknown,,"0.002 V, 0.002 V, 0.002 V",30 µbar,72 °C,,2.104 V,9.5215 kV,32 µbar,Carbon Dioxide: 0.0215 kV,506 µbar,2.943 V,2.249 V,127 µbar/min,12.262 V,4.95E-008 mbar,100 %,589 µbar,µ-Volume,1.959 V,Pre,2.00270985599096,2.174804150819352,3.2342869225599857,2.8584555859146463,4.317468385448121,3.028363946752272,-1.72892567252525,-3.7569287331954415,-1.7559392671297505,0.025047208008471916,0.006467161299053651,-3.7233795872177247,0.03017705826452319,0.007544264566130798,-1.7525897625865725,0.031456965485448476,-3.721142977485877,0.02983195930096648,Natan Pereira BTS coral series 5.xlsx,2026-02-11 21:13:37.589,739658.0,127.0,506.0,32.0,589.0,1.9474039114281751,BTS,,852,OK,16.0,15.0,15.0,0.0,0.0,2.905803797679042,-0.9583998862508669,-0.7814090678737771
9.0,GIRMS\IRMS-operator,2026-02-11 21:44:28.329,2026-02-11 23:01:06.392,Success,False,BTS,400,9.0,1,6.0,True,Unknown,,"0.001 V, 0.001 V, 0.001 V",32 µbar,72 °C,,9.999 V,9.5218 kV,45 µbar,Carbon Dioxide: 0.0218 kV,"1,058 µbar",9.086 V,11.295 V,557 µbar/min,3.421 V,8.90E-008 mbar,34 %,858 µbar,µ-Volume,,Pre,8.875037559903406,9.624063392679297,9.782651206228683,12.662701026922942,13.062707798010589,9.163801203376947,-2.7201687925225704,-4.00820590938511,-2.7491120457271565,0.017613967659302947,0.004403491914825737,-4.04411485473392,0.01799148697581427,0.004645381962055754,-2.7510415959407952,0.016388625158225492,-4.049627048438557,0.018849587448156322,Natan Pereira BTS coral series 5.xlsx,2026-02-11 21:44:28.329,739658.0,557.0,1058.0,45.0,858.0,8.569251122665126,BTS,,400,OK,16.0,15.0,15.0,0.0,0.0,8.715857396728692,-0.14660627406356674,-0.17535867398520386
10.0,GIRMS\IRMS-operator,2026-02-11 22:21:17.664,2026-02-11 23:35:34.437,Success,False,BTS,994,10.0,2,6.0,True,Unknown,,"0.002 V, 0.002 V, 0.002 V",30 µbar,72 °C,,18.639 V,9.5219 kV,32 µbar,Carbon Dioxide: 0.0219 kV,714 µbar,17.094 V,21.857 V,186 µbar/min,8.879 V,1.38E-007 mbar,17 %,904 µbar,µ-Volume,,Pre,16.698671386103427,18.104723355770222,18.450758121013752,23.875695514518046,24.653998064833907,17.30023126349906,-2.007372461804713,-1.6194115769124773,-2.1526524861876712,0.0585295773553047,0.015112271890510256,-1.6744606738770063,0.022085745383233858,0.0057025149371894715,-2.1526524861876712,0.05852957735530498,-1.6744606738770058,0.02208574538323398,Natan Pereira BTS coral series 5.xlsx,2026-02-11 22:21:17.664,739658.0,186.0,714.0,32.0,904.0,16.03142719016532,BTS,,994,OK,16.0,15.0,15.0,0.0,0.0,16.291065022806922,-0.25963783264160156,-0.31083694164508063
11.0,GIRMS\IRMS-operator,2026-02-11 23:01:06.523,2026-02-12 00:07:01.782,Success,False,SHP2L,,11.0,1,7.0,True,QC Standard,SHP2L,"0.002 V, 0.002 V, 0.003 V",35 µbar,72 °C,,5.711 V,9.5217 kV,45 µbar,Carbon Dioxide: 0.0217 kV,"1,021 µbar",5.329 V,6.284 V,503 µbar/min,16.426 V,6.69E-008 mbar,55 %,789 µbar,µ-Volume,,Pre,5.20665189998065,5.6583986006032925,5.774374227572033,7.4136574370340504,7.708670626349846,5.407325455023766,-0.8651728760155075,-6.088257939996011,-0.8584389115497069,0.019071028026479385,0.004767757006619846,-6.0955775711942035,0.017055386202593045,0.004403681781718575,-0.8579899805853202,0.019652684816971296,-6.101558344773972,0.027085475972738242,Natan Pereira BTS coral series 5.xlsx,2026-02-11 23:01:06.523,739658.0,503.0,1021.0,45.0,789.0,5.046654119843553,SHP2L,,,OK,16.0,15.0,15.0,0.0,0.0,5.1717832492937195,-0.1251291294501664,-0.14854689926374495
12.0,GIRMS\IRMS-operator,2026-02-11 23:35:34.590,2026-02-12 00:43:33.070,Success,False,BTS,964,12.0,2,7.0,True,Unknown,,"0.002 V, 0.002 V, 0.002 V",30 µbar,72 °C,,16.341 V,9.5221 kV,37 µbar,Carbon Dioxide: 0.0221 kV,694 µbar,15.122 V,19.004 V,171 µbar/min,5.261 V,1.26E-007 mbar,18 %,897 µbar,µ-Volume,,Pre,14.775293955336284,16.02596714183887,16.350335618706545,21.082645436413483,21.842992087490753,15.326666721831037,-1.8153066200879975,-3.725575973221429,-1.9489269166165075,0.04507773082452631,0.011639020051214075,-3.7512298388398353,0.018067528510846656,0.004665015801975786,-1.9489269166165077,0.045077730824526235,-3.7499233395684954,0.02058789239482273,Natan Pereira BTS coral series 5.xlsx,2026-02-11 23:35:34.590,739658.0,171.0,694.0,37.0,897.0,14.205577859411909,BTS,,964,OK,16.0,15.0,15.0,0.0,0.0,14.46664620352812,-0.26106834411621094,-0.31187976703031
13.0,GIRMS\IRMS-operator,2026-02-12 00:07:01.905,2026-02-12 01:22:25.346,Success,False,BTS,944,13.0,1,8.0,True,Unknown,,"0.001 V, 0.001 V, 0.001 V",35 µbar,72 °C,,21.701 V,9.5224 kV,47 µbar,Carbon Dioxide: 0.0224 kV,"1,075 µbar",20.140 V,25.727 V,532 µbar/min,3.421 V,1.57E-007 mbar,14 %,936 µbar,µ-Volume,,Pre,19.46121159582423,21.099480397043603,21.8362683122734,27.766988637891238,29.18145156189484,20.480316911032666,-1.728270520859665,-3.5900922074790786,-1.89167581066468,0.06508590556717632,0.016805108555633497,-3.6683188615724243,0.020233359570526802,0.005224230976965117,-1.89167581066468,0.06508590556717637,-3.6683188615724243,0.020233359570526795,Natan Pereira BTS coral series 5.xlsx,2026-02-12 00:07:01.905,739659.0,532.0,1075.0,47.0,936.0,18.640396032622327,BTS,,944,OK,16.0,15.0,15.0,0.0,0.0,19.220379028609266,-0.5799829959869385,-0.6843060673328552
14.0,GIRMS\IRMS-operator,2026-02-12 00:43:33.178,2026-02-12 01:55:26.062,Success,False,BTS,338,14.0,2,8.0,True,Unknown,,"0.002 V, 0.002 V, 0.003 V",30 µbar,72 °C,,14.590 V,9.5220 kV,35 µbar,Carbon Dioxide: 0.0220 kV,736 µbar,13.963 V,16.771 V,171 µbar/min,19.219 V,1.20E-007 mbar,21 %,889 µbar,µ-Volume,,Pre,13.75110734825345,14.911118523037098,15.029761568462511,19.680391371315753,20.077864945000442,14.087530864526949,-2.1880862215989394,-0.7500318372183346,-2.3215765335695613,0.03126040908241271,0.008354695754056052,-0.776380325017756,0.01978144967516187,0.004945362418790468,-2.3130514745983937,0.04469409012146199,-0.7781368908710508,0.01914057135565663,Natan Pereira BTS coral series 5.xlsx,2026-02-12 00:43:33.178,739659.0,171.0,736.0,35.0,889.0,13.230075150896733,BTS,,338,OK,16.0,15.0,15.0,0.0,0.0,13.314607633402073,-0.08453248250533996,-0.10218790695232176
15.0,GIRMS\IRMS-operator,2026-02-12 01:22:25.467,2026-02-12 02:29:11.461,Success,False,BTS,957,15.0,1,9.0,True,Unknown,,"0.002 V, 0.002 V, 0.003 V",37 µbar,72 °C,,16.006 V,9.5222 kV,42 µbar,Carbon Dioxide: 0.0222 kV,963 µbar,14.553 V,18.542 V,361 µbar/min,13.505 V,1.24E-007 mbar,19 %,911 µbar,µ-Volume,,Pre,14.202452450059878,15.412884843823958,15.704917800900986,20.27084364748638,20.979915402895625,14.720729737543094,-1.3409377513966536,-3.4485807497973697,-1.4472919170761267,0.059853773570726215,0.014963443392681554,-3.483410414445387,0.020254481724140766,0.0050636204310351915,-1.4543821947880915,0.05455784874265367,-3.4857323920885883,0.018631159013439667,Natan Pereira BTS coral series 5.xlsx,2026-02-12 01:22:25.467,739659.0,361.0,963.0,42.0,911.0,13.656175880693421,BTS,,957,OK,16.0,15.0,15.0,0.0,0.0,13.902655988000857,-0.24648010730743586,-0.2945473647668145
16.0,GIRMS\IRMS-operator,2026-02-12 01:55:26.208,2026-02-12 03:06:13.936,Success,False,SHP2L,,16.0,2,9.0,True,QC Standard,SHP2L,"0.002 V, 0.002 V, 0.003 V",32 µbar,72 °C,,4.935 V,9.5221 kV,37 µbar,Carbon Dioxide: 0.0221 kV,699 µbar,4.586 V,5.397 V,190 µbar/min,14.018 V,6.18E-008 mbar,60 %,758 µbar,µ-Volume,,Pre,4.504333132321682,4.897119287822672,4.988746353238883,6.419615132285028,6.6595519316344625,4.6715488697845515,-0.4673008522882993,-5.150923108725336,-0.4864103672158268,0.02268904007593406,0.005672260018983515,-5.170529980288329,0.02761172909232979,0.006902932273082448,-0.487684334877662,0.022885381529785254,-5.171837105059196,0.02806377394440373,Natan Pereira BTS coral series 5.xlsx,2026-02-12 01:55:26.208,739659.0,190.0,699.0,37.0,758.0,4.368549235994791,SHP2L,,,OK,16.0,15.0,15.0,0.0,0.0,4.474128507387127,-0.1055792713923367,-0.1254149714914645
17.0,GIRMS\IRMS-operator,2026-02-12 02:29:11.695,2026-02-12 03:45:35.011,Success,False,BTS,370,17.0,1,10.0,True,Unknown,,"0.001 V, 0.001 V, 0.001 V",35 µbar,72 °C,,8.897 V,9.5225 kV,45 µbar,Carbon Dioxide: 0.0225 kV,"1,029 µbar",8.080 V,9.977 V,440 µbar/min,3.434 V,8.26E-008 mbar,39 %,846 µbar,µ-Volume,,Pre,7.901411040016406,8.572962942764113,8.706232681154527,11.27225973396729,11.624135754398809,8.15472389260132,-2.271626014556438,-4.0974611786644966,-2.2873391499849127,0.019187049820177503,0.004954074961093299,-4.086131302760766,0.018615322741792634,0.004806455664215938,-2.284780051713649,0.02350627681307143,-4.081912492799596,0.02260707955465558,Natan Pereira BTS coral series 5.xlsx,2026-02-12 02:29:11.695,739659.0,440.0,1029.0,45.0,846.0,7.633838901909182,BTS,,370,OK,16.0,15.0,15.0,0.0,0.0,7.765967498215029,-0.13212859630584717,-0.15801058667089388
18.0,GIRMS\IRMS-operator,2026-02-12 03:06:14.096,2026-02-12 04:18:09.595,Success,False,BTS,640,18.0,2,10.0,True,Unknown,,"0.002 V, 0.002 V, 0.002 V",30 µbar,72 °C,,0.006 V,9.5224 kV,35 µbar,Carbon Dioxide: 0.0224 kV,660 µbar,3.178 V,0.007 V,132 µbar/min,7.910 V,4.53E-008 mbar,100 %,35 µbar,µ-Volume,0.011 V,Pre,0.007166850144156171,0.007745607142882703,3.4662462075819196,0.01028030606976239,4.626851799216626,3.2456418604856916,-6.423261010159331,1.3122165665500063,-6.822864922340774,0.8454558449550456,0.21829576049764074,2.067894699077949,1.1874378754886528,0.2968594688721632,,,,,Natan Pereira BTS coral series 5.xlsx,2026-02-12 03:06:14.096,739659.0,132.0,660.0,35.0,35.0,0.006750110147492819,BTS,,640,Failed Sample,16.0,15.0,15.0,0.0,0.0,3.101339153102257,-3.0945890429547642,-0.008194199313880728
19.0,GIRMS\IRMS-operator,2026-02-12 03:45:35.289,2026-02-12 04:54:04.325,Success,False,BTS,935,19.0,1,11.0,True,Unknown,,"0.001 V, 0.001 V, 0.001 V",35 µbar,72 °C,,20.079 V,9.5226 kV,42 µbar,Carbon Dioxide: 0.0226 kV,995 µbar,17.118 V,23.706 V,484 µbar/min,3.163 V,1.39E-007 mbar,16 %,926 µbar,µ-Volume,,Pre,16.68679714202881,18.096409459030568,18.485121149933278,23.809783840018287,24.699472570258152,17.332538962364197,-1.749383558809936,-3.6374733773887336,-1.909987673297812,0.04059585823088938,0.010481805523548791,-3.6682521506593155,0.022555572598504162,0.005638893149626041,-1.9099876732978118,0.040595858230889396,-3.6703040688773543,0.021746624399878317,Natan Pereira BTS coral series 5.xlsx,2026-02-12 03:45:35.289,739659.0,484.0,995.0,42.0,926.0,16.018927097320557,BTS,,935,OK,16.0,15.0,15.0,0.0,0.0,16.322597861289978,-0.3036707639694214,-0.3625676637261753
20.0,GIRMS\IRMS-operator,2026-02-12 04:18:09.728,2026-02-12 05:30:47.236,Success,False,BTS,646,20.0,2,11.0,True,Unknown,,"0.002 V, 0.002 V, 0.003 V",30 µbar,72 °C,,12.621 V,9.5223 kV,40 µbar,Carbon Dioxide: 0.0223 kV,645 µbar,12.139 V,14.412 V,122 µbar/min,16.426 V,1.08E-007 mbar,23 %,911 µbar,µ-Volume,,Pre,11.938152725229735,12.94017939467551,13.076003478957434,17.034272962582026,17.46442478276483,12.253342086802,-2.7926320638439472,-3.798194137735189,-2.9009430959623828,0.02577010410855907,0.006653812269498707,-3.8586443382299698,0.02157101719777846,0.005569612691183317,-2.9009430959623823,0.025770104108559035,-3.8586443382299707,0.021571017197778434,Natan Pereira BTS coral series 5.xlsx,2026-02-12 04:18:09.728,739659.0,122.0,645.0,40.0,911.0,11.501850178765123,BTS,,646,OK,16.0,15.0,15.0,0.0,0.0,11.610464639124256,-0.10861446035913325,-0.13090242654804368
21.0,GIRMS\IRMS-operator,2026-02-12 04:54:04.514,2026-02-12 06:15:46.019,Success,False,SHP2L,,21.0,1,12.0,True,QC Standard,SHP2L,"0.001 V, 0.001 V, 0.001 V",35 µbar,72 °C,,6.425 V,9.5226 kV,49 µbar,Carbon Dioxide: 0.0226 kV,"1,060 µbar",5.852 V,7.095 V,488 µbar/min,3.411 V,6.49E-008 mbar,53 %,809 µbar,µ-Volume,,Pre,5.737140084981954,6.234648025654158,6.318705395785297,8.168250662637266,8.43552615790488,5.917643800048,-0.8175652717701265,-6.117140485353056,-0.8348483521371853,0.017893378369650565,0.0046200504288696435,-6.107243739292989,0.013091396086023317,0.003380183934651551,-0.8321887716391974,0.022907892474464144,-6.103407389849697,0.017629226979073705,Natan Pereira BTS coral series 5.xlsx,2026-02-12 04:54:04.514,739659.0,488.0,1060.0,49.0,809.0,5.555986841109542,SHP2L,,,OK,16.0,15.0,15.0,0.0,0.0,5.655079468546536,-0.09909262743699454,-0.11844201366046282
22.0,GIRMS\IRMS-operator,2026-02-12 05:30:47.376,2026-02-12 06:44:22.902,Success,False,BTS,354,22.0,2,12.0,True,Unknown,,"0.002 V, 0.002 V, 0.002 V",37 µbar,72 °C,,7.886 V,9.5225 kV,626 µbar,Carbon Dioxide: 0.0225 kV,731 µbar,7.225 V,8.766 V,166 µbar/min,5.776 V,7.83E-008 mbar,43 %,892 µbar,µ-Volume,,Pre,7.091946147336714,7.694378811922973,7.79900768101131,10.119251621572925,10.41149291620365,7.304280250014112,-2.3957613079305107,-3.8881537104359376,-2.4198157752550222,0.0158443735079936,0.00409099964850328,-3.9220207680958024,0.020531048906202776,0.0053010940329262235,-2.418844541872933,0.017755452391933917,-3.9276605211504108,0.02212095218916366,Natan Pereira BTS coral series 5.xlsx,2026-02-12 05:30:47.376,739659.0,166.0,731.0,626.0,892.0,6.862706683530561,BTS,,354,OK,16.0,15.0,15.0,0.0,0.0,6.9670225903477245,-0.1043159068171633,-0.12500883231229468
23.0,GIRMS\IRMS-operator,2026-02-12 06:15:46.235,2026-02-12 07:17:17.088,Success,False,BTS,343,23.0,1,13.0,True,Unknown,,"0.002 V, 0.002 V, 0.002 V",37 µbar,72 °C,,0.001 V,9.5226 kV,76 µbar,Carbon Dioxide: 0.0226 kV,929 µbar,3.131 V,0.002 V,322 µbar/min,7.087 V,4.40E-008 mbar,100 %,79 µbar,µ-Volume,0.006 V,Pre,0.002343287843902772,0.0025475909490351124,3.4219115952307515,0.0034007797175964927,4.567536603685249,3.2041307984456484,-0.5131403364133647,13.116341751042482,-6.6933085697424834,3.5299646444559865,0.9114329520452681,12.923236654179131,3.2807262025906136,0.8470798630733164,,,,,Natan Pereira BTS coral series 5.xlsx,2026-02-12 06:15:46.235,739659.0,322.0,929.0,76.0,79.0,0.0020029663602675212,BTS,,343,Failed Sample,16.0,15.0,15.0,0.0,0.0,3.063382531060325,-3.0613795647000575,-0.0024351826734638217
24.0,GIRMS\IRMS-operator,2026-02-12 06:44:23.029,2026-02-12 07:53:33.648,Success,False,BTS,956,24.0,2,13.0,True,Unknown,,"0.001 V, 0.001 V, 0.001 V",37 µbar,72 °C,,11.653 V,9.5227 kV,648 µbar,Carbon Dioxide: 0.0227 kV,"1,205 µbar",10.765 V,13.263 V,879 µbar/min,3.112 V,9.91E-008 mbar,28 %,924 µbar,µ-Volume,,Pre,10.570204513222977,11.476493267957887,11.580902226183483,15.089988708496094,15.465363860130312,10.850659268052386,-1.2719115226299538,-3.3065814049858533,-1.3620403094684337,0.030619221369503076,0.007905848962528245,-3.3451841265715947,0.02173471012839852,0.00543367753209963,-1.362040309468434,0.03061922136950305,-3.347757641343977,0.01981422572908046,Natan Pereira BTS coral series 5.xlsx,2026-02-12 06:44:23.029,739659.0,879.0,1205.0,648.0,924.0,10.195772834325991,BTS,,956,OK,16.0,15.0,15.0,0.0,0.0,10.29528269387851,-0.09950985955251923,-0.11989192406707208
25.0,GIRMS\IRMS-operator,2026-02-12 07:17:17.239,2026-02-12 08:31:32.249,Success,False,BTS,854,25.0,1,14.0,True,Unknown,,"0.001 V, 0.001 V, 0.001 V",37 µbar,72 °C,,3.375 V,9.5227 kV,618 µbar,Carbon Dioxide: 0.0227 kV,902 µbar,3.423 V,3.636 V,415 µbar/min,3.423 V,4.74E-008 mbar,90 %,819 µbar,µ-Volume,,Pre,3.37974094875942,3.6675765851278,3.7433042863149337,4.822999420873347,4.996573224177572,3.5049588687146676,-2.4130622490616815,-3.873169813422672,-2.379337013865294,0.025036750760801283,0.006464461249315282,-3.850729030478076,0.03637382331191005,0.009093455827977513,-2.382649726261114,0.03210691725590686,-3.8492329782817696,0.037137451267567276,Natan Pereira BTS coral series 5.xlsx,2026-02-12 07:17:17.239,739659.0,415.0,902.0,618.0,819.0,3.284261801440405,BTS,,854,OK,16.0,15.0,15.0,0.0,0.0,3.3648696324351377,-0.08060783099473268,-0.09571691749124847
26.0,GIRMS\IRMS-operator,2026-02-12 07:53:33.797,2026-02-12 09:04:03.353,Success,False,SHP2L,,26.0,2,14.0,True,QC Standard,SHP2L,"0.001 V, 0.001 V, 0.001 V",35 µbar,72 °C,,5.994 V,9.5229 kV,40 µbar,Carbon Dioxide: 0.0229 kV,772 µbar,5.486 V,6.607 V,171 µbar/min,3.401 V,6.27E-008 mbar,56 %,802 µbar,µ-Volume,,Pre,5.473618042734084,5.948763783497068,5.945879109544377,7.793905004599725,7.937336592180519,5.567838084962782,-0.8007717190512409,-6.066853662815119,-0.8331806322489014,0.01982803101613364,0.00511957559423798,-6.076829532013599,0.035245177068501686,0.008811294267125422,-0.831885543436147,0.022544412643337425,-6.077494589960165,0.03637815779273215,Natan Pereira BTS coral series 5.xlsx,2026-02-12 07:53:33.797,739659.0,171.0,772.0,40.0,802.0,5.304623973634657,SHP2L,,,OK,16.0,15.0,15.0,0.0,0.0,5.324422060905555,-0.019798087270897824,-0.023996467045619002
27.0,GIRMS\IRMS-operator,2026-02-12 08:31:32.369,2026-02-12 09:37:30.555,Success,False,BTS,991,27.0,1,15.0,True,Unknown,,"0.002 V, 0.002 V, 0.002 V",37 µbar,72 °C,,29.982 V,9.5228 kV,49 µbar,Carbon Dioxide: 0.0228 kV,"1,021 µbar",24.324 V,36.638 V,513 µbar/min,5.408 V,1.78E-007 mbar,10 %,953 µbar,µ-Volume,26.689 V,Pre,29.032054911502694,31.447675860319737,26.506376302633885,41.4064694708072,35.43509734327424,24.874347816356515,-2.0916291121712005,-3.791061339705748,-2.172275114016779,0.02771258444474023,0.007155358535656375,-3.7852644927038392,0.01983004767613082,0.004957511919032705,-2.1722751140167786,0.027712584444740142,-3.7848780362370453,0.020463588217664457,Natan Pereira BTS coral series 5.xlsx,2026-02-12 08:31:32.369,739659.0,513.0,1021.0,49.0,953.0,27.62899137581239,BTS,,991,OK,16.0,15.0,15.0,0.0,0.0,23.242670665630204,4.386320710182186,6.343388739297886
28.0,GIRMS\IRMS-operator,2026-02-12 09:04:03.488,2026-02-12 10:14:00.683,Success,False,BTS,585,28.0,2,15.0,True,Unknown,,"0.002 V, 0.002 V, 0.003 V",37 µbar,72 °C,,4.903 V,9.5223 kV,37 µbar,Carbon Dioxide: 0.0223 kV,545 µbar,4.556 V,5.355 V,161 µbar/min,22.941 V,6.34E-008 mbar,63 %,758 µbar,µ-Volume,,Pre,4.45605240794974,4.836871692035956,4.95200776287294,6.357952438876195,6.610728953297796,4.636912530059498,-2.1063545937596295,-4.093442463211194,-2.077728969957031,0.013574495500477747,0.0035049196671011885,-4.127202380057176,0.025760696936507267,0.006440174234126817,-2.0727452842162895,0.015846810283974378,-4.129453041180243,0.024983549561958692,Natan Pereira BTS coral series 5.xlsx,2026-02-12 09:04:03.488,739659.0,161.0,545.0,37.0,758.0,4.321535153724148,BTS,,585,OK,16.0,15.0,15.0,0.0,0.0,4.440674424263278,-0.11913927053913032,-0.141054191440933
29.0,GIRMS\IRMS-operator,2026-02-12 09:37:30.694,2026-02-12 10:55:05.395,Success,False,BTS,874,29.0,1,16.0,True,Unknown,,"0.001 V, 0.001 V, 0.001 V",35 µbar,72 °C,,9.201 V,9.5228 kV,42 µbar,Carbon Dioxide: 0.0228 kV,936 µbar,8.342 V,10.326 V,342 µbar/min,3.424 V,8.68E-008 mbar,37 %,846 µbar,µ-Volume,,Pre,8.167385017401603,8.865123284793961,8.982291115261184,11.660133134560642,11.993814837174472,8.413335082431527,-1.857376334569505,-3.465685090490722,-1.9275699762504244,0.02107277720928459,0.005440967679326562,-3.4925092310581425,0.023435539963361767,0.005858884990840442,-1.9275699762504244,0.02107277720928462,-3.4942975070959705,0.023100501719384787,Natan Pereira BTS coral series 5.xlsx,2026-02-12 09:37:30.694,739659.0,342.0,936.0,42.0,846.0,7.8929572274909745,BTS,,874,OK,16.0,15.0,15.0,0.0,0.0,8.009686028487113,-0.11672880099613892,-0.1399407585479
30.0,GIRMS\IRMS-operator,2026-02-12 10:14:00.876,2026-02-12 11:28:22.057,Success,False,BTS,573,30.0,2,16.0,True,Unknown,,"0.002 V, 0.002 V, 0.002 V",35 µbar,72 °C,,9.027 V,9.5227 kV,37 µbar,Carbon Dioxide: 0.0227 kV,838 µbar,8.322 V,10.162 V,195 µbar/min,8.185 V,8.55E-008 mbar,37 %,836 µbar,µ-Volume,,Pre,8.167184616891266,8.859405304122356,8.924800526947173,11.653432885270085,11.917481461625066,8.359565058218854,-2.4740357347124986,-4.047747951322678,-2.5033982200411695,0.026351111762059905,0.006587777940514976,-4.025732484166127,0.02520966530956655,0.006302416327391637,-2.5053557190630817,0.026044033845805385,-4.024264786355691,0.025377036200136982,Natan Pereira BTS coral series 5.xlsx,2026-02-12 10:14:00.876,739659.0,195.0,838.0,37.0,836.0,7.892600919572235,BTS,,573,OK,16.0,15.0,15.0,0.0,0.0,7.958583261338593,-0.06598234176635831,-0.07960751123239913
31.0,GIRMS\IRMS-operator,2026-02-12 10:55:05.534,2026-02-12 12:03:14.268,Success,False,SHP2L,,31.0,1,17.0,True,QC Standard,SHP2L,"0.002 V, 0.002 V, 0.002 V",35 µbar,72 °C,,3.424 V,9.5225 kV,40 µbar,Carbon Dioxide: 0.0225 kV,909 µbar,3.129 V,3.702 V,435 µbar/min,8.160 V,5.23E-008 mbar,97 %,694 µbar,µ-Volume,,Pre,3.0674528796787577,3.333955864871379,3.424837873648981,4.3677032230629065,4.572027555635208,3.206759146182454,-0.8551559524416774,-6.1792617919894655,-0.8597563417844197,0.013571539138383878,0.003504156337690861,-6.143289111718092,0.0189209814510189,0.0050568450008012565,-0.8627391513234737,0.016977617543728424,-6.1410323221711876,0.03145964371304977,Natan Pereira BTS coral series 5.xlsx,2026-02-12 10:55:05.534,739659.0,435.0,909.0,40.0,694.0,2.979706832865079,SHP2L,,,OK,16.0,15.0,15.0,0.0,0.0,3.0786287185998122,-0.09892188573473337,-0.1164797820779798
32.0,GIRMS\IRMS-operator,2026-02-12 11:28:22.284,2026-02-12 12:38:30.473,Success,False,BTS,908,32.0,2,17.0,True,Unknown,,"0.001 V, 0.001 V, 0.002 V",35 µbar,72 °C,,27.749 V,9.5227 kV,37 µbar,Carbon Dioxide: 0.0227 kV,677 µbar,23.581 V,33.595 V,171 µbar/min,3.102 V,1.77E-007 mbar,10 %,933 µbar,µ-Volume,24.571 V,Pre,26.62931908649735,28.84118880506858,25.712734715903842,37.974995410478705,34.37426391843616,24.126415744250334,-2.36156424581635,-4.027730652091499,-2.4637470427835075,0.022482385549140213,0.005804926987655622,-4.039206006440566,0.013945884912815502,0.0034864712282038756,-2.4637470427835075,0.02248238554914024,-4.039971030063837,0.014083559096192804,Natan Pereira BTS coral series 5.xlsx,2026-02-12 11:28:22.284,739659.0,171.0,677.0,37.0,933.0,25.38601089996628,BTS,,908,OK,16.0,15.0,15.0,0.0,0.0,22.55759169143967,2.8284192085266113,3.872464552867073
33.0,GIRMS\IRMS-operator,2026-02-12 12:03:14.398,2026-02-12 13:08:18.887,Error,False,BTS,827,33.0,1,18.0,True,Unknown,,"0.002 V, 0.001 V, 0.002 V",35 µbar,72 °C,,0.010 V,,726 µbar,Carbon Dioxide: 0.0227 kV,633 µbar,,0.009 V,186 µbar/min,3.408 V,,90 %,736 µbar,µ-Volume,,Pre,,,,,,,,,,,,,,,,,,,Natan Pereira BTS coral series 5.xlsx,2026-02-12 12:03:14.398,739659.0,186.0,633.0,726.0,736.0,,BTS,,827,Failed Sample,0.0,0.0,0.0,0.0,0.0,,,
34.0,GIRMS\IRMS-operator,2026-02-12 12:38:30.633,2026-02-12 13:17:45.189,Error,False,BTS,980,34.0,2,18.0,True,Unknown,,"0.002 V, 0.001 V, 0.002 V",32 µbar,72 °C,,,,,,,,,176 µbar/min,,,,,,,Pre,,,,,,,,,,,,,,,,,,,Natan Pereira BTS coral series 5.xlsx,2026-02-12 12:38:30.633,739659.0,176.0,,,,,BTS,,980,Failed Sample,0.0,0.0,0.0,0.0,0.0,,,
35.0,GIRMS\IRMS-operator,2026-02-12 15:35:59.594,2026-02-12 15:50:36.136,Error,False,BTS,926,35.0,1,19.0,True,Unknown,,"0.002 V, 0.001 V, 0.002 V",23 µbar,72 °C,,,,,,,,,,,,,,,,Pre,,,,,,,,,,,,,,,,,,,Natan Pereira BTS coral series 5.xlsx,2026-02-12 15:35:59.594,739659.0,,,,,,BTS,,926,Failed Sample,0.0,0.0,0.0,0.0,0.0,,,
36.0,GIRMS\IRMS-operator,2026-02-12 18:28:52.338,2026-02-12 19:29:40.048,Success,False,SHP2L,,36.0,2,19.0,True,QC Standard,SHP2L,"0.001 V, 0.001 V, 0.001 V",,72 °C,,8.686 V,9.5220 kV,35 µbar,Carbon Dioxide: 0.0220 kV,824 µbar,7.880 V,9.722 V,342 µbar/min,3.404 V,8.22E-008 mbar,39 %,833 µbar,µ-Volume,,Pre,7.717788500191088,8.385668032929042,8.490878705621155,10.988310456780937,11.336997628716974,7.953181919081643,-0.8244974717730447,-6.100574177267171,-0.8498543810851132,0.018901560551222985,0.004880361948814514,-6.115121597231029,0.015062858146567918,0.0038892132498628174,-0.8471011582093847,0.02491128855386691,-6.118559999545241,0.017234946771735045,Natan Pereira BTS coral series 5.xlsx,2026-02-12 18:28:52.338,739659.0,342.0,824.0,35.0,833.0,7.458069098401238,SHP2L,,,OK,16.0,15.0,15.0,0.0,0.0,7.576458824086358,-0.11838972568511963,-0.14178036562149446
37.0,GIRMS\IRMS-operator,2026-02-12 19:00:29.283,2026-02-12 19:59:35.776,Success,False,BTS,368,37.0,1,20.0,True,Unknown,,"0.002 V, 0.001 V, 0.002 V",25 µbar,72 °C,,14.146 V,9.5219 kV,35 µbar,Carbon Dioxide: 0.0219 kV,709 µbar,12.969 V,16.296 V,274 µbar/min,7.738 V,1.13E-007 mbar,23 %,882 µbar,µ-Volume,,Pre,12.65719772112842,13.712720039334723,13.929099801030585,18.058573023250652,18.604924098423076,13.054075248365356,-3.1957699842666276,-3.8611005176496516,-3.2792709386343923,0.0419133046986205,0.010478326174655125,-3.880437707847947,0.02433101774558389,0.006082754436395972,-3.2848376689255767,0.03675560208908988,-3.881726853861167,0.024612890034089688,Natan Pereira BTS coral series 5.xlsx,2026-02-12 19:00:29.283,739659.0,274.0,709.0,35.0,882.0,12.188138969068483,BTS,,368,OK,16.0,15.0,15.0,0.0,0.0,12.352066643362,-0.16392767429351807,-0.1967849999059748
38.0,GIRMS\IRMS-operator,2026-02-12 19:29:40.282,2026-02-12 20:33:01.267,Success,False,BTS,359,38.0,2,20.0,True,Unknown,,"0.002 V, 0.002 V, 0.002 V",32 µbar,72 °C,,11.396 V,9.5220 kV,35 µbar,Carbon Dioxide: 0.0220 kV,665 µbar,11.180 V,12.903 V,171 µbar/min,12.575 V,1.03E-007 mbar,26 %,877 µbar,µ-Volume,,Pre,11.01154088973999,11.928321845338788,12.032734281824078,15.712565448688574,16.06958236973197,11.274352669715881,-3.522169871496783,-3.7988733823943743,-3.6016675317034266,0.030260443360157943,0.007813212878849634,-3.8210491639649113,0.02265261859486009,0.005663154648715023,-3.601667531703427,0.030260443360157905,-3.822527549402947,0.022634624704591655,Natan Pereira BTS coral series 5.xlsx,2026-02-12 19:29:40.282,739659.0,171.0,665.0,35.0,877.0,10.620549321174622,BTS,,359,OK,16.0,15.0,15.0,0.0,0.0,10.692805051803589,-0.07225573062896729,-0.08731112221255047
39.0,GIRMS\IRMS-operator,2026-02-12 19:59:35.902,2026-02-12 21:12:20.935,Success,False,BTS,853,39.0,1,21.0,True,Unknown,,"0.002 V, 0.002 V, 0.002 V",30 µbar,72 °C,,0.006 V,9.5221 kV,37 µbar,Carbon Dioxide: 0.0221 kV,926 µbar,2.979 V,0.007 V,293 µbar/min,10.856 V,4.42E-008 mbar,100 %,40 µbar,µ-Volume,0.012 V,Pre,0.007277952639270722,0.00781629146075693,3.2707688412306952,0.010347023573402909,4.366248846054077,3.0626936800878277,-12.627792653016945,-7.594317487576996,-13.60610398152235,1.0094852113312522,0.25237130283281306,-11.242193992596224,1.9560062313993538,0.48900155784983845,,,,,Natan Pereira BTS coral series 5.xlsx,2026-02-12 19:59:35.902,739659.0,293.0,926.0,37.0,40.0,0.006845335985408383,BTS,,853,Failed Sample,16.0,15.0,15.0,0.0,0.0,2.9284229719973163,-2.9215776360119077,-0.008308456260455961
40.0,GIRMS\IRMS-operator,2026-02-12 20:33:01.448,2026-02-12 21:53:23.868,Success,False,BTS,625,40.0,2,21.0,True,Unknown,,"0.001 V, 0.001 V, 0.001 V",37 µbar,72 °C,,9.576 V,9.5223 kV,42 µbar,Carbon Dioxide: 0.0223 kV,929 µbar,8.693 V,10.770 V,327 µbar/min,3.421 V,8.68E-008 mbar,36 %,868 µbar,µ-Volume,,Pre,8.509975793216404,9.23729181782844,9.349100737606317,12.145452369787828,12.483124743096045,8.757582081264298,-1.7394324941873984,-3.65457600278396,-1.7622875688051571,0.028910566645763348,0.007227641661440837,-3.6125383723049294,0.014188700821796303,0.003663506799142438,-1.7638112404463409,0.029252759200569863,-3.6125383723049294,0.01418870082179625,Natan Pereira BTS coral series 5.xlsx,2026-02-12 20:33:01.448,739659.0,327.0,929.0,42.0,868.0,8.219739569133559,BTS,,625,OK,16.0,15.0,15.0,0.0,0.0,8.333569539493363,-0.11382997035980402,-0.13659209276451814
41.0,GIRMS\IRMS-operator,2026-02-12 21:12:21.206,2026-02-12 22:26:09.553,Success,False,SHP2L,,41.0,1,22.0,True,QC Standard,SHP2L,"0.002 V, 0.002 V, 0.002 V",32 µbar,73 °C,,0.005 V,9.5223 kV,37 µbar,Carbon Dioxide: 0.0223 kV,614 µbar,3.173 V,0.006 V,278 µbar/min,8.501 V,4.51E-008 mbar,100 %,37 µbar,µ-Volume,0.010 V,Pre,0.006106967245152988,0.006592048302512296,3.4845980614843164,0.008714603034350833,4.651152284562218,3.2628178564627186,-7.672274772100973,-3.837218707253398,-8.087162420937936,1.5381423768615987,0.3971466539787243,-4.041056138977836,1.4571184062015108,0.376226354711383,,,,,Natan Pereira BTS coral series 5.xlsx,2026-02-12 21:12:21.206,739659.0,278.0,614.0,37.0,37.0,0.005708998737998058,SHP2L,,,Failed Sample,16.0,15.0,15.0,0.0,0.0,3.118760610317044,-3.113051611579046,-0.00693276006034669
42.0,GIRMS\IRMS-operator,2026-02-12 21:53:24.180,2026-02-12 23:01:41.491,Success,False,BTS,894,42.0,2,22.0,True,Unknown,,"0.001 V, 0.001 V, 0.001 V",37 µbar,72 °C,,25.209 V,9.5224 kV,40 µbar,Carbon Dioxide: 0.0224 kV,667 µbar,23.675 V,30.296 V,156 µbar/min,3.153 V,1.74E-007 mbar,10 %,955 µbar,µ-Volume,,Pre,23.40029992775396,25.35746991634369,25.730237364768985,33.38867951802795,34.39169157914703,24.142884394688163,-1.815050591717604,-3.301967028782049,-2.0592552085133624,0.08243800914064045,0.021285402433079685,-3.3768388899816735,0.026472804867437187,0.006835248825265525,-2.059255208513363,0.08243800914064027,-3.376838889981674,0.026472804867437014,Natan Pereira BTS coral series 5.xlsx,2026-02-12 21:53:24.180,739659.0,156.0,667.0,40.0,955.0,22.360437295002498,BTS,,894,OK,16.0,15.0,15.0,0.0,0.0,22.568040272755184,-0.20760297775268555,-0.25024301577595937
43.0,GIRMS\IRMS-operator,2026-02-12 22:26:09.791,2026-02-12 23:39:51.283,Success,False,BTS,887,43.0,1,23.0,True,Unknown,,"0.002 V, 0.002 V, 0.003 V",35 µbar,72 °C,,0.020 V,9.5221 kV,42 µbar,Carbon Dioxide: 0.0221 kV,897 µbar,2.978 V,0.020 V,420 µbar/min,22.276 V,4.47E-008 mbar,100 %,57 µbar,µ-Volume,0.026 V,Pre,0.019517238029220094,0.021132019665862686,3.2563250322256767,0.02802209242251365,4.346741816249915,3.0491625129630147,-4.579159963178703,2.262296052799151,-3.359615341104676,0.8376746761545041,0.20941866903862602,3.073393255815016,0.6445350712807242,0.16113376782018105,,,,,Natan Pereira BTS coral series 5.xlsx,2026-02-12 22:26:09.791,739659.0,420.0,897.0,42.0,57.0,0.018802991023529957,BTS,,887,Failed Sample,16.0,15.0,15.0,0.0,0.0,2.915941391276133,-2.897138400252603,-0.02272790120164672
44.0,GIRMS\IRMS-operator,2026-02-12 23:01:41.677,2026-02-13 00:23:17.764,Success,False,BTS,937,44.0,2,23.0,True,Unknown,,"0.001 V, 0.001 V, 0.001 V",42 µbar,72 °C,,9.933 V,9.5226 kV,699 µbar,Carbon Dioxide: 0.0226 kV,853 µbar,9.062 V,11.195 V,264 µbar/min,3.411 V,9.03E-008 mbar,34 %,929 µbar,µ-Volume,,Pre,8.87008011341095,9.624431142257356,9.711364433756215,12.659587640296348,12.967432785921927,9.097427129745483,-2.1081978847452554,-3.6398646413206004,-2.1482131467454035,0.035972834951508194,0.008993208737877048,-3.6500738368296997,0.013708441917882263,0.0035395044833606442,-2.150880830878747,0.035559511028553,-3.653239408436307,0.01640064957294548,Natan Pereira BTS coral series 5.xlsx,2026-02-12 23:01:41.677,739659.0,264.0,853.0,699.0,929.0,8.571282029151917,BTS,,937,OK,16.0,15.0,15.0,0.0,0.0,8.653432130813599,-0.08215010166168213,-0.09899367359928642
45.0,GIRMS\IRMS-operator,2026-02-12 23:39:51.553,2026-02-13 00:52:50.001,Success,False,BTS,396,45.0,1,24.0,True,Unknown,,"0.002 V, 0.002 V, 0.002 V",40 µbar,72 °C,,13.277 V,9.5224 kV,47 µbar,Carbon Dioxide: 0.0224 kV,892 µbar,12.152 V,15.190 V,444 µbar/min,8.876 V,1.09E-007 mbar,24 %,914 µbar,µ-Volume,,Pre,11.88460731957536,12.885839378266159,13.07317464305162,16.961577427179623,17.46061731556158,12.251053587084453,-2.4794408983662697,-3.5542591053410177,-2.589106114991117,0.031134618211592524,0.008038923854934934,-3.5980218616696384,0.028217642163461152,0.007054410540865288,-2.5891061149911168,0.031134618211592767,-3.600939378758213,0.02659306100157266,Natan Pereira BTS coral series 5.xlsx,2026-02-12 23:39:51.553,739659.0,444.0,892.0,47.0,914.0,11.457268730288188,BTS,,396,OK,16.0,15.0,15.0,0.0,0.0,11.60622073758189,-0.14895200729370117,-0.1788869155893758
46.0,GIRMS\IRMS-operator,2026-02-13 00:23:18.067,2026-02-13 01:26:25.136,Success,False,SHP2L,,46.0,2,24.0,True,QC Standard,SHP2L,"0.002 V, 0.002 V, 0.002 V",42 µbar,72 °C,,0.123 V,9.5224 kV,728 µbar,Carbon Dioxide: 0.0224 kV,792 µbar,3.074 V,0.114 V,342 µbar/min,11.796 V,4.51E-008 mbar,100 %,748 µbar,µ-Volume,0.119 V,Pre,0.1115286939619847,0.12056449036461583,3.3786330352743605,0.15727741143331941,4.510069125717931,3.163643578248349,-6.191074744907765,-15.593829993761798,-5.9921453141627286,0.18825074087783272,0.04706268521945818,-15.265335444205386,0.2964852890791193,0.07655217246659472,,,,,Natan Pereira BTS coral series 5.xlsx,2026-02-13 00:23:18.067,739660.0,342.0,792.0,728.0,748.0,0.10924184597372905,SHP2L,,,Failed Sample,16.0,15.0,15.0,0.0,0.0,3.0242617451300893,-2.91501989915636,-0.12810117707193552
1.0,GIRMS\IRMS-operator,2026-02-18 12:53:55.296,2026-02-18 13:55:29.993,Running,False,SHP2L,,1.0,2,19.0,True,QC Standard,SHP2L,"0.001 V, 0.001 V, 0.000 V",40 µbar,72 °C,,0.005 V,9.5222 kV,37 µbar,Carbon Dioxide: 0.0222 kV,780 µbar,3.242 V,0.004 V,933 µbar/min,3.358 V,4.76E-008 mbar,100 %,40 µbar,µ-Volume,0.007 V,Pre,0.00556243083457656,0.005955616376109333,3.551082255224169,0.007866775992825864,4.740451101616905,3.325131516240045,-15.669011442222102,-12.795408010024767,-16.451675224968156,2.084716273610049,0.5211790684025123,-11.584390875865129,1.5796535758765922,0.40786479947646903,,,,,Natan Pereira BTS coral series 6.3.xlsx,2026-02-18 12:53:55.296,739665.0,933.0,780.0,37.0,40.0,0.0052898668205248215,SHP2L,,,Failed Sample,16.0,15.0,15.0,0.0,0.0,3.176618939852521,-3.171329073031996,-0.008647629361504275
2.0,GIRMS\IRMS-operator,2026-02-18 13:29:27.773,2026-02-18 14:31:03.089,Running,False,BTS,831,2.0,1,20.0,True,Unknown,,"0.001 V, 0.001 V, 0.001 V",32 µbar,72 °C,,6.985 V,9.5221 kV,37 µbar,Carbon Dioxide: 0.0221 kV,399 µbar,6.403 V,7.707 V,112 µbar/min,3.222 V,7.56E-008 mbar,47 %,804 µbar,µ-Volume,,Pre,6.298080086708069,6.837005774282092,6.9122934386484545,8.9889735202883,9.22796396648928,6.47367537021637,-1.8463809531885644,-3.668049933002626,-1.857380058494133,0.017394054158846026,0.004491125472016034,-3.666423086238616,0.02447473081096194,0.006118682702740485,-1.8620868135288555,0.022889306414389177,-3.666314629787682,0.025329773068206794,Natan Pereira BTS coral series 6.3.xlsx,2026-02-18 13:29:27.773,739665.0,112.0,399.0,37.0,804.0,6.106942892074584,BTS,,831,OK,16.0,15.0,15.0,0.0,0.0,6.1806440353393555,-0.0737011432647714,-0.11924508650452435
3.0,GIRMS\IRMS-operator,2026-02-18 13:55:30.114,2026-02-18 15:03:49.727,Running,False,BTS,927,3.0,2,20.0,True,Unknown,,"0.001 V, 0.001 V, 0.001 V",40 µbar,72 °C,,8.202 V,9.5219 kV,37 µbar,Carbon Dioxide: 0.0219 kV,606 µbar,7.539 V,9.156 V,127 µbar/min,6.296 V,8.22E-008 mbar,39 %,850 µbar,µ-Volume,,Pre,7.392962587783691,8.018426795726253,8.113368779267747,10.549301590527088,10.832572394674042,7.599328769157287,-2.6333138565185488,-3.877843559134231,-2.6671637991227075,0.0302810769241216,0.007818540442156578,-3.879403471976517,0.02321481311032539,0.005803703277581347,-2.6643612192173967,0.03518589521600224,-3.8795074661660025,0.024025756515906636,Natan Pereira BTS coral series 6.3.xlsx,2026-02-18 13:55:30.114,739665.0,127.0,606.0,37.0,850.0,7.15192140431201,BTS,,927,OK,16.0,15.0,15.0,0.0,0.0,7.241298569152709,-0.08937716484069913,-0.14454697056142018
4.0,GIRMS\IRMS-operator,2026-02-18 14:31:03.193,2026-02-18 15:40:23.215,Running,False,BTS,869,4.0,1,21.0,True,Unknown,,"0.001 V, 0.001 V, 0.002 V",32 µbar,72 °C,,10.565 V,9.5220 kV,40 µbar,Carbon Dioxide: 0.0220 kV,719 µbar,9.691 V,11.859 V,215 µbar/min,7.394 V,9.53E-008 mbar,29 %,860 µbar,µ-Volume,,Pre,9.498002057845929,10.312747988634557,10.431037881369944,13.554479335472703,13.928884415355641,9.772203428413832,-1.3594106881479329,-3.7010978040462605,-1.4286622617601128,0.026130258330333073,0.0067468036896985075,-3.737495042383528,0.016155604826925095,0.004171359229505936,-1.4286622617601128,0.026130258330333115,-3.7364726664178183,0.01887913217316078,Natan Pereira BTS coral series 6.3.xlsx,2026-02-18 14:31:03.193,739665.0,215.0,719.0,40.0,860.0,9.186195259864666,BTS,,869,OK,16.0,15.0,15.0,0.0,0.0,9.283723359878403,-0.09752810001373646,-0.15802266675923804
5.0,GIRMS\IRMS-operator,2026-02-18 15:03:49.856,2026-02-18 16:21:10.326,Running,False,BTS,912,5.0,2,21.0,True,Unknown,,"0.001 V, 0.001 V, 0.001 V",37 µbar,72 °C,,48.526 V,9.5222 kV,37 µbar,Carbon Dioxide: 0.0222 kV,699 µbar,23.345 V,49.009 V,166 µbar/min,3.359 V,1.79E-007 mbar,10 %,980 µbar,µ-Volume,48.517 V,Pre,48.983372944459646,48.97323098729852,25.37631836484674,48.983411912494816,33.92173541026703,23.81212283955547,-79.02557465581705,-301.50229507212936,-6.761963946651939,10.530210328095578,2.718888615518367,-65.68245865424552,94.68613227939848,24.44785422899352,-4.017553930989023,0.17961287530675302,-4.101801298994463,0.09917231362197533,Natan Pereira BTS coral series 6.3.xlsx,2026-02-18 15:03:49.856,739665.0,166.0,699.0,37.0,980.0,47.219507592782705,BTS,,912,Partially Saturated Collectors,16.0,13.0,9.0,2.0,6.0,22.273026603326525,24.94648098945618,86.60194599938136
6.0,GIRMS\IRMS-operator,2026-02-18 15:40:23.346,2026-02-18 16:52:22.289,Running,False,SHP2L,,6.0,1,22.0,True,QC Standard,SHP2L,"0.002 V, 0.002 V, 0.003 V",30 µbar,72 °C,,4.587 V,9.5216 kV,37 µbar,Carbon Dioxide: 0.0216 kV,452 µbar,4.306 V,4.982 V,132 µbar/min,22.113 V,6.27E-008 mbar,67 %,738 µbar,µ-Volume,,Pre,4.211012491336047,4.576916565356522,4.677444546801963,5.996102743255413,6.243798311765562,4.379887029043305,-0.7859389675612949,-6.052314769903311,-0.8015900046931395,0.02046341701056467,0.005115854252641167,-6.099081962981909,0.030214190809218843,0.007553547702304711,-0.8026334071685959,0.02073641765802863,-6.102199775853815,0.0284861848581578,Natan Pereira BTS coral series 6.3.xlsx,2026-02-18 15:40:23.346,739665.0,132.0,452.0,37.0,738.0,4.093834366370593,SHP2L,,,OK,16.0,15.0,15.0,0.0,0.0,4.195703087455161,-0.10186872108456857,-0.16275806391871148
7.0,GIRMS\IRMS-operator,2026-02-18 16:21:10.454,2026-02-18 17:25:15.290,Running,False,BTS,332,7.0,2,22.0,True,Unknown,,"0.001 V, 0.001 V, 0.002 V",37 µbar,72 °C,,8.045 V,9.5220 kV,40 µbar,Carbon Dioxide: 0.0220 kV,987 µbar,7.346 V,8.943 V,400 µbar/min,4.272 V,8.22E-008 mbar,39 %,838 µbar,µ-Volume,,Pre,7.205125724950399,7.817692571514564,7.923334836959839,10.282656330778321,10.578493418280544,7.420588960733419,-2.351899429017812,-3.8214353647672006,-2.3686094024312805,0.01484392834430659,0.0038326858179863767,-3.8251724677095464,0.019409656650893104,0.004852414162723276,-2.3726342158284877,0.01786651093350593,-3.825421607905703,0.020064404459891428,Natan Pereira BTS coral series 6.3.xlsx,2026-02-18 16:21:10.454,739665.0,400.0,987.0,40.0,838.0,6.973725592771139,BTS,,332,OK,16.0,15.0,15.0,0.0,0.0,7.07210305897292,-0.09837746620178134,-0.1588503029870291
8.0,GIRMS\IRMS-operator,2026-02-18 16:52:22.411,2026-02-18 18:01:28.183,Running,False,BTS,859,8.0,1,23.0,True,Unknown,,"0.002 V, 0.002 V, 0.002 V",30 µbar,72 °C,,4.159 V,9.5219 kV,37 µbar,Carbon Dioxide: 0.0219 kV,606 µbar,3.867 V,4.491 V,181 µbar/min,7.205 V,5.94E-008 mbar,72 %,723 µbar,µ-Volume,,Pre,3.7941929363457065,4.1204439713554235,4.204844067867173,5.414596248722772,5.612733372518579,3.9369349839414642,-1.730130335133473,-3.8882374004989284,-1.7203864075462225,0.015661808016395704,0.004043861441266558,-3.894345719595297,0.01764298295352698,0.004555398610428756,-1.7223192036392034,0.018484702429501627,-3.8976711947126566,0.020823751495516744,Natan Pereira BTS coral series 6.3.xlsx,2026-02-18 16:52:22.411,739665.0,181.0,606.0,37.0,723.0,3.6895016742592084,BTS,,859,OK,16.0,15.0,15.0,0.0,0.0,3.7740100757334005,-0.08450840147419214,-0.13528220848693046
9.0,GIRMS\IRMS-operator,2026-02-18 17:25:15.412,2026-02-18 18:43:04.110,Running,False,BTS,881,9.0,2,23.0,True,Unknown,,"0.001 V, 0.001 V, 0.001 V",35 µbar,72 °C,,12.884 V,9.5219 kV,40 µbar,Carbon Dioxide: 0.0219 kV,958 µbar,11.848 V,14.682 V,313 µbar/min,3.362 V,1.09E-007 mbar,25 %,889 µbar,µ-Volume,,Pre,11.587601927018268,12.579989458785082,12.741532947287585,16.53510953347251,17.017638935251686,11.939224627709491,-1.2897579396384806,-3.7845221025426534,-1.3803188551633523,0.02354920910800227,0.006293790872260062,-3.8211188192019816,0.020130232523020056,0.005197603687795972,-1.374003627699505,0.0333644258885216,-3.8271781532628038,0.021926625777355956,Natan Pereira BTS coral series 6.3.xlsx,2026-02-18 17:25:15.412,739665.0,313.0,958.0,40.0,889.0,11.169996884560687,BTS,,881,OK,16.0,15.0,15.0,0.0,0.0,11.310425427651507,-0.1404285430908203,-0.22709399096321922
10.0,GIRMS\IRMS-operator,2026-02-18 18:01:28.282,2026-02-18 19:13:17.995,Running,False,BTS,954,10.0,1,24.0,True,Unknown,,"0.002 V, 0.002 V, 0.002 V",30 µbar,72 °C,,0.006 V,9.5217 kV,40 µbar,Carbon Dioxide: 0.0217 kV,789 µbar,3.151 V,0.006 V,"1,099 µbar/min",11.502 V,5.33E-008 mbar,100 %,35 µbar,µ-Volume,0.011 V,Pre,0.006956901536923511,0.007444257659391212,3.432854759357127,0.009819302115903043,4.5827419491394785,3.2143259371542547,-16.263062130428274,-14.829774784847704,-17.215434266007705,0.6575158033856706,0.16437895084641765,-17.569894675561056,2.0251484255146974,0.5228910750411063,,,,,Natan Pereira BTS coral series 6.3.xlsx,2026-02-18 18:01:28.282,739665.0,1099.0,789.0,40.0,35.0,0.006520406607506288,BTS,,954,Failed Sample,16.0,15.0,15.0,0.0,0.0,3.0717002434820753,-3.065179836874569,-0.010654374250865142
11.0,GIRMS\IRMS-operator,2026-02-18 18:43:04.233,2026-02-18 19:46:25.634,Running,False,SHP2L,,11.0,2,24.0,True,QC Standard,SHP2L,"0.001 V, 0.001 V, 0.001 V",40 µbar,72 °C,,0.007 V,9.5219 kV,40 µbar,Carbon Dioxide: 0.0219 kV,904 µbar,3.129 V,0.007 V,"1,128 µbar/min",3.127 V,4.76E-008 mbar,100 %,45 µbar,µ-Volume,0.010 V,Pre,0.00807250071382947,0.008620899361347028,3.423832401881666,0.011400713899818813,4.570222155828356,3.205803545573532,-18.261605486714405,-14.189221944270635,-18.314694104017267,0.9166061266773988,0.23666668424355009,-16.462951647482797,1.4826911048890064,0.3706727762222516,,,,,Natan Pereira BTS coral series 6.3.xlsx,2026-02-18 18:43:04.233,739665.0,1128.0,904.0,40.0,45.0,0.007709534240476102,SHP2L,,,Failed Sample,16.0,15.0,15.0,0.0,0.0,3.0634391543168586,-3.0557296200763826,-0.01259244167329662
1.0,GIRMS\IRMS-operator,2026-02-13 10:56:20.137,2026-02-13 11:59:40.576,Success,False,SHP2L,,1.0,1,2.0,True,QC Standard,SHP2L,"0.001 V, 0.001 V, 0.001 V",37 µbar,72 °C,,7.407 V,9.5224 kV,42 µbar,Carbon Dioxide: 0.0224 kV,821 µbar,6.761 V,8.254 V,322 µbar/min,3.397 V,7.71E-008 mbar,45 %,816 µbar,µ-Volume,,Pre,6.619983080830932,7.194150641496222,7.293578527616267,9.42603518035117,9.738363518974218,6.830782615024261,-0.7744010931053369,-6.154671416942925,-0.8219827106574208,0.027906624007624413,0.006976656001906103,-6.149885625832193,0.018672009514042975,0.004668002378510744,-0.8251548184942261,0.025727626343438382,-6.149566573091477,0.019282168618889022,Natan Pereira BTS coral series 6.xlsx,2026-02-13 10:56:20.137,739660.0,322.0,821.0,42.0,816.0,6.407030789296785,SHP2L,,,OK,16.0,15.0,15.0,0.0,0.0,6.518819193963301,-0.11178840466651607,-0.10145819558607012
2.0,GIRMS\IRMS-operator,2026-02-13 11:29:19.925,2026-02-13 12:27:12.876,Success,False,BTS,1007,2.0,2,2.0,True,Unknown,,"0.001 V, 0.001 V, 0.002 V",32 µbar,72 °C,,25.198 V,9.5223 kV,186 µbar,Carbon Dioxide: 0.0223 kV,946 µbar,23.895 V,30.281 V,440 µbar/min,6.650 V,1.79E-007 mbar,10 %,921 µbar,µ-Volume,,Pre,23.602333700337972,25.57893719065272,25.97432460177027,33.661939406894454,34.72358753731132,24.37111440865096,-1.7372595434252958,-3.9394814898366937,-1.974476098017812,0.07524533702583053,0.019428262478720395,-4.002335517670089,0.03279356423228719,0.008198391058071797,-1.9744760980178113,0.07524533702583056,-4.006525786192317,0.029175899737197954,Natan Pereira BTS coral series 6.xlsx,2026-02-13 11:29:19.925,739660.0,440.0,946.0,186.0,921.0,22.548255359807577,BTS,,1007,OK,16.0,15.0,15.0,0.0,0.0,22.774305975118242,-0.2260506153106654,-0.2066693089865716
3.0,GIRMS\IRMS-operator,2026-02-13 11:59:40.678,2026-02-13 13:02:42.324,Success,False,BTS,928,3.0,1,3.0,True,Unknown,,"0.002 V, 0.002 V, 0.003 V",32 µbar,72 °C,,32.981 V,9.5218 kV,45 µbar,Carbon Dioxide: 0.0218 kV,914 µbar,22.429 V,40.487 V,405 µbar/min,22.500 V,1.70E-007 mbar,10 %,936 µbar,µ-Volume,29.580 V,Pre,32.2296147881257,34.858342099170144,24.468611764888216,45.94619811834656,32.70940722288453,22.955087357591353,-3.9054825320592457,-4.474755046634971,-3.8872762261792375,0.05109945753688615,0.013193823202706208,-4.374688723831295,0.06176491240582526,0.015441228101456315,-3.8777408393484794,0.06002499193235248,-4.368017635644383,0.05765831983335471,Natan Pereira BTS coral series 6.xlsx,2026-02-13 11:59:40.678,739660.0,405.0,914.0,45.0,936.0,30.63435607535715,BTS,,928,OK,16.0,15.0,15.0,0.0,0.0,21.48893230540629,9.14542376995086,12.039272730093725
4.0,GIRMS\IRMS-operator,2026-02-13 12:27:12.977,2026-02-13 13:37:59.176,Success,False,BTS,950,4.0,2,3.0,True,Unknown,,"0.002 V, 0.002 V, 0.003 V",35 µbar,72 °C,,17.991 V,9.5218 kV,42 µbar,Carbon Dioxide: 0.0218 kV,831 µbar,17.782 V,20.918 V,244 µbar/min,21.243 V,1.44E-007 mbar,13 %,909 µbar,µ-Volume,,Pre,17.43778921689092,18.894538762367116,19.290715935027944,24.884509457552834,25.780277861559792,18.088239804163564,-2.5477870279518866,-3.683736168011542,-2.7144618770057263,0.08639475260865968,0.02159868815216492,-3.7439701546016533,0.024223974471932728,0.006254603313916604,-2.725573533609315,0.07668500513716163,-3.7439701546016537,0.024223974471932586,Natan Pereira BTS coral series 6.xlsx,2026-02-13 12:27:12.977,739660.0,244.0,831.0,42.0,909.0,16.742113605394948,BTS,,950,OK,16.0,15.0,15.0,0.0,0.0,17.021137848749746,-0.27902424335479736,-0.25343473349915663
5.0,GIRMS\IRMS-operator,2026-02-13 13:02:42.417,2026-02-13 14:22:20.081,Success,False,BTS,888,5.0,1,4.0,True,Unknown,,"0.001 V, 0.001 V, 0.002 V",35 µbar,72 °C,,11.404 V,9.5222 kV,40 µbar,Carbon Dioxide: 0.0222 kV,870 µbar,10.472 V,12.923 V,376 µbar/min,3.400 V,1.02E-007 mbar,29 %,863 µbar,µ-Volume,,Pre,10.245442868636697,11.110674411597545,11.245917350592908,14.619020142366452,15.020695843507808,10.535628081725687,-2.563915285703655,-4.079708106911162,-2.6526243070350404,0.022553263764054064,0.006027613282759568,-4.086859185746072,0.012331580049522551,0.0031840002776149646,-2.6466903864241704,0.031630504133923903,-4.085124745144117,0.014958952068865914,Natan Pereira BTS coral series 6.xlsx,2026-02-13 13:02:42.417,739660.0,376.0,870.0,40.0,863.0,9.886891127990335,BTS,,888,OK,16.0,15.0,15.0,0.0,0.0,10.002032400535198,-0.11514127254486262,-0.10510055760973576
6.0,GIRMS\IRMS-operator,2026-02-13 13:37:59.306,2026-02-13 14:51:26.734,Success,False,SHP2L,,6.0,2,4.0,True,QC Standard,SHP2L,"0.002 V, 0.002 V, 0.002 V",35 µbar,72 °C,,10.653 V,9.5219 kV,42 µbar,Carbon Dioxide: 0.0219 kV,882 µbar,9.834 V,12.037 V,288 µbar/min,10.235 V,9.77E-008 mbar,30 %,858 µbar,µ-Volume,,Pre,9.63480572870285,10.467192314242968,10.590131217044304,13.720148003581452,14.144279754641937,9.920744110851594,-0.8330925891947283,-6.102417870484711,-0.8995310138003513,0.020126302518526318,0.005196588964998988,-6.117378112347562,0.024339476999485236,0.006084869249871309,-0.8995310138003515,0.020126302518526283,-6.118375461805085,0.024853028966629716,Natan Pereira BTS coral series 6.xlsx,2026-02-13 13:37:59.306,739660.0,288.0,882.0,42.0,858.0,9.30584769418747,SHP2L,,,OK,16.0,15.0,15.0,0.0,0.0,9.423984100132293,-0.11813640594482244,-0.10772280418534069
7.0,GIRMS\IRMS-operator,2026-02-13 14:22:20.233,2026-02-13 15:25:51.107,Success,False,BTS,960,7.0,1,5.0,True,Unknown,,"0.002 V, 0.002 V, 0.002 V",35 µbar,72 °C,,12.695 V,9.5219 kV,40 µbar,Carbon Dioxide: 0.0219 kV,836 µbar,11.589 V,14.471 V,361 µbar/min,9.609 V,1.08E-007 mbar,25 %,870 µbar,µ-Volume,,Pre,11.340163376555855,12.293700710804934,12.469161883862489,16.18718281275308,16.65710583216226,11.683366921172553,-2.7733131129732413,-3.709418623985772,-2.8967447621522995,0.03195568487111269,0.00825092235483145,-3.7046353535734964,0.020817328858464077,0.005375011198756961,-2.8967447621523,0.0319556848711126,-3.7081005521312362,0.025475341302346306,Natan Pereira BTS coral series 6.xlsx,2026-02-13 14:22:20.233,739660.0,361.0,836.0,40.0,870.0,10.935898866641557,BTS,,960,OK,16.0,15.0,15.0,0.0,0.0,11.075429346785958,-0.13953048014440128,-0.12722296225954477
8.0,GIRMS\IRMS-operator,2026-02-13 14:51:26.826,2026-02-13 16:00:07.219,Success,False,BTS,986,8.0,2,5.0,True,Unknown,,"0.002 V, 0.002 V, 0.002 V",35 µbar,72 °C,,23.055 V,9.5217 kV,40 µbar,Carbon Dioxide: 0.0217 kV,670 µbar,22.219 V,27.402 V,195 µbar/min,11.254 V,1.72E-007 mbar,10 %,914 µbar,µ-Volume,,Pre,21.862857730563924,23.691887775084314,24.173225083967978,31.1900030827818,32.31636695626355,22.676297218974874,-2.0345301898596624,-3.8977281497950544,-2.249443554891576,0.08275950728653156,0.02136841289740454,-3.9665961456509877,0.020554922037416545,0.005307258048900407,-2.2494435548915765,0.08275950728653154,-3.966596145650988,0.020554922037416705,Natan Pereira BTS coral series 6.xlsx,2026-02-13 14:51:26.826,739660.0,195.0,670.0,40.0,914.0,20.921521575626176,BTS,,986,OK,16.0,15.0,15.0,0.0,0.0,21.237038762744714,-0.3155171871185374,-0.28702837269500514
9.0,GIRMS\IRMS-operator,2026-02-13 15:25:51.224,2026-02-13 16:43:39.452,Success,False,BTS,993,9.0,1,6.0,True,Unknown,,"0.001 V, 0.001 V, 0.002 V",35 µbar,72 °C,,7.756 V,9.5218 kV,489 µbar,Carbon Dioxide: 0.0218 kV,555 µbar,7.083 V,8.625 V,156 µbar/min,3.397 V,8.06E-008 mbar,44 %,841 µbar,µ-Volume,,Pre,6.938218192758713,7.529169792139203,7.612981581285187,9.90528071782536,10.166448393717568,7.129466790581431,-2.277876158006009,-3.742416148644234,-2.3040632905717913,0.015921983320937312,0.003980495830234328,-3.77695740097983,0.021176310629157764,0.005294077657289441,-2.305809099409509,0.014811095391142722,-3.7792601511355364,0.019737390171291797,Natan Pereira BTS coral series 6.xlsx,2026-02-13 15:25:51.224,739660.0,156.0,555.0,489.0,841.0,6.714641383425682,BTS,,993,OK,16.0,15.0,15.0,0.0,0.0,6.800344843292917,-0.08570345986723549,-0.07814347889642907
10.0,GIRMS\IRMS-operator,2026-02-13 16:00:07.320,2026-02-13 17:11:21.254,Success,False,BTS,385,10.0,2,6.0,True,Unknown,,"0.002 V, 0.002 V, 0.002 V",35 µbar,72 °C,,5.783 V,9.5216 kV,40 µbar,Carbon Dioxide: 0.0216 kV,875 µbar,5.602 V,6.366 V,288 µbar/min,6.973 V,7.13E-008 mbar,54 %,777 µbar,µ-Volume,,Pre,5.579026467380092,6.053756788483849,6.070252358194038,7.967746042586631,8.105633179367889,5.683984347639382,-2.486358962849322,-3.4102354629983456,-2.479856119618399,0.01662827602426811,0.0042934024078753645,-3.406321705703045,0.02283669211695881,0.005896408550096511,-2.476038309321179,0.021022245159882408,-3.4101714005148946,0.027858619800678507,Natan Pereira BTS coral series 6.xlsx,2026-02-13 16:00:07.320,739660.0,288.0,875.0,40.0,777.0,5.406817378897681,BTS,,385,OK,16.0,15.0,15.0,0.0,0.0,5.432801372584865,-0.025983993687183293,-0.02387955758290544
11.0,GIRMS\IRMS-operator,2026-02-13 16:43:39.582,2026-02-13 17:45:36.936,Success,False,SHP2L,,11.0,1,7.0,True,QC Standard,SHP2L,"0.002 V, 0.002 V, 0.002 V",35 µbar,72 °C,,1.622 V,9.5216 kV,516 µbar,Carbon Dioxide: 0.0216 kV,614 µbar,3.158 V,1.722 V,308 µbar/min,5.521 V,5.47E-008 mbar,100 %,697 µbar,µ-Volume,1.522 V,Pre,1.5542833424564342,1.6889209693108778,3.4607481183675755,2.2126777759658056,4.6197795952764,3.2395696960882607,-1.262457147577667,-6.591373747831142,-1.2161379908289736,0.031900735246991614,0.007975183811747904,-6.608753806163707,0.04183904525761026,0.010459761314402564,-1.2130500470457273,0.030444749025831837,-6.609912476719212,0.043040994936338575,Natan Pereira BTS coral series 6.xlsx,2026-02-13 16:43:39.582,739660.0,308.0,614.0,516.0,697.0,1.512533704813366,SHP2L,,,OK,16.0,15.0,15.0,0.0,0.0,3.1038570556459852,-1.5913233508326192,-0.7160845192493377
12.0,GIRMS\IRMS-operator,2026-02-13 17:11:21.403,2026-02-13 18:22:26.966,Success,False,BTS,904,12.0,2,7.0,True,Unknown,,"0.001 V, 0.001 V, 0.001 V",35 µbar,72 °C,,19.099 V,9.5215 kV,550 µbar,Carbon Dioxide: 0.0215 kV,960 µbar,16.363 V,22.414 V,386 µbar/min,3.138 V,1.37E-007 mbar,16 %,911 µbar,µ-Volume,,Pre,15.9683842710974,17.315457370583694,17.68107226163594,22.806393989282654,23.628476151186035,16.574891334009386,-2.0520749785772896,-3.0650331498683903,-2.179353361387492,0.06592346158265741,0.016480865395664353,-3.09478130401896,0.027898696100908525,0.006974674025227131,-2.187838586908171,0.05849833287781401,-3.096764514295665,0.027685877190845396,Natan Pereira BTS coral series 6.xlsx,2026-02-13 17:11:21.403,739660.0,386.0,960.0,550.0,911.0,15.343742495012501,BTS,,904,OK,16.0,15.0,15.0,0.0,0.0,15.618758326006152,-0.27501583099365057,-0.2494853169780915
13.0,GIRMS\IRMS-operator,2026-02-13 17:45:37.037,2026-02-13 19:04:03.392,Success,False,BTS,988,13.0,1,8.0,True,Unknown,,"0.001 V, 0.001 V, 0.002 V",32 µbar,72 °C,,14.623 V,9.5215 kV,35 µbar,Carbon Dioxide: 0.0215 kV,658 µbar,13.524 V,16.834 V,215 µbar/min,3.391 V,1.19E-007 mbar,22 %,875 µbar,µ-Volume,,Pre,13.238519908341116,14.36873545332824,14.538221260747061,18.893728285194715,19.42398610627778,13.624012948425955,-1.4530202184868113,-3.9162614744747692,-1.5396560976510334,0.046931418373545364,0.011732854593386341,-3.954338226636142,0.019063956700662885,0.00492229245429911,-1.5454318229286486,0.04228492627613661,-3.960880211333318,0.02171675575259328,Natan Pereira BTS coral series 6.xlsx,2026-02-13 17:45:37.037,739660.0,215.0,658.0,35.0,875.0,12.741446973236744,BTS,,988,OK,16.0,15.0,15.0,0.0,0.0,12.880445004852957,-0.1389980316162127,-0.12696939027389706
14.0,GIRMS\IRMS-operator,2026-02-13 18:22:27.085,2026-02-13 19:32:21.120,Success,False,BTS,351,14.0,2,8.0,True,Unknown,,"0.002 V, 0.002 V, 0.002 V",32 µbar,72 °C,,11.188 V,9.5211 kV,37 µbar,Carbon Dioxide: 0.0211 kV,814 µbar,10.884 V,12.690 V,269 µbar/min,13.129 V,1.05E-007 mbar,27 %,855 µbar,µ-Volume,,Pre,10.693268424258104,11.589253584576605,11.715645233822821,15.260954523011833,15.65008344642797,10.976156023026043,-3.1367543436888745,-3.9839084864405905,-3.202847856513598,0.026019771890747497,0.006718276213665395,-3.9981243032690386,0.013236611783475538,0.0034176784665075743,-3.2028478565135985,0.02601977189074755,-4.002634422621551,0.01851853635823247,Natan Pereira BTS coral series 6.xlsx,2026-02-13 18:22:27.085,739660.0,269.0,814.0,37.0,855.0,10.31643295882689,BTS,,351,OK,16.0,15.0,15.0,0.0,0.0,10.41212821601378,-0.09569525718688965,-0.08755540620551862
15.0,GIRMS\IRMS-operator,2026-02-13 19:04:03.554,2026-02-13 20:07:58.175,Success,False,BTS,973,15.0,1,9.0,True,Unknown,,"0.002 V, 0.002 V, 0.002 V",35 µbar,72 °C,,19.617 V,9.5210 kV,52 µbar,Carbon Dioxide: 0.0210 kV,"1,078 µbar",17.889 V,23.039 V,567 µbar/min,10.603 V,1.46E-007 mbar,14 %,911 µbar,µ-Volume,,Pre,17.429282566085835,18.886134028434753,19.321724772453308,24.866242068326628,25.823894994771635,18.117060562149067,-2.5535097706265164,-4.0162419048437314,-2.7034265844074166,0.055639540889407195,0.014366067683686711,-4.058152053444647,0.025140557494162465,0.006285139373540616,-2.703426584407416,0.05563954088940725,-4.060946063351375,0.02331026221067339,Natan Pereira BTS coral series 6.xlsx,2026-02-13 19:04:03.554,739660.0,567.0,1078.0,52.0,911.0,16.725679536834736,BTS,,973,OK,16.0,15.0,15.0,0.0,0.0,17.042418619171162,-0.3167390823364258,-0.2870494355375868
16.0,GIRMS\IRMS-operator,2026-02-13 19:32:21.256,2026-02-13 20:44:00.268,Success,False,SHP2L,,16.0,2,9.0,True,QC Standard,SHP2L,"0.002 V, 0.002 V, 0.003 V",35 µbar,72 °C,,6.353 V,9.5208 kV,40 µbar,Carbon Dioxide: 0.0208 kV,811 µbar,5.894 V,7.011 V,220 µbar/min,17.092 V,7.23E-008 mbar,47 %,794 µbar,µ-Volume,,Pre,5.812157514460058,6.316866565711577,6.371338655902106,8.277657779658387,8.507456960010547,5.966405308713614,-0.7897369101934615,-6.087952212960213,-0.7991512367666672,0.014420341024327966,0.003723316042256921,-6.114223016479391,0.02615416373512639,0.006752976038675099,-0.7970424039101645,0.01781001221843953,-6.11142965252381,0.030956982432036647,Natan Pereira BTS coral series 6.xlsx,2026-02-13 19:32:21.256,739660.0,220.0,811.0,40.0,794.0,5.631522780983441,SHP2L,,,OK,16.0,15.0,15.0,0.0,0.0,5.70023510620812,-0.06871232522467885,-0.06268595152445212
17.0,GIRMS\IRMS-operator,2026-02-13 20:07:58.304,2026-02-13 21:24:41.721,Success,False,BTS,959,17.0,1,10.0,True,Unknown,,"0.001 V, 0.001 V, 0.001 V",37 µbar,72 °C,,21.974 V,9.5212 kV,52 µbar,Carbon Dioxide: 0.0212 kV,"1,058 µbar",20.130 V,26.047 V,567 µbar/min,3.405 V,1.57E-007 mbar,13 %,938 µbar,µ-Volume,,Pre,19.569232501185137,21.20876112811649,21.789936216998935,27.927897591507374,29.124118108665883,20.436643995440203,-2.118766304612607,-3.496232599836002,-2.2774455138237504,0.08439759732991538,0.021099399332478844,-3.569444695695801,0.023746268754912085,0.006131260228156002,-2.2880241277711595,0.07558657240652661,-3.5694446956958004,0.02374626875491219,Natan Pereira BTS coral series 6.xlsx,2026-02-13 20:07:58.304,739660.0,567.0,1058.0,52.0,938.0,18.748163618242938,BTS,,959,OK,16.0,15.0,15.0,0.0,0.0,19.173412956392962,-0.4252493381500244,-0.3839772161321716
18.0,GIRMS\IRMS-operator,2026-02-13 20:44:00.420,2026-02-13 21:56:12.631,Success,False,BTS,1048,18.0,2,10.0,True,Unknown,,"0.002 V, 0.002 V, 0.003 V",40 µbar,72 °C,,38.265 V,9.5207 kV,52 µbar,Carbon Dioxide: 0.0207 kV,946 µbar,22.745 V,47.842 V,254 µbar/min,19.193 V,1.72E-007 mbar,10 %,970 µbar,µ-Volume,34.034 V,Pre,37.38689949538966,40.46119989075971,24.77619291463208,48.98719006453417,33.11964386378191,23.244743848111824,-3.242342703557166,-84.9392528512597,-3.1410152010280115,0.10830050432835797,0.027075126082089493,-6.392801788552334,7.843875999312046,2.0252800743367745,-3.134260034192734,0.10855651642389089,-4.367685754177746,0.10360042810557005,Natan Pereira BTS coral series 6.xlsx,2026-02-13 20:44:00.420,739660.0,254.0,946.0,52.0,970.0,35.44018199470301,BTS,,1048,Partially Saturated Collectors,16.0,15.0,14.0,0.0,1.0,21.754687333371837,13.685494661331173,20.587617820896924
19.0,GIRMS\IRMS-operator,2026-02-13 21:24:41.844,2026-02-13 22:30:39.131,Success,False,BTS,913,19.0,1,11.0,True,Unknown,,"0.002 V, 0.002 V, 0.003 V",42 µbar,72 °C,,20.163 V,9.5207 kV,521 µbar,Carbon Dioxide: 0.0207 kV,"1,063 µbar",19.898 V,23.735 V,557 µbar/min,21.515 V,1.56E-007 mbar,11 %,960 µbar,µ-Volume,,Pre,19.520176473485524,21.144889511671288,21.625377454366905,27.86697108543672,28.902557084925544,20.283428850995595,-2.5759664624646073,-3.0550848725429125,-2.77642988827056,0.06676405171595719,0.01723840402808219,-3.096269997772127,0.026015976689635463,0.006503994172408866,-2.77642988827056,0.06676405171595742,-3.0990156727874085,0.02441189718331961,Natan Pereira BTS coral series 6.xlsx,2026-02-13 21:24:41.844,739660.0,557.0,1063.0,521.0,960.0,18.707839671002915,BTS,,913,OK,16.0,15.0,15.0,0.0,0.0,19.036872211324265,-0.3290325403213501,-0.2985859688883255
20.0,GIRMS\IRMS-operator,2026-02-13 21:56:12.768,2026-02-13 23:04:47.312,Success,False,BTS,967,20.0,2,11.0,True,Unknown,,"0.002 V, 0.002 V, 0.003 V",42 µbar,72 °C,,24.864 V,9.5209 kV,355 µbar,Carbon Dioxide: 0.0209 kV,"1,078 µbar",20.307 V,29.710 V,474 µbar/min,18.907 V,1.57E-007 mbar,10 %,970 µbar,µ-Volume,22.534 V,Pre,24.23204816942963,26.265708626604034,22.146819056367832,34.56963355546695,29.59871048932773,20.773354545886843,-1.8898251881878103,-3.7037307738919667,-1.9351460030690992,0.03005405020865049,0.007513512552162623,-3.69628908718395,0.02263618633584594,0.005844638180025281,-1.9381673907278518,0.028482803078462085,-3.692011811405852,0.026807010215483852,Natan Pereira BTS coral series 6.xlsx,2026-02-13 21:56:12.768,739660.0,474.0,1078.0,355.0,970.0,23.151252046878668,BTS,,967,OK,16.0,15.0,15.0,0.0,0.0,19.48738433485779,3.6638677120208776,4.019418412814079
21.0,GIRMS\IRMS-operator,2026-02-13 22:30:39.267,2026-02-13 23:46:59.565,Success,False,SHP2L,,21.0,1,12.0,True,QC Standard,SHP2L,"0.002 V, 0.001 V, 0.002 V",42 µbar,73 °C,,0.013 V,9.5215 kV,42 µbar,Carbon Dioxide: 0.0215 kV,816 µbar,3.268 V,0.013 V,249 µbar/min,3.398 V,4.62E-008 mbar,100 %,49 µbar,µ-Volume,0.016 V,Pre,0.01354148466536651,0.014545841328661423,3.579126177461628,0.019058954515948932,4.777802331030966,3.3513469186997726,-12.49860136982106,-17.583533199057367,-12.452579752275879,0.9333869625536396,0.2333467406384099,-17.433611423633362,1.2318273934104265,0.3079568483526066,,,,,Natan Pereira BTS coral series 6.xlsx,2026-02-13 22:30:39.267,739660.0,249.0,816.0,42.0,49.0,0.01307054775404447,SHP2L,,,Failed Sample,16.0,15.0,15.0,0.0,0.0,3.2026371461858725,-3.189566598431828,-0.012020436172134514
22.0,GIRMS\IRMS-operator,2026-02-13 23:04:47.448,2026-02-14 00:17:48.783,Success,False,BTS,947,22.0,2,12.0,True,Unknown,,"0.001 V, 0.001 V, 0.002 V",45 µbar,72 °C,,33.817 V,9.5216 kV,57 µbar,Carbon Dioxide: 0.0216 kV,"1,168 µbar",23.915 V,41.847 V,669 µbar/min,3.250 V,1.78E-007 mbar,10 %,980 µbar,µ-Volume,29.716 V,Pre,32.55892947671433,35.23835484246432,26.025548021594872,46.43730046583667,34.78587391211047,24.417888674712376,-3.138974153228946,-3.7902687366614396,-3.160472204413015,0.04573504051730554,0.01180873668410972,-3.721282289120601,0.06382909623334296,0.01595727405833574,-3.152196032512008,0.05916400723540335,-3.716683192617879,0.06326582106791018,Natan Pereira BTS coral series 6.xlsx,2026-02-13 23:04:47.448,739660.0,669.0,1168.0,57.0,980.0,30.9335704183342,BTS,,947,OK,16.0,15.0,15.0,0.0,0.0,22.823941264128877,8.109629154205322,10.149459251177896
23.0,GIRMS\IRMS-operator,2026-02-13 23:46:59.736,2026-02-14 00:55:10.502,Success,False,BTS,970,23.0,1,13.0,True,Unknown,,"0.002 V, 0.002 V, 0.003 V",37 µbar,73 °C,,33.188 V,9.5212 kV,54 µbar,Carbon Dioxide: 0.0212 kV,"1,080 µbar",22.497 V,40.824 V,449 µbar/min,22.574 V,1.71E-007 mbar,10 %,"1,009 µbar",µ-Volume,29.727 V,Pre,32.390757866765284,35.07215311647527,24.505545998822377,46.193381938840126,32.751849088574616,22.98851258363845,-2.828324732467191,-3.943408231463441,-2.8102984229888484,0.05585425534279982,0.014421506717165355,-3.842949551181689,0.07141937572322561,0.017854843930806403,-2.798906506796535,0.06801683195326508,-3.8362523058295723,0.0685284954061764,Natan Pereira BTS coral series 6.xlsx,2026-02-13 23:46:59.736,739660.0,449.0,1080.0,54.0,1009.0,30.790954299832602,BTS,,970,OK,16.0,15.0,15.0,0.0,0.0,21.52372843828322,9.267225861549381,12.24215555025437
24.0,GIRMS\IRMS-operator,2026-02-14 00:17:48.921,2026-02-14 01:32:25.645,Success,False,BTS,378,24.0,2,13.0,True,Unknown,,"0.002 V, 0.002 V, 0.003 V",42 µbar,72 °C,,9.479 V,9.5214 kV,49 µbar,Carbon Dioxide: 0.0214 kV,990 µbar,8.813 V,10.666 V,327 µbar/min,21.310 V,8.81E-008 mbar,31 %,872 µbar,µ-Volume,,Pre,8.691878420512579,9.427898806813758,9.474231903613195,12.441392845317553,12.651022380992604,8.874635029767141,-2.4991210851483814,-0.8242398380606808,-2.555498573454725,0.0161359065074157,0.004166273145278726,-0.8178884603980656,0.014579606545391617,0.003896563751915875,-2.555498573454725,0.016135906507415875,-0.8173988392284743,0.021127353508004914,Natan Pereira BTS coral series 6.xlsx,2026-02-14 00:17:48.921,739661.0,327.0,990.0,49.0,872.0,8.407498527501211,BTS,,378,OK,16.0,15.0,15.0,0.0,0.0,8.444370369124842,-0.036871841623630885,-0.033899778213308876
25.0,GIRMS\IRMS-operator,2026-02-14 00:55:10.761,2026-02-14 02:12:14.819,Success,False,BTS,914,25.0,1,14.0,True,Unknown,,"0.001 V, 0.001 V, 0.001 V",42 µbar,72 °C,,22.777 V,9.5220 kV,47 µbar,Carbon Dioxide: 0.0220 kV,"1,004 µbar",20.727 V,27.013 V,474 µbar/min,3.395 V,1.60E-007 mbar,12 %,951 µbar,µ-Volume,,Pre,20.188146974453716,21.86421803049127,22.460100565472043,28.808435576356977,30.016219394601908,21.065780665287765,-2.781984145016625,-3.452776031017013,-2.93125006334552,0.07737648494035355,0.01934412123508839,-3.5175357518891217,0.03268977782335275,0.008172444455838188,-2.941201124567445,0.06868205091978206,-3.5218530666139296,0.028730165913912458,Natan Pereira BTS coral series 6.xlsx,2026-02-14 00:55:10.761,739661.0,474.0,1004.0,47.0,951.0,19.328141357311996,BTS,,914,OK,16.0,15.0,15.0,0.0,0.0,19.758650805363445,-0.4305094480514491,-0.38888213698867924
26.0,GIRMS\IRMS-operator,2026-02-14 01:32:25.772,2026-02-14 02:44:56.566,Success,False,SHP2L,,26.0,2,14.0,True,QC Standard,SHP2L,"0.002 V, 0.002 V, 0.003 V",37 µbar,72 °C,,7.138 V,9.5215 kV,47 µbar,Carbon Dioxide: 0.0215 kV,960 µbar,6.638 V,7.913 V,239 µbar/min,19.784 V,7.60E-008 mbar,44 %,858 µbar,µ-Volume,,Pre,6.526917223072076,7.09286667531365,7.175277675854599,9.292674418351762,9.579745014979382,6.71979766962011,-0.8142731175403428,-6.179803136520223,-0.860835184858481,0.02059580190885654,0.00531781318631922,-6.172580056391393,0.016018960785729095,0.004136077889778564,-0.8684548339957208,0.023126085195194507,-6.169210521615068,0.0193587142475177,Natan Pereira BTS coral series 6.xlsx,2026-02-14 01:32:25.772,739661.0,239.0,960.0,47.0,858.0,6.319374047892761,SHP2L,,,OK,16.0,15.0,15.0,0.0,0.0,6.415120514300526,-0.09574646640776496,-0.08709525564964281
27.0,GIRMS\IRMS-operator,2026-02-14 02:12:14.982,2026-02-14 03:19:41.180,Success,False,BTS,985,27.0,1,15.0,True,Unknown,,"0.002 V, 0.002 V, 0.002 V",40 µbar,73 °C,,1.623 V,9.5219 kV,47 µbar,Carbon Dioxide: 0.0219 kV,980 µbar,3.063 V,1.729 V,327 µbar/min,6.536 V,4.47E-008 mbar,100 %,560 µbar,µ-Volume,1.525 V,Pre,1.555987738879852,1.6893437666093,3.3387004798925264,2.225194691683333,4.456890274220116,3.1261503663529404,-1.9183495518180216,-1.7982775244285154,-1.9600496697788354,0.041342931708385766,0.010335732927096442,-1.8240033764323444,0.03466455987236581,0.008950350872618845,-1.9628296776428893,0.04121697252680449,-1.8318449329879658,0.041130301819159096,Natan Pereira BTS coral series 6.xlsx,2026-02-14 02:12:14.982,739661.0,327.0,980.0,47.0,560.0,1.514678031573977,BTS,,985,OK,16.0,15.0,15.0,0.0,0.0,2.996302019208853,-1.4816239876348762,-0.6916322579717459
28.0,GIRMS\IRMS-operator,2026-02-14 02:44:56.759,2026-02-14 03:55:48.540,Success,False,BTS,858,28.0,2,15.0,True,Unknown,,"0.001 V, 0.001 V, 0.002 V",42 µbar,72 °C,,12.517 V,9.5219 kV,47 µbar,Carbon Dioxide: 0.0219 kV,"1,019 µbar",11.505 V,14.295 V,366 µbar/min,3.044 V,1.05E-007 mbar,24 %,909 µbar,µ-Volume,,Pre,11.236223467375975,12.192636575871884,12.371822868342537,16.03107536990856,16.52233685214733,11.591589727894114,-1.8637852234487662,-3.9675862656106675,-1.9062436782409307,0.02915956492375283,0.0072898912309382075,-3.978570988830282,0.02151034744926614,0.005377586862316535,-1.9090742418937414,0.027814823457890797,-3.97930330371159,0.022057906406174638,Natan Pereira BTS coral series 6.xlsx,2026-02-14 02:44:56.759,739661.0,366.0,1019.0,47.0,909.0,10.829228051688412,BTS,,858,OK,16.0,15.0,15.0,0.0,0.0,10.987378020027165,-0.15814996833875306,-0.14393786037987072
29.0,GIRMS\IRMS-operator,2026-02-14 03:19:41.290,2026-02-14 04:39:10.756,Success,False,BTS,907,29.0,1,16.0,True,Unknown,,"0.001 V, 0.001 V, 0.001 V",37 µbar,72 °C,,25.559 V,9.5222 kV,57 µbar,Carbon Dioxide: 0.0222 kV,"1,146 µbar",24.193 V,30.710 V,454 µbar/min,3.402 V,1.77E-007 mbar,10 %,990 µbar,µ-Volume,,Pre,23.86417690128363,25.85718370342858,26.26957333946831,34.03205014203689,35.11385954354903,24.64763525337256,-1.9656071694366117,-3.9391352079614084,-2.157620763761544,0.07635928607524387,0.019715882886513825,-3.9939449586583184,0.029731225489624577,0.007432806372406144,-2.1576207637615434,0.07635928607524384,-3.9975989420381124,0.026799258847919394,Natan Pereira BTS coral series 6.xlsx,2026-02-14 03:19:41.290,739661.0,454.0,1146.0,57.0,990.0,22.792306574287785,BTS,,907,OK,16.0,15.0,15.0,0.0,0.0,23.026925357284917,-0.23461878299713135,-0.21444582862866549
30.0,GIRMS\IRMS-operator,2026-02-14 03:55:48.748,2026-02-14 05:13:51.049,Success,False,BTS,941,30.0,2,16.0,True,Unknown,,"0.002 V, 0.002 V, 0.003 V",42 µbar,72 °C,,12.271 V,9.5216 kV,52 µbar,Carbon Dioxide: 0.0216 kV,"1,102 µbar",11.609 V,13.946 V,317 µbar/min,22.805 V,1.06E-007 mbar,24 %,933 µbar,µ-Volume,,Pre,11.446464914540996,12.415627952401495,12.480221904635417,16.330511816899364,16.666875728528087,11.693958300809614,-2.2274366166820103,-3.9218935042723,-2.2735995129421336,0.02264117947478589,0.005845927402955929,-3.957229027558989,0.02049688407094586,0.005124221017736465,-2.2803962375241555,0.023091549192736507,-3.959584729111435,0.018841433628082004,Natan Pereira BTS coral series 6.xlsx,2026-02-14 03:55:48.748,739661.0,317.0,1102.0,52.0,933.0,11.033464330892315,BTS,,941,OK,16.0,15.0,15.0,0.0,0.0,11.084813732366316,-0.0513494014740008,-0.047197759389232485
31.0,GIRMS\IRMS-operator,2026-02-14 04:39:10.877,2026-02-14 05:49:04.627,Success,False,SHP2L,,31.0,1,17.0,True,QC Standard,SHP2L,"0.002 V, 0.002 V, 0.002 V",42 µbar,72 °C,,0.019 V,9.5220 kV,54 µbar,Carbon Dioxide: 0.0220 kV,"1,104 µbar",3.013 V,0.018 V,630 µbar/min,11.274 V,4.42E-008 mbar,100 %,67 µbar,µ-Volume,0.024 V,Pre,0.018587145264505354,0.019973053405883318,3.306110438315024,0.026199423583050982,4.413240128179362,3.0958339311370686,-12.109478637578718,-16.026077770281866,-11.537181227245307,0.6632161614157042,0.16580404035392604,-16.870735270543225,0.6961693964913674,0.17404234912284186,,,,,Natan Pereira BTS coral series 6.xlsx,2026-02-14 04:39:10.877,739661.0,630.0,1104.0,54.0,67.0,0.01796378956367994,SHP2L,,,Failed Sample,16.0,15.0,15.0,0.0,0.0,2.9596424450208856,-2.941678655457206,-0.016487561996624545
32.0,GIRMS\IRMS-operator,2026-02-14 05:13:51.197,2026-02-14 06:24:41.398,Success,False,BTS,990,32.0,2,17.0,True,Unknown,,"0.001 V, 0.001 V, 0.001 V",45 µbar,73 °C,,11.508 V,9.5223 kV,42 µbar,Carbon Dioxide: 0.0223 kV,711 µbar,10.573 V,13.081 V,161 µbar/min,2.999 V,9.82E-008 mbar,26 %,902 µbar,µ-Volume,,Pre,10.334281601428206,11.22098388229319,11.396400351867165,14.747497474473066,15.218731796067306,10.677455343722517,-1.2492383894787684,-3.694320873024126,-1.3157210911602564,0.02201669973982398,0.0056846874287191625,-3.7281445709920944,0.026034916559068852,0.0067221865502115575,-1.3157210911602564,0.022016699739823963,-3.7349016310599765,0.029545514908003122,Natan Pereira BTS coral series 6.xlsx,2026-02-14 05:13:51.197,739661.0,161.0,711.0,42.0,902.0,9.964732803820784,BTS,,990,OK,16.0,15.0,15.0,0.0,0.0,10.132107406598179,-0.1673746027773948,-0.15200502066730426
33.0,GIRMS\IRMS-operator,2026-02-14 05:49:04.781,2026-02-14 07:08:05.178,Success,False,BTS,830,33.0,1,18.0,True,Unknown,,"0.001 V, 0.001 V, 0.001 V",37 µbar,73 °C,,6.599 V,9.5223 kV,52 µbar,Carbon Dioxide: 0.0223 kV,"1,112 µbar",5.996 V,7.286 V,518 µbar/min,3.408 V,6.65E-008 mbar,51 %,846 µbar,µ-Volume,,Pre,5.87739528522194,6.382539518398552,6.473987857433263,8.386514803174517,8.642433526423543,6.062855137440569,-1.547246098185906,-3.8981930551417188,-1.5670156612670905,0.02229181724967001,0.005755722464311411,-3.9050986224640045,0.013105064955956609,0.0035024759354719544,-1.561507591826102,0.034428880629069895,-3.9051530447049934,0.020847938675210353,Natan Pereira BTS coral series 6.xlsx,2026-02-14 05:49:04.781,739661.0,518.0,1112.0,52.0,846.0,5.691249979588396,BTS,,830,OK,16.0,15.0,15.0,0.0,0.0,5.790923846814043,-0.09967386722564697,-0.09045729925602226
34.0,GIRMS\IRMS-operator,2026-02-14 06:24:41.533,2026-02-14 07:40:06.357,Success,False,BTS,910,34.0,2,18.0,True,Unknown,,"0.002 V, 0.002 V, 0.002 V",42 µbar,72 °C,,0.015 V,9.5223 kV,45 µbar,Carbon Dioxide: 0.0223 kV,"1,021 µbar",3.223 V,0.015 V,410 µbar/min,5.898 V,4.51E-008 mbar,100 %,54 µbar,µ-Volume,0.019 V,Pre,0.0150894409604557,0.01617772283159968,3.5360229489218917,0.021206701541702334,4.720128477555689,3.311012686384117,-14.355717623266928,-18.94118319605509,-13.480360891931227,0.5079741143844425,0.12699352859611063,-17.60009252548498,0.7382182142941573,0.1906071233218833,,,,,Natan Pereira BTS coral series 6.xlsx,2026-02-14 06:24:41.533,739661.0,410.0,1021.0,45.0,54.0,0.014579853351970654,BTS,,910,Failed Sample,16.0,15.0,15.0,0.0,0.0,3.1633644930224483,-3.1487846396704775,-0.01340137558280677
35.0,GIRMS\IRMS-operator,2026-02-14 07:08:05.349,2026-02-14 08:14:45.957,Success,False,BTS,811,35.0,1,19.0,True,Unknown,,"0.001 V, 0.001 V, 0.001 V",45 µbar,72 °C,,11.835 V,9.5224 kV,47 µbar,Carbon Dioxide: 0.0224 kV,"1,038 µbar",10.845 V,13.507 V,420 µbar/min,3.204 V,9.86E-008 mbar,27 %,904 µbar,µ-Volume,,Pre,10.596674713666868,11.491500518370794,11.634253642607852,15.129407061902937,15.536119355527815,10.900568995054195,-2.482577574151379,-3.171841691818167,-2.565569003816548,0.029211504156599028,0.0075423779410784516,-3.22076063030088,0.014664462149088373,0.003919242365943099,-2.565569003816548,0.029211504156598955,-3.223999239931596,0.018894837244643792,Natan Pereira BTS coral series 6.xlsx,2026-02-14 07:08:05.349,739661.0,420.0,1038.0,47.0,904.0,10.218025984906815,BTS,,811,OK,16.0,15.0,15.0,0.0,0.0,10.34100515095757,-0.12297916605075443,-0.11221173887720678
36.0,GIRMS\IRMS-operator,2026-02-14 07:40:06.508,2026-02-14 07:53:07.940,Error,False,SHP2L,,36.0,2,19.0,True,QC Standard,SHP2L,"0.001 V, 0.001 V, 0.001 V",,,,,,,,,,,,,,,,,,Pre,,,,,,,,,,,,,,,,,,,Natan Pereira BTS coral series 6.xlsx,2026-02-14 07:40:06.508,739661.0,,,,,,SHP2L,,,Failed Sample,0.0,0.0,0.0,0.0,0.0,,,
37.0,GIRMS\IRMS-operator,2026-02-14 19:52:46.040,2026-02-14 19:52:46.078,Error,False,BTS,831,37.0,1,20.0,True,Unknown,,"0.001 V, 0.001 V, 0.001 V",,,,,,,,,,,,,,,,,,Pre,,,,,,,,,,,,,,,,,,,Natan Pereira BTS coral series 6.xlsx,2026-02-14 19:52:46.040,739661.0,,,,,,BTS,,831,Failed Sample,0.0,0.0,0.0,0.0,0.0,,,
38.0,GIRMS\IRMS-operator,2026-02-14 22:11:56.551,2026-02-14 22:11:56.585,Error,False,BTS,927,38.0,2,20.0,True,Unknown,,"0.001 V, 0.001 V, 0.001 V",,,,,,,,,,,,,,,,,,Pre,,,,,,,,,,,,,,,,,,,Natan Pereira BTS coral series 6.xlsx,2026-02-14 22:11:56.551,739661.0,,,,,,BTS,,927,Failed Sample,0.0,0.0,0.0,0.0,0.0,,,
39.0,GIRMS\IRMS-operator,2026-02-16 16:03:14.982,2026-02-16 16:03:15.013,Error,False,BTS,869,39.0,1,21.0,True,Unknown,,"0.001 V, 0.001 V, 0.001 V",,,,,,,,,,,,,,,,,,Pre,,,,,,,,,,,,,,,,,,,Natan Pereira BTS coral series 6.xlsx,2026-02-16 16:03:14.982,739663.0,,,,,,BTS,,869,Failed Sample,0.0,0.0,0.0,0.0,0.0,,,
1.0,GIRMS\IRMS-operator,2026-02-19 10:04:44.735,2026-02-19 11:03:42.689,Running,False,SHP2L,,,1,2.0,True,QC Standard,SHP2L,"0.001 V, 0.001 V, 0.001 V",47 µbar,72 °C,,12.086 V,9.5229 kV,49 µbar,Carbon Dioxide: 0.0229 kV,889 µbar,11.074 V,13.773 V,239 µbar/min,3.377 V,1.02E-007 mbar,27 %,916 µbar,µ-Volume,,Pre,10.819585564628815,11.75050676305316,11.902826432776672,15.398919582366943,15.893802046775818,11.1538633136904,-0.8513845179045632,-6.11557383624628,-0.9047249668750964,0.03308779606347335,0.008271949015868337,-6.122679372721803,0.013351514740901075,0.003447346282543513,-0.9082809968064655,0.030922887958366993,-6.1209043464991755,0.015891838535373327,Natan Pereira BTS coral series 7.xlsx,2026-02-19 10:04:44.735,739666.0,239.0,889.0,49.0,916.0,10.434554460540983,SHP2L,,,OK,16.0,15.0,15.0,0.0,0.0,10.576075125632943,-0.14152066509196004,-0.07856358663647704
2.0,GIRMS\IRMS-operator,2026-02-19 10:35:09.766,2026-02-19 11:32:31.437,Running,False,BTS,1014,,2,2.0,True,Unknown,,"0.002 V, 0.002 V, 0.002 V",40 µbar,72 °C,,21.602 V,9.5229 kV,333 µbar,Carbon Dioxide: 0.0229 kV,897 µbar,19.669 V,25.360 V,234 µbar/min,10.794 V,1.57E-007 mbar,12 %,963 µbar,µ-Volume,,Pre,19.219646963788378,20.821892885430746,21.28321793483108,27.422885216791364,28.438712276537156,19.963751349164358,-2.371987230148198,-3.3319316213962225,-2.5610441043090404,0.07713459772712644,0.019916067494237945,-3.402181240071559,0.027041901035216535,0.006982188823945516,-2.5610441043090404,0.07713459772712647,-3.4021812400715588,0.02704190103521634,Natan Pereira BTS coral series 7.xlsx,2026-02-19 10:35:09.766,739666.0,234.0,897.0,333.0,963.0,18.44377330274712,BTS,,1014,OK,16.0,15.0,15.0,0.0,0.0,18.74410620660912,-0.30033290386200306,-0.16627999869692472
3.0,GIRMS\IRMS-operator,2026-02-19 11:03:42.839,2026-02-19 12:03:59.874,Running,False,BTS,1079,,1,3.0,True,Unknown,,"0.002 V, 0.002 V, 0.002 V",45 µbar,72 °C,,28.322 V,9.5226 kV,49 µbar,Carbon Dioxide: 0.0226 kV,"1,046 µbar",21.126 V,34.193 V,444 µbar/min,18.772 V,1.65E-007 mbar,10 %,982 µbar,µ-Volume,25.533 V,Pre,27.59756818121705,29.893002656162125,22.987908867061474,39.34766400089939,30.722037436873503,21.56677022284303,-2.3885626571452656,-4.05716220683483,-2.4337478982856893,0.035760840003677144,0.008940210000919286,-4.003279780610645,0.038642628364011646,0.009660657091002911,-2.4367602476950507,0.03485146585885128,-3.9996876188623642,0.037130965761164564,Natan Pereira BTS coral series 7.xlsx,2026-02-19 11:03:42.839,739666.0,444.0,1046.0,49.0,982.0,26.30304470366273,BTS,,1079,OK,16.0,15.0,15.0,0.0,0.0,20.218289640605786,6.084755063056946,4.454067229980713
4.0,GIRMS\IRMS-operator,2026-02-19 11:32:31.592,2026-02-19 12:41:44.709,Running,False,BTS,1022,,2,3.0,True,Unknown,,"0.002 V, 0.002 V, 0.002 V",37 µbar,73 °C,,17.382 V,9.5226 kV,49 µbar,Carbon Dioxide: 0.0226 kV,992 µbar,17.216 V,20.004 V,332 µbar/min,20.043 V,1.41E-007 mbar,13 %,921 µbar,µ-Volume,,Pre,16.86292641520422,18.286833324074788,18.65417674982552,24.06538634984639,24.924348885704543,17.492723993062192,-1.6668847163202605,-3.3273695743538667,-1.8313114338074512,0.05871133798567411,0.015159202283471382,-3.3617816813915553,0.022559213895499294,0.005639803473874824,-1.8313114338074512,0.058711337985674066,-3.364075821860735,0.02133178824394827,Natan Pereira BTS coral series 7.xlsx,2026-02-19 11:32:31.592,739666.0,332.0,992.0,49.0,921.0,16.217884949444944,BTS,,1022,OK,16.0,15.0,15.0,0.0,0.0,16.464245847462827,-0.2463608980178833,-0.1365451281075093
5.0,GIRMS\IRMS-operator,2026-02-19 12:03:59.966,2026-02-19 13:20:14.020,Running,False,BTS,1093,,1,4.0,True,Unknown,,"0.001 V, 0.001 V, 0.001 V",42 µbar,72 °C,,36.084 V,9.5230 kV,47 µbar,Carbon Dioxide: 0.0230 kV,924 µbar,23.025 V,44.851 V,313 µbar/min,3.368 V,1.76E-007 mbar,10 %,990 µbar,µ-Volume,31.605 V,Pre,34.705299027519416,37.579003342733984,25.01947022353232,48.97692504947234,33.44088498179961,23.47484517868061,-2.6215147705099806,-14.253086399553695,-2.5768012819198014,0.05840980962236059,0.015081347994836552,-3.904172859101969,0.07960374173906021,0.020553597736745095,-2.563931867802712,0.06828583420534674,-3.9041728591019695,0.07960374173906026,Natan Pereira BTS coral series 7.xlsx,2026-02-19 12:03:59.966,739666.0,313.0,924.0,47.0,990.0,32.9377381878664,BTS,,1093,OK,16.0,15.0,15.0,0.0,0.0,21.96015704448719,10.977581143379211,9.26439461733926
6.0,GIRMS\IRMS-operator,2026-02-19 12:41:44.831,2026-02-19 13:54:11.805,Running,False,SHP2L,,,2,4.0,True,QC Standard,SHP2L,"0.002 V, 0.002 V, 0.003 V",35 µbar,72 °C,,5.688 V,9.5225 kV,49 µbar,Carbon Dioxide: 0.0225 kV,946 µbar,5.317 V,6.172 V,298 µbar/min,21.866 V,6.89E-008 mbar,55 %,797 µbar,µ-Volume,,Pre,5.196638619164707,5.647276001403806,5.762297845272359,7.399320602416993,7.692642144683144,5.396627103547336,-0.7898035777404999,-6.021749669678278,-0.8234807112433998,0.019876451202732452,0.005132077632659144,-6.0043770642453245,0.025827844201848735,0.006668720697479996,-0.8222531586670189,0.022500295002092066,-5.997869834647347,0.03255753952198453,Natan Pereira BTS coral series 7.xlsx,2026-02-19 12:41:44.831,739666.0,298.0,946.0,49.0,797.0,5.0473385926199725,SHP2L,,,OK,16.0,15.0,15.0,0.0,0.0,5.160542606249874,-0.11320401362990129,-0.062298982650579135
7.0,GIRMS\IRMS-operator,2026-02-19 13:20:14.183,2026-02-19 14:24:47.132,Running,False,BTS,1049,,1,5.0,True,Unknown,,"0.002 V, 0.002 V, 0.002 V",45 µbar,72 °C,,34.521 V,9.5228 kV,54 µbar,Carbon Dioxide: 0.0228 kV,"1,087 µbar",21.501 V,42.746 V,493 µbar/min,5.248 V,1.66E-007 mbar,10 %,"1,002 µbar",µ-Volume,30.769 V,Pre,33.60703293337417,36.383772522514725,23.374134928291706,47.90477304451916,31.240506458215446,21.928173341890098,-2.922444050007078,-4.4053415548285235,-2.842967584488633,0.08850032232310673,0.022125080580776682,-4.264709037039287,0.08669242723907204,0.02167310680976801,-2.83766915345407,0.08894099031969849,-4.255333535853337,0.08090455077787274,Natan Pereira BTS coral series 7.xlsx,2026-02-19 13:20:14.183,739666.0,493.0,1087.0,54.0,1002.0,31.92707602037978,BTS,,1049,OK,16.0,15.0,15.0,0.0,0.0,20.550128855844257,11.376947164535522,9.945403233572376
8.0,GIRMS\IRMS-operator,2026-02-19 13:54:11.916,2026-02-19 15:01:42.862,Running,False,BTS,1082,,2,5.0,True,Unknown,,"0.002 V, 0.002 V, 0.003 V",37 µbar,72 °C,,6.011 V,9.5223 kV,49 µbar,Carbon Dioxide: 0.0223 kV,929 µbar,5.604 V,6.578 V,288 µbar/min,20.394 V,6.99E-008 mbar,48 %,809 µbar,µ-Volume,,Pre,5.517359729926068,5.99311723234161,6.065366699627601,7.875409027291345,8.097280406295141,5.680449519442331,-1.243618683671066,-3.5702954043959068,-1.2644273277988856,0.01882036879260911,0.004859398326883792,-3.5760442282450082,0.023747201709945258,0.006131501116109751,-1.2695866163713616,0.022878543044416732,-3.5722471829284417,0.028757057202751887,Natan Pereira BTS coral series 7.xlsx,2026-02-19 13:54:11.916,739666.0,288.0,929.0,49.0,809.0,5.356492687797454,BTS,,1082,OK,16.0,15.0,15.0,0.0,0.0,5.431013323859469,-0.0745206360620152,-0.04135502229278595
9.0,GIRMS\IRMS-operator,2026-02-19 14:24:47.256,2026-02-19 15:39:38.160,Running,False,BTS,1063,,1,6.0,True,Unknown,,"0.001 V, 0.001 V, 0.001 V",42 µbar,72 °C,,48.483 V,9.5227 kV,52 µbar,Carbon Dioxide: 0.0227 kV,"1,078 µbar",23.056 V,49.005 V,488 µbar/min,3.373 V,1.73E-007 mbar,10 %,"1,009 µbar",µ-Volume,48.510 V,Pre,48.98094979277587,48.96770313642698,25.0585664834805,48.978265672382136,33.49443927353265,23.512048993024585,-79.13303983805197,-301.5323340605418,-7.279221423538348,13.470008984040447,3.477941364563529,-83.99389148314,111.47998966231684,27.86999741557921,-3.781731514007369,0.1756484701141395,-4.027714766625515,0.09668979755390274,Natan Pereira BTS coral series 7.xlsx,2026-02-19 14:24:47.256,739666.0,488.0,1078.0,52.0,1009.0,47.77048376551604,BTS,,1063,Partially Saturated Collectors,16.0,13.0,8.0,2.0,7.0,21.998091015729663,25.772392749786377,31.490636859477654
10.0,GIRMS\IRMS-operator,2026-02-19 15:01:43.016,2026-02-19 16:12:43.686,Running,False,BTS,1098,,2,6.0,True,Unknown,,"0.002 V, 0.002 V, 0.003 V",37 µbar,72 °C,,18.423 V,9.5222 kV,49 µbar,Carbon Dioxide: 0.0222 kV,"1,056 µbar",18.217 V,21.217 V,523 µbar/min,21.852 V,1.47E-007 mbar,13 %,929 µbar,µ-Volume,,Pre,17.876420277359877,19.381555809258693,19.695776595353358,25.512139619712883,26.316444696312004,18.469262975457106,-1.9007780239183036,-3.3521844668724654,-2.080157387984105,0.07677116546006905,0.019822229686385435,-3.403399994801977,0.020552216471209795,0.005306559474709686,-2.07558133171033,0.08925738420405104,-3.4033999948019775,0.02055221647120982,Natan Pereira BTS coral series 7.xlsx,2026-02-19 15:01:43.016,739666.0,523.0,1056.0,49.0,929.0,17.196703809502516,BTS,,1098,OK,16.0,15.0,15.0,0.0,0.0,17.363656419518385,-0.16695261001586914,-0.09303562904038803
11.0,GIRMS\IRMS-operator,2026-02-19 15:39:38.323,2026-02-19 16:45:32.258,Running,False,SHP2L,,,1,7.0,True,QC Standard,SHP2L,"0.002 V, 0.002 V, 0.003 V",45 µbar,72 °C,,6.457 V,9.5223 kV,59 µbar,Carbon Dioxide: 0.0223 kV,"1,151 µbar",6.006 V,7.124 V,596 µbar/min,17.451 V,7.38E-008 mbar,46 %,848 µbar,µ-Volume,,Pre,5.922128100286224,6.435264576771836,6.485481442104568,8.431448683017143,8.658342283635015,6.074054068205007,-0.8376467012656263,-6.127377855585592,-0.865903747530386,0.023364056405286215,0.005841014101321554,-6.1258813491436985,0.02672766044486493,0.0066819151112162325,-0.8677875506147033,0.02289181950130552,-6.125781582047574,0.027662672966610923,Natan Pereira BTS coral series 7.xlsx,2026-02-19 15:39:38.323,739666.0,596.0,1151.0,59.0,848.0,5.741371060662405,SHP2L,,,OK,16.0,15.0,15.0,0.0,0.0,5.802710194478728,-0.06133913381632272,-0.03414872016942125
12.0,GIRMS\IRMS-operator,2026-02-19 16:12:43.790,2026-02-19 17:20:36.044,Running,False,BTS,1085,,2,7.0,True,Unknown,,"0.002 V, 0.002 V, 0.002 V",40 µbar,72 °C,,16.371 V,9.5224 kV,423 µbar,Carbon Dioxide: 0.0224 kV,"1,056 µbar",15.058 V,18.805 V,469 µbar/min,5.924 V,1.29E-007 mbar,16 %,943 µbar,µ-Volume,,Pre,14.704385548717058,15.94927564993765,16.270976818951628,20.987170825987445,21.736162792235003,15.2526290713611,-1.7971968652811254,-3.3803872444800875,-1.9296288405926156,0.03855969849104286,0.009956071339372551,-3.425266432130162,0.019341264039460106,0.004993892901295292,-1.9296288405926159,0.03855969849104289,-3.4250974289061547,0.01976779991004759,Natan Pereira BTS coral series 7.xlsx,2026-02-19 16:12:43.790,739666.0,469.0,1056.0,423.0,943.0,14.161759763843095,BTS,,1085,OK,16.0,15.0,15.0,0.0,0.0,14.390239268428362,-0.2284795045852661,-0.1265168919065073
13.0,GIRMS\IRMS-operator,2026-02-19 16:45:32.396,2026-02-19 17:59:20.454,Running,False,BTS,1070,,1,8.0,True,Unknown,,"0.001 V, 0.001 V, 0.001 V",45 µbar,72 °C,,48.488 V,9.5224 kV,59 µbar,Carbon Dioxide: 0.0224 kV,"1,165 µbar",22.898 V,48.996 V,669 µbar/min,3.363 V,1.75E-007 mbar,10 %,"1,007 µbar",µ-Volume,46.728 V,Pre,42.735709704970965,46.22203255081148,24.892152790069293,48.978257546670925,33.26922989869882,23.353977956390032,-3.8251277004748285,-199.47004573750704,-3.647262842630887,0.14398456177993618,0.035996140444984046,-24.946257045643343,45.79282976095821,11.823657802660168,-3.635405185441291,0.14071966618020806,-4.329267990868394,0.09326044043071294,Natan Pereira BTS coral series 7.xlsx,2026-02-19 16:45:32.396,739666.0,669.0,1165.0,59.0,1007.0,40.423720039939525,BTS,,1070,Partially Saturated Collectors,16.0,15.0,11.0,0.0,4.0,21.85338632068599,18.570333719253536,19.328106084139357
14.0,GIRMS\IRMS-operator,2026-02-19 17:20:36.189,2026-02-19 18:31:42.026,Running,False,BTS,1047,,2,8.0,True,Unknown,,"0.002 V, 0.002 V, 0.003 V",37 µbar,72 °C,,28.472 V,9.5219 kV,64 µbar,Carbon Dioxide: 0.0219 kV,"1,065 µbar",21.645 V,33.989 V,425 µbar/min,21.717 V,1.69E-007 mbar,10 %,985 µbar,µ-Volume,25.850 V,Pre,27.780994772911072,30.09080690350971,23.52805239167651,39.60245029079617,31.444615880128758,22.071763873100277,-2.491763328608898,-4.336645090218028,-2.5789955412420937,0.047870999208150876,0.011967749802037719,-4.300256953847948,0.03198734841010352,0.00799683710252588,-2.5848110220843066,0.04330764720950922,-4.297831078089941,0.03154983281397083,Natan Pereira BTS coral series 7.xlsx,2026-02-19 17:20:36.189,739666.0,425.0,1065.0,64.0,985.0,26.548802852630615,BTS,,1047,OK,16.0,15.0,15.0,0.0,0.0,20.67984640598297,5.868956446647644,4.239460354919141
15.0,GIRMS\IRMS-operator,2026-02-19 17:59:20.565,2026-02-19 19:03:51.857,Running,False,BTS,1099,,1,9.0,True,Unknown,,"0.002 V, 0.002 V, 0.003 V",49 µbar,72 °C,,15.278 V,9.5219 kV,64 µbar,Carbon Dioxide: 0.0219 kV,"1,195 µbar",15.181 V,17.543 V,703 µbar/min,20.581 V,1.29E-007 mbar,16 %,958 µbar,µ-Volume,,Pre,14.82842282745471,16.07816352509979,16.407866617674863,21.15747137464347,21.91786272920432,15.380749268265868,-2.113081862617827,-3.668345378632254,-2.273072533139353,0.04520888023649153,0.011672882683774487,-3.722956171219323,0.029917934805247414,0.0074794837013118535,-2.2730725331393535,0.04520888023649164,-3.7265968907251277,0.027051645184163777,Natan Pereira BTS coral series 7.xlsx,2026-02-19 17:59:20.565,739666.0,703.0,1195.0,64.0,958.0,14.270836276742124,BTS,,1099,OK,16.0,15.0,15.0,0.0,0.0,14.512264890404845,-0.2414286136627215,-0.13358417891404487
16.0,GIRMS\IRMS-operator,2026-02-19 18:31:42.188,2026-02-19 19:41:44.313,Running,False,SHP2L,,,2,9.0,True,QC Standard,SHP2L,"0.002 V, 0.002 V, 0.002 V",40 µbar,72 °C,,5.846 V,9.5220 kV,59 µbar,Carbon Dioxide: 0.0220 kV,"1,063 µbar",5.464 V,6.408 V,420 µbar/min,14.615 V,6.89E-008 mbar,48 %,816 µbar,µ-Volume,,Pre,5.379265468887243,5.8459544912480235,5.921854807654885,7.6588246874994885,7.905297676852378,5.545791554105389,-0.8076825345882943,-6.0670990139597425,-0.8200380649287798,0.01377529495694613,0.0034438237392365326,-6.051849999522484,0.023787594038431774,0.0059468985096079435,-0.8208617669514787,0.013844918773778525,-6.050833398560002,0.024260063961753186,Natan Pereira BTS coral series 7.xlsx,2026-02-19 18:31:42.188,739666.0,420.0,1063.0,59.0,816.0,5.221775246423847,SHP2L,,,OK,16.0,15.0,15.0,0.0,0.0,5.301978754651652,-0.08020350822780564,-0.04444527681698149
17.0,GIRMS\IRMS-operator,2026-02-19 19:03:51.965,2026-02-19 20:19:51.309,Running,False,BTS,1013,,1,10.0,True,Unknown,,"0.001 V, 0.001 V, 0.001 V",49 µbar,73 °C,,35.902 V,9.5223 kV,59 µbar,Carbon Dioxide: 0.0223 kV,"1,141 µbar",23.069 V,44.702 V,567 µbar/min,3.378 V,1.74E-007 mbar,10 %,"1,016 µbar",µ-Volume,31.504 V,Pre,34.58247783811358,37.43352187137087,25.070222143930987,48.96978117505142,33.50806809941361,23.523417145326412,-2.915388961785781,-10.820511349273755,-2.875304311536167,0.06597858022989547,0.016494645057473868,-3.896121305752875,0.07699163380276335,0.019879154367693497,-2.8726320015195266,0.06739208195291733,-3.8961213057528754,0.07699163380276358,Natan Pereira BTS coral series 7.xlsx,2026-02-19 19:03:51.965,739666.0,567.0,1141.0,59.0,1016.0,32.814365655496395,BTS,,1013,OK,16.0,15.0,15.0,0.0,0.0,22.000607878282345,10.81375777721405,9.07523809796593
18.0,GIRMS\IRMS-operator,2026-02-19 19:41:44.423,2026-02-19 20:53:20.971,Running,False,BTS,1016,,2,10.0,True,Unknown,,"0.002 V, 0.002 V, 0.003 V",40 µbar,73 °C,,12.464 V,9.5219 kV,69 µbar,Carbon Dioxide: 0.0219 kV,"1,170 µbar",12.138 V,14.057 V,659 µbar/min,21.853 V,1.10E-007 mbar,23 %,914 µbar,µ-Volume,,Pre,11.930348525449933,12.936051299482731,13.050790240675358,17.023717672346173,17.42771795463377,12.229277675742788,-2.5035180910909505,-3.6147827449480863,-2.600129379814116,0.036401471427483345,0.009398819507739208,-3.62800704953458,0.013742712371111649,0.003548353076335604,-2.600129379814116,0.03640147142748334,-3.631502323211707,0.01652476516195901,Natan Pereira BTS coral series 7.xlsx,2026-02-19 19:41:44.423,739666.0,659.0,1170.0,69.0,914.0,11.525615041846914,BTS,,1016,OK,16.0,15.0,15.0,0.0,0.0,11.584295814628286,-0.05868077278137207,-0.03285052793681807
19.0,GIRMS\IRMS-operator,2026-02-19 20:19:51.493,2026-02-19 21:26:03.783,Running,False,BTS,1058,,1,11.0,True,Unknown,,"0.002 V, 0.002 V, 0.002 V",54 µbar,72 °C,,23.536 V,9.5221 kV,86 µbar,Carbon Dioxide: 0.0221 kV,"1,290 µbar",21.024 V,27.905 V,"1,011 µbar/min",11.795 V,1.62E-007 mbar,10 %,"1,021 µbar",µ-Volume,,Pre,21.03198149125338,22.802831178675984,22.77501071072707,29.9903692438959,30.436971946036707,21.36634864728213,-1.4781829119214773,-3.946639183288858,-1.6530864253242163,0.06697854783186342,0.01729378668706426,-4.013404160494219,0.023648818889837324,0.006106098781187688,-1.6530864253242161,0.06697854783186327,-4.013404160494219,0.02364881888983709,Natan Pereira BTS coral series 7.xlsx,2026-02-19 20:19:51.493,739666.0,1011.0,1290.0,86.0,1021.0,20.142382167980678,BTS,,1058,OK,16.0,15.0,15.0,0.0,0.0,20.031845354244716,0.11053681373596191,0.06253870337121058
20.0,GIRMS\IRMS-operator,2026-02-19 20:53:21.143,2026-02-19 22:00:04.499,Running,False,BTS,1038,,2,11.0,True,Unknown,,"0.002 V, 0.002 V, 0.003 V",47 µbar,72 °C,,27.789 V,9.5219 kV,511 µbar,Carbon Dioxide: 0.0219 kV,"1,143 µbar",19.820 V,33.316 V,547 µbar/min,19.877 V,1.57E-007 mbar,10 %,"1,007 µbar",µ-Volume,25.228 V,Pre,27.14959792885201,29.417001882842218,21.57490817671124,38.711163298370955,28.82974137473357,20.238305256694726,-2.193692933851965,-4.019602787024401,-2.226990949207767,0.03285197920571829,0.008482344556913287,-3.9504532218754895,0.05323609227251425,0.013309023068128563,-2.2238601329758563,0.0380746041116571,-3.9458432508655625,0.051693314679494694,Natan Pereira BTS coral series 7.xlsx,2026-02-19 20:53:21.143,739666.0,547.0,1143.0,511.0,1007.0,25.927181170314718,BTS,,1038,OK,16.0,15.0,15.0,0.0,0.0,18.99843923839944,6.92874193191528,5.320394331637424
21.0,GIRMS\IRMS-operator,2026-02-19 21:26:03.892,2026-02-19 22:40:34.895,Running,False,SHP2L,,,1,12.0,True,QC Standard,SHP2L,"0.001 V, 0.001 V, 0.002 V",49 µbar,73 °C,,2.612 V,9.5224 kV,711 µbar,Carbon Dioxide: 0.0224 kV,"1,268 µbar",3.279 V,2.780 V,977 µbar/min,3.369 V,4.58E-008 mbar,100 %,836 µbar,µ-Volume,2.429 V,Pre,2.500682597334813,2.71669679658785,3.5903283386818527,3.5576185340462643,4.792298948246095,3.3623042497825852,-1.1461105240704317,-6.722805126817888,-1.169937743184087,0.02406823097728258,0.006214390516512593,-6.666794328552009,0.03556906957032069,0.008892267392580172,-1.1766513104361906,0.030208873054293657,-6.663060275334283,0.03341409436108584,Natan Pereira BTS coral series 7.xlsx,2026-02-19 21:26:03.892,739666.0,977.0,1268.0,711.0,836.0,2.4339133570975613,SHP2L,,,OK,16.0,15.0,15.0,0.0,0.0,3.2245654166222852,-0.790652059524724,-0.3357928053407737
22.0,GIRMS\IRMS-operator,2026-02-19 22:00:04.603,2026-02-19 23:13:26.896,Running,False,BTS,1029,,2,12.0,True,Unknown,,"0.001 V, 0.001 V, 0.002 V",49 µbar,73 °C,,24.698 V,9.5224 kV,79 µbar,Carbon Dioxide: 0.0224 kV,"1,239 µbar",22.694 V,29.374 V,723 µbar/min,3.258 V,1.72E-007 mbar,10 %,999 µbar,µ-Volume,,Pre,22.518257886651828,24.41135048866272,24.55972135066986,32.11407650415544,32.823118457242295,23.044969231370757,-1.4037514249398697,-3.6669057634336477,-1.6162424384320584,0.08652832557211627,0.02234151759440131,-3.708514941557759,0.023722092890067107,0.005930523222516777,-1.6162424384320582,0.08652832557211629,-3.7112888867660323,0.02170306114326006,Natan Pereira BTS coral series 7.xlsx,2026-02-19 22:00:04.603,739666.0,723.0,1239.0,79.0,999.0,21.56734028506644,BTS,,1029,OK,16.0,15.0,15.0,0.0,0.0,21.56146922755606,0.005871057510379529,0.0033043544910115585
23.0,GIRMS\IRMS-operator,2026-02-19 22:40:35.052,2026-02-19 23:45:36.382,Running,False,BTS,1034,,1,13.0,True,Unknown,,"0.002 V, 0.002 V, 0.003 V",52 µbar,72 °C,,15.532 V,9.5221 kV,79 µbar,Carbon Dioxide: 0.0221 kV,"1,253 µbar",15.334 V,17.896 V,860 µbar/min,21.474 V,1.28E-007 mbar,17 %,973 µbar,µ-Volume,,Pre,15.046332138552179,16.301940969228113,16.54642432093557,21.459456386949338,22.10281402149371,15.513334530367365,-2.7554073078153163,-3.8995742748682005,-2.893827801623757,0.044160913755447374,0.011402298901876648,-3.92448627745682,0.01996494746917994,0.004991236867294985,-2.8938278016237575,0.044160913755447395,-3.926147077629394,0.01948810109589431,Natan Pereira BTS coral series 7.xlsx,2026-02-19 22:40:35.052,739666.0,860.0,1253.0,79.0,973.0,14.475468653215877,BTS,,1034,OK,16.0,15.0,15.0,0.0,0.0,14.635626333727354,-0.16015768051147639,-0.08912943404875155
24.0,GIRMS\IRMS-operator,2026-02-19 23:13:27.068,2026-02-20 00:24:12.466,Running,False,BTS,1044,,2,13.0,True,Unknown,,"0.002 V, 0.002 V, 0.002 V",45 µbar,72 °C,,9.491 V,9.5223 kV,81 µbar,Carbon Dioxide: 0.0223 kV,"1,217 µbar",9.066 V,10.523 V,874 µbar/min,14.760 V,8.94E-008 mbar,30 %,897 µbar,µ-Volume,,Pre,8.91682745002522,9.666036172098535,9.748737616724389,12.717202784983328,13.01631379362743,9.133868574449105,-2.8768379190003968,-4.115159994821371,-2.9317900518192954,0.033705036581842235,0.008426259145460559,-4.142474651619128,0.012373150648250062,0.003194733760052533,-2.935453527340555,0.03141813587948043,-4.142067585906532,0.013394272038902436,Natan Pereira BTS coral series 7.xlsx,2026-02-19 23:13:27.068,739666.0,874.0,1217.0,81.0,897.0,8.632698297969645,BTS,,1044,OK,16.0,15.0,15.0,0.0,0.0,8.686991939771314,-0.05429364180166907,-0.03035835086339195
25.0,GIRMS\IRMS-operator,2026-02-19 23:45:36.530,2026-02-20 01:05:24.503,Running,False,BTS,1052,,1,14.0,True,Unknown,,"0.001 V, 0.001 V, 0.001 V",57 µbar,73 °C,,20.788 V,9.5227 kV,71 µbar,Carbon Dioxide: 0.0227 kV,"1,229 µbar",19.137 V,24.489 V,684 µbar/min,3.374 V,1.50E-007 mbar,13 %,"1,016 µbar",µ-Volume,,Pre,18.64257207848127,20.204332979777632,20.683822544673262,26.594469574251377,27.63688030556699,19.40078786350782,-2.038924966559774,-3.5198613869444895,-2.2011259552937794,0.08386675721547762,0.020966689303869405,-3.562410090435633,0.02636709083641496,0.00659177270910374,-2.2119393545427135,0.07437424174478094,-3.5652466706683765,0.024636307712119356,Natan Pereira BTS coral series 7.xlsx,2026-02-19 23:45:36.530,739666.0,684.0,1229.0,71.0,1016.0,17.877382550015998,BTS,,1052,OK,16.0,15.0,15.0,0.0,0.0,18.22331300713117,-0.34593045711517334,-0.1909490304235924
26.0,GIRMS\IRMS-operator,2026-02-20 00:24:12.740,2026-02-20 01:35:05.346,Running,False,SHP2L,,,2,14.0,True,QC Standard,SHP2L,"0.002 V, 0.002 V, 0.003 V",47 µbar,73 °C,,3.406 V,9.5224 kV,69 µbar,Carbon Dioxide: 0.0224 kV,"1,158 µbar",3.150 V,3.658 V,571 µbar/min,18.354 V,5.08E-008 mbar,99 %,743 µbar,µ-Volume,,Pre,3.080140023093275,3.3472670511457103,3.452700124248178,4.384800579311381,4.608292642895314,3.233327084420914,-0.8663644738187148,-6.069494567039424,-0.8764749530561153,0.023617830128433184,0.005904457532108296,-6.046898429824235,0.028300825053753066,0.0073072416078076834,-0.8771489850052753,0.02428696288016569,-6.051354791579508,0.03625744677492318,Natan Pereira BTS coral series 7.xlsx,2026-02-20 00:24:12.740,739667.0,571.0,1158.0,69.0,743.0,2.997188833379981,SHP2L,,,OK,16.0,15.0,15.0,0.0,0.0,3.104271812924283,-0.10708297954430179,-0.05817372441090265
27.0,GIRMS\IRMS-operator,2026-02-20 01:05:24.681,2026-02-20 02:08:11.112,Running,False,BTS,1010,,1,15.0,True,Unknown,,"0.001 V, 0.001 V, 0.002 V",52 µbar,72 °C,,21.145 V,9.5228 kV,67 µbar,Carbon Dioxide: 0.0228 kV,"1,192 µbar",19.220 V,24.948 V,596 µbar/min,3.128 V,1.52E-007 mbar,12 %,997 µbar,µ-Volume,,Pre,18.699554121842326,20.269280928254954,20.794591563821665,26.668891310691837,27.78500318527222,19.50499168669218,-1.8721353484240089,-3.7708201153845433,-2.0226316024151147,0.08171755113636064,0.02042938778409016,-3.8376411346208172,0.01864517723075189,0.0049831332223680075,-2.0326646860145217,0.07368238231607428,-3.8414878442924505,0.023340279491080366,Natan Pereira BTS coral series 7.xlsx,2026-02-20 01:05:24.681,739667.0,596.0,1192.0,67.0,997.0,17.934379494538245,BTS,,1010,OK,16.0,15.0,15.0,0.0,0.0,18.31981292997831,-0.3854334354400635,-0.21230819821544789
28.0,GIRMS\IRMS-operator,2026-02-20 01:35:05.487,2026-02-20 02:45:41.782,Running,False,BTS,1030,,2,15.0,True,Unknown,,"0.002 V, 0.002 V, 0.003 V",45 µbar,72 °C,,24.469 V,9.5224 kV,79 µbar,Carbon Dioxide: 0.0224 kV,"1,202 µbar",20.111 V,28.834 V,733 µbar/min,18.276 V,1.59E-007 mbar,10 %,985 µbar,µ-Volume,22.359 V,Pre,23.855797679143635,25.85376027338908,21.856672794751386,34.0227710402099,29.205732265719544,20.50320032330104,-1.952161211863701,-3.70977020649077,-2.0524381152714115,0.03487705025630752,0.009005215653834543,-3.698019298486884,0.009630544912398521,0.002486596004041469,-2.052438115271412,0.03487705025630746,-3.695202765232342,0.011866698150537919,Natan Pereira BTS coral series 7.xlsx,2026-02-20 01:35:05.487,739667.0,733.0,1202.0,79.0,985.0,22.847287089544025,BTS,,1030,OK,16.0,15.0,15.0,0.0,0.0,19.2382705518777,3.6090165376663244,2.411623687963643
29.0,GIRMS\IRMS-operator,2026-02-20 02:08:11.356,2026-02-20 03:27:06.668,Running,False,BTS,1065,,1,16.0,True,Unknown,,"0.001 V, 0.001 V, 0.002 V",57 µbar,73 °C,,26.977 V,9.5229 kV,71 µbar,Carbon Dioxide: 0.0229 kV,"1,163 µbar",22.712 V,32.393 V,508 µbar/min,3.384 V,1.70E-007 mbar,10 %,"1,041 µbar",µ-Volume,23.976 V,Pre,25.904603982052162,28.05039039811144,24.648872530069443,36.94374756562979,32.94023768651755,23.12792160519059,-2.5545727468007096,-3.6287806660975086,-2.6631240689354447,0.041081764517084535,0.010607265987165545,-3.6388372192107297,0.011313147499793199,0.0029210421239924756,-2.6631240689354443,0.041081764517084673,-3.641438603577129,0.013169514629407575,Natan Pereira BTS coral series 7.xlsx,2026-02-20 02:08:11.356,739667.0,508.0,1163.0,71.0,1041.0,24.734385991176914,BTS,,1065,OK,16.0,15.0,15.0,0.0,0.0,21.64333381660874,3.0910521745681727,1.9876292065433794
30.0,GIRMS\IRMS-operator,2026-02-20 02:45:41.907,2026-02-20 03:55:19.682,Running,False,BTS,1012,,2,16.0,True,Unknown,,"0.002 V, 0.002 V, 0.003 V",49 µbar,72 °C,,27.660 V,9.5225 kV,69 µbar,Carbon Dioxide: 0.0225 kV,"1,097 µbar",21.488 V,33.058 V,454 µbar/min,21.549 V,1.65E-007 mbar,10 %,"1,014 µbar",µ-Volume,25.131 V,Pre,26.998788597480935,29.25088421930002,23.351782723557225,38.498668392474585,31.205444057757788,21.908924462692422,-2.1048869812227977,-3.799994032136378,-2.1789521796061826,0.0295996213259294,0.007642589363291364,-3.7536542908762347,0.02725029752481128,0.00681257438120282,-2.178952179606183,0.029599621325929415,-3.7505649747922254,0.025139824695093207,Natan Pereira BTS coral series 7.xlsx,2026-02-20 02:45:41.907,739667.0,454.0,1097.0,69.0,1014.0,25.787100675003213,BTS,,1012,OK,16.0,15.0,15.0,0.0,0.0,20.52617120970933,5.260929465293884,3.7188538059037453
31.0,GIRMS\IRMS-operator,2026-02-20 03:27:06.836,2026-02-20 04:29:28.162,Running,False,SHP2L,,,1,17.0,True,QC Standard,SHP2L,"0.002 V, 0.002 V, 0.003 V",57 µbar,72 °C,,4.783 V,9.5225 kV,62 µbar,Carbon Dioxide: 0.0225 kV,"1,139 µbar",4.429 V,5.206 V,493 µbar/min,20.440 V,5.97E-008 mbar,62 %,824 µbar,µ-Volume,,Pre,4.3602099941039025,4.738066246715075,4.817067054985729,6.206172439502344,6.429391621307781,4.511546187188619,-0.8140928757736088,-6.107311482306699,-0.8483296329144587,0.024268902714810536,0.006067225678702634,-6.091659618210343,0.022241139817671608,0.005742637607634186,-0.8506120833905155,0.023275363036232323,-6.086778913743444,0.02623528226142342,Natan Pereira BTS coral series 7.xlsx,2026-02-20 03:27:06.836,739667.0,493.0,1139.0,62.0,824.0,4.233406980705521,SHP2L,,,OK,16.0,15.0,15.0,0.0,0.0,4.3217110935135326,-0.08830411280801176,-0.0486706650071529
32.0,GIRMS\IRMS-operator,2026-02-20 03:55:19.828,2026-02-20 05:06:30.722,Running,False,BTS,1036,,2,17.0,True,Unknown,,"0.002 V, 0.002 V, 0.002 V",47 µbar,72 °C,,29.242 V,9.5230 kV,64 µbar,Carbon Dioxide: 0.0230 kV,"1,063 µbar",20.199 V,35.261 V,386 µbar/min,4.381 V,1.58E-007 mbar,10 %,999 µbar,µ-Volume,26.264 V,Pre,28.352813367529148,30.709238295155377,21.96969235380253,40.40876413702598,29.35402478098503,20.60815835444474,-2.584757885728539,-4.356508176137752,-2.552256020690355,0.052762864075077166,0.013190716018769292,-4.262855252567616,0.052339333018970986,0.013084833254742747,-2.5500892296878086,0.053872867144645654,-4.256611724329606,0.047611142113513735,Natan Pereira BTS coral series 7.xlsx,2026-02-20 03:55:19.828,739667.0,386.0,1063.0,64.0,999.0,27.06706667391801,BTS,,1036,OK,16.0,15.0,15.0,0.0,0.0,19.335032944364784,7.732033729553226,6.090347516208053
33.0,GIRMS\IRMS-operator,2026-02-20 04:29:28.293,2026-02-20 05:46:11.428,Running,False,BTS,1086,,1,18.0,True,Unknown,,"0.001 V, 0.001 V, 0.002 V",54 µbar,72 °C,,23.573 V,9.5232 kV,91 µbar,Carbon Dioxide: 0.0232 kV,"1,302 µbar",22.731 V,27.934 V,"1,006 µbar/min",3.374 V,1.71E-007 mbar,10 %,"1,024 µbar",µ-Volume,,Pre,22.337350616701137,24.204784298655145,24.678164387461294,31.852318807267512,32.97905520977912,23.155469069726955,-1.864069746770336,-3.7321644382176666,-2.0880563608846194,0.07624942395208303,0.019687516608288432,-3.809032672234393,0.01767448964194543,0.004723706051874616,-2.0880563608846194,0.07624942395208288,-3.804139633401982,0.025479435246311865,Natan Pereira BTS coral series 7.xlsx,2026-02-20 04:29:28.293,739667.0,1006.0,1302.0,91.0,1024.0,21.369326482065212,BTS,,1086,OK,16.0,15.0,15.0,0.0,0.0,21.666053304918304,-0.29672682285309193,-0.1646720497838372
34.0,GIRMS\IRMS-operator,2026-02-20 05:06:30.978,2026-02-20 06:20:06.544,Running,False,BTS,1021,,2,18.0,True,Unknown,,"0.002 V, 0.002 V, 0.003 V",47 µbar,73 °C,,21.904 V,9.5227 kV,74 µbar,Carbon Dioxide: 0.0227 kV,"1,185 µbar",21.457 V,25.586 V,606 µbar/min,21.527 V,1.63E-007 mbar,10 %,985 µbar,µ-Volume,,Pre,21.055364291549708,22.83955578609406,23.290062592467656,30.07110374442421,31.122350864327778,21.850698869110136,-0.9227491208152472,-2.226241297599185,-1.1616548803788926,0.08573261396756804,0.022136065741548024,-2.2978889353338694,0.023947471727801987,0.006183210612370003,-1.1616548803788929,0.08573261396756791,-2.29788893533387,0.023947471727802032,Natan Pereira BTS coral series 7.xlsx,2026-02-20 05:06:30.978,739667.0,606.0,1185.0,74.0,985.0,20.20330099332431,BTS,,1021,OK,16.0,15.0,15.0,0.0,0.0,20.475127975822474,-0.2718269824981654,-0.15091775332201912
35.0,GIRMS\IRMS-operator,2026-02-20 05:46:11.692,2026-02-20 06:52:11.602,Running,False,BTS,1084,,1,19.0,True,Unknown,,"0.002 V, 0.002 V, 0.003 V",62 µbar,73 °C,,9.988 V,9.5227 kV,81 µbar,Carbon Dioxide: 0.0227 kV,"1,273 µbar",9.668 V,11.200 V,855 µbar/min,20.400 V,9.25E-008 mbar,27 %,960 µbar,µ-Volume,,Pre,9.492707788357748,10.29788963857669,10.400737453136626,13.543529894061821,13.886210392639699,9.74510365665914,-2.1106990252843794,-3.645163710043753,-2.1587429286101734,0.029106741030421778,0.0072766852576054445,-3.646041686074762,0.014056863243339124,0.003514215810834781,-2.1619458554985593,0.027052776256549747,-3.6461002178101634,0.014548217446667577,Natan Pereira BTS coral series 7.xlsx,2026-02-20 05:46:11.692,739667.0,855.0,1273.0,81.0,960.0,9.17394782119465,BTS,,1084,OK,16.0,15.0,15.0,0.0,0.0,9.260434078284018,-0.08648625708936741,-0.048208551374812496
36.0,GIRMS\IRMS-operator,2026-02-20 06:20:06.693,2026-02-20 07:27:29.889,Running,False,SHP2L,,,2,19.0,True,QC Standard,SHP2L,"0.002 V, 0.002 V, 0.002 V",52 µbar,73 °C,,0.011 V,9.5230 kV,850 µbar,Carbon Dioxide: 0.0230 kV,"1,217 µbar",2.918 V,0.010 V,659 µbar/min,9.433 V,4.23E-008 mbar,100 %,824 µbar,µ-Volume,0.015 V,Pre,0.010806141505944538,0.01166260045600154,3.203065456262168,0.015312534224092131,4.274826336867888,2.999588390828024,-7.6682223453095055,-10.547015207675091,-7.3648437682190275,0.9880289442719542,0.24700723606798855,-13.404487079991748,0.9317939609078567,0.24058816617951825,,,,,Natan Pereira BTS coral series 7.xlsx,2026-02-20 06:20:06.693,739667.0,659.0,1217.0,850.0,824.0,0.010310987249746745,SHP2L,,,Failed Sample,16.0,15.0,15.0,0.0,0.0,2.8678889657316042,-2.8575779784818574,-0.005780801610561843
37.0,GIRMS\IRMS-operator,2026-02-20 06:52:11.742,2026-02-20 08:12:02.480,Running,False,BTS,1066,,1,20.0,True,Unknown,,"0.001 V, 0.001 V, 0.001 V",57 µbar,73 °C,,48.490 V,9.5233 kV,98 µbar,Carbon Dioxide: 0.0233 kV,"1,280 µbar",22.637 V,48.981 V,899 µbar/min,3.378 V,1.72E-007 mbar,10 %,"1,063 µbar",µ-Volume,48.485 V,Pre,48.97116889366925,48.94370891972923,24.589340471471786,48.95304334592492,32.85834384393364,23.072011965606816,-79.40208566936491,-301.5705770709919,-21.361752611598437,30.96801857860521,7.742004644651303,-120.72508560709291,127.18774847118804,31.79693711779701,-4.409577543383579,0.19126947482347634,-4.353226158252824,0.08453899749903553,Natan Pereira BTS coral series 7.xlsx,2026-02-20 06:52:11.742,739667.0,899.0,1280.0,98.0,1063.0,48.96195997605145,BTS,,1066,Partially Saturated Collectors,16.0,11.0,6.0,4.0,9.0,21.594606536720402,27.36735343933105,34.91389955407006
38.0,GIRMS\IRMS-operator,2026-02-20 07:27:30.045,2026-02-20 08:38:33.128,Running,False,BTS,1037,,2,20.0,True,Unknown,,"0.002 V, 0.003 V, 0.003 V",59 µbar,73 °C,,21.355 V,9.5228 kV,89 µbar,Carbon Dioxide: 0.0228 kV,"1,319 µbar",20.855 V,25.112 V,"1,050 µbar/min",21.537 V,1.60E-007 mbar,10 %,"1,002 µbar",µ-Volume,,Pre,20.48034578054097,22.208089280740285,22.647196698800588,29.202289146065954,30.261717003464938,21.24572902410176,-1.3489017535071035,-3.8763293372197083,-1.5501159014893386,0.06764016178842942,0.01746461467609083,-3.9400013745914433,0.021777091429035732,0.0056228208288994445,-1.550115901489339,0.0676401617884294,-3.940001374591444,0.021777091429035736,Natan Pereira BTS coral series 7.xlsx,2026-02-20 07:27:30.045,739667.0,1050.0,1319.0,89.0,1002.0,19.627477819611098,BTS,,1037,OK,16.0,15.0,15.0,0.0,0.0,19.921671445061232,-0.2941936254501343,-0.16308876282856347
39.0,GIRMS\IRMS-operator,2026-02-20 08:12:02.623,2026-02-20 09:17:40.086,Running,False,BTS,1081,,1,21.0,True,Unknown,,"0.002 V, 0.002 V, 0.003 V",45 µbar,72 °C,,6.344 V,9.5231 kV,64 µbar,Carbon Dioxide: 0.0231 kV,"1,073 µbar",5.877 V,6.968 V,606 µbar/min,19.806 V,6.72E-008 mbar,46 %,814 µbar,µ-Volume,,Pre,5.7799097381517175,6.278797932127251,6.356224365690482,8.249461134781756,8.484780272354996,5.9531355718291685,-1.1125324542645698,-3.5151606098389188,-1.1478995008509518,0.018107738851325654,0.0045269347128314135,-3.525374797293944,0.02779231709436491,0.006948079273591227,-1.1502573039567106,0.016000304858905832,-3.5260557431242794,0.028629291204715638,Natan Pereira BTS coral series 7.xlsx,2026-02-20 08:12:02.623,739667.0,606.0,1073.0,64.0,814.0,5.61135703422835,BTS,,1081,OK,16.0,15.0,15.0,0.0,0.0,5.689480582014781,-0.07812354778643105,-0.043354012493515996
40.0,GIRMS\IRMS-operator,2026-02-20 08:38:33.421,2026-02-20 09:49:39.815,Running,False,BTS,1067,,2,21.0,True,Unknown,,"0.002 V, 0.002 V, 0.002 V",52 µbar,72 °C,,48.537 V,9.5234 kV,74 µbar,Carbon Dioxide: 0.0234 kV,"1,205 µbar",19.767 V,49.007 V,733 µbar/min,5.784 V,1.59E-007 mbar,10 %,"1,021 µbar",µ-Volume,48.510 V,Pre,49.00044920513516,48.97066800309102,21.487562343606157,48.9795092474939,28.713632000637205,20.154706860278896,-79.75369570520397,-301.845300410186,-25.804978958515584,33.56854480624922,8.392136201562305,-136.23935725412434,130.6072764139266,32.65181910348165,-4.6049772093079,0.25249304719281757,-4.624898990438109,0.07753564341687685,Natan Pereira BTS coral series 7.xlsx,2026-02-20 08:38:33.421,739667.0,733.0,1205.0,74.0,1021.0,48.994771862720306,BTS,,1067,Partially Saturated Collectors,16.0,11.0,6.0,4.0,9.0,18.926255131458095,30.06851673126221,43.79747895613797
41.0,GIRMS\IRMS-operator,2026-02-20 09:17:40.252,2026-02-20 10:34:46.299,Running,False,SHP2L,,,1,22.0,True,QC Standard,SHP2L,"0.002 V, 0.001 V, 0.002 V",40 µbar,72 °C,,7.572 V,9.5235 kV,69 µbar,Carbon Dioxide: 0.0235 kV,"1,136 µbar",6.963 V,8.388 V,698 µbar/min,3.366 V,8.02E-008 mbar,43 %,836 µbar,µ-Volume,,Pre,6.824951414056395,7.41578887813934,7.469999250863517,9.717319085701812,9.973613902656503,6.9964479512072595,-0.8681358606795753,-6.120486941248338,-0.8734101022516076,0.018165995117157135,0.004690439770402322,-6.1258048754751755,0.015043968774221202,0.0038843360348948743,-0.8771904135747761,0.02239731700018012,-6.129567035290692,0.019893635302160498,Natan Pereira BTS coral series 7.xlsx,2026-02-20 09:17:40.252,739667.0,698.0,1136.0,69.0,836.0,6.613055974850753,SHP2L,,,OK,16.0,15.0,15.0,0.0,0.0,6.675321083112415,-0.06226510826166187,-0.03470778065677921
42.0,GIRMS\IRMS-operator,2026-02-20 09:49:39.943,2026-02-20 11:03:42.506,Running,False,BTS,1059,,2,22.0,True,Unknown,,"0.002 V, 0.002 V, 0.002 V",45 µbar,72 °C,,20.461 V,9.5231 kV,81 µbar,Carbon Dioxide: 0.0231 kV,"1,202 µbar",18.846 V,23.890 V,899 µbar/min,6.859 V,1.54E-007 mbar,13 %,931 µbar,µ-Volume,,Pre,18.38135042681755,19.934133652212036,20.368427995206726,26.229842001936415,27.22094803526161,19.101463942671437,-1.582511182827373,-3.5937547582353124,-1.7543778211113192,0.061146697366843375,0.015788009371824622,-3.668903674521884,0.021868681276677786,0.005646469225872734,-1.7543778211113188,0.06114669736684333,-3.6689036745218835,0.02186868127667775,Natan Pereira BTS coral series 7.xlsx,2026-02-20 09:49:39.943,739667.0,899.0,1202.0,81.0,931.0,17.667569904471055,BTS,,1059,OK,16.0,15.0,15.0,0.0,0.0,17.95088568224968,-0.2833157777786255,-0.1568966808255111
43.0,GIRMS\IRMS-operator,2026-02-20 10:34:46.455,2026-02-20 11:38:31.508,Running,False,BTS,839,,1,23.0,True,Unknown,,"0.002 V, 0.002 V, 0.003 V",45 µbar,72 °C,,11.000 V,9.5226 kV,93 µbar,Carbon Dioxide: 0.0226 kV,"1,205 µbar",10.694 V,12.359 V,"1,035 µbar/min",18.040 V,1.05E-007 mbar,25 %,877 µbar,µ-Volume,,Pre,10.514195369217472,11.406610054665729,11.515805763894246,15.001990600931968,15.381150647509422,10.788942979309635,-2.139957211596988,-4.081470825633704,-2.2065272218634893,0.028264068505170582,0.007297751107772748,-4.091604245982774,0.019721963155268387,0.004930490788817097,-2.204467506947397,0.03400459277203611,-4.092279807339379,0.02022163887892908,Natan Pereira BTS coral series 7.xlsx,2026-02-20 10:34:46.455,739667.0,1035.0,1205.0,93.0,877.0,10.166064267354024,BTS,,839,OK,16.0,15.0,15.0,0.0,0.0,10.237838433716373,-0.07177416636234923,-0.040101885656450134
44.0,GIRMS\IRMS-operator,2026-02-20 11:03:42.663,2026-02-20 12:12:34.204,Running,False,BTS,1094,,2,23.0,True,Unknown,,"0.002 V, 0.002 V, 0.002 V",45 µbar,72 °C,,36.395 V,9.5227 kV,89 µbar,Carbon Dioxide: 0.0227 kV,"1,231 µbar",20.344 V,45.261 V,"1,079 µbar/min",10.458 V,1.61E-007 mbar,10 %,980 µbar,µ-Volume,32.482 V,Pre,35.553344280653455,38.487576155941056,22.09050229100423,49.004626328026426,29.526737386261594,20.718493254118425,-3.2679370665325003,-37.624529371173665,-3.103616763261853,0.1380228725017218,0.03450571812543045,-3.9021066483148363,0.10710953186076322,0.027655562207787244,-3.092662076377143,0.13547626583551978,-3.8888950396207145,0.09764911221616271,Natan Pereira BTS coral series 7.xlsx,2026-02-20 11:03:42.663,739667.0,1079.0,1231.0,89.0,980.0,33.73209455721901,BTS,,1094,Partially Saturated Collectors,16.0,15.0,14.0,0.0,1.0,19.43599501364754,14.296099543571469,13.960666469533708
45.0,GIRMS\IRMS-operator,2026-02-20 11:38:31.692,2026-02-20 12:59:35.788,Running,False,BTS,837,,1,24.0,True,Unknown,,"0.001 V, 0.001 V, 0.002 V",35 µbar,72 °C,,7.131 V,9.5223 kV,76 µbar,Carbon Dioxide: 0.0223 kV,"1,158 µbar",6.517 V,7.882 V,772 µbar/min,3.364 V,7.64E-008 mbar,46 %,831 µbar,µ-Volume,,Pre,6.389887698406458,6.929959694542035,6.99249199437202,9.122791776019943,9.335908183414352,6.548740648820587,-2.7963079793994483,-3.465921587627707,-2.82846037518155,0.01853124213713852,0.00463281053428463,-3.503626173960102,0.024511589944287693,0.006328865309552761,-2.8306038682336903,0.01700506024621017,-3.5104252639679943,0.027292787552320064,Natan Pereira BTS coral series 7.xlsx,2026-02-20 11:38:31.692,739667.0,772.0,1158.0,76.0,831.0,6.193311767406638,BTS,,837,OK,16.0,15.0,15.0,0.0,0.0,6.2495635972674854,-0.0562518298608472,-0.03136620404306625
46.0,GIRMS\IRMS-operator,2026-02-20 12:12:34.400,2026-02-20 13:26:30.072,Running,False,SHP2L,,,2,24.0,True,QC Standard,SHP2L,"0.002 V, 0.002 V, 0.002 V",54 µbar,72 °C,,7.313 V,9.5220 kV,71 µbar,Carbon Dioxide: 0.0220 kV,"1,234 µbar",6.731 V,8.096 V,864 µbar/min,6.421 V,7.64E-008 mbar,44 %,875 µbar,µ-Volume,,Pre,6.620431097408747,7.193670472136838,7.266782991759281,9.426227641860509,9.702191714323357,6.806062794280977,-0.8599523102802431,-6.1001354804470775,-0.8893386912225484,0.018597174672425304,0.004801769852854239,-6.151279297256542,0.02901727775210904,0.00725431943802726,-0.8875904493333233,0.02240063325462668,-6.154688885043838,0.02651140831404515,Natan Pereira BTS coral series 7.xlsx,2026-02-20 12:12:34.400,739667.0,864.0,1234.0,71.0,875.0,6.412530096432183,SHP2L,,,OK,16.0,15.0,15.0,0.0,0.0,6.492959893874045,-0.08042979744186152,-0.04469466938897759
1.0,GIRMS\IRMS-operator,2026-02-20 17:48:57.649,2026-02-20 18:44:26.912,Running,False,SHP2L,,1.0,1,2.0,True,QC Standard,SHP2L,"0.001 V, 0.001 V, 0.001 V",,72 °C,,8.182 V,9.5210 kV,42 µbar,Carbon Dioxide: 0.0210 kV,"1,041 µbar",7.420 V,9.141 V,508 µbar/min,3.340 V,8.43E-008 mbar,40 %,848 µbar,µ-Volume,,Pre,7.257852574916843,7.885087380684961,7.992188827337408,10.331302881240845,10.672032833099367,7.4854156072494025,-1.015171324648123,-6.46952692224112,-1.0485585694862478,0.025046535940830898,0.006261633985207724,-6.494398957031069,0.02643222151056172,0.006824770247578066,-1.0507843858087895,0.024232375697347736,-6.490311995958811,0.03416189030012749,Natan Pereira BTS coral series 8.1.xlsx,2026-02-20 17:48:57.649,739667.0,508.0,1041.0,42.0,848.0,6.984006434237624,SHP2L,,,OK,16.0,15.0,15.0,0.0,0.0,7.134090929782056,-0.1500844955444327,-0.1633542793015966
2.0,GIRMS\IRMS-operator,2026-02-20 18:16:40.025,2026-02-20 19:15:50.178,Running,False,BTS,844,2.0,2,2.0,True,Unknown,,"0.002 V, 0.002 V, 0.002 V",25 µbar,72 °C,,10.245 V,9.5208 kV,42 µbar,Carbon Dioxide: 0.0208 kV,"1,041 µbar",9.362 V,11.591 V,361 µbar/min,7.295 V,9.44E-008 mbar,31 %,865 µbar,µ-Volume,,Pre,9.164527537023558,9.945538679018776,10.044601598635477,13.084090974981748,13.413972881491148,9.40960693517877,-1.9192683799811316,-3.425963513681518,-1.9697343202706719,0.02766210090635412,0.00691552522658853,-3.447313181858987,0.016293127635203603,0.004206867465918359,-1.9730987162899745,0.02501610746866311,-3.4513883158125833,0.018114421836572026,Natan Pereira BTS coral series 8.1.xlsx,2026-02-20 18:16:40.025,739667.0,361.0,1041.0,42.0,865.0,8.851230622922909,BTS,,844,OK,16.0,15.0,15.0,0.0,0.0,8.943886043226255,-0.0926554203033465,-0.10194758109385856
3.0,GIRMS\IRMS-operator,2026-02-20 18:44:27.026,2026-02-20 19:50:25.301,Running,False,BTS,838,3.0,1,3.0,True,Unknown,,"0.002 V, 0.002 V, 0.002 V",32 µbar,72 °C,,6.335 V,9.5206 kV,57 µbar,Carbon Dioxide: 0.0206 kV,"1,114 µbar",6.035 V,6.999 V,816 µbar/min,9.149 V,7.49E-008 mbar,47 %,784 µbar,µ-Volume,,Pre,5.935142783093675,6.438158179019742,6.516173966250341,8.468578378282134,8.699904004655425,6.10259311041549,-2.6070819918869725,-4.027359305778799,-2.611416233840839,0.017559642007958124,0.004533880070812398,-4.023651173218804,0.019550784643210545,0.004887696160802636,-2.614735530479898,0.021042302086090082,-4.023403964381471,0.02021108389730856,Natan Pereira BTS coral series 8.1.xlsx,2026-02-20 18:44:27.026,739667.0,816.0,1114.0,57.0,784.0,5.750419402619114,BTS,,838,OK,16.0,15.0,15.0,0.0,0.0,5.827264617610477,-0.07684521499136299,-0.0843102363083554
4.0,GIRMS\IRMS-operator,2026-02-20 19:15:50.284,2026-02-20 20:26:37.383,Running,False,BTS,900,4.0,2,3.0,True,Unknown,,"0.002 V, 0.002 V, 0.002 V",35 µbar,72 °C,,9.666 V,9.5207 kV,54 µbar,Carbon Dioxide: 0.0207 kV,"1,092 µbar",8.864 V,10.883 V,557 µbar/min,5.936 V,9.07E-008 mbar,31 %,863 µbar,µ-Volume,,Pre,8.689073722004526,9.434314495244484,9.54479170433567,12.400361786189421,12.74533856898819,8.941618601917856,-1.4072869701242663,-3.702158743640327,-1.4397872980729602,0.01960521608878794,0.004901304022196985,-3.6944234352446683,0.01952071281128626,0.004880178202821565,-1.441953986602873,0.018202782486994293,-3.6939077480182916,0.020092730444834787,Natan Pereira BTS coral series 8.1.xlsx,2026-02-20 19:15:50.284,739667.0,557.0,1092.0,54.0,863.0,8.399341956350796,BTS,,900,OK,16.0,15.0,15.0,0.0,0.0,8.503882090687386,-0.10454013433658993,-0.11479944340592547
5.0,GIRMS\IRMS-operator,2026-02-20 19:50:25.407,2026-02-20 21:06:44.764,Running,False,BTS,1064,5.0,1,4.0,True,Unknown,,"0.001 V, 0.001 V, 0.001 V",40 µbar,72 °C,,30.550 V,9.5206 kV,59 µbar,Carbon Dioxide: 0.0206 kV,"1,117 µbar",21.909 V,37.324 V,703 µbar/min,3.359 V,1.70E-007 mbar,10 %,953 µbar,µ-Volume,27.017 V,Pre,29.401103760304924,31.831432232564044,23.760590800946304,41.94166722355656,31.755963588340812,22.28991201073217,-2.9252441578868638,-3.641227070644737,-2.93574304227111,0.030553457509266045,0.007888868806829555,-3.5596048227849315,0.053375580058791526,0.013343895014697882,-2.9301692778579786,0.03905013298815249,-3.5541633395942775,0.05044654225994846,Natan Pereira BTS coral series 8.1.xlsx,2026-02-20 19:50:25.407,739667.0,703.0,1117.0,59.0,953.0,27.998129631581783,BTS,,1064,OK,16.0,15.0,15.0,0.0,0.0,20.87422719151067,7.123902440071113,10.623442536792256
6.0,GIRMS\IRMS-operator,2026-02-20 20:26:37.501,2026-02-20 21:39:36.529,Running,False,SHP2L,,6.0,2,4.0,True,QC Standard,SHP2L,"0.002 V, 0.002 V, 0.003 V",37 µbar,72 °C,,4.049 V,9.5204 kV,52 µbar,Carbon Dioxide: 0.0204 kV,"1,114 µbar",3.752 V,4.400 V,513 µbar/min,20.834 V,5.74E-008 mbar,77 %,738 µbar,µ-Volume,,Pre,3.6971321998843294,4.01805772370375,4.0714354987021375,5.263585962616414,5.434382909335634,3.8124778638248844,-0.8221177003017166,-6.10556653038774,-0.8099284002759831,0.027790214423725878,0.0071754025100415645,-6.1164452055515826,0.021964946969182723,0.00567132492079825,-0.8149724808549069,0.03585649558622425,-6.121175845440911,0.026605735129529427,Natan Pereira BTS coral series 8.1.xlsx,2026-02-20 20:26:37.501,739667.0,513.0,1114.0,52.0,738.0,3.592246931097459,SHP2L,,,OK,16.0,15.0,15.0,0.0,0.0,3.655345418742115,-0.06309848764465587,-0.0689422424863417
7.0,GIRMS\IRMS-operator,2026-02-20 21:06:44.917,2026-02-20 22:14:54.035,Running,False,BTS,840,7.0,1,5.0,True,Unknown,,"0.001 V, 0.001 V, 0.002 V",40 µbar,72 °C,,9.985 V,9.5207 kV,57 µbar,Carbon Dioxide: 0.0207 kV,"1,102 µbar",9.162 V,11.248 V,552 µbar/min,3.722 V,9.21E-008 mbar,30 %,877 µbar,µ-Volume,,Pre,8.965494161479436,9.725783598815958,9.847218193301373,12.790964488711312,13.148055915560679,9.22489920091762,-2.281027628729837,-3.9275512661407497,-2.3316176930492967,0.018142809088842884,0.004684453163633936,-3.9197066751276353,0.011325800624811045,0.0029243091468239154,-2.3316176930492967,0.01814280908884291,-3.9219473542432643,0.01553218773926321,Natan Pereira BTS coral series 8.1.xlsx,2026-02-20 21:06:44.917,739667.0,552.0,1102.0,57.0,877.0,8.663194304339845,BTS,,840,OK,16.0,15.0,15.0,0.0,0.0,8.770661478869876,-0.10746717453003107,-0.11801853868184235
8.0,GIRMS\IRMS-operator,2026-02-20 21:39:36.643,2026-02-20 22:50:13.785,Running,False,BTS,1011,8.0,2,5.0,True,Unknown,,"0.002 V, 0.002 V, 0.002 V",42 µbar,72 °C,,17.608 V,9.5208 kV,54 µbar,Carbon Dioxide: 0.0208 kV,"1,021 µbar",16.096 V,20.476 V,400 µbar/min,8.945 V,1.34E-007 mbar,14 %,941 µbar,µ-Volume,,Pre,15.693591001960833,17.026345527944756,17.381738222418022,22.391748475867537,23.219046044188765,16.29614925715645,-1.4171627063818137,-3.5365641241255075,-1.5680576347549673,0.04283489026425344,0.01105992110867172,-3.5784077059475567,0.024185585277221592,0.006046396319305398,-1.5680576347549677,0.0428348902642534,-3.581197278069025,0.02221088375262202,Natan Pereira BTS coral series 8.1.xlsx,2026-02-20 21:39:36.643,739667.0,400.0,1021.0,54.0,941.0,15.083313945266802,BTS,,1011,OK,16.0,15.0,15.0,0.0,0.0,15.355722073051531,-0.272408127784729,-0.2974919953541379
9.0,GIRMS\IRMS-operator,2026-02-20 22:14:54.218,2026-02-20 23:33:31.622,Running,False,BTS,842,9.0,1,6.0,True,Unknown,,"0.001 V, 0.001 V, 0.001 V",42 µbar,72 °C,,13.763 V,9.5209 kV,57 µbar,Carbon Dioxide: 0.0209 kV,"1,073 µbar",12.689 V,15.807 V,552 µbar/min,3.365 V,1.14E-007 mbar,22 %,916 µbar,µ-Volume,,Pre,12.404859189688498,13.463999418696496,13.647417811831566,17.699508826439253,18.226920525734297,12.790170823028408,-1.3683416914080926,-3.698339534454642,-1.4741051198710942,0.03134477469032917,0.008093186024417907,-3.6987383482994796,0.013338936981680836,0.0034440987190773402,-1.4741051198710942,0.031344774690329175,-3.7015397290466696,0.017124520083933628,Natan Pereira BTS coral series 8.1.xlsx,2026-02-20 22:14:54.218,739667.0,552.0,1073.0,57.0,916.0,11.951667581489406,BTS,,842,OK,16.0,15.0,15.0,0.0,0.0,12.102601443221891,-0.1509338617324847,-0.16571627150902754
10.0,GIRMS\IRMS-operator,2026-02-20 22:50:13.899,2026-02-21 00:03:14.589,Running,False,BTS,834,10.0,2,6.0,True,Unknown,,"0.002 V, 0.002 V, 0.002 V",45 µbar,72 °C,,18.571 V,9.5206 kV,62 µbar,Carbon Dioxide: 0.0206 kV,"1,158 µbar",16.877 V,21.673 V,723 µbar/min,12.329 V,1.39E-007 mbar,14 %,938 µbar,µ-Volume,,Pre,16.45363430362253,17.832356583438177,18.18347264464881,23.48008411544074,24.293553406174073,17.04960624557047,-2.3659941152098796,-3.4093736574990485,-2.50420121317018,0.054649740375506295,0.01411050228992633,-3.4443744039757416,0.022543236107001225,0.005635809026750306,-2.5031046366404297,0.057700877894760076,-3.446707787074188,0.02124052731463488,Natan Pereira BTS coral series 8.1.xlsx,2026-02-20 22:50:13.899,739667.0,723.0,1158.0,62.0,938.0,15.80304960589914,BTS,,834,OK,16.0,15.0,15.0,0.0,0.0,16.052927177958775,-0.2498775720596349,-0.2734907492409465
11.0,GIRMS\IRMS-operator,2026-02-20 23:33:31.744,2026-02-21 00:36:41.939,Running,False,SHP2L,,11.0,1,7.0,True,QC Standard,SHP2L,"0.002 V, 0.002 V, 0.003 V",42 µbar,72 °C,,3.245 V,9.5206 kV,59 µbar,Carbon Dioxide: 0.0206 kV,"1,126 µbar",3.058 V,3.505 V,611 µbar/min,16.220 V,5.15E-008 mbar,99 %,709 µbar,µ-Volume,,Pre,3.092243254186712,3.3603908107436142,3.3413732817127637,4.402148139877168,4.4605904940794385,3.1290193200131284,-0.90212920039201,-6.221026073785274,-0.8990911715193172,0.01736434385224925,0.004341085963062313,-6.157449669961964,0.03451136064450038,0.008627840161125095,-0.8988886362611377,0.017954230766618357,-6.153211243040408,0.031115094107403988,Natan Pereira BTS coral series 8.1.xlsx,2026-02-20 23:33:31.744,739667.0,611.0,1126.0,59.0,709.0,3.005866087377636,SHP2L,,,OK,16.0,15.0,15.0,0.0,0.0,3.004182260980197,0.0016838263974388035,0.001873136215926985
12.0,GIRMS\IRMS-operator,2026-02-21 00:03:14.730,2026-02-21 01:13:33.517,Running,False,BTS,920,12.0,2,7.0,True,Unknown,,"0.001 V, 0.001 V, 0.001 V",42 µbar,72 °C,,10.566 V,9.5212 kV,57 µbar,Carbon Dioxide: 0.0212 kV,"1,087 µbar",9.671 V,11.925 V,513 µbar/min,3.039 V,9.53E-008 mbar,27 %,887 µbar,µ-Volume,,Pre,9.460619347984457,10.271006966624673,10.40259912112754,13.499988117325795,13.891322412598623,9.74557938235751,-1.4475350623195382,-3.817512562392378,-1.5062315941536397,0.03561399926753395,0.008903499816883487,-3.82695133012568,0.013735819994860194,0.0035465734724397582,-1.5101446962759129,0.03311277891515687,-3.824577810354279,0.017921588637557544,Natan Pereira BTS coral series 8.1.xlsx,2026-02-21 00:03:14.730,739668.0,513.0,1087.0,57.0,887.0,9.137532370979452,BTS,,920,OK,16.0,15.0,15.0,0.0,0.0,9.258902328903341,-0.12136995792388916,-0.1331708963342873
13.0,GIRMS\IRMS-operator,2026-02-21 00:36:42.079,2026-02-21 01:56:20.773,Running,False,BTS,845,13.0,1,8.0,True,Unknown,,"0.001 V, 0.001 V, 0.001 V",42 µbar,72 °C,,10.136 V,9.5211 kV,54 µbar,Carbon Dioxide: 0.0211 kV,"1,095 µbar",9.224 V,11.399 V,596 µbar/min,3.359 V,9.30E-008 mbar,32 %,880 µbar,µ-Volume,,Pre,9.027061854064447,9.794323598456176,9.910150324415953,12.884754531861633,13.233752493032275,9.283874035350502,-2.1219107190332265,-3.5929583885377925,-2.2050639151112907,0.02252526092063658,0.005815997360973481,-3.6153125424484083,0.01968388051346037,0.004920970128365092,-2.2050639151112903,0.02252526092063665,-3.616802819375782,0.019417968858323125,Natan Pereira BTS coral series 8.1.xlsx,2026-02-21 00:36:42.079,739668.0,596.0,1095.0,54.0,880.0,8.718548212707026,BTS,,845,OK,16.0,15.0,15.0,0.0,0.0,8.826015387237055,-0.1074671745300293,-0.11802772056196957
14.0,GIRMS\IRMS-operator,2026-02-21 01:13:33.630,2026-02-21 02:24:32.280,Running,False,BTS,843,14.0,2,8.0,True,Unknown,,"0.002 V, 0.002 V, 0.002 V",40 µbar,72 °C,,8.616 V,9.5211 kV,57 µbar,Carbon Dioxide: 0.0211 kV,"1,109 µbar",8.556 V,9.626 V,562 µbar/min,9.042 V,8.90E-008 mbar,33 %,863 µbar,µ-Volume,,Pre,8.340411573324761,9.055562567583278,9.206004547523712,11.904884714203902,12.292821544724534,8.623712449942195,-1.507788048250247,-3.5956744518456096,-1.5798344791209487,0.017537141226844685,0.004528070394110464,-3.6125452970641923,0.018459593969712557,0.004766246668163172,-1.5798344791209487,0.017537141226844594,-3.6167636602558213,0.021334806307306126,Natan Pereira BTS coral series 8.1.xlsx,2026-02-21 01:13:33.630,739668.0,562.0,1109.0,57.0,863.0,8.06486603186253,BTS,,843,OK,16.0,15.0,15.0,0.0,0.0,8.205994794938585,-0.14112876307605404,-0.15420915284536568
15.0,GIRMS\IRMS-operator,2026-02-21 01:56:20.906,2026-02-21 02:59:43.896,Running,False,BTS,1095,15.0,1,9.0,True,Unknown,,"0.002 V, 0.002 V, 0.002 V",42 µbar,72 °C,,21.386 V,9.5211 kV,71 µbar,Carbon Dioxide: 0.0211 kV,"1,180 µbar",20.620 V,25.209 V,781 µbar/min,8.384 V,1.63E-007 mbar,10 %,955 µbar,µ-Volume,,Pre,20.281584027740553,21.980759064113958,22.32786671296345,28.943044473099384,29.84153978960482,20.942793253395156,-2.024302065943062,-3.423429193300076,-2.2164100001437057,0.07872477153644648,0.020326648606309394,-3.4669418057754546,0.01737340723629288,0.004485794459536117,-2.2164100001437053,0.0787247715364467,-3.466941805775455,0.017373407236292895,Natan Pereira BTS coral series 8.1.xlsx,2026-02-21 01:56:20.906,739668.0,781.0,1180.0,71.0,955.0,19.427896502945025,BTS,,1095,OK,16.0,15.0,15.0,0.0,0.0,19.635663393470843,-0.20776689052581787,-0.2285521118268677
16.0,GIRMS\IRMS-operator,2026-02-21 02:24:32.386,2026-02-21 03:35:11.428,Running,False,SHP2L,,16.0,2,9.0,True,QC Standard,SHP2L,"0.002 V, 0.002 V, 0.003 V",42 µbar,72 °C,,8.189 V,9.5208 kV,49 µbar,Carbon Dioxide: 0.0208 kV,982 µbar,7.929 V,9.124 V,376 µbar/min,19.603 V,8.47E-008 mbar,33 %,848 µbar,µ-Volume,,Pre,7.789424327563212,8.463613546957237,8.535341386275823,11.091001072596796,11.397115627002009,7.994649917451283,-0.8160435077582129,-6.117046250772806,-0.8341161252206769,0.026610659271563825,0.006652664817890956,-6.114844330400049,0.029149253399399864,0.007287313349849966,-0.8353209663848411,0.027089156591312988,-6.114697535708531,0.030166221557263128,Natan Pereira BTS coral series 8.1.xlsx,2026-02-21 02:24:32.386,739668.0,376.0,982.0,49.0,848.0,7.5362906362540025,SHP2L,,,OK,16.0,15.0,15.0,0.0,0.0,7.613724735926555,-0.07743409967255221,-0.0852160532491306
17.0,GIRMS\IRMS-operator,2026-02-21 02:59:44.075,2026-02-21 04:19:21.235,Running,False,BTS,836,17.0,1,10.0,True,Unknown,,"0.001 V, 0.001 V, 0.001 V",40 µbar,72 °C,,10.798 V,9.5213 kV,57 µbar,Carbon Dioxide: 0.0213 kV,"1,100 µbar",9.835 V,12.194 V,625 µbar/min,3.352 V,9.62E-008 mbar,29 %,889 µbar,µ-Volume,,Pre,9.624246990507372,10.436966454863185,10.551963075795866,13.736018682513652,14.09157528976005,9.884952462073468,-2.6355146062209123,-3.749964442064213,-2.6758640531005238,0.03105992770666562,0.007764981926666405,-3.738632975650593,0.023386455502835763,0.005846613875708941,-2.678554016225831,0.03015930352718244,-3.7378775445563526,0.024004363058227434,Natan Pereira BTS coral series 8.1.xlsx,2026-02-21 02:59:44.075,739668.0,625.0,1100.0,57.0,889.0,9.293957507964274,BTS,,836,OK,16.0,15.0,15.0,0.0,0.0,9.389459050055645,-0.0955015420913714,-0.10509914680195089
18.0,GIRMS\IRMS-operator,2026-02-21 03:35:11.604,2026-02-21 04:49:01.842,Running,False,BTS,1050,18.0,2,10.0,True,Unknown,,"0.002 V, 0.002 V, 0.002 V",40 µbar,72 °C,,19.143 V,9.5212 kV,54 µbar,Carbon Dioxide: 0.0212 kV,"1,068 µbar",17.456 V,22.387 V,479 µbar/min,9.616 V,1.45E-007 mbar,13 %,943 µbar,µ-Volume,,Pre,17.00812578201294,18.451061888795927,18.844541951280664,24.27217023542722,25.180708934577307,17.6689475774765,-1.4228371217186453,-3.5603543153615025,-1.5854329492992483,0.0622063346816359,0.01606160655003871,-3.596490610352713,0.022257018907058758,0.0055642547267646895,-1.5854329492992483,0.062206334681635944,-3.5988996966854616,0.020766965679322374,Natan Pereira BTS coral series 8.1.xlsx,2026-02-21 03:35:11.604,739668.0,479.0,1068.0,54.0,943.0,16.328588128089905,BTS,,1050,OK,16.0,15.0,15.0,0.0,0.0,16.62185788154602,-0.2932697534561157,-0.3203059746823171
19.0,GIRMS\IRMS-operator,2026-02-21 04:19:21.421,2026-02-21 05:23:00.227,Running,False,BTS,1092,19.0,1,11.0,True,Unknown,,"0.002 V, 0.002 V, 0.003 V",42 µbar,73 °C,,8.524 V,9.5209 kV,62 µbar,Carbon Dioxide: 0.0209 kV,"1,158 µbar",8.241 V,9.522 V,689 µbar/min,16.747 V,8.59E-008 mbar,33 %,865 µbar,µ-Volume,,Pre,8.096996321831188,8.792768523995344,8.841903642406276,11.558660116173133,11.80662694097781,8.28210507000886,-1.357708760961751,-3.5377780537974024,-1.3857474788774526,0.020110126167295943,0.005192412249071145,-3.53360887127694,0.022088495304809407,0.005522123826202352,-1.3910888995543935,0.022615269070284983,-3.5333309257755756,0.022834784687345504,Natan Pereira BTS coral series 8.1.xlsx,2026-02-21 04:19:21.421,739668.0,689.0,1158.0,62.0,865.0,7.830317194631086,BTS,,1092,OK,16.0,15.0,15.0,0.0,0.0,7.884318951297502,-0.05400175666641527,-0.0596282074203201
20.0,GIRMS\IRMS-operator,2026-02-21 04:49:01.984,2026-02-21 05:59:04.789,Running,False,BTS,1077,20.0,2,11.0,True,Unknown,,"0.002 V, 0.002 V, 0.002 V",42 µbar,73 °C,,23.060 V,9.5210 kV,49 µbar,Carbon Dioxide: 0.0210 kV,860 µbar,19.308 V,27.403 V,234 µbar/min,8.075 V,1.54E-007 mbar,10 %,958 µbar,µ-Volume,20.915 V,Pre,22.41162901170098,24.272433661674686,20.929149531578254,31.969273725041326,27.970085182675298,19.628241112302174,-2.8511782684835785,-3.8980026962566194,-2.9135006464175857,0.03223184471220032,0.00805796117805008,-3.9054581312748904,0.014812916906453899,0.0038246786991633494,-2.917655471613186,0.02858616027010251,-3.902955565377742,0.01879749641241845,Natan Pereira BTS coral series 8.1.xlsx,2026-02-21 04:49:01.984,739668.0,234.0,860.0,49.0,958.0,21.44357507474267,BTS,,1077,OK,16.0,15.0,15.0,0.0,0.0,18.429904630254143,3.013670444488529,3.898509164694296
21.0,GIRMS\IRMS-operator,2026-02-21 05:23:00.335,2026-02-21 06:44:32.323,Running,False,SHP2L,,21.0,1,12.0,True,QC Standard,SHP2L,"0.001 V, 0.001 V, 0.002 V",42 µbar,72 °C,,7.876 V,9.5213 kV,57 µbar,Carbon Dioxide: 0.0213 kV,"1,100 µbar",7.181 V,8.730 V,537 µbar/min,3.358 V,7.98E-008 mbar,41 %,858 µbar,µ-Volume,,Pre,7.04337218451865,7.653635246852597,7.7010357954055415,10.028461801593236,10.282030002672343,7.21238115477927,-0.8345770526051455,-6.157440842114892,-0.8747320426297703,0.014497920674933624,0.0037433470219102745,-6.1479731563598365,0.026373591861400262,0.0065933979653500655,-0.8747320426297702,0.014497920674933626,-6.147341977309499,0.02717388759270749,Natan Pereira BTS coral series 8.1.xlsx,2026-02-21 05:23:00.335,739668.0,537.0,1100.0,57.0,858.0,6.816665918115452,SHP2L,,,OK,16.0,15.0,15.0,0.0,0.0,6.8758533303774145,-0.05918741226196289,-0.06523842296675751
22.0,GIRMS\IRMS-operator,2026-02-21 05:59:04.959,2026-02-21 07:14:13.556,Running,False,BTS,398,22.0,2,12.0,True,Unknown,,"0.002 V, 0.002 V, 0.002 V",42 µbar,72 °C,,7.750 V,9.5211 kV,49 µbar,Carbon Dioxide: 0.0211 kV,980 µbar,7.147 V,8.607 V,332 µbar/min,7.067 V,7.98E-008 mbar,41 %,850 µbar,µ-Volume,,Pre,7.019483236685459,7.609582605306581,7.685556460602095,10.017501721324562,10.26208938116038,7.198461083784765,-3.163417008413827,-3.8505556580288314,-3.2031102891087526,0.023147709338158247,0.005786927334539562,-3.838509089365812,0.019867665676779993,0.005129809219612374,-3.2057565078217483,0.02130837038680298,-3.8419967813416793,0.025830517105318477,Natan Pereira BTS coral series 8.1.xlsx,2026-02-21 05:59:04.959,739668.0,332.0,980.0,49.0,850.0,6.795041946783726,BTS,,398,OK,16.0,15.0,15.0,0.0,0.0,6.8635653630222935,-0.06852341623856706,-0.07542408851316355
23.0,GIRMS\IRMS-operator,2026-02-21 06:44:32.527,2026-02-21 07:47:56.461,Running,False,BTS,848,23.0,1,13.0,True,Unknown,,"0.002 V, 0.002 V, 0.002 V",42 µbar,73 °C,,48.509 V,9.5212 kV,59 µbar,Carbon Dioxide: 0.0212 kV,"1,080 µbar",20.470 V,49.009 V,596 µbar/min,7.016 V,1.63E-007 mbar,10 %,992 µbar,µ-Volume,48.503 V,Pre,46.55260852368089,48.9746446990794,22.19795838831127,48.98747125356404,29.667147190262956,20.82028499634476,-31.294920197792898,-265.140925652023,-3.7779931354606258,0.21790007726458374,0.056261558025536146,-44.44263064777194,71.53635893257609,18.47060845294556,-3.7779931354606258,0.21790007726458374,-4.415693499951578,0.12435073985267453,Natan Pereira BTS coral series 8.1.xlsx,2026-02-21 06:44:32.527,739668.0,596.0,1080.0,59.0,992.0,43.86077335865708,BTS,,848,Partially Saturated Collectors,16.0,15.0,10.0,0.0,5.0,19.52659598381729,24.334177374839786,60.77082182517642
24.0,GIRMS\IRMS-operator,2026-02-21 07:14:13.671,2026-02-21 08:25:09.947,Running,False,BTS,1080,24.0,2,13.0,True,Unknown,,"0.002 V, 0.002 V, 0.003 V",42 µbar,73 °C,,14.421 V,9.5210 kV,47 µbar,Carbon Dioxide: 0.0210 kV,850 µbar,13.200 V,16.580 V,259 µbar/min,19.507 V,1.17E-007 mbar,18 %,921 µbar,µ-Volume,,Pre,12.908722567352154,14.00840330342089,14.222696902549615,18.42310061997106,18.99913480824163,13.329412150176863,-1.5303583370664953,-3.6387608543819727,-1.629655949856475,0.02992262210999964,0.007725987807125764,-3.655550317874491,0.025234967149348964,0.006308741787337241,-1.629655949856475,0.029922622109999623,-3.6566696154406597,0.025706273574807433,Natan Pereira BTS coral series 8.1.xlsx,2026-02-21 07:14:13.671,739668.0,259.0,850.0,47.0,921.0,12.436370658668377,BTS,,1080,OK,16.0,15.0,15.0,0.0,0.0,12.605111408027508,-0.16874074935913086,-0.1850954052870716
25.0,GIRMS\IRMS-operator,2026-02-21 07:47:56.606,2026-02-21 09:06:46.184,Running,False,BTS,814,25.0,1,14.0,True,Unknown,,"0.001 V, 0.001 V, 0.002 V",45 µbar,72 °C,,7.657 V,9.5215 kV,49 µbar,Carbon Dioxide: 0.0215 kV,958 µbar,7.008 V,8.495 V,366 µbar/min,3.347 V,7.87E-008 mbar,42 %,846 µbar,µ-Volume,,Pre,6.869168045822557,7.45406356442439,7.556352351593061,9.802896847655022,10.089336795189832,7.076905134025986,-2.2200977782179665,-3.9105662213231307,-2.270206948751456,0.01905475095093832,0.004919915539940937,-3.919276630487478,0.01586414583264943,0.004096104840777136,-2.270206948751456,0.019054750950938344,-3.9226319984964726,0.01891877509295578,Natan Pereira BTS coral series 8.1.xlsx,2026-02-21 07:47:56.606,739668.0,366.0,958.0,49.0,846.0,6.650091173950608,BTS,,814,OK,16.0,15.0,15.0,0.0,0.0,6.7487379336587265,-0.0986467597081182,-0.10807283788169733
26.0,GIRMS\IRMS-operator,2026-02-21 08:25:10.131,2026-02-21 09:38:41.895,Running,False,SHP2L,,26.0,2,14.0,True,QC Standard,SHP2L,"0.002 V, 0.002 V, 0.002 V",42 µbar,72 °C,,5.768 V,9.5213 kV,49 µbar,Carbon Dioxide: 0.0213 kV,"1,007 µbar",5.646 V,6.339 V,313 µbar/min,6.896 V,7.02E-008 mbar,52 %,799 µbar,µ-Volume,,Pre,5.560440812057381,6.042874118727663,6.074136754912356,7.918470942883358,8.109690673670201,5.688194126457124,-0.8138034412492612,-6.049947290153512,-0.8323662887872748,0.015383621616256648,0.0039720340216078944,-6.05541879326142,0.015442649956270938,0.0041272218057318176,-0.8297770663965681,0.020981176690521214,-6.055974076396938,0.02629056606221934,Natan Pereira BTS coral series 8.1.xlsx,2026-02-21 08:25:10.131,739668.0,313.0,1007.0,49.0,799.0,5.391413602114257,SHP2L,,,OK,16.0,15.0,15.0,0.0,0.0,5.437189969301758,-0.04577636718750089,-0.05046591627250891
27.0,GIRMS\IRMS-operator,2026-02-21 09:06:46.324,2026-02-21 10:15:27.948,Running,False,BTS,833,27.0,1,15.0,True,Unknown,,"0.002 V, 0.002 V, 0.002 V",40 µbar,72 °C,,12.627 V,9.5214 kV,49 µbar,Carbon Dioxide: 0.0214 kV,977 µbar,11.616 V,14.437 V,484 µbar/min,5.570 V,1.08E-007 mbar,23 %,897 µbar,µ-Volume,,Pre,11.361547495464533,12.322522901851347,12.47028534653244,16.21925584814637,16.656306905961923,11.684932495693417,-2.265305393391981,-3.4473142572228888,-2.3505589418945467,0.028544706898083465,0.007370211629243282,-3.4802735758849916,0.014397889121012253,0.0037175189857480933,-2.3505589418945467,0.028544706898083444,-3.4797098436540663,0.01587075614605915,Natan Pereira BTS coral series 8.1.xlsx,2026-02-21 09:06:46.324,739668.0,484.0,977.0,49.0,897.0,10.957968418188905,BTS,,833,OK,16.0,15.0,15.0,0.0,0.0,11.072498633900292,-0.11453021571138677,-0.12601817431817483
28.0,GIRMS\IRMS-operator,2026-02-21 09:38:42.037,2026-02-21 10:50:43.427,Running,False,BTS,1062,28.0,2,15.0,True,Unknown,,"0.002 V, 0.002 V, 0.002 V",40 µbar,72 °C,,20.697 V,9.5210 kV,47 µbar,Carbon Dioxide: 0.0210 kV,902 µbar,19.694 V,24.365 V,420 µbar/min,11.285 V,1.58E-007 mbar,10 %,929 µbar,µ-Volume,,Pre,19.432069306997036,21.068334036969706,21.321370655202433,27.736888772533216,28.49654997019557,19.996808415082672,-1.732720246133579,-3.310551655737348,-1.9113339890171501,0.05871848233780617,0.015161046947259843,-3.361386495338784,0.0276617132485579,0.006915428312139475,-1.9113339890171497,0.05871848233780625,-3.364775484645548,0.024958674490556002,Natan Pereira BTS coral series 8.1.xlsx,2026-02-21 09:38:42.037,739668.0,420.0,902.0,47.0,929.0,18.62228060307858,BTS,,1062,OK,16.0,15.0,15.0,0.0,0.0,18.767447715429043,-0.14516711235046387,-0.1601491306441416
29.0,GIRMS\IRMS-operator,2026-02-21 10:15:28.074,2026-02-21 11:35:29.513,Running,False,BTS,1033,29.0,1,16.0,True,Unknown,,"0.001 V, 0.001 V, 0.002 V",40 µbar,72 °C,,18.555 V,9.5213 kV,57 µbar,Carbon Dioxide: 0.0213 kV,"1,102 µbar",17.037 V,21.659 V,679 µbar/min,3.354 V,1.43E-007 mbar,14 %,924 µbar,µ-Volume,,Pre,16.602565181648295,17.984249376123188,18.371977590387104,23.696891209336123,24.550250908585394,17.224524748718302,-2.9925459668433962,-3.524102789681405,-3.140193421931933,0.04678988679118202,0.012081096820878556,-3.561564694767272,0.01342145955934053,0.003465405957008147,-3.1401934219319325,0.04678988679118214,-3.5615646947672714,0.01342145955934045,Natan Pereira BTS coral series 8.1.xlsx,2026-02-21 10:15:28.074,739668.0,679.0,1102.0,57.0,924.0,15.939657223617594,BTS,,1033,OK,16.0,15.0,15.0,0.0,0.0,16.2150306824799,-0.2753734588623047,-0.3009622177060868
30.0,GIRMS\IRMS-operator,2026-02-21 10:50:43.628,2026-02-21 12:03:57.273,Running,False,BTS,1073,30.0,2,16.0,True,Unknown,,"0.002 V, 0.002 V, 0.003 V",37 µbar,72 °C,,24.981 V,9.5211 kV,45 µbar,Carbon Dioxide: 0.0211 kV,850 µbar,20.215 V,29.839 V,269 µbar/min,16.413 V,1.61E-007 mbar,10 %,938 µbar,µ-Volume,22.640 V,Pre,24.340149333816708,26.379035359990304,21.883578545224378,34.72669949964465,29.24976280168476,20.524707010132015,-2.1117236302138354,-3.7939724128658314,-2.1865171623798756,0.029162622678798277,0.007529756797781097,-3.7564696738943693,0.020112849282234842,0.0050282123205587104,-2.1865171623798756,0.029162622678798163,-3.7539694912962718,0.018062750676519232,Natan Pereira BTS coral series 8.1.xlsx,2026-02-21 10:50:43.628,739668.0,269.0,850.0,45.0,938.0,23.251843026024044,BTS,,1073,OK,16.0,15.0,15.0,0.0,0.0,19.256931116920647,3.994911909103397,5.362980383695786
31.0,GIRMS\IRMS-operator,2026-02-21 11:35:29.666,2026-02-21 12:40:13.493,Running,False,SHP2L,,31.0,1,17.0,True,QC Standard,SHP2L,"0.002 V, 0.002 V, 0.003 V",37 µbar,72 °C,,5.127 V,9.5209 kV,57 µbar,Carbon Dioxide: 0.0209 kV,"1,119 µbar",4.887 V,5.619 V,645 µbar/min,19.281 V,6.62E-008 mbar,56 %,770 µbar,µ-Volume,,Pre,4.797841982284163,5.214331914577151,5.289329387342623,6.831447418673653,7.0615141336289415,4.952987522149044,-0.8398006673234759,-6.198009222536882,-0.8663892450629854,0.014009300887021134,0.0036171859351627764,-6.174053328191764,0.020299180435401486,0.005074795108850371,-0.8658144090848123,0.015296033416672636,-6.172456268568757,0.019944041411926065,Natan Pereira BTS coral series 8.1.xlsx,2026-02-21 11:35:29.666,739668.0,645.0,1119.0,57.0,770.0,4.654949965572423,SHP2L,,,OK,16.0,15.0,15.0,0.0,0.0,4.7396977067564725,-0.08474774118404937,-0.09253823267477007
32.0,GIRMS\IRMS-operator,2026-02-21 12:03:57.413,2026-02-21 13:17:14.937,Running,False,BTS,841,32.0,2,17.0,True,Unknown,,"0.002 V, 0.002 V, 0.002 V",37 µbar,72 °C,,7.774 V,9.5213 kV,45 µbar,Carbon Dioxide: 0.0213 kV,926 µbar,7.119 V,8.660 V,322 µbar/min,4.829 V,7.94E-008 mbar,37 %,826 µbar,µ-Volume,,Pre,6.981739660676424,7.579959120571236,7.68002812510973,9.964330960116197,10.253979731402206,7.193231639806237,-1.6809257108402198,-3.728573271928548,-1.7175251838376924,0.021582924697783355,0.005395731174445839,-3.7639394693423407,0.019007279738679255,0.004907658525640695,-1.719965148704191,0.019925785027937074,-3.763090045893037,0.020891931330385537,Natan Pereira BTS coral series 8.1.xlsx,2026-02-21 12:03:57.413,739668.0,322.0,926.0,45.0,826.0,6.7583038852306885,BTS,,841,OK,16.0,15.0,15.0,0.0,0.0,6.858439688453346,-0.10013580322265714,-0.10970602348257105
33.0,GIRMS\IRMS-operator,2026-02-21 12:40:13.619,2026-02-21 13:57:58.707,Running,False,BTS,1087,33.0,1,18.0,True,Unknown,,"0.001 V, 0.001 V, 0.001 V",35 µbar,72 °C,,48.538 V,9.5213 kV,52 µbar,Carbon Dioxide: 0.0213 kV,"1,043 µbar",20.902 V,49.024 V,479 µbar/min,3.353 V,1.63E-007 mbar,10 %,977 µbar,µ-Volume,48.534 V,Pre,49.01829210352343,48.98139109093035,22.646598715365773,48.989205993807516,30.264764465487204,21.24306407999438,-79.8193287777319,-301.98164004781614,-43.11958650949944,37.51995746827743,9.379989367069358,-201.43277797871048,122.88405578093526,30.721013945233814,-5.565762641831014,0.1814537477882322,-5.042119396146072,0.043664844149193804,Natan Pereira BTS coral series 8.1.xlsx,2026-02-21 12:40:13.619,739668.0,479.0,1043.0,52.0,977.0,49.01535657476825,BTS,,1087,Partially Saturated Collectors,16.0,7.0,2.0,8.0,13.0,19.9142977340166,29.101058840751648,79.63512339142727
34.0,GIRMS\IRMS-operator,2026-02-21 13:17:15.153,2026-02-21 14:29:58.681,Running,False,BTS,1020,34.0,2,18.0,True,Unknown,,"0.002 V, 0.002 V, 0.003 V",37 µbar,72 °C,,18.650 V,9.5211 kV,47 µbar,Carbon Dioxide: 0.0211 kV,"1,041 µbar",18.570 V,21.729 V,420 µbar/min,19.977 V,1.51E-007 mbar,11 %,911 µbar,µ-Volume,,Pre,18.120153732154993,19.65995420418441,20.075145258528586,25.854481776530676,26.825590451533724,18.82675189480605,-1.0733014461857815,-3.5493261192101055,-1.2671021086513155,0.06591593990438345,0.0170194224999524,-3.602745608533775,0.02003005473504337,0.005171737894163065,-1.2671021086513152,0.0659159399043835,-3.602745608533775,0.020030054735043407,Natan Pereira BTS coral series 8.1.xlsx,2026-02-21 13:17:15.153,739668.0,420.0,1041.0,47.0,911.0,17.386241741035608,BTS,,1020,OK,16.0,15.0,15.0,0.0,0.0,17.69468087658706,-0.30843913555145264,-0.3369466573310665
35.0,GIRMS\IRMS-operator,2026-02-21 13:57:58.840,2026-02-21 15:05:48.441,Running,False,BTS,823,35.0,1,19.0,True,Unknown,,"0.002 V, 0.002 V, 0.003 V",37 µbar,73 °C,,8.718 V,9.5211 kV,49 µbar,Carbon Dioxide: 0.0211 kV,"1,046 µbar",8.675 V,9.751 V,493 µbar/min,17.778 V,8.90E-008 mbar,30 %,841 µbar,µ-Volume,,Pre,8.417491455097043,9.135940313590535,9.340831084606876,12.014673598481954,12.472109444810691,8.750264186878049,-1.817149433359977,-3.4914668829435502,-1.8572329426905492,0.022700613526032812,0.0058612732090010606,-3.5019587658593543,0.021615266372915644,0.005403816593228911,-1.8558451320747147,0.025756779134851453,-3.502658224720408,0.022185706238135573,Natan Pereira BTS coral series 8.1.xlsx,2026-02-21 13:57:58.840,739668.0,493.0,1046.0,49.0,841.0,8.141030211467587,BTS,,823,OK,16.0,15.0,15.0,0.0,0.0,8.326326150913083,-0.1852959394454956,-0.20142832710954786
36.0,GIRMS\IRMS-operator,2026-02-21 14:29:58.819,2026-02-21 15:44:11.775,Running,False,SHP2L,,36.0,2,19.0,True,QC Standard,SHP2L,"0.002 V, 0.002 V, 0.002 V",37 µbar,72 °C,,15.054 V,9.5212 kV,49 µbar,Carbon Dioxide: 0.0212 kV,"1,053 µbar",13.712 V,17.325 V,474 µbar/min,8.497 V,1.22E-007 mbar,16 %,897 µbar,µ-Volume,,Pre,13.398599188995796,14.548299716147836,14.782635377082281,19.071220335873942,19.74534886828361,13.85551349468275,-0.8573635928750267,-6.1114285443631955,-0.9436698291356015,0.04850834047430931,0.012127085118577328,-6.1288621323347945,0.019104397121392374,0.0047760992803480935,-0.9494235782196401,0.04419965706741195,-6.130024371532902,0.019180492045882482,Natan Pereira BTS coral series 8.1.xlsx,2026-02-21 14:29:58.819,739668.0,474.0,1053.0,49.0,897.0,12.900423567963083,SHP2L,,,OK,16.0,15.0,15.0,0.0,0.0,13.095658581924873,-0.19523501396179022,-0.2138272396537087
37.0,GIRMS\IRMS-operator,2026-02-21 15:05:48.582,2026-02-21 16:25:09.582,Running,False,BTS,945,37.0,1,20.0,True,Unknown,,"0.001 V, 0.001 V, 0.001 V",35 µbar,72 °C,,28.239 V,9.5215 kV,49 µbar,Carbon Dioxide: 0.0215 kV,"1,063 µbar",20.805 V,34.170 V,625 µbar/min,3.358 V,1.63E-007 mbar,10 %,943 µbar,µ-Volume,25.078 V,Pre,27.152672888163462,29.409744044752788,22.521265050383278,38.72660137191172,30.096832285073955,21.125570417765516,-2.5675434432520516,-3.8220296275481846,-2.5900416871381373,0.031508153556945036,0.008135370266386274,-3.7676243123130266,0.03784888661379301,0.009462221653448252,-2.586124169662847,0.037574372289308045,-3.7639972912973496,0.03618484856656856,Natan Pereira BTS coral series 8.1.xlsx,2026-02-21 15:05:48.582,739668.0,625.0,1063.0,49.0,943.0,25.887012959841627,BTS,,945,OK,16.0,15.0,15.0,0.0,0.0,19.8072944892682,6.079718470573425,8.834234993608124
38.0,GIRMS\IRMS-operator,2026-02-21 15:44:11.931,2026-02-21 16:57:20.099,Running,False,BTS,819,38.0,2,20.0,True,Unknown,,"0.002 V, 0.002 V, 0.003 V",37 µbar,72 °C,,6.075 V,9.5210 kV,47 µbar,Carbon Dioxide: 0.0210 kV,"1,048 µbar",5.861 V,6.684 V,425 µbar/min,19.870 V,6.85E-008 mbar,48 %,792 µbar,µ-Volume,,Pre,5.830342935839155,6.334445335056671,6.316525758216505,8.321530151939738,8.432215871729511,5.91566690346385,-1.022916250607353,-3.595425365809035,-1.0251885307952442,0.016242620823607216,0.004193826663239503,-3.5904209987442037,0.01809967919753279,0.004673317073582754,-1.0225959757944973,0.019423348024436425,-3.5861434483634698,0.023583660015216473,Natan Pereira BTS coral series 8.1.xlsx,2026-02-21 15:44:11.931,739668.0,425.0,1048.0,47.0,792.0,5.652101284933205,BTS,,819,OK,16.0,15.0,15.0,0.0,0.0,5.6531682982112095,-0.0010670132780044028,-0.0011860869853109793
39.0,GIRMS\IRMS-operator,2026-02-21 16:25:09.835,2026-02-21 17:33:05.686,Running,False,BTS,1075,39.0,1,21.0,True,Unknown,,"0.002 V, 0.002 V, 0.002 V",35 µbar,72 °C,,31.310 V,9.5214 kV,49 µbar,Carbon Dioxide: 0.0214 kV,"1,038 µbar",19.549 V,38.418 V,620 µbar/min,5.780 V,1.57E-007 mbar,10 %,946 µbar,µ-Volume,28.066 V,Pre,30.496505898989238,33.00931564272733,21.176661166561555,43.492639695772844,28.296480213770582,19.86112992242674,-3.4037190344281543,-3.9369175634415,-3.2784971549661566,0.10520496839495232,0.02630124209873808,-3.797020447663814,0.08008782165184006,0.020021955412960014,-3.2701490296686893,0.10326643542279206,-3.7876939732786346,0.07335575631531095,Natan Pereira BTS coral series 8.1.xlsx,2026-02-21 16:25:09.835,739668.0,620.0,1038.0,49.0,946.0,29.024792713678877,BTS,,1075,OK,16.0,15.0,15.0,0.0,0.0,18.642959994829695,10.381832718849182,17.97036845774974
40.0,GIRMS\IRMS-operator,2026-02-21 16:57:20.282,2026-02-21 18:10:01.245,Running,False,BTS,1046,40.0,2,21.0,True,Unknown,,"0.002 V, 0.002 V, 0.003 V",35 µbar,72 °C,,17.920 V,9.5211 kV,49 µbar,Carbon Dioxide: 0.0211 kV,"1,080 µbar",17.792 V,20.988 V,523 µbar/min,18.651 V,1.46E-007 mbar,11 %,909 µbar,µ-Volume,,Pre,17.449331336065825,18.914944199459686,19.27351084126724,24.88383794596005,25.75135374834347,18.073868804022368,-2.0520021326447813,-4.039488066697516,-2.227566964322595,0.06122322529937225,0.01580776879903822,-4.093085967304909,0.01643646614151075,0.0042438773091048815,-2.227566964322595,0.06122322529937229,-4.09308596730491,0.016436466141510755,Natan Pereira BTS coral series 8.1.xlsx,2026-02-21 16:57:20.282,739668.0,523.0,1080.0,49.0,909.0,16.741451673552092,BTS,,1046,OK,16.0,15.0,15.0,0.0,0.0,16.99785595421463,-0.2564042806625366,-0.28077144440483537
41.0,GIRMS\IRMS-operator,2026-02-21 17:33:05.903,2026-02-21 18:53:44.963,Running,False,SHP2L,,41.0,1,22.0,True,QC Standard,SHP2L,"0.001 V, 0.001 V, 0.002 V",35 µbar,72 °C,,12.113 V,9.5216 kV,52 µbar,Carbon Dioxide: 0.0216 kV,"1,080 µbar",11.043 V,13.824 V,581 µbar/min,3.362 V,1.05E-007 mbar,25 %,875 µbar,µ-Volume,,Pre,10.78585268434709,11.715141353408825,11.867696191137837,15.352995638490246,15.84714794600062,11.119817509023603,-0.8500560089838016,-6.092943489306557,-0.9285300876690364,0.02375621385917954,0.006133828043036279,-6.131480438280496,0.02208370533074674,0.005520926332686685,-0.9285300876690367,0.023756213859179535,-6.134049568212093,0.0202330136017626,Natan Pereira BTS coral series 8.1.xlsx,2026-02-21 17:33:05.903,739668.0,581.0,1080.0,52.0,875.0,10.39800526079362,SHP2L,,,OK,16.0,15.0,15.0,0.0,0.0,10.545303239194807,-0.14729797840118586,-0.16147914536117922
42.0,GIRMS\IRMS-operator,2026-02-21 18:10:01.416,2026-02-21 19:27:39.029,Running,False,BTS,818,42.0,2,22.0,True,Unknown,,"0.002 V, 0.002 V, 0.002 V",35 µbar,72 °C,,17.420 V,9.5215 kV,45 µbar,Carbon Dioxide: 0.0215 kV,892 µbar,15.736 V,20.322 V,239 µbar/min,10.772 V,1.33E-007 mbar,15 %,914 µbar,µ-Volume,,Pre,15.34641171971805,16.655105722796662,16.95101298178409,21.893010022409495,22.64326858735853,15.892062440314366,-1.1119205436965762,-3.6823357505717524,-1.2442900364820098,0.042777583554957956,0.011045124579956562,-3.749306564369078,0.01803365172835061,0.004656268854347101,-1.24429003648201,0.042777583554958,-3.7493065643690775,0.018033651728350614,Natan Pereira BTS coral series 8.1.xlsx,2026-02-21 18:10:01.416,739668.0,239.0,892.0,45.0,914.0,14.745000853934357,BTS,,818,OK,16.0,15.0,15.0,0.0,0.0,14.98303200284488,-0.23803114891052246,-0.26043993812199506
43.0,GIRMS\IRMS-operator,2026-02-21 18:53:45.153,2026-02-21 20:01:57.571,Running,False,BTS,1045,43.0,1,23.0,True,Unknown,,"0.002 V, 0.002 V, 0.003 V",40 µbar,72 °C,,7.048 V,9.5214 kV,54 µbar,Carbon Dioxide: 0.0214 kV,"1,070 µbar",6.828 V,7.820 V,508 µbar/min,15.162 V,7.71E-008 mbar,40 %,828 µbar,µ-Volume,,Pre,6.705671548843384,7.269220730061121,7.342228930087139,9.563079267129645,9.801184921846136,6.876923557249943,-3.1670614985721546,-4.2769708890110225,-3.1912102573091254,0.01917467452572175,0.0047936686314304375,-4.2829980822827265,0.01575881934579379,0.00406890965881004,-3.1928201745582565,0.018694884891974083,-4.28698828193644,0.020871768138741524,Natan Pereira BTS coral series 8.1.xlsx,2026-02-21 18:53:45.153,739668.0,508.0,1070.0,54.0,828.0,6.492450833320618,BTS,,1045,OK,16.0,15.0,15.0,0.0,0.0,6.561502814292908,-0.06905198097229004,-0.07596441329714294
44.0,GIRMS\IRMS-operator,2026-02-21 19:27:39.181,2026-02-21 20:39:27.228,Running,False,BTS,821,44.0,2,23.0,True,Unknown,,"0.002 V, 0.002 V, 0.002 V",40 µbar,72 °C,,7.362 V,9.5212 kV,59 µbar,Carbon Dioxide: 0.0212 kV,"1,148 µbar",6.789 V,8.173 V,650 µbar/min,6.714 V,7.79E-008 mbar,39 %,833 µbar,µ-Volume,,Pre,6.671748781468177,7.246023197231134,7.311558504161676,9.523217708515578,9.760543162387458,6.848297739292885,-1.2884819360806654,-3.4126369114195754,-1.3180073939620025,0.01828535235098968,0.004721257675661178,-3.3921564959625026,0.01751280273749931,0.004521786223183366,-1.3169983306317763,0.020333949625141703,-3.39481754398859,0.02301521824991954,Natan Pereira BTS coral series 8.1.xlsx,2026-02-21 19:27:39.181,739668.0,650.0,1148.0,59.0,833.0,6.460375809933448,BTS,,821,OK,16.0,15.0,15.0,0.0,0.0,6.532512331272866,-0.07213652133941739,-0.07931611526600453
45.0,GIRMS\IRMS-operator,2026-02-21 20:01:57.792,2026-02-21 21:19:55.676,Running,False,BTS,824,45.0,1,24.0,True,Unknown,,"0.001 V, 0.001 V, 0.001 V",40 µbar,72 °C,,2.301 V,9.5214 kV,52 µbar,Carbon Dioxide: 0.0214 kV,"1,060 µbar",3.359 V,2.462 V,615 µbar/min,3.358 V,4.86E-008 mbar,100 %,633 µbar,µ-Volume,2.146 V,Pre,2.2116691982894476,2.4009708128091565,3.662397608361606,3.1565126921954056,4.8886255058712385,3.429478013838872,-1.9466568624620928,-3.685989505373244,-1.9916473208506278,0.027407391140811328,0.0070765579634236644,-3.6900647683853345,0.0408412600016615,0.010210315000415375,-1.9899831039797384,0.03087318228427956,-3.69033645258614,0.04225975189625082,Natan Pereira BTS coral series 8.1.xlsx,2026-02-21 20:01:57.792,739668.0,615.0,1060.0,52.0,633.0,2.1518935013700498,BTS,,824,OK,16.0,15.0,15.0,0.0,0.0,3.287585501759149,-1.1356920003890991,-0.8264812015674161
46.0,GIRMS\IRMS-operator,2026-02-21 20:39:27.463,2026-02-21 21:53:16.418,Running,False,SHP2L,,46.0,2,24.0,True,QC Standard,SHP2L,"0.001 V, 0.001 V, 0.001 V",40 µbar,72 °C,,9.787 V,9.5214 kV,57 µbar,Carbon Dioxide: 0.0214 kV,"1,146 µbar",8.912 V,11.026 V,762 µbar/min,3.338 V,8.98E-008 mbar,32 %,870 µbar,µ-Volume,,Pre,8.718948633344676,9.472208198462177,9.57841828581988,12.41228414838816,12.78895570104624,8.97269147211874,-0.8683158314800599,-6.1199665296464145,-0.9263897225047983,0.01843732112923102,0.004760495845479325,-6.132010098432561,0.01739270774615484,0.004490777829754028,-0.9263897225047987,0.018437321129231,-6.136331020048691,0.021703661336902068,Natan Pereira BTS coral series 8.1.xlsx,2026-02-21 20:39:27.463,739668.0,762.0,1146.0,57.0,870.0,8.4280034610348,SHP2L,,,OK,16.0,15.0,15.0,0.0,0.0,8.532475502164866,-0.10447204113006592,-0.11473037969330765
1.0,GIRMS\IRMS-operator,2026-02-23 12:28:35.137,2026-02-23 13:28:22.760,Running,False,SHP2L,,1.0,1,2.0,True,QC Standard,SHP2L,"0.001 V, 0.001 V, 0.001 V",54 µbar,72 °C,,2.139 V,9.5214 kV,67 µbar,Carbon Dioxide: 0.0214 kV,"1,180 µbar",3.323 V,2.278 V,645 µbar/min,3.323 V,5.52E-008 mbar,100 %,650 µbar,µ-Volume,1.997 V,Pre,2.0540783610485316,2.2323215407199326,3.633714809883761,2.924350409249407,4.851060343095365,3.4026569562271036,-0.8695858879302909,-6.275558611836152,-0.8868186646404207,0.023855080506369152,0.006159355301573661,-6.194667955687483,0.02314036447718223,0.005974816416353099,-0.8928652694246698,0.029903194523594846,-6.194667955687482,0.02314036447718235,Natan Pereira BTS coral series 9.xlsx,2026-02-23 12:28:35.137,739670.0,645.0,1180.0,67.0,650.0,1.999845983446092,SHP2L,,,OK,16.0,15.0,15.0,0.0,0.0,3.2605300873884184,-1.2606841039423264,-0.5767627746335938
2.0,GIRMS\IRMS-operator,2026-02-23 12:59:20.098,2026-02-23 13:59:03.563,Running,False,BTS,812,2.0,2,2.0,True,Unknown,,"0.001 V, 0.001 V, 0.001 V",42 µbar,72 °C,,11.502 V,9.5213 kV,54 µbar,Carbon Dioxide: 0.0213 kV,992 µbar,10.537 V,12.999 V,352 µbar/min,3.304 V,1.03E-007 mbar,25 %,889 µbar,µ-Volume,,Pre,10.321401534826022,11.18718135464246,11.327535391927311,14.730315950565753,15.127849128895216,10.612863667850947,-3.0220763297500453,-3.7102773362253094,-3.082997557411294,0.031206684013852407,0.007801671003463102,-3.7243092260131205,0.01765597229700867,0.0044139930742521675,-3.087058972588711,0.027579799192139497,-3.7252446853323073,0.017860531453471027,Natan Pereira BTS coral series 9.xlsx,2026-02-23 12:59:20.098,739670.0,352.0,992.0,54.0,889.0,9.978565939312436,BTS,,812,OK,16.0,15.0,15.0,0.0,0.0,10.069656737690426,-0.09109079837799072,-0.06733030494712723
3.0,GIRMS\IRMS-operator,2026-02-23 13:28:22.848,2026-02-23 14:29:07.651,Running,False,BTS,828,3.0,1,3.0,True,Unknown,,"0.002 V, 0.002 V, 0.002 V",47 µbar,72 °C,,8.860 V,9.5211 kV,67 µbar,Carbon Dioxide: 0.0211 kV,"1,190 µbar",8.735 V,9.941 V,791 µbar/min,10.288 V,9.07E-008 mbar,31 %,877 µbar,µ-Volume,,Pre,8.609869268535721,9.349702761056736,9.393586680772616,12.284418723472964,12.54399695146979,8.799263027309527,-1.3219399533319631,-4.0570384406289905,-1.3663321303359528,0.023967234260994924,0.006188313276499011,-4.075020821419618,0.01720557782699451,0.004301394456748628,-1.3761879072595145,0.033074640462029174,-4.076219646805661,0.017103790039301313,Natan Pereira BTS coral series 9.xlsx,2026-02-23 13:28:22.848,739670.0,791.0,1190.0,67.0,877.0,8.325800014180889,BTS,,828,OK,16.0,15.0,15.0,0.0,0.0,8.369162351901439,-0.043362337720550315,-0.03217653522316745
4.0,GIRMS\IRMS-operator,2026-02-23 13:59:03.656,2026-02-23 15:06:50.240,Running,False,BTS,825,4.0,2,3.0,True,Unknown,,"0.002 V, 0.002 V, 0.002 V",37 µbar,73 °C,,6.021 V,9.5212 kV,52 µbar,Carbon Dioxide: 0.0212 kV,987 µbar,5.854 V,6.593 V,371 µbar/min,8.554 V,7.34E-008 mbar,47 %,804 µbar,µ-Volume,,Pre,5.816717280373495,6.309412619019691,6.324916307289852,8.301212357622445,8.44463603411323,5.923418368351621,-2.6637905556158303,-3.846580389965659,-2.6984870813654345,0.02306207061296028,0.005954601027536976,-3.8665687034757927,0.023609884296280144,0.006096045912358468,-2.6966678082076387,0.026772520113398656,-3.8718197567811474,0.027315131455829714,Natan Pereira BTS coral series 9.xlsx,2026-02-23 13:59:03.656,739670.0,371.0,987.0,52.0,804.0,5.64902864780654,BTS,,825,OK,16.0,15.0,15.0,0.0,0.0,5.6600613727425735,-0.011032724936033134,-0.00821330659840683
5.0,GIRMS\IRMS-operator,2026-02-23 14:29:07.778,2026-02-23 15:44:37.000,Running,False,BTS,1089,5.0,1,4.0,True,Unknown,,"0.001 V, 0.001 V, 0.001 V",47 µbar,72 °C,,36.281 V,9.5213 kV,57 µbar,Carbon Dioxide: 0.0213 kV,"1,100 µbar",19.840 V,45.306 V,625 µbar/min,3.329 V,1.58E-007 mbar,10 %,997 µbar,µ-Volume,31.857 V,Pre,35.01614871821539,37.899509550129096,21.462619782482307,48.99227562619243,28.68328932000194,20.13011220297949,-3.4211983093336285,-22.921715721944235,-3.2434552581822733,0.14259654295027668,0.03564913573756917,-4.485989844654173,0.10969660573627968,0.028323541810139477,-3.2316057214388496,0.13920895031581942,-4.485989844654174,0.1096966057362796,Natan Pereira BTS coral series 9.xlsx,2026-02-23 14:29:07.778,739670.0,625.0,1100.0,57.0,997.0,33.23876801333563,BTS,,1089,OK,16.0,15.0,15.0,0.0,0.0,18.89079752764837,14.34797048568726,18.830753891868785
6.0,GIRMS\IRMS-operator,2026-02-23 15:06:50.398,2026-02-23 16:17:39.176,Running,False,SHP2L,,6.0,2,4.0,True,QC Standard,SHP2L,"0.002 V, 0.002 V, 0.003 V",40 µbar,72 °C,,23.545 V,9.5210 kV,57 µbar,Carbon Dioxide: 0.0210 kV,"1,048 µbar",18.883 V,27.712 V,425 µbar/min,18.934 V,1.54E-007 mbar,10 %,948 µbar,µ-Volume,21.514 V,Pre,22.980995208723257,24.928369318469553,20.432435666545423,32.70168502333986,27.304514241250626,19.16206601331921,-1.3187544921585692,-6.273872622898913,-1.4151817784985163,0.03579837397975172,0.009243100416325555,-6.286309089371188,0.02132992195714639,0.005332480489286598,-1.4151817784985157,0.03579837397975169,-6.287138187136006,0.021810067818717662,Natan Pereira BTS coral series 9.xlsx,2026-02-23 15:06:50.398,739670.0,425.0,1048.0,57.0,948.0,22.02960076997967,SHP2L,,,OK,16.0,15.0,15.0,0.0,0.0,18.004663021070673,4.024937748908997,3.6733592572334466
7.0,GIRMS\IRMS-operator,2026-02-23 15:44:37.099,2026-02-23 16:49:17.489,Running,False,BTS,1072,7.0,1,5.0,True,Unknown,,"0.002 V, 0.002 V, 0.003 V",47 µbar,72 °C,,23.162 V,9.5210 kV,71 µbar,Carbon Dioxide: 0.0210 kV,"1,222 µbar",18.035 V,27.403 V,840 µbar/min,18.081 V,1.49E-007 mbar,10 %,982 µbar,µ-Volume,21.045 V,Pre,22.53516162049196,24.341663504221916,19.518098021128658,32.11791861303892,26.080266120515716,18.30259109150789,-5.605481221578001,-4.730817662004783,-5.614583787321314,0.0294539699255219,0.007604982333416028,-4.70260953150871,0.016332504887183345,0.004217034628660823,-5.607469152859516,0.04201881942256622,-4.697772337574497,0.018037139410379776,Natan Pereira BTS coral series 9.xlsx,2026-02-23 15:44:37.099,739670.0,840.0,1222.0,71.0,982.0,21.565140730256054,BTS,,1072,OK,16.0,15.0,15.0,0.0,0.0,17.212302929276444,4.352837800979611,4.067882573717704
8.0,GIRMS\IRMS-operator,2026-02-23 16:17:39.257,2026-02-23 17:26:51.271,Running,False,BTS,1083,8.0,2,5.0,True,Unknown,,"0.002 V, 0.002 V, 0.002 V",40 µbar,72 °C,,15.308 V,9.5210 kV,57 µbar,Carbon Dioxide: 0.0210 kV,997 µbar,15.350 V,17.537 V,357 µbar/min,17.233 V,1.33E-007 mbar,12 %,924 µbar,µ-Volume,,Pre,14.931607617689133,16.200880329930534,16.587818782651173,21.31119897564004,22.162621523934106,15.551302208257678,-1.3683355355292859,-3.4296652644513204,-1.4970985797981562,0.06841657509882787,0.017104143774706967,-3.4773013492372242,0.026332773430380613,0.006583193357595153,-1.5056827827494141,0.06125308537406234,-3.4804770882229517,0.02387579168878046,Natan Pereira BTS coral series 9.xlsx,2026-02-23 16:17:39.257,739670.0,357.0,997.0,57.0,924.0,14.387268199277878,BTS,,1083,OK,16.0,15.0,15.0,0.0,0.0,14.6674398320446,-0.28017163276672186,-0.2049891114328612
9.0,GIRMS\IRMS-operator,2026-02-23 16:49:17.636,2026-02-23 18:07:55.266,Running,False,BTS,817,9.0,1,6.0,True,Unknown,,"0.001 V, 0.001 V, 0.001 V",49 µbar,72 °C,,11.712 V,9.5213 kV,67 µbar,Carbon Dioxide: 0.0213 kV,"1,200 µbar",10.635 V,13.266 V,713 µbar/min,3.345 V,1.02E-007 mbar,25 %,931 µbar,µ-Volume,,Pre,10.41323759346436,11.30693521340625,11.417680643398928,14.857275762478261,15.248028912464529,10.697864673428045,-1.166602239955239,-3.907962693393552,-1.2419575262374583,0.02863443831563437,0.007393380181630365,-3.9253835182395815,0.013517846043559599,0.003490292840220143,-1.2419575262374578,0.028634438315634368,-3.9289792425744925,0.015570518804256186,Natan Pereira BTS coral series 9.xlsx,2026-02-23 16:49:17.636,739670.0,713.0,1200.0,67.0,931.0,10.05058803348969,BTS,,817,OK,16.0,15.0,15.0,0.0,0.0,10.150604627422796,-0.10001659393310547,-0.07386764069829038
10.0,GIRMS\IRMS-operator,2026-02-23 17:26:51.407,2026-02-23 18:38:11.175,Running,False,BTS,1059,10.0,2,6.0,True,Unknown,,"0.002 V, 0.002 V, 0.002 V",40 µbar,72 °C,,23.892 V,9.5211 kV,59 µbar,Carbon Dioxide: 0.0211 kV,"1,041 µbar",19.113 V,28.161 V,435 µbar/min,10.372 V,1.53E-007 mbar,10 %,963 µbar,µ-Volume,21.808 V,Pre,23.283748318289376,25.238020228735348,20.674554514280697,33.209324361962,27.628988506477977,19.39064114246235,-1.9615053380497294,-3.930431011734181,-2.0377749515667105,0.027260620111930603,0.007038661846719613,-3.9336792475351596,0.017553631102272732,0.004532328061638055,-2.03777495156671,0.027260620111930516,-3.9309648748209183,0.02091747257635292,Natan Pereira BTS coral series 9.xlsx,2026-02-23 17:26:51.407,739670.0,435.0,1041.0,59.0,963.0,22.315694381331063,BTS,,1059,OK,16.0,15.0,15.0,0.0,0.0,18.209947635267827,4.105746746063236,3.7529819274884884
11.0,GIRMS\IRMS-operator,2026-02-23 18:07:55.378,2026-02-23 19:11:19.613,Running,False,SHP2L,,11.0,1,7.0,True,QC Standard,SHP2L,"0.002 V, 0.002 V, 0.003 V",52 µbar,72 °C,,8.614 V,9.5207 kV,67 µbar,Carbon Dioxide: 0.0207 kV,"1,190 µbar",7.865 V,9.616 V,674 µbar/min,18.293 V,8.34E-008 mbar,33 %,899 µbar,µ-Volume,,Pre,7.7305330226436775,8.399055844914624,8.439965905627147,11.005688568473332,11.269051691413395,7.905711073638551,-0.8437752291262646,-6.1442252771433115,-0.8663703275445593,0.022873673711164673,0.005718418427791168,-6.147040793780346,0.01668309281777683,0.004307556043098815,-0.8678766674391123,0.022840283750068784,-6.149952120825009,0.019695131369809167,Natan Pereira BTS coral series 9.xlsx,2026-02-23 18:07:55.378,739670.0,674.0,1190.0,67.0,899.0,7.481564421416872,SHP2L,,,OK,16.0,15.0,15.0,0.0,0.0,7.529657709979328,-0.048093288562456316,-0.03564382215018462
12.0,GIRMS\IRMS-operator,2026-02-23 18:38:11.277,2026-02-23 19:47:33.071,Running,False,BTS,820,12.0,2,7.0,True,Unknown,,"0.002 V, 0.002 V, 0.002 V",42 µbar,72 °C,,4.089 V,9.5213 kV,54 µbar,Carbon Dioxide: 0.0213 kV,936 µbar,3.951 V,4.404 V,303 µbar/min,7.716 V,5.83E-008 mbar,68 %,758 µbar,µ-Volume,,Pre,3.9183051301944563,4.2576292773665445,4.2908426809674065,5.593611285018882,5.728025572145128,4.018057718459989,-1.0213622655966814,-3.513210477704365,-1.0079467429395288,0.019887478635416463,0.005134924903534918,-3.4761460309615795,0.03339934193866675,0.008349835484666687,-1.0037596102635402,0.023197482778881156,-3.4736750678453943,0.033023133164352604,Natan Pereira BTS coral series 9.xlsx,2026-02-23 18:38:11.277,739670.0,303.0,936.0,54.0,758.0,3.8102677023701843,BTS,,820,OK,16.0,15.0,15.0,0.0,0.0,3.8506729747694983,-0.04040527239931402,-0.029822187686967136
13.0,GIRMS\IRMS-operator,2026-02-23 19:11:19.713,2026-02-23 20:25:37.992,Running,False,BTS,835,13.0,1,8.0,True,Unknown,,"0.001 V, 0.001 V, 0.001 V",52 µbar,73 °C,,0.457 V,9.5214 kV,57 µbar,Carbon Dioxide: 0.0214 kV,"1,102 µbar",3.333 V,0.461 V,982 µbar/min,3.331 V,4.83E-008 mbar,100 %,330 µbar,µ-Volume,0.435 V,Pre,0.43342718798096913,0.4696581423710828,3.635562994745483,0.6178526539442797,4.853198459445641,3.404402972305821,-3.777436518064836,-4.92693597559235,-3.9175237491441206,0.1064504722070627,0.026612618051765676,-5.074837776928084,0.18119514689943528,0.04529878672485882,-3.9268628978827405,0.10317904607930954,-5.084697897017133,0.1830577478240347,Natan Pereira BTS coral series 9.xlsx,2026-02-23 19:11:19.713,739670.0,982.0,1102.0,57.0,330.0,0.4239087872722039,BTS,,835,OK,16.0,15.0,15.0,0.0,0.0,3.254803193794668,-2.8308944065224644,-0.275013468631565
14.0,GIRMS\IRMS-operator,2026-02-23 19:47:33.172,2026-02-23 21:00:57.889,Running,False,BTS,1074,14.0,2,8.0,True,Unknown,,"0.001 V, 0.001 V, 0.001 V",42 µbar,72 °C,,18.598 V,9.5215 kV,64 µbar,Carbon Dioxide: 0.0215 kV,"1,102 µbar",16.958 V,21.526 V,479 µbar/min,3.313 V,1.41E-007 mbar,12 %,953 µbar,µ-Volume,,Pre,16.569224030802562,17.97042930473525,18.26723063339431,23.646975184919455,24.40744104528628,17.128345401118114,-1.638298710872177,-3.386238026177768,-1.8187405058540365,0.0657826080318332,0.016984996358492016,-3.4423863128236127,0.03025439037232837,0.007563597593082092,-1.8187405058540362,0.06578260803183317,-3.446129531933336,0.02721228270364535,Natan Pereira BTS coral series 9.xlsx,2026-02-23 19:47:33.172,739670.0,479.0,1102.0,64.0,953.0,15.951317579577282,BTS,,1074,OK,16.0,15.0,15.0,0.0,0.0,16.124200851748302,-0.1728832721710205,-0.12757158276339914
15.0,GIRMS\IRMS-operator,2026-02-23 20:25:38.134,2026-02-23 21:31:24.607,Running,False,BTS,1088,15.0,1,9.0,True,Unknown,,"0.002 V, 0.002 V, 0.002 V",52 µbar,72 °C,,31.641 V,9.5210 kV,79 µbar,Carbon Dioxide: 0.0210 kV,"1,246 µbar",18.328 V,38.620 V,879 µbar/min,16.295 V,1.49E-007 mbar,10 %,"1,016 µbar",µ-Volume,28.512 V,Pre,30.926026614335086,33.4639630653543,19.832947049347833,44.08290929744477,26.502698134877637,18.59957745852759,-3.791266511511737,-4.571075912202072,-3.6450904891843288,0.1208719338837553,0.030217983470938826,-4.4075339390473305,0.09320953357724279,0.023302383394310698,-3.6353454210291676,0.11842973842514921,-4.396631140837015,0.08526899249255715,Natan Pereira BTS coral series 9.xlsx,2026-02-23 20:25:38.134,739670.0,879.0,1246.0,79.0,1016.0,29.437996657517456,BTS,,1088,OK,16.0,15.0,15.0,0.0,0.0,17.486818345215823,11.951178312301632,15.006893029373233
16.0,GIRMS\IRMS-operator,2026-02-23 21:00:58.073,2026-02-23 22:10:24.630,Running,False,SHP2L,,16.0,2,9.0,True,QC Standard,SHP2L,"0.002 V, 0.002 V, 0.003 V",45 µbar,72 °C,,18.495 V,9.5210 kV,69 µbar,Carbon Dioxide: 0.0210 kV,"1,161 µbar",17.458 V,21.410 V,654 µbar/min,17.505 V,1.43E-007 mbar,10 %,955 µbar,µ-Volume,,Pre,17.224632892815546,18.69403687720121,18.872970020816933,24.516022475020307,25.219163568274393,17.697610650269464,-0.878563362893936,-6.11063843124704,-1.0664534223870998,0.064788407830473,0.01672829497031441,-6.143903817588482,0.01890895985565279,0.004727239963913198,-1.0664534223870998,0.064788407830473,-6.146121510011244,0.017285156965825704,Natan Pereira BTS coral series 9.xlsx,2026-02-23 21:00:58.073,739670.0,654.0,1161.0,69.0,955.0,16.565524730889276,SHP2L,,,OK,16.0,15.0,15.0,0.0,0.0,16.652666721550897,-0.0871419906616211,-0.0646593733220065
17.0,GIRMS\IRMS-operator,2026-02-23 21:31:24.745,2026-02-23 22:51:04.788,Running,False,BTS,1019,17.0,1,10.0,True,Unknown,,"0.001 V, 0.001 V, 0.001 V",54 µbar,72 °C,,19.468 V,9.5216 kV,76 µbar,Carbon Dioxide: 0.0216 kV,"1,248 µbar",17.637 V,22.800 V,904 µbar/min,3.349 V,1.43E-007 mbar,12 %,992 µbar,µ-Volume,,Pre,17.169459141809426,18.628734238701057,19.014957435684394,24.498139634073233,25.409807577074027,17.831279315072976,-1.1658059005564825,-3.6489060638552617,-1.2887679858170287,0.06602634162132008,0.01650658540533002,-3.6926135665538293,0.025191546565091046,0.006297886641272761,-1.2969654581677312,0.059320265215125415,-3.6955274000670673,0.023116951258498233,Natan Pereira BTS coral series 9.xlsx,2026-02-23 21:31:24.745,739670.0,904.0,1248.0,76.0,992.0,16.482500709611855,BTS,,1019,OK,16.0,15.0,15.0,0.0,0.0,16.775695957262002,-0.2931952476501465,-0.21487312053027854
18.0,GIRMS\IRMS-operator,2026-02-23 22:10:24.750,2026-02-23 23:21:31.576,Running,False,BTS,1090,18.0,2,10.0,True,Unknown,,"0.002 V, 0.002 V, 0.003 V",45 µbar,73 °C,,31.723 V,9.5211 kV,64 µbar,Carbon Dioxide: 0.0211 kV,"1,031 µbar",18.462 V,38.320 V,405 µbar/min,16.918 V,1.50E-007 mbar,10 %,985 µbar,µ-Volume,28.738 V,Pre,30.999163430111945,33.57708257028337,19.94782489129778,44.200330451489116,26.657074168682716,18.707523386853282,-2.7649905662326946,-4.290097990776731,-2.6744400816801854,0.0890009742561405,0.022979952739351144,-4.153311320637141,0.08522307340039087,0.021305768350097717,-2.652769141141646,0.10373359845179618,-4.144192209294502,0.07972569830991792,Natan Pereira BTS coral series 9.xlsx,2026-02-23 22:10:24.750,739670.0,405.0,1031.0,64.0,985.0,29.555375020878856,BTS,,1090,OK,16.0,15.0,15.0,0.0,0.0,17.588580291646068,11.966794729232788,14.999132368721458
19.0,GIRMS\IRMS-operator,2026-02-23 22:51:04.910,2026-02-23 23:54:24.736,Running,False,BTS,829,19.0,1,11.0,True,Unknown,,"0.002 V, 0.002 V, 0.003 V",57 µbar,72 °C,,5.914 V,9.5210 kV,57 µbar,Carbon Dioxide: 0.0210 kV,"1,021 µbar",5.418 V,6.492 V,366 µbar/min,17.701 V,6.46E-008 mbar,48 %,853 µbar,µ-Volume,,Pre,5.416456340821793,5.883465045745313,5.857835072934541,7.729208083621589,7.820641521509318,5.485860172767742,-1.2966207607857383,-3.9187798880779834,-1.3006553895752104,0.017905506493828775,0.004476376623457194,-3.9140959332359255,0.028948854626104165,0.007237213656526041,-1.3009243648278417,0.018500471031149126,-3.9137836695797885,0.029937006125509494,Natan Pereira BTS coral series 9.xlsx,2026-02-23 22:51:04.910,739670.0,366.0,1021.0,57.0,853.0,5.2535475900071456,BTS,,829,OK,16.0,15.0,15.0,0.0,0.0,5.245227260840065,0.008320329167080587,0.006216006740976304
20.0,GIRMS\IRMS-operator,2026-02-23 23:21:31.687,2026-02-24 00:31:04.471,Running,False,BTS,1031,20.0,2,11.0,True,Unknown,,"0.002 V, 0.002 V, 0.002 V",45 µbar,73 °C,,17.450 V,9.5214 kV,71 µbar,Carbon Dioxide: 0.0214 kV,"1,168 µbar",17.093 V,20.088 V,689 µbar/min,5.347 V,1.42E-007 mbar,10 %,948 µbar,µ-Volume,,Pre,16.774359713642568,18.18439794907647,18.472273482180412,23.943865450553503,24.684155138663854,17.321306835262746,-2.066506362672582,-3.299537013542242,-2.2337181635720813,0.06241501131440117,0.01611548662493488,-3.3392378459928005,0.02018004087996892,0.0052104641502603,-2.2337181635720813,0.06241501131440119,-3.3384499064977056,0.021990437095611586,Natan Pereira BTS coral series 9.xlsx,2026-02-23 23:21:31.687,739670.0,689.0,1168.0,71.0,948.0,16.139361630527944,BTS,,1031,OK,16.0,15.0,15.0,0.0,0.0,16.3017395840573,-0.1623779535293579,-0.11991184161781065
21.0,GIRMS\IRMS-operator,2026-02-23 23:54:24.869,2026-02-24 01:12:52.450,Running,False,SHP2L,,21.0,1,12.0,True,QC Standard,SHP2L,"0.001 V, 0.001 V, 0.001 V",54 µbar,72 °C,,15.126 V,9.5215 kV,71 µbar,Carbon Dioxide: 0.0215 kV,"1,209 µbar",13.733 V,17.411 V,825 µbar/min,3.345 V,1.19E-007 mbar,17 %,965 µbar,µ-Volume,,Pre,13.392494563272965,14.541321658265419,14.758491181504557,19.064332635628972,19.715468676316533,13.83277917306758,-0.9128784507027587,-6.137998058106664,-0.9879191634835013,0.03754133526583541,0.009385333816458853,-6.161443183130201,0.01739086138005149,0.004347715345012873,-0.9929218776688842,0.032878305906757437,-6.1630061914651035,0.01679777213099739,Natan Pereira BTS coral series 9.xlsx,2026-02-23 23:54:24.869,739670.0,825.0,1209.0,71.0,965.0,12.896166686228288,SHP2L,,,OK,16.0,15.0,15.0,0.0,0.0,13.073505405596269,-0.17733871936798096,-0.13048324919166848
22.0,GIRMS\IRMS-operator,2026-02-24 00:31:04.607,2026-02-24 01:43:16.515,Running,False,BTS,815,22.0,2,12.0,True,Unknown,,"0.002 V, 0.002 V, 0.002 V",45 µbar,72 °C,,7.578 V,9.5214 kV,54 µbar,Carbon Dioxide: 0.0214 kV,926 µbar,7.478 V,8.380 V,278 µbar/min,13.296 V,8.26E-008 mbar,36 %,860 µbar,µ-Volume,,Pre,7.337143027950553,7.964418359988827,8.06240156902621,10.470000445256249,10.765107197187069,7.551667620479661,-1.8075423117145384,-3.8902005815367735,-1.8657996712179679,0.02172354667889513,0.005608995633861352,-3.896135711672334,0.021987483999987675,0.005496870999996919,-1.8657996712179676,0.021723546678895127,-3.8965313870147043,0.02270016934387957,Natan Pereira BTS coral series 9.xlsx,2026-02-24 00:31:04.607,739671.0,278.0,926.0,54.0,860.0,7.115003992855149,BTS,,815,OK,16.0,15.0,15.0,0.0,0.0,7.1974670189019,-0.08246302604675115,-0.06080472656652118
23.0,GIRMS\IRMS-operator,2026-02-24 01:12:52.566,2026-02-24 02:15:17.237,Running,False,BTS,1091,23.0,1,13.0,True,Unknown,,"0.002 V, 0.002 V, 0.002 V",54 µbar,72 °C,,48.430 V,9.5215 kV,81 µbar,Carbon Dioxide: 0.0215 kV,"1,263 µbar",17.988 V,48.985 V,874 µbar/min,7.342 V,1.46E-007 mbar,10 %,"1,034 µbar",µ-Volume,36.427 V,Pre,39.16530112852843,42.34899286497199,19.431737105732797,48.985202927167215,25.966500062520307,18.22265784373076,-4.536238413655691,-126.60451208304212,-4.259436375790778,0.20446786645026155,0.05111696661256539,-10.974809233297865,19.374129936321623,5.0023788393754804,-4.240982906599784,0.19737189337407127,-4.588846705135955,0.12909016046676525,Natan Pereira BTS coral series 9.xlsx,2026-02-24 01:12:52.566,739671.0,874.0,1263.0,81.0,1034.0,37.09070186247619,BTS,,1091,Partially Saturated Collectors,16.0,15.0,13.0,0.0,2.0,17.142189546726062,19.948512315750126,32.19525575352124
24.0,GIRMS\IRMS-operator,2026-02-24 01:43:16.688,2026-02-24 02:52:17.941,Running,False,BTS,1032,24.0,2,13.0,True,Unknown,,"0.002 V, 0.002 V, 0.003 V",45 µbar,73 °C,,22.247 V,9.5213 kV,64 µbar,Carbon Dioxide: 0.0213 kV,"1,034 µbar",17.164 V,26.037 V,454 µbar/min,17.205 V,1.42E-007 mbar,10 %,973 µbar,µ-Volume,20.364 V,Pre,21.6754039989553,23.472090383716967,18.557866235920336,30.931520836807977,24.797755854584466,17.401274131401586,-3.1474383676441953,-3.5474631700632697,-3.1632464567102376,0.02189704620373632,0.005653793018547007,-3.5355865405538665,0.01472587403336128,0.003802204325970432,-3.1603905525269633,0.026430393912160337,-3.532147954982704,0.017512786700091126,Natan Pereira BTS coral series 9.xlsx,2026-02-24 01:43:16.688,739671.0,454.0,1034.0,64.0,973.0,20.794775174721288,BTS,,1032,OK,16.0,15.0,15.0,0.0,0.0,16.380291269882726,4.414483904838562,4.180181651709476
25.0,GIRMS\IRMS-operator,2026-02-24 02:15:17.357,2026-02-24 03:30:46.977,Running,False,BTS,1060,25.0,1,14.0,True,Unknown,,"0.001 V, 0.001 V, 0.002 V",54 µbar,72 °C,,48.534 V,9.5217 kV,86 µbar,Carbon Dioxide: 0.0217 kV,"1,266 µbar",18.915 V,49.014 V,913 µbar/min,3.334 V,1.53E-007 mbar,10 %,"1,046 µbar",µ-Volume,48.515 V,Pre,49.0023579843012,48.97839930740168,20.430486471326855,48.98779811693683,27.302838586106443,19.160711432215326,-79.74057602344998,-301.8911267851165,-8.684665156573187,16.847869311613618,4.502782475800078,-106.25478632829508,123.28875356008623,30.82218839002156,-3.805859667180416,0.2885278656466035,-4.41574119758251,0.10703598982495259,Natan Pereira BTS coral series 9.xlsx,2026-02-24 02:15:17.357,739671.0,913.0,1266.0,86.0,1046.0,48.99130132269537,BTS,,1060,Partially Saturated Collectors,16.0,12.0,7.0,3.0,8.0,18.008866573092096,30.982434749603275,62.868159512638805
26.0,GIRMS\IRMS-operator,2026-02-24 02:52:18.083,2026-02-24 04:05:34.218,Running,False,SHP2L,,26.0,2,14.0,True,QC Standard,SHP2L,"0.002 V, 0.002 V, 0.003 V",45 µbar,72 °C,,6.306 V,9.5215 kV,67 µbar,Carbon Dioxide: 0.0215 kV,"1,114 µbar",5.803 V,6.908 V,415 µbar/min,18.116 V,6.72E-008 mbar,46 %,850 µbar,µ-Volume,,Pre,5.807064208877456,6.310869325188765,6.275932599783674,8.268710080556819,8.37874668578625,5.877531800163162,-0.7888709780430325,-6.049309876367315,-0.8141372962325495,0.018665217358789885,0.004819338398928987,-6.0619430406789965,0.01635970448663099,0.004224057535039773,-0.8115776173350426,0.02419206682776403,-6.066686400115289,0.021834010484639815,Natan Pereira BTS coral series 9.xlsx,2026-02-24 02:52:18.083,739671.0,415.0,1114.0,67.0,850.0,5.639786959326029,SHP2L,,,OK,16.0,15.0,15.0,0.0,0.0,5.61641291727935,0.023374042046679477,0.01750733726015489
27.0,GIRMS\IRMS-operator,2026-02-24 03:30:47.159,2026-02-24 04:36:35.453,Running,False,BTS,1061,27.0,1,15.0,True,Unknown,,"0.002 V, 0.002 V, 0.002 V",57 µbar,72 °C,,17.259 V,9.5216 kV,81 µbar,Carbon Dioxide: 0.0216 kV,"1,270 µbar",16.890 V,20.019 V,874 µbar/min,5.727 V,1.39E-007 mbar,11 %,987 µbar,µ-Volume,,Pre,16.57719910144806,17.978630207433454,18.20222213114714,23.65759398034504,24.321649327787668,17.06686615943909,-1.6657249173023247,-3.5002583431711365,-1.8343115657244595,0.05674869068195577,0.014652448928686047,-3.5417582742756233,0.015366545502480001,0.003967624987989568,-1.8343115657244595,0.05674869068195577,-3.541758274275623,0.015366545502480072,Natan Pereira BTS coral series 9.xlsx,2026-02-24 03:30:47.159,739671.0,874.0,1270.0,81.0,987.0,15.927314758300781,BTS,,1061,OK,16.0,15.0,15.0,0.0,0.0,16.06619358062744,-0.13887882232666016,-0.10269474007315235
28.0,GIRMS\IRMS-operator,2026-02-24 04:05:34.437,2026-02-24 05:13:55.606,Running,False,BTS,1076,28.0,2,15.0,True,Unknown,,"0.002 V, 0.002 V, 0.002 V",45 µbar,73 °C,,24.804 V,9.5215 kV,67 µbar,Carbon Dioxide: 0.0215 kV,"1,104 µbar",16.982 V,29.280 V,479 µbar/min,16.169 V,1.40E-007 mbar,10 %,980 µbar,µ-Volume,22.606 V,Pre,24.176068814423587,26.18401805927488,18.352191253206456,34.49362708089844,24.52238095758454,17.20757058444312,-3.0447461761312633,-3.7465164618472047,-2.9960517780893636,0.05749542115291474,0.014373855288228685,-3.687522647178691,0.04627304130166423,0.011568260325416057,-2.9928054848865697,0.05797575300393443,-3.6835897262007893,0.04504412684814395,Natan Pereira BTS coral series 9.xlsx,2026-02-24 04:05:34.437,739671.0,479.0,1104.0,67.0,980.0,23.159451993134525,BTS,,1076,OK,16.0,15.0,15.0,0.0,0.0,16.20591452899268,6.953537464141846,7.412131936303614
29.0,GIRMS\IRMS-operator,2026-02-24 04:36:35.589,2026-02-24 05:52:35.593,Running,False,BTS,1043,29.0,1,16.0,True,Unknown,,"0.001 V, 0.001 V, 0.002 V",54 µbar,72 °C,,27.319 V,9.5216 kV,86 µbar,Carbon Dioxide: 0.0216 kV,"1,275 µbar",18.974 V,32.823 V,991 µbar/min,3.349 V,1.52E-007 mbar,10 %,"1,012 µbar",µ-Volume,24.292 V,Pre,26.234235915431942,28.41139222240864,20.469013701443064,37.41737905886478,27.356100119617643,19.197117838153805,-2.8798872716490065,-4.0311819452912845,-2.8808092925721285,0.03774977184265056,0.00974694917798102,-3.966255812613042,0.047517443637273414,0.011879360909318354,-2.87275889591252,0.04912315354754344,-3.961927403767825,0.04580407202406353,Natan Pereira BTS coral series 9.xlsx,2026-02-24 04:36:35.589,739671.0,991.0,1275.0,86.0,1012.0,25.025945457706417,BTS,,1043,OK,16.0,15.0,15.0,0.0,0.0,18.032696398982967,6.99324905872345,7.239214181596932
30.0,GIRMS\IRMS-operator,2026-02-24 05:13:55.744,2026-02-24 06:26:36.906,Running,False,BTS,832,30.0,2,16.0,True,Unknown,,"0.002 V, 0.002 V, 0.003 V",45 µbar,73 °C,,3.328 V,9.5215 kV,74 µbar,Carbon Dioxide: 0.0215 kV,"1,195 µbar",3.333 V,3.571 V,698 µbar/min,18.150 V,5.41E-008 mbar,84 %,731 µbar,µ-Volume,,Pre,3.1786906934142047,3.450565013554575,3.630761163861147,4.538120277725148,4.8471154532887795,3.3997941232085163,-2.0345604811367046,-3.523891717923444,-2.0231299256255952,0.019602211990595638,0.0049005529976489095,-3.443686072043865,0.040576383363534085,0.010144095840883521,-2.0223678885915217,0.020043404005792267,-3.4383390289852267,0.03569197051553223,Natan Pereira BTS coral series 9.xlsx,2026-02-24 05:13:55.744,739671.0,698.0,1195.0,74.0,731.0,3.095576623960851,BTS,,832,OK,16.0,15.0,15.0,0.0,0.0,3.2621747195058397,-0.16659809554498883,-0.11791986702550755
31.0,GIRMS\IRMS-operator,2026-02-24 05:52:35.730,2026-02-24 06:58:20.586,Running,False,SHP2L,,31.0,1,17.0,True,QC Standard,SHP2L,"0.001 V, 0.001 V, 0.002 V",57 µbar,72 °C,,2.698 V,9.5218 kV,71 µbar,Carbon Dioxide: 0.0218 kV,"1,231 µbar",3.187 V,2.883 V,825 µbar/min,3.307 V,4.69E-008 mbar,100 %,716 µbar,µ-Volume,2.501 V,Pre,2.5827858606014673,2.8068535016428253,3.4918506373548204,3.6775870590659103,4.661409471946702,3.269660113571394,-0.9609062913134014,-6.153425414840208,-0.9482833492324927,0.017232237732508156,0.004449344650392743,-6.148368456820159,0.023873813659211793,0.005968453414802948,-0.9432742372114925,0.02319107124121933,-6.14803132628549,0.024672290703980197,Natan Pereira BTS coral series 9.xlsx,2026-02-24 05:52:35.730,739671.0,825.0,1231.0,71.0,716.0,2.5132629915670006,SHP2L,,,OK,16.0,15.0,15.0,0.0,0.0,3.136357921982492,-0.6230949304154914,-0.3724338469437405
32.0,GIRMS\IRMS-operator,2026-02-24 06:26:37.096,2026-02-24 07:36:10.669,Running,False,BTS,1039,32.0,2,17.0,True,Unknown,,"0.001 V, 0.001 V, 0.001 V",45 µbar,73 °C,,28.372 V,9.5218 kV,64 µbar,Carbon Dioxide: 0.0218 kV,"1,080 µbar",17.639 V,33.984 V,415 µbar/min,3.162 V,1.44E-007 mbar,10 %,985 µbar,µ-Volume,25.434 V,Pre,27.37800776958466,29.66099443493657,19.071007395370536,39.04655910476759,25.48508680805281,17.88292825222015,-2.665749582944743,-4.148092730229869,-2.5833057229659944,0.08616285836659272,0.02154071459164818,-4.028644630328822,0.06391553897181737,0.015978884742954343,-2.577809465634077,0.08623491574532527,-4.020681423668752,0.05735783876945155,Natan Pereira BTS coral series 9.xlsx,2026-02-24 06:26:37.096,739671.0,415.0,1080.0,64.0,985.0,26.159167289733887,BTS,,1039,OK,16.0,15.0,15.0,0.0,0.0,16.823694109916687,9.3354731798172,10.827333028418238
33.0,GIRMS\IRMS-operator,2026-02-24 06:58:20.789,2026-02-24 08:18:49.903,Running,False,BTS,826,33.0,1,18.0,True,Unknown,,"0.001 V, 0.001 V, 0.001 V",54 µbar,72 °C,,10.825 V,9.5218 kV,84 µbar,Carbon Dioxide: 0.0218 kV,"1,270 µbar",9.882 V,12.240 V,967 µbar/min,3.343 V,9.72E-008 mbar,26 %,936 µbar,µ-Volume,,Pre,9.683906403823068,10.502598900924632,10.624400992523146,13.81511986255646,14.189139008522035,9.953656937219302,-2.4573545318928858,-4.153873236775518,-2.536795301840936,0.04064326877201462,0.010160817193003656,-4.149517371282434,0.013240784333611732,0.0034187558143201537,-2.5420913531708056,0.03590321426303637,-4.146493150152614,0.01686057528613461,Natan Pereira BTS coral series 9.xlsx,2026-02-24 06:58:20.789,739671.0,967.0,1270.0,84.0,936.0,9.3525142923371,BTS,,826,OK,16.0,15.0,15.0,0.0,0.0,9.454100915051141,-0.1015866227140414,-0.07495960281604194
34.0,GIRMS\IRMS-operator,2026-02-24 07:36:10.838,2026-02-24 08:48:59.132,Running,False,BTS,822,34.0,2,18.0,True,Unknown,,"0.002 V, 0.002 V, 0.002 V",45 µbar,73 °C,,8.511 V,9.5215 kV,67 µbar,Carbon Dioxide: 0.0215 kV,"1,121 µbar",8.469 V,9.480 V,542 µbar/min,9.668 V,8.77E-008 mbar,31 %,872 µbar,µ-Volume,,Pre,8.278260265955637,8.987643509779536,9.077741695738432,11.819596012607146,12.122473864816653,8.503357206949902,-1.5636501418970772,-3.3840748574733848,-1.5918661683099604,0.021442310522509403,0.005360577630627351,-3.3970525350043155,0.014595760014277835,0.0037686090307025456,-1.593747236737486,0.020783526761747266,-3.3952039476382665,0.017768040871451302,Natan Pereira BTS coral series 9.xlsx,2026-02-24 07:36:10.838,739671.0,542.0,1121.0,67.0,872.0,8.024418985018444,BTS,,822,OK,16.0,15.0,15.0,0.0,0.0,8.093760791818786,-0.06934180680034174,-0.05127917071611
35.0,GIRMS\IRMS-operator,2026-02-24 08:18:50.071,2026-02-24 09:21:05.324,Running,False,BTS,1057,35.0,1,19.0,True,Unknown,,"0.002 V, 0.002 V, 0.002 V",54 µbar,72 °C,,24.590 V,9.5214 kV,69 µbar,Carbon Dioxide: 0.0214 kV,"1,192 µbar",17.785 V,29.345 V,650 µbar/min,8.296 V,1.45E-007 mbar,10 %,"1,009 µbar",µ-Volume,22.279 V,Pre,23.9358851943034,25.93870358464294,19.21190218922668,34.13425332128503,25.674730001086967,18.015668753148923,-2.3797833502742227,-4.277371908719352,-2.3898089621010374,0.04620427496359161,0.011551068740897903,-4.226332667932181,0.029536803469553067,0.007384200867388267,-2.390477336222825,0.0477458387279277,-4.222930051879702,0.027134151317173363,Natan Pereira BTS coral series 9.xlsx,2026-02-24 08:18:50.071,739671.0,650.0,1192.0,69.0,1009.0,22.885979178907284,BTS,,1057,OK,16.0,15.0,15.0,0.0,0.0,16.945020321370965,5.9409588575363195,5.9850331044207286
36.0,GIRMS\IRMS-operator,2026-02-24 08:48:59.257,2026-02-24 09:58:44.504,Running,False,SHP2L,,36.0,2,19.0,True,QC Standard,SHP2L,"0.002 V, 0.002 V, 0.003 V",45 µbar,73 °C,,7.224 V,9.5213 kV,57 µbar,Carbon Dioxide: 0.0213 kV,"1,014 µbar",6.656 V,7.964 V,386 µbar/min,17.021 V,7.71E-008 mbar,38 %,850 µbar,µ-Volume,,Pre,6.555390887175983,7.123407260357786,7.179621712651046,9.335096540848127,9.586786535324284,6.724117853595524,-0.8276056386928854,-6.0901004493684185,-0.8386178800021542,0.022553054841722067,0.005638263710430517,-6.103273816635009,0.012709938487643598,0.003281692006264289,-0.8393520294227724,0.023145888482738845,-6.101168896865251,0.016953521051569498,Natan Pereira BTS coral series 9.xlsx,2026-02-24 08:48:59.257,739671.0,386.0,1014.0,57.0,850.0,6.359872751151508,SHP2L,,,OK,16.0,15.0,15.0,0.0,0.0,6.417123012458271,-0.057250261306762695,-0.04232219098585696
37.0,GIRMS\IRMS-operator,2026-02-24 09:21:05.456,2026-02-24 10:38:45.409,Running,False,BTS,1069,37.0,1,20.0,True,Unknown,,"0.001 V, 0.001 V, 0.001 V",49 µbar,72 °C,,14.716 V,9.5216 kV,79 µbar,Carbon Dioxide: 0.0216 kV,"1,246 µbar",13.369 V,16.790 V,"1,050 µbar/min",3.340 V,1.19E-007 mbar,17 %,948 µbar,µ-Volume,,Pre,13.072452203453764,14.18082941848011,14.369910252868843,18.655859610600032,19.198038360638183,13.467690602959381,-1.8899948246887677,-3.783440853322606,-2.0311544838525597,0.041794548271423426,0.01079130596116566,-3.8144057709569514,0.023066351111701664,0.005766587777925416,-2.0311544838525597,0.041794548271423475,-3.8164700987992406,0.022293657711837448,Natan Pereira BTS coral series 9.xlsx,2026-02-24 09:21:05.456,739671.0,1050.0,1246.0,79.0,948.0,12.602290765465485,BTS,,1069,OK,16.0,15.0,15.0,0.0,0.0,12.733659402550444,-0.13136863708495916,-0.09697740712244565
38.0,GIRMS\IRMS-operator,2026-02-24 09:58:44.679,2026-02-24 11:13:13.789,Running,False,BTS,846,38.0,2,20.0,True,Unknown,,"0.002 V, 0.002 V, 0.002 V",40 µbar,72 °C,,8.812 V,9.5213 kV,67 µbar,Carbon Dioxide: 0.0213 kV,"1,161 µbar",8.151 V,9.784 V,576 µbar/min,12.960 V,8.81E-008 mbar,31 %,882 µbar,µ-Volume,,Pre,8.01632773259639,8.696753157429184,8.779743773544906,11.444197167577833,11.725065646860843,8.223587785983028,-2.3739001981630814,-3.622755863013527,-2.3723320320665633,0.014716029130154375,0.003799662382892741,-3.639146895167443,0.022687383473008017,0.005671845868252004,-2.368969877051426,0.01936039180992786,-3.6402396306443707,0.02304372169743082,Natan Pereira BTS coral series 9.xlsx,2026-02-24 09:58:44.679,739671.0,576.0,1161.0,67.0,882.0,7.778155695758122,BTS,,846,OK,16.0,15.0,15.0,0.0,0.0,7.829512052870435,-0.05135635711231323,-0.03805561571430182
39.0,GIRMS\IRMS-operator,2026-02-24 10:38:45.614,2026-02-24 11:44:11.449,Running,False,BTS,1078,39.0,1,21.0,True,Unknown,,"0.002 V, 0.002 V, 0.002 V",52 µbar,72 °C,,14.898 V,9.5214 kV,69 µbar,Carbon Dioxide: 0.0214 kV,"1,207 µbar",14.716 V,17.106 V,767 µbar/min,8.001 V,1.29E-007 mbar,14 %,948 µbar,µ-Volume,,Pre,14.455392956733704,15.674948146413202,15.8442551398977,20.62791968964381,21.17135013722224,14.851808547973633,-2.12822024434578,-3.8650639164492517,-2.2661461179692846,0.045907231018253114,0.01185319608027939,-3.905477470794921,0.021930263100119765,0.005482565775029941,-2.266146117969285,0.045907231018253156,-3.9081717077512996,0.019769940255889226,Natan Pereira BTS coral series 9.xlsx,2026-02-24 10:38:45.614,739671.0,767.0,1207.0,69.0,948.0,13.916955548551227,BTS,,1078,OK,16.0,15.0,15.0,0.0,0.0,14.018179040006789,-0.10122349145556164,-0.07495775284399925
40.0,GIRMS\IRMS-operator,2026-02-24 11:13:13.937,2026-02-24 12:22:29.495,Running,False,BTS,1097,40.0,2,21.0,True,Unknown,,"0.002 V, 0.002 V, 0.002 V",40 µbar,73 °C,,7.597 V,9.5213 kV,54 µbar,Carbon Dioxide: 0.0213 kV,"1,031 µbar",7.016 V,8.392 V,454 µbar/min,14.196 V,8.18E-008 mbar,35 %,836 µbar,µ-Volume,,Pre,6.9091935233627435,7.499040638818344,7.5612231251784285,9.865997256135893,10.097322882509186,7.081413912345215,-2.0295117813030616,-3.4503402924801474,-2.039729069769965,0.0290120082895606,0.00725300207239015,-3.4368858360415513,0.017908127410760557,0.004623858614909079,-2.0404102223344247,0.029897559454919346,-3.432675572391124,0.021568722920559804,Natan Pereira BTS coral series 9.xlsx,2026-02-24 11:13:13.937,739671.0,454.0,1031.0,54.0,836.0,6.699870043845336,BTS,,1097,OK,16.0,15.0,15.0,0.0,0.0,6.752605203018195,-0.05273515917285909,-0.039028143093208505
41.0,GIRMS\IRMS-operator,2026-02-24 11:44:11.596,2026-02-24 13:02:26.821,Running,False,SHP2L,,41.0,1,22.0,True,QC Standard,SHP2L,"0.001 V, 0.001 V, 0.001 V",45 µbar,73 °C,,13.210 V,9.5212 kV,71 µbar,Carbon Dioxide: 0.0212 kV,"1,207 µbar",11.989 V,15.069 V,845 µbar/min,3.341 V,1.10E-007 mbar,20 %,929 µbar,µ-Volume,,Pre,11.720460683775242,12.72896553603543,12.877366200364957,16.687335018115043,17.201544288592334,12.066766585260117,-0.9004874346779657,-6.141208652052144,-0.9627622136254861,0.034168455131603305,0.008822257179355664,-6.166849569716312,0.017953467470294426,0.004488366867573606,-0.9731690509074816,0.03746020449535969,-6.168558964227255,0.01718308514318816,Natan Pereira BTS coral series 9.xlsx,2026-02-24 11:44:11.596,739671.0,845.0,1207.0,71.0,929.0,11.296567351293858,SHP2L,,,OK,16.0,15.0,15.0,0.0,0.0,11.426687816605073,-0.13012046531121513,-0.09595207012099055
42.0,GIRMS\IRMS-operator,2026-02-24 12:22:29.641,2026-02-24 13:36:34.931,Running,False,BTS,1054,42.0,2,22.0,True,Unknown,,"0.002 V, 0.002 V, 0.002 V",37 µbar,72 °C,,7.719 V,9.5210 kV,54 µbar,Carbon Dioxide: 0.0210 kV,"1,058 µbar",7.682 V,8.511 V,547 µbar/min,11.605 V,8.34E-008 mbar,34 %,853 µbar,µ-Volume,,Pre,7.464313181935619,8.110184326226662,8.28237376766348,10.705188395717869,11.058658840397127,7.757694267725715,-0.848769618428391,1.14052629297956,-0.8925535219265756,0.02458639234839318,0.006146598087098295,1.1563328981004428,0.015037546761204633,0.0038826778782640545,-0.8954724488264546,0.02239663257755504,1.1541988354488275,0.019150055687477973,Natan Pereira BTS coral series 9.xlsx,2026-02-24 12:22:29.641,739671.0,547.0,1058.0,54.0,853.0,7.240758577738238,BTS,,1054,OK,16.0,15.0,15.0,0.0,0.0,7.390112773948912,-0.14935419621067414,-0.10915233688889797
43.0,GIRMS\IRMS-operator,2026-02-24 13:02:26.981,2026-02-24 14:10:15.802,Running,False,BTS,1055,43.0,1,23.0,True,Unknown,,"0.002 V, 0.002 V, 0.002 V",49 µbar,72 °C,,19.809 V,9.5216 kV,74 µbar,Carbon Dioxide: 0.0216 kV,"1,234 µbar",17.284 V,23.145 V,733 µbar/min,7.555 V,1.42E-007 mbar,10 %,"1,007 µbar",µ-Volume,18.000 V,Pre,19.194665920187884,20.789902485205626,18.65152624924371,27.375900899690507,24.92275253466976,17.48931742851918,-2.9532335177570035,-4.076015463709726,-3.05429907457256,0.029841463630909667,0.007705032777931164,-4.121539252796362,0.014214564273853095,0.0036701847137485307,-3.0542990745725604,0.029841463630909604,-4.121539252796362,0.014214564273853208,Natan Pereira BTS coral series 9.xlsx,2026-02-24 13:02:26.981,739671.0,733.0,1234.0,74.0,1007.0,18.413710963179522,BTS,,1055,OK,16.0,15.0,15.0,0.0,0.0,16.459811102797442,1.95389986038208,1.6304270969111687
44.0,GIRMS\IRMS-operator,2026-02-24 13:36:35.065,2026-02-24 14:48:17.665,Running,False,BTS,1027,44.0,2,23.0,True,Unknown,,"0.002 V, 0.002 V, 0.002 V",47 µbar,72 °C,,7.119 V,9.5215 kV,52 µbar,Carbon Dioxide: 0.0215 kV,943 µbar,6.577 V,7.857 V,327 µbar/min,16.514 V,7.60E-008 mbar,37 %,841 µbar,µ-Volume,,Pre,6.483618316492752,7.040010807285781,7.0781875458562435,9.254024870382842,9.449647314535675,6.62912121595516,-1.604817820905824,-3.6428107538639676,-1.6303803250216446,0.014628841332577656,0.003777150590358932,-3.653338534763975,0.023883224899985216,0.005970806224996304,-1.634600062441649,0.015809872469375562,-3.654040386823975,0.02455009944547604,Natan Pereira BTS coral series 9.xlsx,2026-02-24 13:36:35.065,739671.0,327.0,943.0,52.0,841.0,6.28925423195096,BTS,,1027,OK,16.0,15.0,15.0,0.0,0.0,6.327386303446018,-0.03813207149505793,-0.028271431998575153
45.0,GIRMS\IRMS-operator,2026-02-24 14:10:15.969,2026-02-24 15:26:51.636,Running,False,BTS,1009,45.0,1,24.0,True,Unknown,,"0.001 V, 0.001 V, 0.001 V",47 µbar,73 °C,,18.580 V,9.5217 kV,79 µbar,Carbon Dioxide: 0.0217 kV,"1,236 µbar",17.994 V,21.695 V,"1,016 µbar/min",3.344 V,1.45E-007 mbar,10 %,953 µbar,µ-Volume,,Pre,17.67117980189353,19.164342531865188,19.394610175793716,25.20779970426116,25.914293558783864,18.18649175829917,-1.6342091895765742,-3.8213262230729628,-1.8097241333997929,0.06570553778503917,0.016965096906337258,-3.872373039872172,0.020780666708463517,0.005365545072331073,-1.8097241333997924,0.06570553778503921,-3.8723730398721723,0.020780666708463614,Natan Pereira BTS coral series 9.xlsx,2026-02-24 14:10:15.969,739671.0,1016.0,1236.0,79.0,953.0,16.955015093756014,BTS,,1009,OK,16.0,15.0,15.0,0.0,0.0,17.102834612798986,-0.1478195190429723,-0.10930611965382653
46.0,GIRMS\IRMS-operator,2026-02-24 14:48:17.883,2026-02-24 15:59:55.507,Running,False,SHP2L,,46.0,2,24.0,True,QC Standard,SHP2L,"0.002 V, 0.002 V, 0.003 V",37 µbar,72 °C,,29.858 V,9.5214 kV,49 µbar,Carbon Dioxide: 0.0214 kV,982 µbar,17.524 V,35.902 V,347 µbar/min,17.243 V,1.44E-007 mbar,10 %,938 µbar,µ-Volume,27.047 V,Pre,29.16202044889177,31.619971776413145,18.936714315818968,41.50995511929453,25.301425646943446,17.756388549058094,-1.8927805709205714,-5.972023026290962,-1.7442998477501526,0.12701099549254338,0.031752748873135846,-5.855080633083986,0.08393229807144229,0.02098307451786057,-1.734401132872125,0.12491728724678615,-5.847284473536856,0.08065899781933031,Natan Pereira BTS coral series 9.xlsx,2026-02-24 14:48:17.883,739671.0,347.0,982.0,49.0,938.0,27.841866974084034,SHP2L,,,OK,16.0,15.0,15.0,0.0,0.0,16.721428398339405,11.120438575744629,13.811139243140147
1.0,GIRMS\IRMS-operator,2026-02-25 13:24:42.402,2026-02-25 14:24:04.560,Running,False,SHP2L,,1.0,1,2.0,True,QC Standard,SHP2L,"0.001 V, 0.001 V, 0.001 V",49 µbar,73 °C,,14.721 V,9.5220 kV,67 µbar,Carbon Dioxide: 0.0220 kV,"1,161 µbar",13.317 V,16.884 V,728 µbar/min,3.327 V,1.18E-007 mbar,17 %,924 µbar,µ-Volume,,Pre,13.012743729798768,14.128875763602586,14.287573130317066,18.51986826833909,19.08284903940385,13.392037886826964,-0.8633839484455397,-6.126361375201728,-0.9724875565584251,0.044346082345638214,0.011450109226279969,-6.157448728535229,0.017899555405656215,0.004474888851414054,-0.9724875565584249,0.04434608234563826,-6.159521218757462,0.016420934988826633,Natan Pereira BTS coral series 10.xlsx,2026-02-25 13:24:42.402,739672.0,728.0,1161.0,67.0,924.0,12.531585234849427,SHP2L,,,OK,16.0,15.0,15.0,0.0,0.0,12.67132832452533,-0.13974308967590332,-0.13644946710355352
2.0,GIRMS\IRMS-operator,2026-02-25 13:55:18.459,2026-02-25 14:54:09.340,Running,False,BTS,1042,2.0,2,2.0,True,Unknown,,"0.002 V, 0.002 V, 0.002 V",40 µbar,73 °C,,17.702 V,9.5218 kV,69 µbar,Carbon Dioxide: 0.0218 kV,"1,126 µbar",16.945 V,20.473 V,645 µbar/min,12.946 V,1.39E-007 mbar,10 %,926 µbar,µ-Volume,,Pre,16.721966754074113,18.135123161866,18.27786138494187,23.856778282754433,24.419013995759496,17.139378081436174,-1.6116289304074494,-3.569958688832031,-1.7693025240140159,0.06344991430360813,0.016382697427744137,-3.6325739476282295,0.0171468478056005,0.004427297066069594,-1.7622151408601316,0.08469937926900854,-3.63257394762823,0.017146847805600492,Natan Pereira BTS coral series 10.xlsx,2026-02-25 13:55:18.459,739672.0,645.0,1126.0,69.0,926.0,16.092646013374345,BTS,,1042,OK,16.0,15.0,15.0,0.0,0.0,16.142326484794634,-0.049680471420288086,-0.048899528782333224
3.0,GIRMS\IRMS-operator,2026-02-25 14:24:04.655,2026-02-25 15:25:19.450,Running,False,BTS,1041,3.0,1,3.0,True,Unknown,,"0.002 V, 0.002 V, 0.002 V",49 µbar,73 °C,,19.383 V,9.5220 kV,118 µbar,Carbon Dioxide: 0.0220 kV,"1,300 µbar",16.695 V,22.596 V,"1,382 µbar/min",16.286 V,1.40E-007 mbar,10 %,975 µbar,µ-Volume,17.657 V,Pre,18.82236184611638,20.408040548496874,18.023556734257372,26.849912054270117,24.079205043047278,16.90064849391301,-1.884103637598944,-3.7102240669102393,-1.9216172013094557,0.026917728769240003,0.006729432192310001,-3.741485128438367,0.0192550008995507,0.004813750224887675,-1.924118105556823,0.025866934958877846,-3.7435691992069082,0.017966082453643725,Natan Pereira BTS coral series 10.xlsx,2026-02-25 14:24:04.655,739672.0,1382.0,1300.0,118.0,975.0,18.05502655043919,BTS,,1041,OK,16.0,15.0,15.0,0.0,0.0,15.924503226426438,2.130523324012753,2.38493290532118
4.0,GIRMS\IRMS-operator,2026-02-25 14:54:09.514,2026-02-25 16:04:45.846,Running,False,BTS,847,4.0,2,3.0,True,Unknown,,"0.002 V, 0.002 V, 0.002 V",45 µbar,72 °C,,8.693 V,9.5222 kV,64 µbar,Carbon Dioxide: 0.0222 kV,"1,090 µbar",7.970 V,9.674 V,498 µbar/min,16.010 V,8.43E-008 mbar,29 %,880 µbar,µ-Volume,,Pre,7.83354331183039,8.496393580014507,8.566101212079325,11.176443777210782,11.435053183100859,8.024046526662534,-2.537988441783434,-3.7806117085006363,-2.5803196830981974,0.013295330520116458,0.0034328395791156157,-3.8297925762501057,0.015152846866016003,0.003912448237314082,-2.5803196830981974,0.013295330520116083,-3.8297925762501053,0.015152846866015987,Natan Pereira BTS coral series 10.xlsx,2026-02-25 14:54:09.514,739672.0,498.0,1090.0,64.0,880.0,7.590669285531868,BTS,,847,OK,16.0,15.0,15.0,0.0,0.0,7.644700896020757,-0.054031610488889825,-0.05296940799391873
5.0,GIRMS\IRMS-operator,2026-02-25 15:25:19.570,2026-02-25 16:41:37.020,Running,False,BTS,1096,5.0,1,4.0,True,Unknown,,"0.001 V, 0.001 V, 0.001 V",52 µbar,73 °C,,24.056 V,9.5227 kV,74 µbar,Carbon Dioxide: 0.0227 kV,"1,229 µbar",18.072 V,28.625 V,796 µbar/min,3.342 V,1.45E-007 mbar,10 %,"1,002 µbar",µ-Volume,21.515 V,Pre,23.127238059940016,25.051737450143747,19.50749220707124,32.98753300578899,26.06107095153637,18.29324176401106,-2.781678119825437,-3.7245660774308798,-2.699874272308736,0.061008230747981146,0.015252057686995286,-3.683918033036325,0.026479570182429565,0.006619892545607391,-2.694420682474289,0.05897461268885888,-3.6812081634100213,0.025007284855357692,Natan Pereira BTS coral series 10.xlsx,2026-02-25 15:25:19.570,739672.0,796.0,1229.0,74.0,1002.0,22.107790018024122,BTS,,1096,OK,16.0,15.0,15.0,0.0,0.0,17.210150862636244,4.897639155387878,6.211622756828461
6.0,GIRMS\IRMS-operator,2026-02-25 16:04:45.958,2026-02-25 17:16:53.326,Running,False,SHP2L,,6.0,2,4.0,True,QC Standard,SHP2L,"0.002 V, 0.002 V, 0.002 V",45 µbar,72 °C,,12.019 V,9.5222 kV,64 µbar,Carbon Dioxide: 0.0222 kV,"1,104 µbar",11.019 V,13.560 V,469 µbar/min,17.337 V,1.02E-007 mbar,21 %,929 µbar,µ-Volume,,Pre,10.81121063623231,11.742311608669002,11.85426403271838,15.387903264730147,15.827770642011336,11.10759473237794,-0.8617758539896103,-6.057182588459331,-0.946216362925039,0.022871698713384295,0.006112718602785886,-6.101610184999911,0.027684722573691024,0.006921180643422756,-0.9404636607491359,0.03133932048064563,-6.1045720247692845,0.025899888586453187,Natan Pereira BTS coral series 10.xlsx,2026-02-25 16:04:45.958,739672.0,469.0,1104.0,64.0,929.0,10.453538064096383,SHP2L,,,OK,16.0,15.0,15.0,0.0,0.0,10.53735709581178,-0.08381903171539662,-0.08209786835722402
7.0,GIRMS\IRMS-operator,2026-02-25 16:41:37.116,2026-02-25 17:48:41.127,Running,False,BTS,1018,7.0,1,5.0,True,Unknown,,"0.002 V, 0.002 V, 0.002 V",54 µbar,72 °C,,8.283 V,9.5227 kV,84 µbar,Carbon Dioxide: 0.0227 kV,"1,285 µbar",7.606 V,9.213 V,933 µbar/min,10.746 V,8.06E-008 mbar,32 %,919 µbar,µ-Volume,,Pre,7.476483650546549,8.119145646210704,8.158171750159196,10.6667442424229,10.890764050172843,7.641916184351886,-1.334468224951646,-3.8180829131041483,-1.3578522301177856,0.01554726482483048,0.00388681620620762,-3.8264794101424546,0.01606628411609064,0.004148296721137053,-1.3594111637955284,0.014741815749321272,-3.830525243439098,0.02075722431707453,Natan Pereira BTS coral series 10.xlsx,2026-02-25 16:41:37.116,739672.0,933.0,1285.0,84.0,919.0,7.23828881602319,BTS,,1018,OK,16.0,15.0,15.0,0.0,0.0,7.283834146225656,-0.04554533020246598,-0.04468660377420525
8.0,GIRMS\IRMS-operator,2026-02-25 17:16:53.477,2026-02-25 18:26:53.763,Running,False,BTS,1025,8.0,2,5.0,True,Unknown,,"0.002 V, 0.002 V, 0.002 V",47 µbar,73 °C,,10.560 V,9.5225 kV,74 µbar,Carbon Dioxide: 0.0225 kV,"1,170 µbar",9.733 V,11.862 V,586 µbar/min,7.469 V,9.39E-008 mbar,23 %,926 µbar,µ-Volume,,Pre,9.542294588903916,10.347135089812937,10.434411190925305,13.614988587826426,13.930520676106148,9.775954375056191,-2.6159570399143517,-3.643869534682209,-2.692341986351139,0.02520135876744184,0.006506962853873368,-3.6765703379803836,0.021730809150009408,0.005432702287502352,-2.6923419863511397,0.02520135876744165,-3.6787503915335957,0.020603031947373698,Natan Pereira BTS coral series 10.xlsx,2026-02-25 17:16:53.477,739672.0,586.0,1170.0,74.0,926.0,9.234615705998795,BTS,,1025,OK,16.0,15.0,15.0,0.0,0.0,9.288945287898837,-0.054329581900042,-0.05332691001814474
9.0,GIRMS\IRMS-operator,2026-02-25 17:48:41.223,2026-02-25 19:07:40.352,Running,False,BTS,1028,9.0,1,6.0,True,Unknown,,"0.001 V, 0.001 V, 0.001 V",57 µbar,73 °C,,7.961 V,9.5227 kV,84 µbar,Carbon Dioxide: 0.0227 kV,"1,275 µbar",7.242 V,8.846 V,938 µbar/min,3.342 V,7.75E-008 mbar,37 %,921 µbar,µ-Volume,,Pre,7.096823608470019,7.707757742758974,7.766855748053774,10.125842243234052,10.367404967347516,7.275100930974708,-1.2264871016854917,-3.685510095492339,-1.255430085485551,0.024916320766522414,0.006229080191630603,-3.680321169833893,0.007111779702239773,0.0018362536232447053,-1.2573596177388884,0.02452229725329143,-3.6825334135400194,0.012189584126743008,Natan Pereira BTS coral series 10.xlsx,2026-02-25 17:48:41.223,739672.0,938.0,1275.0,84.0,921.0,6.86873175160114,BTS,,1028,OK,16.0,15.0,15.0,0.0,0.0,6.937701354188829,-0.06896960258768914,-0.06741806958072934
10.0,GIRMS\IRMS-operator,2026-02-25 18:26:53.968,2026-02-25 19:38:13.856,Running,False,BTS,1023,10.0,2,6.0,True,Unknown,,"0.002 V, 0.002 V, 0.002 V",49 µbar,72 °C,,13.380 V,9.5225 kV,76 µbar,Carbon Dioxide: 0.0225 kV,"1,187 µbar",13.275 V,15.207 V,615 µbar/min,7.117 V,1.15E-007 mbar,17 %,960 µbar,µ-Volume,,Pre,13.029563878697234,14.123189339171125,14.262306580076888,18.590890556008603,19.045107751519463,13.367119561303278,-2.636502439364974,-3.487315458079676,-2.745279805229546,0.040875769054845475,0.010554078187522466,-3.5214631439604918,0.023208846556290227,0.005802211639072557,-2.745279805229546,0.04087576905484544,-3.523739656352546,0.022097117291012873,Natan Pereira BTS coral series 10.xlsx,2026-02-25 18:26:53.968,739672.0,615.0,1187.0,76.0,960.0,12.581022028779088,BTS,,1023,OK,16.0,15.0,15.0,0.0,0.0,12.642861847733558,-0.06183981895446955,-0.060757007382748765
11.0,GIRMS\IRMS-operator,2026-02-25 19:07:40.450,2026-02-25 20:11:20.217,Running,False,SHP2L,,11.0,1,7.0,True,QC Standard,SHP2L,"0.002 V, 0.002 V, 0.002 V",62 µbar,73 °C,,5.031 V,9.5226 kV,79 µbar,Carbon Dioxide: 0.0226 kV,"1,263 µbar",4.631 V,5.475 V,801 µbar/min,12.868 V,6.09E-008 mbar,58 %,848 µbar,µ-Volume,,Pre,4.608518993148811,5.007746728867731,5.018758665986381,6.55953681896721,6.6982001581597554,4.700235465361655,-0.8882595234654955,-6.089536919297034,-0.8922746824789737,0.016137656998008936,0.004166725120006412,-6.113020067653404,0.02998209354056485,0.007741343264469376,-0.896225327489956,0.021460356724229333,-6.119952656867919,0.035650845520045917,Natan Pereira BTS coral series 10.xlsx,2026-02-25 19:07:40.450,739672.0,801.0,1263.0,79.0,848.0,4.475277810496501,SHP2L,,,OK,16.0,15.0,15.0,0.0,0.0,4.501280311981849,-0.02600250148534755,-0.025524468375077224
12.0,GIRMS\IRMS-operator,2026-02-25 19:38:14.030,2026-02-25 20:48:39.419,Running,False,BTS,1068,12.0,2,7.0,True,Unknown,,"0.001 V, 0.001 V, 0.002 V",49 µbar,72 °C,,33.626 V,9.5229 kV,69 µbar,Carbon Dioxide: 0.0229 kV,"1,048 µbar",16.607 V,41.037 V,357 µbar/min,4.575 V,1.36E-007 mbar,10 %,"1,026 µbar",µ-Volume,30.242 V,Pre,32.7861058848781,35.48302712697427,17.933333542532132,46.7254470893841,23.954774052808784,16.81529463705247,-3.7805345339169127,-4.532274177900919,-3.5390274062813076,0.185362639241689,0.04634065981042225,-4.334005849853176,0.11755606448811734,0.029389016122029335,-3.5229269311056006,0.1799157636601111,-4.320787961316659,0.10868052983128172,Natan Pereira BTS coral series 10.xlsx,2026-02-25 19:38:14.030,739672.0,357.0,1048.0,69.0,1026.0,31.254475130407272,BTS,,1068,OK,16.0,15.0,15.0,0.0,0.0,15.847136391965803,15.407338738441469,30.001756331145614
13.0,GIRMS\IRMS-operator,2026-02-25 20:11:20.322,2026-02-25 21:30:41.768,Running,False,BTS,813,13.0,1,8.0,True,Unknown,,"0.001 V, 0.001 V, 0.001 V",59 µbar,73 °C,,7.546 V,9.5230 kV,71 µbar,Carbon Dioxide: 0.0230 kV,"1,207 µbar",6.893 V,8.353 V,620 µbar/min,3.338 V,7.53E-008 mbar,39 %,921 µbar,µ-Volume,,Pre,6.76029817107368,7.329223548404811,7.412029301159023,9.642968684145307,9.89315918059001,6.94250957015205,-3.018215350076181,-3.9430765236126986,-3.0391922837636067,0.026350331847387085,0.006803626427464606,-3.952790722144904,0.02343210075968013,0.005858025189920032,-3.047411167351469,0.03658069408737946,-3.9534383353803846,0.02410585805138952,Natan Pereira BTS coral series 10.xlsx,2026-02-25 20:11:20.322,739672.0,620.0,1207.0,71.0,921.0,6.548203220794802,BTS,,813,OK,16.0,15.0,15.0,0.0,0.0,6.6244455941960885,-0.07624237340128648,-0.07440920305733362
14.0,GIRMS\IRMS-operator,2026-02-25 20:48:39.524,2026-02-25 22:01:14.651,Running,False,BTS,1040,14.0,2,8.0,True,Unknown,,"0.002 V, 0.002 V, 0.002 V",52 µbar,72 °C,,20.809 V,9.5228 kV,71 µbar,Carbon Dioxide: 0.0228 kV,"1,112 µbar",17.396 V,24.267 V,562 µbar/min,6.774 V,1.41E-007 mbar,10 %,"1,002 µbar",µ-Volume,19.033 V,Pre,20.25119474829526,21.954175868528626,18.777039685743592,28.87984625251982,25.083373107034895,17.608354601276826,-1.9645880583292197,-3.838150336272439,-1.9829735367779266,0.023219825613408105,0.005804956403352026,-3.848578252158362,0.014634762286100937,0.0036586905715252343,-1.9841992353411735,0.02349292241513416,-3.849273446550756,0.014872441314602405,Natan Pereira BTS coral series 10.xlsx,2026-02-25 20:48:39.524,739672.0,562.0,1112.0,71.0,1002.0,19.456977757824372,BTS,,1040,OK,16.0,15.0,15.0,0.0,0.0,16.57430342139096,2.8826743364334106,3.341129534845865
15.0,GIRMS\IRMS-operator,2026-02-25 21:30:41.883,2026-02-25 22:34:42.837,Running,False,BTS,1026,15.0,1,9.0,True,Unknown,,"0.002 V, 0.002 V, 0.003 V",59 µbar,72 °C,,10.759 V,9.5227 kV,71 µbar,Carbon Dioxide: 0.0227 kV,"1,197 µbar",9.847 V,12.130 V,620 µbar/min,16.718 V,9.53E-008 mbar,23 %,951 µbar,µ-Volume,,Pre,9.667777214981937,10.49236133541884,10.597384719513078,13.792804632653546,14.148733768929791,9.929118733159905,-1.7159111840300278,-3.7285751228209874,-1.7850502702345448,0.023297332593533303,0.006015345409720648,-3.754084723070192,0.018186772738376177,0.004546693184594044,-1.785050270234545,0.02329733259353328,-3.7557853630868054,0.01745864130635252,Natan Pereira BTS coral series 10.xlsx,2026-02-25 21:30:41.883,739672.0,620.0,1197.0,71.0,951.0,9.34382597062769,BTS,,1026,OK,16.0,15.0,15.0,0.0,0.0,9.433938717767614,-0.09011274713992456,-0.08812021626273078
16.0,GIRMS\IRMS-operator,2026-02-25 22:01:14.780,2026-02-25 23:11:40.934,Running,False,SHP2L,,16.0,2,9.0,True,QC Standard,SHP2L,"0.002 V, 0.002 V, 0.002 V",49 µbar,72 °C,,8.946 V,9.5230 kV,67 µbar,Carbon Dioxide: 0.0230 kV,"1,031 µbar",8.922 V,9.931 V,371 µbar/min,9.620 V,8.90E-008 mbar,26 %,899 µbar,µ-Volume,,Pre,8.677536879292152,9.426933569541925,9.615185191770708,12.351820987189365,12.837122004950595,9.007767344652434,-0.8259098001764942,-6.077482477766849,-0.8798760525433255,0.03690474016490211,0.009226185041225528,-6.0859045119980095,0.01637351635821904,0.00409337908955476,-0.8834738027011143,0.035175970097390874,-6.0864659809467545,0.016788008470538206,Natan Pereira BTS coral series 10.xlsx,2026-02-25 22:01:14.780,739672.0,371.0,1031.0,67.0,899.0,8.410231350633875,SHP2L,,,OK,16.0,15.0,15.0,0.0,0.0,8.568907414189002,-0.1586760635551272,-0.1537628940917176
17.0,GIRMS\IRMS-operator,2026-02-25 22:34:42.966,2026-02-25 23:50:16.702,Running,False,BTS,1035,17.0,1,10.0,True,Unknown,,"0.001 V, 0.001 V, 0.001 V",59 µbar,72 °C,,35.880 V,9.5231 kV,67 µbar,Carbon Dioxide: 0.0231 kV,"1,100 µbar",17.627 V,44.409 V,606 µbar/min,3.338 V,1.44E-007 mbar,10 %,"1,056 µbar",µ-Volume,31.547 V,Pre,34.55147481813623,37.386097211194,19.027106661152803,48.960789000517764,25.419263994223506,17.842489847089777,-3.8821790785467103,-10.240470312772976,-3.6061712260131924,0.18926494073935948,0.04731623518483987,-4.456554410270524,0.12020931652379173,0.031037912063708095,-3.5877707025109578,0.180487285515508,-4.456554410270523,0.12020931652379153,Natan Pereira BTS coral series 10.xlsx,2026-02-25 22:34:42.966,739672.0,606.0,1100.0,67.0,1056.0,32.8132543648739,BTS,,1035,OK,16.0,15.0,15.0,0.0,0.0,16.79966188326074,16.01359248161316,30.881271298849413
18.0,GIRMS\IRMS-operator,2026-02-25 23:11:41.081,2026-02-26 00:24:13.083,Running,False,BTS,1024,18.0,2,10.0,True,Unknown,,"0.002 V, 0.002 V, 0.003 V",49 µbar,72 °C,,23.027 V,9.5228 kV,71 µbar,Carbon Dioxide: 0.0228 kV,"1,139 µbar",16.882 V,27.034 V,454 µbar/min,16.924 V,1.41E-007 mbar,10 %,997 µbar,µ-Volume,21.060 V,Pre,22.47154036735866,24.326678205170502,18.211196947731842,32.05214488760032,24.328351500187296,17.075770294421652,-3.4915696547548336,-3.7986394727644868,-3.5210949974282686,0.02475037523664067,0.006390519406926251,-3.7589529988619548,0.025443610929550737,0.006360902732387684,-3.5143655229661492,0.04144433426621416,-3.756307233935119,0.023950309818272907,Natan Pereira BTS coral series 10.xlsx,2026-02-25 23:11:41.081,739672.0,454.0,1139.0,71.0,997.0,21.55489543651912,BTS,,1024,OK,16.0,15.0,15.0,0.0,0.0,16.08460465645168,5.47029078006744,7.237749972709418
19.0,GIRMS\IRMS-operator,2026-02-25 23:50:16.825,2026-02-26 00:57:27.569,Running,False,BTS,1071,19.0,1,11.0,True,Unknown,,"0.002 V, 0.002 V, 0.003 V",57 µbar,72 °C,,3.068 V,9.5229 kV,67 µbar,Carbon Dioxide: 0.0229 kV,"1,124 µbar",3.096 V,3.291 V,518 µbar/min,16.249 V,5.08E-008 mbar,95 %,748 µbar,µ-Volume,2.647 V,Pre,2.8001545066053213,3.040461722524108,3.3767765899114863,3.995586775565049,4.507258070826693,3.16231513223829,-1.6833295966723893,-3.768762461039854,-1.645019085152525,0.024793124583496657,0.006401557240821883,-3.7319824586202683,0.03896850734309846,0.009742126835774615,-1.6465448602374237,0.02783659065435938,-3.7295304584589624,0.03903772471998484,Natan Pereira BTS coral series 10.xlsx,2026-02-25 23:50:16.825,739672.0,518.0,1124.0,67.0,748.0,2.724933588371294,BTS,,1071,OK,16.0,15.0,15.0,0.0,0.0,3.0360279115573094,-0.3110943231860155,-0.275676586698905
20.0,GIRMS\IRMS-operator,2026-02-26 00:24:13.231,2026-02-26 01:34:49.452,Running,False,BTS,1056,20.0,2,11.0,True,Unknown,,"0.001 V, 0.001 V, 0.001 V",49 µbar,72 °C,,29.574 V,9.5230 kV,96 µbar,Carbon Dioxide: 0.0230 kV,"1,258 µbar",15.998 V,35.610 V,889 µbar/min,3.074 V,1.34E-007 mbar,10 %,"1,019 µbar",µ-Volume,26.470 V,Pre,28.58296801775545,30.932254332351924,17.262525099563835,40.740788939414635,23.064882519660607,16.188316247163716,-3.6879656138110173,-4.5194014535606675,-3.578132426035545,0.09869983606937652,0.02467495901734413,-4.364569381325885,0.08918923112398511,0.022297307780996277,-3.57081021351718,0.09756218292615919,-4.354247243176901,0.08183154107035855,Natan Pereira BTS coral series 10.xlsx,2026-02-26 00:24:13.231,739673.0,889.0,1258.0,96.0,1019.0,27.30558087557405,BTS,,1056,OK,16.0,15.0,15.0,0.0,0.0,15.265681049524249,12.039899826049803,21.262569364446094
21.0,GIRMS\IRMS-operator,2026-02-26 00:57:27.710,2026-02-26 02:13:34.570,Running,False,SHP2L,,21.0,1,12.0,True,QC Standard,SHP2L,"0.001 V, 0.001 V, 0.001 V",64 µbar,72 °C,,15.685 V,9.5232 kV,76 µbar,Carbon Dioxide: 0.0232 kV,"1,231 µbar",15.374 V,18.019 V,684 µbar/min,3.332 V,1.30E-007 mbar,13 %,"1,007 µbar",µ-Volume,,Pre,15.037968754768372,16.324831999526396,16.539662040458097,21.400226154051488,22.092250981054967,15.50529897212982,-0.8998731361827828,-6.131215181501171,-1.0271436977456583,0.03834757402798511,0.009901301038522827,-6.169848306190551,0.020885185666554434,0.005221296416638608,-1.0271436977456583,0.03834757402798512,-6.172423847836509,0.018805100296159668,Natan Pereira BTS coral series 10.xlsx,2026-02-26 00:57:27.710,739673.0,684.0,1231.0,76.0,1007.0,14.463335275650023,SHP2L,,,OK,16.0,15.0,15.0,0.0,0.0,14.626458287239075,-0.16312301158905207,-0.15925832436984289
22.0,GIRMS\IRMS-operator,2026-02-26 01:34:49.582,2026-02-26 02:48:46.255,Running,False,BTS,1015,22.0,2,12.0,True,Unknown,,"0.002 V, 0.002 V, 0.002 V",54 µbar,72 °C,,13.381 V,9.5227 kV,76 µbar,Carbon Dioxide: 0.0227 kV,"1,151 µbar",12.412 V,15.174 V,498 µbar/min,14.819 V,1.11E-007 mbar,17 %,960 µbar,µ-Volume,,Pre,12.153194790893606,13.166168966778686,13.339366864315624,17.337520741489023,17.813314818408582,12.500823980384876,-3.2790198636671875,-3.7908765574411474,-3.381002134505732,0.028190388095210146,0.007278726907724848,-3.807554089494062,0.017739665739786557,0.00458036199849864,-3.381002134505732,0.028190388095210017,-3.8124975228185365,0.022463135312996402,Natan Pereira BTS coral series 10.xlsx,2026-02-26 01:34:49.582,739673.0,498.0,1151.0,76.0,960.0,11.740611439758352,BTS,,1015,OK,16.0,15.0,15.0,0.0,0.0,11.835576540046743,-0.09496510028839111,-0.09300856897984988
23.0,GIRMS\IRMS-operator,2026-02-26 02:13:34.710,2026-02-26 03:20:44.550,Running,False,BTS,816,23.0,1,13.0,True,Unknown,,"0.002 V, 0.002 V, 0.002 V",67 µbar,73 °C,,9.944 V,9.5226 kV,67 µbar,Carbon Dioxide: 0.0226 kV,"1,087 µbar",9.182 V,11.146 V,444 µbar/min,12.070 V,9.16E-008 mbar,25 %,965 µbar,µ-Volume,,Pre,9.007279440018882,9.777862683079432,9.884813312518883,12.849220795095478,13.196447653234513,9.260191016534415,-1.593162796863501,-3.904904891431138,-1.6613850556152978,0.02333105686795059,0.00602405297993272,-3.931649844301728,0.01893302793685247,0.004733256984213117,-1.661385055615298,0.02333105686795057,-3.933432841159767,0.018153934110973123,Natan Pereira BTS coral series 10.xlsx,2026-02-26 02:13:34.710,739673.0,444.0,1087.0,67.0,965.0,8.713303499559014,BTS,,816,OK,16.0,15.0,15.0,0.0,0.0,8.804817555960772,-0.09151405640175803,-0.08941449346233271
24.0,GIRMS\IRMS-operator,2026-02-26 02:48:46.377,2026-02-26 03:57:16.092,Running,False,BTS,1053,24.0,2,13.0,True,Unknown,,"0.002 V, 0.002 V, 0.002 V",52 µbar,73 °C,,29.260 V,9.5227 kV,86 µbar,Carbon Dioxide: 0.0227 kV,"1,226 µbar",15.750 V,35.179 V,747 µbar/min,8.964 V,1.33E-007 mbar,10 %,"1,021 µbar",µ-Volume,26.580 V,Pre,28.62937454592796,30.993928329774985,17.024074809381617,40.8241171913273,22.74023187924692,15.960496705885841,-3.581906960296699,-4.116222230204136,-3.4061637081495846,0.14807648331085768,0.03701912082771442,-3.964886400750725,0.08456803942999934,0.021142009857499835,-3.3944474913397764,0.14539476727796702,-3.954797345453831,0.07692618473362257,Natan Pereira BTS coral series 10.xlsx,2026-02-26 02:48:46.377,739673.0,747.0,1226.0,86.0,1021.0,27.36550275694938,BTS,,1053,OK,16.0,15.0,15.0,0.0,0.0,15.056830686446142,12.308672070503237,22.08710014283092
25.0,GIRMS\IRMS-operator,2026-02-26 03:20:44.664,2026-02-26 04:40:04.744,Running,False,BTS,333,25.0,1,14.0,True,Unknown,,"0.001 V, 0.001 V, 0.002 V",64 µbar,72 °C,,8.457 V,9.5229 kV,71 µbar,Carbon Dioxide: 0.0229 kV,"1,197 µbar",7.701 V,9.433 V,611 µbar/min,3.343 V,8.14E-008 mbar,34 %,936 µbar,µ-Volume,,Pre,7.542113150133112,8.182502048165606,8.289805309922503,10.761971384892563,11.06620839298735,7.764714366945182,-2.3228655352498517,-3.6892906642140844,-2.355466682404529,0.01930913983464182,0.004827284958660455,-3.7211800738445886,0.027540402561336337,0.006885100640334084,-2.3576400922148406,0.017846473778256485,-3.7233060344866216,0.027114013933563816,Natan Pereira BTS coral series 10.xlsx,2026-02-26 03:20:44.664,739673.0,611.0,1197.0,71.0,936.0,7.300133424276068,BTS,,333,OK,16.0,15.0,15.0,0.0,0.0,7.39861510468676,-0.09848168041069183,-0.09593861572124657
26.0,GIRMS\IRMS-operator,2026-02-26 03:57:16.236,2026-02-26 05:10:40.178,Running,False,SHP2L,,26.0,2,14.0,True,QC Standard,SHP2L,"0.002 V, 0.002 V, 0.002 V",52 µbar,72 °C,,5.486 V,9.5227 kV,79 µbar,Carbon Dioxide: 0.0227 kV,"1,183 µbar",5.457 V,5.980 V,581 µbar/min,7.560 V,6.75E-008 mbar,49 %,843 µbar,µ-Volume,,Pre,5.299156694504906,5.75847518119427,5.872611888081537,7.54385078046498,7.8389312474981825,5.499865775346825,-0.8436101929757411,-6.079429765527333,-0.8642947105839496,0.01974192655591458,0.005097343518207141,-6.064759781668214,0.027110741242619765,0.006999963289066995,-0.861935876989898,0.02403659634273063,-6.058717736713685,0.03305527354750139,Natan Pereira BTS coral series 10.xlsx,2026-02-26 03:57:16.236,739673.0,581.0,1183.0,79.0,843.0,5.149579123737638,SHP2L,,,OK,16.0,15.0,15.0,0.0,0.0,5.25797545637168,-0.10839633263404203,-0.10481547441048668
27.0,GIRMS\IRMS-operator,2026-02-26 04:40:04.915,2026-02-26 05:44:08.535,Running,False,BTS,397,27.0,1,15.0,True,Unknown,,"0.002 V, 0.002 V, 0.002 V",64 µbar,72 °C,,9.379 V,9.5229 kV,71 µbar,Carbon Dioxide: 0.0229 kV,"1,148 µbar",8.596 V,10.476 V,669 µbar/min,5.390 V,8.68E-008 mbar,28 %,958 µbar,µ-Volume,,Pre,8.423711622924248,9.132638499183868,9.223392197622749,12.018997414311247,12.312979463016969,8.640091178264486,-2.9156876016301903,-3.735117770973684,-2.9586619478473923,0.02424823515185481,0.0060620587879637025,-3.736937994036328,0.01807238769093124,0.00451809692273281,-2.961526904261872,0.0221193831579676,-3.7370593422405047,0.018699950076274414,Natan Pereira BTS coral series 10.xlsx,2026-02-26 04:40:04.915,739673.0,669.0,1148.0,71.0,958.0,8.149643076882285,BTS,,397,OK,16.0,15.0,15.0,0.0,0.0,8.222316040024682,-0.0726729631423968,-0.07111724525247921
28.0,GIRMS\IRMS-operator,2026-02-26 05:10:40.364,2026-02-26 06:20:58.244,Running,False,BTS,402,28.0,2,15.0,True,Unknown,,"0.002 V, 0.002 V, 0.002 V",54 µbar,72 °C,,10.429 V,9.5226 kV,81 µbar,Carbon Dioxide: 0.0226 kV,"1,205 µbar",10.407 V,11.669 V,816 µbar/min,8.411 V,9.86E-008 mbar,22 %,943 µbar,µ-Volume,,Pre,10.128351936385288,10.989099192089286,11.178627061313836,14.446850698590318,14.925490897297898,10.474029073760166,-1.9480758325544079,-3.9630114347989354,-1.9951447313453428,0.030035507777541954,0.0075088769443854885,-3.972571831010476,0.022017716944595166,0.005504429236148791,-1.998282657931405,0.02824484267656877,-3.9732091907579132,0.02263720594878554,Natan Pereira BTS coral series 10.xlsx,2026-02-26 05:10:40.364,739673.0,816.0,1205.0,81.0,943.0,9.803332881965385,BTS,,402,OK,16.0,15.0,15.0,0.0,0.0,9.94339872364725,-0.14006584168186542,-0.1363417188686844
29.0,GIRMS\IRMS-operator,2026-02-26 05:44:08.724,2026-02-26 06:59:44.291,Running,False,BTS,348,29.0,1,16.0,True,Unknown,,"0.001 V, 0.001 V, 0.001 V",64 µbar,72 °C,,14.793 V,9.5229 kV,79 µbar,Carbon Dioxide: 0.0229 kV,"1,268 µbar",14.500 V,16.995 V,791 µbar/min,3.338 V,1.24E-007 mbar,14 %,999 µbar,µ-Volume,,Pre,14.232966191895642,15.423632399485324,15.593386427805637,20.305313369018826,20.826317569000516,14.616700894959607,-2.761054137730423,-3.651078633885696,-2.866023150085622,0.022844944333926292,0.006105568194105343,-3.6693256775854746,0.012615562714877328,0.003257324286517008,-2.859484683418175,0.03355423541174833,-3.668367431291057,0.014504970400875998,Natan Pereira BTS coral series 10.xlsx,2026-02-26 05:44:08.724,739673.0,791.0,1268.0,79.0,999.0,13.699459917672316,BTS,,348,OK,16.0,15.0,15.0,0.0,0.0,13.803872354157608,-0.1044124364852923,-0.10230865517196858
30.0,GIRMS\IRMS-operator,2026-02-26 06:20:58.366,2026-02-26 07:35:09.631,Running,False,BTS,346,30.0,2,16.0,True,Unknown,,"0.002 V, 0.002 V, 0.002 V",52 µbar,72 °C,,9.663 V,9.5226 kV,84 µbar,Carbon Dioxide: 0.0226 kV,"1,229 µbar",8.916 V,10.773 V,650 µbar/min,14.012 V,8.94E-008 mbar,27 %,929 µbar,µ-Volume,,Pre,8.759367357880073,9.505356561766522,9.585986668091568,12.500629308049838,12.797758462255159,8.980491546842734,-1.93255633931122,-3.4746522648340106,-1.9666821256703937,0.016142152801109748,0.004167885931375564,-3.5064461973196153,0.017217293378096715,0.004304323344524179,-1.971648774004368,0.016352018335838187,-3.508565792818656,0.015511017858098056,Natan Pereira BTS coral series 10.xlsx,2026-02-26 06:20:58.366,739673.0,650.0,1229.0,84.0,929.0,8.483791614458179,BTS,,346,OK,16.0,15.0,15.0,0.0,0.0,8.54379225888868,-0.06000064443050057,-0.05882377093505929
31.0,GIRMS\IRMS-operator,2026-02-26 06:59:44.443,2026-02-26 08:07:14.555,Running,False,SHP2L,,31.0,1,17.0,True,QC Standard,SHP2L,"0.002 V, 0.002 V, 0.002 V",67 µbar,72 °C,,8.297 V,9.5228 kV,81 µbar,Carbon Dioxide: 0.0228 kV,"1,290 µbar",7.640 V,9.237 V,889 µbar/min,8.738 V,8.18E-008 mbar,32 %,953 µbar,µ-Volume,,Pre,7.503906132157548,8.152400750519668,8.236905235649976,10.680362582206726,10.995492339134216,7.715472617022272,-0.895853289882953,-6.185127325517681,-0.9162280497545824,0.019163536004597432,0.004948003720016805,-6.172965773993503,0.016466537442537194,0.004251641685643162,-0.9211856548269651,0.022791638935972306,-6.169419869750494,0.019166128622870975,Natan Pereira BTS coral series 10.xlsx,2026-02-26 06:59:44.443,739673.0,889.0,1290.0,81.0,953.0,7.266001827353622,SHP2L,,,OK,16.0,15.0,15.0,0.0,0.0,7.352681882018235,-0.0866800546646127,-0.08457198757148116
32.0,GIRMS\IRMS-operator,2026-02-26 07:35:09.782,2026-02-26 08:44:20.981,Running,False,BTS,342,32.0,2,17.0,True,Unknown,,"0.002 V, 0.002 V, 0.002 V",57 µbar,73 °C,,15.007 V,9.5227 kV,81 µbar,Carbon Dioxide: 0.0227 kV,"1,178 µbar",14.303 V,17.156 V,591 µbar/min,7.495 V,1.23E-007 mbar,12 %,990 µbar,µ-Volume,,Pre,14.111694732561867,15.304827359864232,15.407675174424169,20.12975268130346,20.578739569235278,14.4431859644802,-1.9290418223659733,-3.762240709399678,-2.0475304649275086,0.03897051279554631,0.010062143136687593,-3.785423055918523,0.018818046253774073,0.004704511563443518,-2.0475304649275086,0.038970512795546176,-3.7869685456864457,0.0183974643102884,Natan Pereira BTS coral series 10.xlsx,2026-02-26 07:35:09.782,739673.0,591.0,1178.0,81.0,990.0,13.606098333254614,BTS,,342,OK,16.0,15.0,15.0,0.0,0.0,13.645094672098917,-0.03899633884430287,-0.038391804189258485
33.0,GIRMS\IRMS-operator,2026-02-26 08:07:14.708,2026-02-26 09:22:37.204,Running,False,BTS,364,33.0,1,18.0,True,Unknown,,"0.001 V, 0.001 V, 0.001 V",67 µbar,73 °C,,13.543 V,9.5230 kV,81 µbar,Carbon Dioxide: 0.0230 kV,"1,263 µbar",13.381 V,15.485 V,718 µbar/min,3.328 V,1.17E-007 mbar,16 %,"1,007 µbar",µ-Volume,,Pre,13.037347936807711,14.135967281482529,14.36435737910063,18.598075299685053,19.18334820789581,13.463461542306979,-2.290064528784219,-3.750461316583742,-2.390492032493537,0.03684578462311903,0.009513540681552354,-3.797434786776573,0.01318647116339755,0.0034047322140722037,-2.3904920324935377,0.03684578462311891,-3.7974347867765723,0.013186471163397594,Natan Pereira BTS coral series 10.xlsx,2026-02-26 08:07:14.708,739673.0,718.0,1263.0,81.0,1007.0,12.560913109956818,BTS,,364,OK,16.0,15.0,15.0,0.0,0.0,12.730935359178622,-0.17002224922180353,-0.16562438929184034
34.0,GIRMS\IRMS-operator,2026-02-26 08:44:21.165,2026-02-26 09:57:44.865,Running,False,BTS,335,34.0,2,18.0,True,Unknown,,"0.002 V, 0.002 V, 0.002 V",54 µbar,73 °C,,6.102 V,9.5226 kV,86 µbar,Carbon Dioxide: 0.0226 kV,"1,214 µbar",5.653 V,6.693 V,601 µbar/min,12.967 V,6.92E-008 mbar,46 %,875 µbar,µ-Volume,,Pre,5.635101822196398,6.1123312832534005,6.085702933594768,8.042539330474652,8.123050227623834,5.699632775523206,-2.675142882834325,-3.469486716934589,-2.6421880268791065,0.02213576403085677,0.005533941007714193,-3.442062159825017,0.0122765105201376,0.0032810354479629183,-2.639991036482092,0.02102966731845547,-3.4401678202225243,0.01935022403126124,Natan Pereira BTS coral series 10.xlsx,2026-02-26 08:44:21.165,739673.0,601.0,1214.0,86.0,875.0,5.472137181490144,BTS,,335,OK,16.0,15.0,15.0,0.0,0.0,5.448897089496749,0.023240091993394607,0.023043256163539562
35.0,GIRMS\IRMS-operator,2026-02-26 09:22:37.338,2026-02-26 10:29:31.214,Running,False,BTS,363,35.0,1,19.0,True,Unknown,,"0.002 V, 0.002 V, 0.002 V",71 µbar,72 °C,,13.863 V,9.5228 kV,84 µbar,Carbon Dioxide: 0.0228 kV,"1,288 µbar",13.424 V,15.847 V,777 µbar/min,5.583 V,1.18E-007 mbar,15 %,"1,012 µbar",µ-Volume,,Pre,13.209427985862918,14.324802528270581,14.448079834827286,18.84158769145073,19.29513433470787,13.542112818731226,-2.1333061703303624,-3.8402135984781927,-2.2010022268245404,0.03457825953574727,0.008928068221519132,-3.8748596760381084,0.01810398767339683,0.0045259969183492075,-2.1994265497324563,0.03822917496705084,-3.877169414542103,0.016115523739410963,Natan Pereira BTS coral series 10.xlsx,2026-02-26 09:22:37.338,739673.0,777.0,1288.0,84.0,1012.0,12.727837357238956,BTS,,363,OK,16.0,15.0,15.0,0.0,0.0,12.805129680351445,-0.07729232311248957,-0.07585157991318472
36.0,GIRMS\IRMS-operator,2026-02-26 09:57:45.049,2026-02-26 11:09:05.543,Running,False,SHP2L,,36.0,2,19.0,True,QC Standard,SHP2L,"0.002 V, 0.002 V, 0.002 V",54 µbar,72 °C,,6.423 V,9.5226 kV,79 µbar,Carbon Dioxide: 0.0226 kV,"1,168 µbar",5.950 V,7.067 V,513 µbar/min,12.971 V,6.65E-008 mbar,41 %,880 µbar,µ-Volume,,Pre,5.929098011832933,6.442896271603684,6.4250082722047095,8.440253668855387,8.576167160104472,6.017664296470358,-0.7724572666175655,-6.04339641358298,-0.7995899638612978,0.013875646428116969,0.0037084224967162366,-6.057383878329874,0.025837935393363872,0.006459483848340968,-0.8008387348418466,0.022231927943687484,-6.0583163759796665,0.026464654504810847,Natan Pereira BTS coral series 10.xlsx,2026-02-26 09:57:45.049,739673.0,513.0,1168.0,79.0,880.0,5.755091185482802,SHP2L,,,OK,16.0,15.0,15.0,0.0,0.0,5.750197646855333,0.004893538627468885,0.004835596913630428
37.0,GIRMS\IRMS-operator,2026-02-26 10:29:31.369,2026-02-26 11:48:38.111,Running,False,BTS,367,37.0,1,20.0,True,Unknown,,"0.001 V, 0.001 V, 0.001 V",67 µbar,72 °C,,6.589 V,9.5231 kV,79 µbar,Carbon Dioxide: 0.0231 kV,"1,266 µbar",6.006 V,7.259 V,742 µbar/min,3.328 V,7.16E-008 mbar,45 %,909 µbar,µ-Volume,,Pre,5.891778367506207,6.388195739410789,6.477185389193303,8.406766148273185,8.646042588888907,6.066575085144591,-2.992805569206891,-3.7407450650900342,-3.0077549884100017,0.0201119282856868,0.005192877554038857,-3.7373357767926056,0.01701714894467283,0.004393808964176599,-3.0123386539785937,0.023933328522605875,-3.734271180991375,0.02020076246096745,Natan Pereira BTS coral series 10.xlsx,2026-02-26 10:29:31.369,739673.0,742.0,1266.0,79.0,909.0,5.70961776874597,BTS,,367,OK,16.0,15.0,15.0,0.0,0.0,5.795373951416563,-0.08575618267059326,-0.08341586275408538
38.0,GIRMS\IRMS-operator,2026-02-26 11:09:05.694,2026-02-26 12:23:10.648,Running,False,BTS,336,38.0,2,20.0,True,Unknown,,"0.002 V, 0.002 V, 0.002 V",54 µbar,72 °C,,14.281 V,9.5228 kV,71 µbar,Carbon Dioxide: 0.0228 kV,"1,092 µbar",13.816 V,16.274 V,347 µbar/min,5.915 V,1.20E-007 mbar,15 %,965 µbar,µ-Volume,,Pre,13.59575359893029,14.730783229872008,14.866905337377808,19.402932682361126,19.855108418788436,13.935275099794037,-2.9669940978769294,-3.2953173822533044,-3.0455719233636254,0.03962229215161455,0.009905573037903638,-3.340773656706021,0.024449827649938777,0.006112456912484694,-3.0508104450627385,0.0348084392764984,-3.3438040750028692,0.021978701815210066,Natan Pereira BTS coral series 10.xlsx,2026-02-26 11:09:05.694,739673.0,347.0,1092.0,71.0,965.0,13.115517519036896,BTS,,336,OK,16.0,15.0,15.0,0.0,0.0,13.171873710672028,-0.056356191635131836,-0.055403492875952975
39.0,GIRMS\IRMS-operator,2026-02-26 11:48:38.279,2026-02-26 12:55:28.556,Running,False,BTS,340,39.0,1,21.0,True,Unknown,,"0.002 V, 0.002 V, 0.002 V",69 µbar,72 °C,,13.624 V,9.5228 kV,81 µbar,Carbon Dioxide: 0.0228 kV,"1,263 µbar",13.590 V,15.574 V,713 µbar/min,13.379 V,1.18E-007 mbar,14 %,"1,012 µbar",µ-Volume,,Pre,13.26205937304802,14.378102069652398,14.613555317676383,18.916989491015443,19.51698474648572,13.697471303132245,-2.370873456274958,-3.8407790100968286,-2.472973847185856,0.040612807801436855,0.01048618188384584,-3.8853790185010215,0.025790637900548058,0.0064476594751370145,-2.4729738471858553,0.040612807801437056,-3.8883523523946346,0.023687826263806794,Natan Pereira BTS coral series 10.xlsx,2026-02-26 11:48:38.279,739673.0,713.0,1263.0,81.0,1012.0,12.785818261292647,BTS,,340,OK,16.0,15.0,15.0,0.0,0.0,12.949582022813033,-0.16376376152038574,-0.15964238809876075
40.0,GIRMS\IRMS-operator,2026-02-26 12:23:10.776,2026-02-26 13:36:03.282,Running,False,BTS,327,40.0,2,21.0,True,Unknown,,"0.002 V, 0.002 V, 0.002 V",57 µbar,72 °C,,8.014 V,9.5226 kV,74 µbar,Carbon Dioxide: 0.0226 kV,"1,109 µbar",7.396 V,8.880 V,430 µbar/min,13.133 V,8.10E-008 mbar,32 %,904 µbar,µ-Volume,,Pre,7.276453589006815,7.882568271974516,7.980483708799852,10.382912307046878,10.652802138589848,7.475085878290292,-3.799664323460683,-3.651487338105164,-3.783525001645943,0.019307635891668486,0.004826908972917121,-3.7145893949264943,0.014324411244271577,0.0038283599388083183,-3.7824490468582943,0.019482463115513778,-3.710116990198794,0.022148780517205972,Natan Pereira BTS coral series 10.xlsx,2026-02-26 12:23:10.776,739673.0,430.0,1109.0,74.0,904.0,7.053353616377241,BTS,,327,OK,16.0,15.0,15.0,0.0,0.0,7.125668882685773,-0.07231526630853136,-0.07067366998656925
41.0,GIRMS\IRMS-operator,2026-02-26 12:55:28.685,2026-02-26 14:14:17.621,Running,False,SHP2L,,41.0,1,22.0,True,QC Standard,SHP2L,"0.001 V, 0.001 V, 0.001 V",64 µbar,72 °C,,15.681 V,9.5232 kV,98 µbar,Carbon Dioxide: 0.0232 kV,"1,339 µbar",15.106 V,18.067 V,"1,070 µbar/min",3.343 V,1.28E-007 mbar,13 %,"1,014 µbar",µ-Volume,,Pre,14.863595844502242,16.13585307935529,16.26772835592084,21.15285874610311,21.72829688792592,15.250370384449749,-0.872650861276747,-6.066995327239311,-1.0025820083453096,0.04299986079752803,0.011102516317204216,-6.112126032655361,0.026367181635751087,0.006591795408937772,-1.0025820083453096,0.04299986079752804,-6.115134746349764,0.024283824817027014,Natan Pereira BTS coral series 10.xlsx,2026-02-26 12:55:28.685,739673.0,1070.0,1339.0,98.0,1014.0,14.297381521458417,SHP2L,,,OK,16.0,15.0,15.0,0.0,0.0,14.391527057881145,-0.09414553642272772,-0.09234364147435901
42.0,GIRMS\IRMS-operator,2026-02-26 13:36:03.413,2026-02-26 14:49:35.676,Running,False,BTS,350,42.0,2,22.0,True,Unknown,,"0.002 V, 0.002 V, 0.002 V",54 µbar,72 °C,,7.640 V,9.5228 kV,74 µbar,Carbon Dioxide: 0.0228 kV,"1,078 µbar",7.097 V,8.494 V,366 µbar/min,14.573 V,7.90E-008 mbar,35 %,904 µbar,µ-Volume,,Pre,6.982093833405741,7.572824894870115,7.611456405397284,9.960001149176458,10.160565855343405,7.129481218774089,-2.599651032659689,-3.956912718541483,-2.632268192732525,0.023945235787326227,0.005986308946831557,-3.932107880297431,0.01690305205082613,0.004364349272861782,-2.6344426700707135,0.02309268645361309,-3.933953926266461,0.020855568820546632,Natan Pereira BTS coral series 10.xlsx,2026-02-26 13:36:03.413,739673.0,366.0,1078.0,74.0,904.0,6.771324873139968,BTS,,350,OK,16.0,15.0,15.0,0.0,0.0,6.801082463665033,-0.029757590525064437,-0.029251693072135543
43.0,GIRMS\IRMS-operator,2026-02-26 14:14:17.751,2026-02-26 15:20:35.328,Running,False,BTS,349,43.0,1,23.0,True,Unknown,,"0.002 V, 0.002 V, 0.002 V",71 µbar,72 °C,,9.925 V,9.5229 kV,84 µbar,Carbon Dioxide: 0.0229 kV,"1,290 µbar",9.893 V,11.156 V,923 µbar/min,6.983 V,9.53E-008 mbar,23 %,977 µbar,µ-Volume,,Pre,9.621110104507434,10.428870830549513,10.633780979696237,13.724213621676636,14.197385094226073,9.962862989163654,-2.9529903551589465,-3.9069385653566213,-2.9990141383047226,0.02157222615626513,0.005569924842922325,-3.9165558109035477,0.01333587980455885,0.0034433093593386832,-2.9975482170058414,0.025341023771774274,-3.9198051690308993,0.016409040067681065,Natan Pereira BTS coral series 10.xlsx,2026-02-26 14:14:17.751,739673.0,923.0,1290.0,84.0,977.0,9.29709956450894,BTS,,349,OK,16.0,15.0,15.0,0.0,0.0,9.464329740262285,-0.1672301757533443,-0.16219217572300235
44.0,GIRMS\IRMS-operator,2026-02-26 14:49:35.816,2026-02-26 15:59:26.365,Running,False,BTS,357,44.0,2,23.0,True,Unknown,,"0.002 V, 0.002 V, 0.002 V",57 µbar,72 °C,,13.499 V,9.5228 kV,76 µbar,Carbon Dioxide: 0.0228 kV,"1,080 µbar",13.036 V,15.414 V,381 µbar/min,9.641 V,1.14E-007 mbar,14 %,980 µbar,µ-Volume,,Pre,12.854453962090867,13.932717065428882,14.018726485814797,18.34542037921647,18.721227664525312,13.138917129281419,-2.6714960965112944,-3.3097364891184755,-2.756825251780352,0.034260119763998495,0.008845924885669184,-3.3257785772707535,0.021236305154778586,0.0053090762886946466,-2.7568252517803518,0.0342601197639985,-3.326848049814239,0.021531048485349612,Natan Pereira BTS coral series 10.xlsx,2026-02-26 14:49:35.816,739673.0,381.0,1080.0,76.0,980.0,12.404245178941148,BTS,,357,OK,16.0,15.0,15.0,0.0,0.0,12.43063513541545,-0.026389956474302423,-0.025999998978453374
45.0,GIRMS\IRMS-operator,2026-02-26 15:20:35.484,2026-02-26 16:39:15.391,Running,False,BTS,328,45.0,1,24.0,True,Unknown,,"0.001 V, 0.001 V, 0.001 V",64 µbar,72 °C,,9.687 V,9.5231 kV,84 µbar,Carbon Dioxide: 0.0231 kV,"1,288 µbar",8.831 V,10.859 V,952 µbar/min,3.339 V,8.85E-008 mbar,28 %,955 µbar,µ-Volume,,Pre,8.639750840491395,9.356820488663104,9.479993369624635,12.325308460442995,12.656263250558352,8.881232875235575,-3.9204962555217104,-3.8484111043108893,-3.980602647639331,0.022714419195788836,0.0058648378176042815,-3.874996700460549,0.022686860654556492,0.005671715163639123,-3.9806026476393312,0.022714419195788815,-3.876769073537194,0.02230709556863325,Natan Pereira BTS coral series 10.xlsx,2026-02-26 15:20:35.484,739673.0,952.0,1288.0,84.0,955.0,8.352271455176371,BTS,,328,OK,16.0,15.0,15.0,0.0,0.0,8.449769752867716,-0.09749829769134521,-0.09515122703569938
46.0,GIRMS\IRMS-operator,2026-02-26 15:59:26.504,2026-02-26 17:13:29.313,Running,False,SHP2L,,46.0,2,24.0,True,QC Standard,SHP2L,"0.002 V, 0.002 V, 0.002 V",52 µbar,73 °C,,23.180 V,9.5229 kV,84 µbar,Carbon Dioxide: 0.0229 kV,"1,222 µbar",16.579 V,27.403 V,625 µbar/min,8.639 V,1.38E-007 mbar,10 %,"1,007 µbar",µ-Volume,21.226 V,Pre,22.669634961143096,24.589378010680132,17.881530892302447,32.25278321649441,23.8861388340176,16.76628663446005,-1.5474330683450388,-6.267182674889349,-1.5307017991303813,0.05062290392155428,0.013070777588322525,-6.227287427401772,0.03075285035517229,0.007688212588793072,-1.5206760078936732,0.06091776314707556,-6.224627744235934,0.02986676076974374,Natan Pereira BTS coral series 10.xlsx,2026-02-26 15:59:26.504,739673.0,625.0,1222.0,84.0,1007.0,21.735600375190334,SHP2L,,,OK,16.0,15.0,15.0,0.0,0.0,15.799067162528592,5.936533212661741,8.06363259341599
1.0,GIRMS\IRMS-operator,2026-03-04 16:34:38.693,2026-03-04 17:39:45.075,Running,False,BTS,356,,2,7.0,True,Unknown,,"0.002 V, 0.001 V, 0.002 V",35 µbar,72 °C,,10.943 V,9.5221 kV,54 µbar,Carbon Dioxide: 0.0221 kV,"1,041 µbar",10.416 V,12.386 V,440 µbar/min,3.300 V,1.05E-007 mbar,20 %,880 µbar,µ-Volume,,Pre,10.276540878799317,11.14637903046833,11.186448252918584,14.672547578811646,14.939844608306885,10.481159001896083,-2.2872395008219915,-3.26221620917555,-2.3843949540403773,0.030523516377408463,0.007881138039826154,-3.272360916232575,0.014696624258293704,0.0037946520665226298,-2.384394954040377,0.030523516377408487,-3.2757068856099787,0.017640480345006645,Natan Pereira BTS coral series 11.xlsx,2026-03-04 16:34:38.693,739679.0,440.0,1041.0,54.0,880.0,9.925032764980493,BTS,,356,OK,16.0,15.0,15.0,0.0,0.0,9.949276954242885,-0.024244189262391913,-0.0452501237325529
2.0,GIRMS\IRMS-operator,2026-03-04 17:10:51.558,2026-03-04 18:06:31.445,Running,False,BTS,394,,1,8.0,True,Unknown,,"0.002 V, 0.002 V, 0.002 V",49 µbar,72 °C,,8.622 V,9.5217 kV,81 µbar,Carbon Dioxide: 0.0217 kV,"1,253 µbar",7.982 V,9.637 V,"1,026 µbar/min",10.185 V,8.85E-008 mbar,28 %,892 µbar,µ-Volume,,Pre,7.83746154342237,8.505489120181759,8.587281515971483,11.185536427193806,11.465797466927695,8.043701567371421,-2.024569584426872,-3.690177673093875,-2.061007999601336,0.018276164053591625,0.004569041013397906,-3.6903447303780132,0.015765701165178395,0.003941425291294599,-2.0634372272796333,0.01602229981838971,-3.6903558675302888,0.016318985940499325,Natan Pereira BTS coral series 11.xlsx,2026-03-04 17:10:51.558,739679.0,1026.0,1253.0,81.0,892.0,7.580558576305444,BTS,,394,OK,16.0,15.0,15.0,0.0,0.0,7.659363034681477,-0.078804458376033,-0.14592544236771926
3.0,GIRMS\IRMS-operator,2026-03-04 17:39:45.220,2026-03-04 18:44:12.872,Running,False,BTS,353,,2,8.0,True,Unknown,,"0.002 V, 0.002 V, 0.002 V",42 µbar,72 °C,,14.363 V,9.5217 kV,67 µbar,Carbon Dioxide: 0.0217 kV,"1,119 µbar",13.143 V,16.455 V,552 µbar/min,7.820 V,1.21E-007 mbar,12 %,929 µbar,µ-Volume,,Pre,13.047123582611535,14.145504509883972,14.11552337356195,18.61727087689955,18.855629851356337,13.230154545555568,-2.3989929770578122,-3.714614952966655,-2.497462398111128,0.04786467499843699,0.012358605942705131,-3.7297469710083906,0.015902867824303415,0.003975716956075854,-2.491570647981786,0.063678190602595,-3.730755772211173,0.015922299967436864,Natan Pereira BTS coral series 11.xlsx,2026-03-04 17:39:45.220,739679.0,552.0,1119.0,67.0,929.0,12.579569847832177,BTS,,353,OK,16.0,15.0,15.0,0.0,0.0,12.514585883865806,0.0649839639663714,0.12221575184208015
4.0,GIRMS\IRMS-operator,2026-03-04 18:06:31.538,2026-03-04 19:16:15.952,Running,False,BTS,341,,1,9.0,True,Unknown,,"0.002 V, 0.002 V, 0.002 V",54 µbar,72 °C,,10.129 V,9.5216 kV,79 µbar,Carbon Dioxide: 0.0216 kV,"1,253 µbar",9.277 V,11.417 V,845 µbar/min,12.706 V,9.58E-008 mbar,21 %,933 µbar,µ-Volume,,Pre,9.10264055898697,9.87682129411303,9.993159551834422,12.988662986253523,13.343653349374556,9.361926258026383,-2.0251939711497524,-3.7958578331251935,-2.1071577431293957,0.018971214352804053,0.004898346483049414,-3.8117291269324167,0.02185398581718124,0.005642674874546402,-2.1071577431293957,0.01897121435280407,-3.8166212270581927,0.025888345636292012,Natan Pereira BTS coral series 11.xlsx,2026-03-04 18:06:31.538,739679.0,845.0,1253.0,79.0,933.0,8.796555806904145,BTS,,341,OK,16.0,15.0,15.0,0.0,0.0,8.89889698198349,-0.1023411750793457,-0.1892773116309057
5.0,GIRMS\IRMS-operator,2026-03-04 18:44:12.975,2026-03-04 20:00:41.497,Running,False,SHP2L,,,2,9.0,True,QC Standard,SHP2L,"0.001 V, 0.001 V, 0.001 V",47 µbar,72 °C,,8.078 V,9.5216 kV,64 µbar,Carbon Dioxide: 0.0216 kV,"1,060 µbar",7.909 V,9.013 V,415 µbar/min,3.307 V,8.64E-008 mbar,30 %,882 µbar,µ-Volume,,Pre,7.800637636862317,8.475226319077303,8.517643584403077,11.10554020780462,11.37182012625746,7.9784531933885,-0.8489291787087128,-6.051648447443769,-0.8916355804305647,0.01834964207486111,0.004737857210986933,-6.04600261875734,0.01695402909177876,0.004377511488238346,-0.8907828034648032,0.02063149493653136,-6.049052240092615,0.021536873004471796,Natan Pereira BTS coral series 11.xlsx,2026-03-04 18:44:12.975,739679.0,415.0,1060.0,64.0,882.0,7.550536547384776,SHP2L,,,OK,16.0,15.0,15.0,0.0,0.0,7.5991739375214955,-0.04863739013671964,-0.0904176818428766
6.0,GIRMS\IRMS-operator,2026-03-04 19:16:16.155,2026-03-04 20:26:12.823,Running,False,BTS,380,,1,10.0,True,Unknown,,"0.002 V, 0.002 V, 0.002 V",57 µbar,73 °C,,9.274 V,9.5216 kV,84 µbar,Carbon Dioxide: 0.0216 kV,"1,273 µbar",9.108 V,10.423 V,879 µbar/min,7.772 V,9.34E-008 mbar,24 %,931 µbar,µ-Volume,,Pre,9.004997619103923,9.767036234541996,9.775872623129947,12.847429297371697,13.052126548691582,9.15800274224235,-2.464753806630582,-3.8670298879693865,-2.5083747811617036,0.015614277363958694,0.004031589079578364,-3.858432698149931,0.01815245661415127,0.004686944143957369,-2.508374781161704,0.015614277363958618,-3.8608239320102227,0.021432085670217572,Natan Pereira BTS coral series 11.xlsx,2026-03-04 19:16:16.155,739679.0,879.0,1273.0,84.0,931.0,8.704962738465799,BTS,,380,OK,16.0,15.0,15.0,0.0,0.0,8.707689650964273,-0.002726912498474121,-0.005100430727338352
7.0,GIRMS\IRMS-operator,2026-03-04 20:00:41.664,2026-03-04 21:04:27.049,Running,False,BTS,369,,2,10.0,True,Unknown,,"0.002 V, 0.002 V, 0.002 V",47 µbar,72 °C,,5.969 V,9.5216 kV,71 µbar,Carbon Dioxide: 0.0216 kV,"1,143 µbar",5.542 V,6.546 V,552 µbar/min,8.901 V,7.09E-008 mbar,44 %,853 µbar,µ-Volume,,Pre,5.506290001429123,5.971356361345177,5.974589907156743,7.85561113987925,7.974537193950625,5.5952085026000855,-2.910793179413451,-3.9087628301635036,-2.9272654803389275,0.011125226315172645,0.0027813065787931613,-3.9196230516073203,0.02051089153061836,0.005295889420930111,-2.928363633733958,0.010580082694426077,-3.9238047242461085,0.02420076407534292,Natan Pereira BTS coral series 11.xlsx,2026-03-04 20:00:41.664,739679.0,552.0,1143.0,71.0,853.0,5.344761414087814,BTS,,369,OK,16.0,15.0,15.0,0.0,0.0,5.348525828707828,-0.0037644146200142004,-0.007038228365298295
8.0,GIRMS\IRMS-operator,2026-03-04 20:26:12.962,2026-03-04 21:35:15.058,Running,False,BTS,334,,1,11.0,True,Unknown,,"0.002 V, 0.001 V, 0.002 V",62 µbar,73 °C,,8.339 V,9.5217 kV,81 µbar,Carbon Dioxide: 0.0217 kV,"1,268 µbar",8.175 V,9.333 V,855 µbar/min,5.473 V,8.68E-008 mbar,26 %,931 µbar,µ-Volume,,Pre,8.07936338655446,8.76312770875706,8.80417153327528,11.529599522326082,11.753858571036503,8.247335833138377,-2.4800906147359747,-3.5704072941761256,-2.4970621795283194,0.013317237504942472,0.0034384959382754003,-3.594872942537429,0.02103069444890581,0.005257673612226453,-2.495402599734509,0.016703798661147774,-3.5965039857615158,0.02069485642673939,Natan Pereira BTS coral series 11.xlsx,2026-03-04 20:26:12.962,739679.0,855.0,1268.0,81.0,931.0,7.81535158210102,BTS,,334,OK,16.0,15.0,15.0,0.0,0.0,7.853029649181109,-0.037678067080088695,-0.07015709121428099
9.0,GIRMS\IRMS-operator,2026-03-04 21:04:27.190,2026-03-04 22:21:02.508,Running,False,BTS,347,,2,11.0,True,Unknown,,"0.001 V, 0.001 V, 0.001 V",52 µbar,72 °C,,11.329 V,9.5219 kV,69 µbar,Carbon Dioxide: 0.0219 kV,"1,082 µbar",10.701 V,12.878 V,440 µbar/min,3.295 V,1.03E-007 mbar,19 %,941 µbar,µ-Volume,,Pre,10.56235924623685,11.456685189606997,11.476119782603483,15.074011232478687,15.323322560412954,10.753064307195713,-2.2214226368164613,-3.420211192020406,-2.295867260693181,0.024365058285006725,0.006291030997813606,-3.431097574822465,0.023376098385277537,0.006035682649699066,-2.295867260693181,0.024365058285006576,-3.427753975612998,0.02814491374936379,Natan Pereira BTS coral series 11.xlsx,2026-03-04 21:04:27.190,739679.0,440.0,1082.0,69.0,941.0,10.207462978694227,BTS,,347,OK,16.0,15.0,15.0,0.0,0.0,10.207428487760593,3.4490933634501175e-05,6.45324412209768e-05
10.0,GIRMS\IRMS-operator,2026-03-04 21:35:15.205,2026-03-04 22:47:54.307,Running,False,SHP2L,,,1,12.0,True,QC Standard,SHP2L,"0.002 V, 0.002 V, 0.002 V",62 µbar,73 °C,,7.821 V,9.5218 kV,89 µbar,Carbon Dioxide: 0.0218 kV,"1,307 µbar",7.232 V,8.715 V,"1,001 µbar/min",10.451 V,8.10E-008 mbar,32 %,921 µbar,µ-Volume,,Pre,7.108023944785317,7.722397464004705,7.799615281311223,10.117472175805228,10.4118148128673,7.306037832035215,-0.8939498532509749,-6.111163310456913,-0.9223152643431654,0.016212554501456793,0.004186063572241484,-6.118233928705107,0.020027031393788156,0.005006757848447039,-0.919624476719901,0.023130201080569002,-6.118705303254985,0.020637869568917087,Natan Pereira BTS coral series 11.xlsx,2026-03-04 21:35:15.205,739679.0,1001.0,1307.0,89.0,921.0,6.883106032223815,SHP2L,,,OK,16.0,15.0,15.0,0.0,0.0,6.9661054209191615,-0.08299938869534618,-0.1534408471476266
11.0,GIRMS\IRMS-operator,2026-03-04 22:21:02.643,2026-03-04 23:24:14.412,Running,False,BTS,391,,2,12.0,True,Unknown,,"0.002 V, 0.002 V, 0.002 V",52 µbar,72 °C,,8.542 V,9.5220 kV,69 µbar,Carbon Dioxide: 0.0220 kV,"1,107 µbar",8.462 V,9.533 V,454 µbar/min,7.105 V,8.77E-008 mbar,25 %,904 µbar,µ-Volume,,Pre,8.30504298210144,9.006729979682508,9.07412793176228,11.847226308913491,12.113718675704265,8.500456809997559,-2.6035253303750006,-3.908522309805762,-2.6657503677673575,0.01894408444261708,0.004891341570360197,-3.9106204877474484,0.020174390539449874,0.005209005238611588,-2.665750367767357,0.018944084442617064,-3.905957437561894,0.027461465884127814,Natan Pereira BTS coral series 11.xlsx,2026-03-04 22:21:02.643,739679.0,454.0,1107.0,69.0,904.0,8.040696382522583,BTS,,391,OK,16.0,15.0,15.0,0.0,0.0,8.091598749160767,-0.050902366638183594,-0.09463874580042973
12.0,GIRMS\IRMS-operator,2026-03-04 22:47:54.426,2026-03-04 23:57:12.136,Running,False,BTS,337,,1,13.0,True,Unknown,,"0.002 V, 0.002 V, 0.002 V",62 µbar,72 °C,,5.012 V,9.5220 kV,71 µbar,Carbon Dioxide: 0.0220 kV,"1,190 µbar",4.642 V,5.488 V,576 µbar/min,8.295 V,6.46E-008 mbar,52 %,850 µbar,µ-Volume,,Pre,4.608288229156669,4.995329184092086,5.019786359469102,6.57691587990589,6.7000373065663785,4.701097445781822,-3.3243358758451302,-3.4927016707176906,-3.3569966411590713,0.02304534273218407,0.0057613356830460176,-3.5079346405914036,0.027465673935362932,0.006866418483840733,-3.359174025513334,0.02208502513723507,-3.5089501719163176,0.028117020444669513,Natan Pereira BTS coral series 11.xlsx,2026-03-04 22:47:54.426,739679.0,576.0,1190.0,71.0,850.0,4.471858200595249,BTS,,337,OK,16.0,15.0,15.0,0.0,0.0,4.50117352777337,-0.029315327178121464,-0.05449149084551776
13.0,GIRMS\IRMS-operator,2026-03-04 23:24:14.519,2026-03-05 00:41:16.904,Running,False,BTS,345,,2,13.0,True,Unknown,,"0.001 V, 0.001 V, 0.001 V",49 µbar,72 °C,,10.178 V,9.5222 kV,69 µbar,Carbon Dioxide: 0.0222 kV,"1,082 µbar",9.698 V,11.487 V,586 µbar/min,3.313 V,9.62E-008 mbar,22 %,929 µbar,µ-Volume,,Pre,9.559516881136846,10.372041843451553,10.413209220063964,13.64109157087195,13.902724745006932,9.756236704634135,-2.0020044259566605,-3.5418407775742455,-2.0422497992696327,0.030881613041106915,0.007720403260276729,-3.578168034549807,0.02506589220923878,0.006266473052309695,-2.044932824157164,0.02997313195537768,-3.580589851681512,0.023929713613918154,Natan Pereira BTS coral series 11.xlsx,2026-03-04 23:24:14.519,739679.0,586.0,1082.0,69.0,929.0,9.240716131971782,BTS,,345,OK,16.0,15.0,15.0,0.0,0.0,9.269982012556499,-0.029265880584716797,-0.054583327882011826
14.0,GIRMS\IRMS-operator,2026-03-04 23:57:12.246,2026-03-05 01:08:00.392,Running,False,BTS,365,,1,14.0,True,Unknown,,"0.002 V, 0.002 V, 0.002 V",62 µbar,72 °C,,3.434 V,9.5221 kV,64 µbar,Carbon Dioxide: 0.0221 kV,"1,060 µbar",3.238 V,3.710 V,400 µbar/min,9.483 V,5.36E-008 mbar,84 %,777 µbar,µ-Volume,,Pre,3.1399796174714245,3.407214896651408,3.5387286920503054,4.480684916697886,4.72282878609791,3.313875836922911,-2.354291580503487,-3.6328437971960836,-2.35735048744876,0.020493551550249296,0.005477132038515917,-3.593783389241635,0.01989542520368658,0.004973856300921645,-2.3568979452026113,0.03313355867883787,-3.5911793620446715,0.01754583655605778,Natan Pereira BTS coral series 11.xlsx,2026-03-04 23:57:12.246,739679.0,400.0,1060.0,64.0,777.0,3.053013216530207,BTS,,365,OK,16.0,15.0,15.0,0.0,0.0,3.18115847190361,-0.12814525537340282,-0.23010051330430656
15.0,GIRMS\IRMS-operator,2026-03-05 00:41:17.032,2026-03-05 01:44:04.251,Running,False,SHP2L,,,2,14.0,True,QC Standard,SHP2L,"0.001 V, 0.001 V, 0.001 V",49 µbar,72 °C,,5.023 V,9.5222 kV,69 µbar,Carbon Dioxide: 0.0222 kV,"1,114 µbar",4.991 V,5.474 V,611 µbar/min,3.213 V,6.15E-008 mbar,50 %,824 µbar,µ-Volume,,Pre,4.836339939949017,5.255712542845696,5.410420023883406,6.884852530013966,7.221312571745368,5.066945590174396,-0.8206450276505572,-6.039091107702621,-0.8401841135382876,0.012284455569002569,0.0032831588515896243,-6.047038296454373,0.027919601870103592,0.00720881020504351,-0.841543227079485,0.02065211303776741,-6.0528621168183765,0.03448303302482778,Natan Pereira BTS coral series 11.xlsx,2026-03-05 00:41:17.032,739680.0,611.0,1114.0,69.0,824.0,4.699090565458984,SHP2L,,,OK,16.0,15.0,15.0,0.0,0.0,4.8472675710579995,-0.14817700559901592,-0.26876289620138777
16.0,GIRMS\IRMS-operator,2026-03-05 01:08:00.547,2026-03-05 02:17:25.686,Running,False,BTS,372,,1,15.0,True,Unknown,,"0.001 V, 0.001 V, 0.002 V",62 µbar,72 °C,,13.910 V,9.5224 kV,71 µbar,Carbon Dioxide: 0.0224 kV,"1,185 µbar",12.538 V,15.955 V,689 µbar/min,4.933 V,1.15E-007 mbar,13 %,987 µbar,µ-Volume,,Pre,12.47753824561324,13.521554476699261,13.469445116004376,17.79628469591485,17.987615605643853,12.623957055503988,-2.8783871218640567,-3.9431595675523123,-2.9398940827891002,0.03233434112445751,0.008083585281114377,-3.989786885108211,0.01777765584409127,0.004590171001251496,-2.9439945468507696,0.028843581749846716,-3.9897868851082112,0.017777655844091245,Natan Pereira BTS coral series 11.xlsx,2026-03-05 01:08:00.547,739680.0,689.0,1185.0,71.0,987.0,12.020668643409872,BTS,,372,OK,16.0,15.0,15.0,0.0,0.0,11.948770540649557,0.07189810276031494,0.13533013390812165
17.0,GIRMS\IRMS-operator,2026-03-05 01:44:04.410,2026-03-05 03:01:44.324,Running,False,BTS,325,,2,15.0,True,Unknown,,"0.001 V, 0.001 V, 0.001 V",49 µbar,72 °C,,5.242 V,9.5224 kV,71 µbar,Carbon Dioxide: 0.0224 kV,"1,129 µbar",5.208 V,5.749 V,488 µbar/min,3.308 V,6.40E-008 mbar,49 %,828 µbar,µ-Volume,,Pre,5.0625430054647405,5.493767877324794,5.640496144897638,7.226335412158819,7.528880930930085,5.282498836080899,-2.230986834741544,-3.3851233605497466,-2.2437416172003046,0.01645336650106758,0.004248240963178782,-3.379176770945192,0.02298790379934459,0.00593545123860532,-2.24770643701971,0.019953572080119324,-3.3749367309890683,0.027277889952501844,Natan Pereira BTS coral series 11.xlsx,2026-03-05 01:44:04.410,739680.0,488.0,1129.0,71.0,828.0,4.914306395277793,BTS,,325,OK,16.0,15.0,15.0,0.0,0.0,5.053805635640694,-0.13949924036290184,-0.2537974265388245
18.0,GIRMS\IRMS-operator,2026-03-05 02:17:25.777,2026-03-05 03:27:17.322,Running,False,BTS,326,,1,16.0,True,Unknown,,"0.002 V, 0.001 V, 0.002 V",62 µbar,73 °C,,7.396 V,9.5225 kV,67 µbar,Carbon Dioxide: 0.0225 kV,"1,114 µbar",7.304 V,8.201 V,469 µbar/min,5.151 V,8.06E-008 mbar,32 %,911 µbar,µ-Volume,,Pre,7.134721531261518,7.733912986846141,7.848972706301002,10.181594121867663,10.477437063383793,7.351808930006941,-3.1877577246811617,-3.568793548570537,-3.1978532934671713,0.014224016246658092,0.003672625202632701,-3.574924811403661,0.01911054566941725,0.0049343216743059515,-3.2008724781456523,0.016545079808978486,-3.57167230896757,0.023803934159106085,Natan Pereira BTS coral series 11.xlsx,2026-03-05 02:17:25.777,739680.0,469.0,1114.0,67.0,911.0,6.9084178120305975,BTS,,326,OK,16.0,15.0,15.0,0.0,0.0,7.009395146933515,-0.10097733490291727,-0.18620598352783085
19.0,GIRMS\IRMS-operator,2026-03-05 03:01:44.497,2026-03-05 04:05:36.793,Running,False,BTS,244,,2,16.0,True,Unknown,,"0.002 V, 0.001 V, 0.002 V",52 µbar,72 °C,,2.991 V,9.5225 kV,74 µbar,Carbon Dioxide: 0.0225 kV,"1,148 µbar",3.210 V,3.207 V,557 µbar/min,7.170 V,5.36E-008 mbar,100 %,726 µbar,µ-Volume,2.605 V,Pre,2.7414399835321253,2.9752913026809495,3.4975390746078765,3.9118989753988993,4.668197551041467,3.2752725559944778,-2.209568172449994,-3.7243185649414867,-2.2038540654636836,0.019574948824956508,0.0050542300534612665,-3.6734327894984085,0.04063700196327977,0.010159250490819942,-2.19939305857985,0.025041255802985937,-3.6700404044688697,0.0396489079683711,Natan Pereira BTS coral series 11.xlsx,2026-03-05 03:01:44.497,739680.0,557.0,1148.0,74.0,726.0,2.6679774690243967,BTS,,244,OK,16.0,15.0,15.0,0.0,0.0,3.1430400298805647,-0.47506256085616805,-0.7544921533437181
20.0,GIRMS\IRMS-operator,2026-03-05 03:27:17.506,2026-03-05 04:36:33.528,Running,False,SHP2L,,,1,17.0,True,QC Standard,SHP2L,"0.001 V, 0.001 V, 0.001 V",62 µbar,72 °C,,3.860 V,9.5225 kV,89 µbar,Carbon Dioxide: 0.0225 kV,"1,305 µbar",3.856 V,4.190 V,967 µbar/min,3.186 V,5.94E-008 mbar,67 %,799 µbar,µ-Volume,,Pre,3.713271560226029,4.035434859044245,4.1999138763019355,5.285684816076067,5.6057316509770825,3.9330741504046243,-0.8607542494963871,-6.186426711843107,-0.8798704979729861,0.020444906181293864,0.005278852076994947,-6.1331262145970875,0.02966000561540745,0.007658180519792767,-0.8759128935339479,0.02854909061057005,-6.124181623861145,0.03252986185017676,Natan Pereira BTS coral series 11.xlsx,2026-03-05 03:27:17.506,739680.0,967.0,1305.0,89.0,799.0,3.606918156286876,SHP2L,,,OK,16.0,15.0,15.0,0.0,0.0,3.7706816054532704,-0.16376344916639418,-0.29309275218567826
21.0,GIRMS\IRMS-operator,2026-03-05 04:05:36.951,2026-03-05 05:21:57.307,Running,False,BTS,245,,2,17.0,True,Unknown,,"0.001 V, 0.001 V, 0.001 V",49 µbar,72 °C,,4.718 V,9.5225 kV,64 µbar,Carbon Dioxide: 0.0225 kV,"1,029 µbar",4.715 V,5.156 V,552 µbar/min,3.303 V,6.56E-008 mbar,55 %,809 µbar,µ-Volume,,Pre,4.554384565213088,4.942869652996727,5.104706646902056,6.499172690407014,6.813423278824069,4.7803455580634,-2.171231837248655,-3.694069812285483,-2.1766514227713105,0.011106236076497642,0.002867617824221558,-3.678747045175264,0.018479785365607564,0.004771460064165709,-2.1739714569458077,0.016192752722218765,-3.680882480362934,0.021909351142132796,Natan Pereira BTS coral series 11.xlsx,2026-03-05 04:05:36.951,739680.0,552.0,1029.0,64.0,809.0,4.424233250320507,BTS,,245,OK,16.0,15.0,15.0,0.0,0.0,4.576363757013023,-0.15213050669251604,-0.27517277669195356
22.0,GIRMS\IRMS-operator,2026-03-05 04:36:33.631,2026-03-05 05:47:34.761,Running,False,BTS,246,,1,18.0,True,Unknown,,"0.001 V, 0.001 V, 0.001 V",62 µbar,72 °C,,3.836 V,9.5224 kV,74 µbar,Carbon Dioxide: 0.0224 kV,"1,224 µbar",3.816 V,4.155 V,664 µbar/min,4.665 V,5.91E-008 mbar,69 %,794 µbar,µ-Volume,,Pre,3.684059263619132,3.9979362878330185,4.1294108854513745,5.255749370240758,5.511831315871833,3.867096795461382,-2.2718583139215154,-3.96183887780599,-2.277157086617444,0.021942264671069543,0.005485566167767386,-3.972142564991946,0.03123519244099962,0.007808798110249905,-2.277510338130506,0.02266525958988097,-3.9728294774710107,0.03220616068112671,Natan Pereira BTS coral series 11.xlsx,2026-03-05 04:36:33.631,739680.0,664.0,1224.0,74.0,794.0,3.579493923669888,BTS,,246,OK,16.0,15.0,15.0,0.0,0.0,3.708243848236746,-0.1287499245668582,-0.2325262589613721
23.0,GIRMS\IRMS-operator,2026-03-05 05:21:57.481,2026-03-05 06:25:17.069,Running,False,BTS,247,,2,18.0,True,Unknown,,"0.001 V, 0.001 V, 0.001 V",49 µbar,72 °C,,3.916 V,9.5224 kV,74 µbar,Carbon Dioxide: 0.0224 kV,"1,163 µbar",3.927 V,4.239 V,576 µbar/min,3.778 V,5.94E-008 mbar,66 %,772 µbar,µ-Volume,,Pre,3.7781961135538022,4.096885730354851,4.248311185996164,5.392407669349352,5.670254720969837,3.978295263107991,-3.059327942401935,-3.5449622340689713,-3.069621935365167,0.02358883327468479,0.0060906105619545035,-3.5112341850506223,0.023293498714920802,0.0060143555065194755,-3.0661515298711604,0.028524391401036145,-3.5049105578906983,0.02617966174173343,Natan Pereira BTS coral series 11.xlsx,2026-03-05 05:21:57.481,739680.0,576.0,1163.0,74.0,772.0,3.6743648223550722,BTS,,247,OK,16.0,15.0,15.0,0.0,0.0,3.8133926562936704,-0.1390278339385982,-0.25063642181883755
24.0,GIRMS\IRMS-operator,2026-03-05 05:47:34.886,2026-03-05 06:57:23.561,Running,False,BTS,248,,1,19.0,True,Unknown,,"0.001 V, 0.001 V, 0.001 V",59 µbar,72 °C,,2.937 V,9.5223 kV,67 µbar,Carbon Dioxide: 0.0223 kV,"1,117 µbar",3.203 V,3.163 V,479 µbar/min,3.888 V,5.44E-008 mbar,90 %,741 µbar,µ-Volume,2.728 V,Pre,2.818870973691258,3.0560699848277317,3.4957062210367464,4.023143303284342,4.665919179543309,3.273470197379571,-3.264286219333612,-3.5703904669188713,-3.2745532167241262,0.02244511584927762,0.005795303992529891,-3.5497300005528363,0.029472658516730445,0.007368164629182611,-3.2789675440157464,0.026437836110921382,-3.5483526361284343,0.029969332108996837,Natan Pereira BTS coral series 11.xlsx,2026-03-05 05:47:34.886,739680.0,479.0,1117.0,67.0,741.0,2.741775679104429,BTS,,248,OK,16.0,15.0,15.0,0.0,0.0,3.1415765455142752,-0.399800866409846,-0.6528293651332614
25.0,GIRMS\IRMS-operator,2026-03-05 06:25:17.232,2026-03-05 07:42:18.895,Running,False,SHP2L,,,2,19.0,True,QC Standard,SHP2L,"0.001 V, 0.001 V, 0.001 V",49 µbar,72 °C,,10.764 V,9.5223 kV,84 µbar,Carbon Dioxide: 0.0223 kV,"1,219 µbar",10.189 V,12.184 V,821 µbar/min,3.297 V,1.01E-007 mbar,21 %,916 µbar,µ-Volume,,Pre,10.052321400044775,10.919025313049005,10.91126180806701,14.308788075706396,14.568694129249485,10.22296466134851,-0.8521968343849773,-6.076910674995384,-0.9184120674424017,0.023207718015976472,0.0059922070252903135,-6.0986234127041445,0.014357364158163037,0.0037070554853333806,-0.9184120674424017,0.02320771801597645,-6.096210661031069,0.020142325441258886,Natan Pereira BTS coral series 11.xlsx,2026-03-05 06:25:17.232,739680.0,821.0,1219.0,84.0,916.0,9.709545152414488,SHP2L,,,OK,16.0,15.0,15.0,0.0,0.0,9.705968873727963,0.003576278686525214,0.00669365034545727
26.0,GIRMS\IRMS-operator,2026-03-05 06:57:23.702,2026-03-05 08:09:02.926,Running,False,BTS,249,,1,20.0,True,Unknown,,"0.002 V, 0.002 V, 0.002 V",59 µbar,72 °C,,4.599 V,9.5223 kV,67 µbar,Carbon Dioxide: 0.0223 kV,"1,173 µbar",4.234 V,5.011 V,664 µbar/min,9.955 V,6.30E-008 mbar,60 %,816 µbar,µ-Volume,,Pre,4.21075073484618,4.563142195058833,4.60672321977606,6.008886967089086,6.148549208532713,4.313872388135192,-3.6722205446099165,-3.6710740615233384,-3.681033991849373,0.020053200642705032,0.005177714141823497,-3.6440064511696484,0.020479538851692413,0.005119884712923103,-3.678348258266525,0.023686514767405048,-3.642201943812736,0.01983804685337392,Natan Pereira BTS coral series 11.xlsx,2026-03-05 06:57:23.702,739680.0,664.0,1173.0,67.0,816.0,4.0879652837062075,BTS,,249,OK,16.0,15.0,15.0,0.0,0.0,4.1327239095094574,-0.04475862580324996,-0.0828360205053123
27.0,GIRMS\IRMS-operator,2026-03-05 07:42:19.053,2026-03-05 08:45:50.557,Running,False,BTS,250,,2,20.0,True,Unknown,,"0.001 V, 0.001 V, 0.001 V",47 µbar,72 °C,,3.645 V,9.5222 kV,67 µbar,Carbon Dioxide: 0.0222 kV,"1,100 µbar",3.656 V,3.931 V,484 µbar/min,4.190 V,5.86E-008 mbar,70 %,753 µbar,µ-Volume,,Pre,3.5068738612389545,3.8010446550934356,3.9917985225752046,5.0041098744647465,5.327956501846426,3.7379121023475568,-3.5254509992531657,-3.7856984687170137,-3.557093781998116,0.021902783238489494,0.0054756958096223735,-3.7788112287807647,0.017549779843269223,0.004387444960817306,-3.559203300847779,0.02092155750379323,-3.778352079451682,0.018066000511364796,Natan Pereira BTS coral series 11.xlsx,2026-03-05 07:42:19.053,739680.0,484.0,1100.0,67.0,753.0,3.410858309306628,BTS,,250,OK,16.0,15.0,15.0,0.0,0.0,3.5848664645480106,-0.17400815524138258,-0.3097647357141429
28.0,GIRMS\IRMS-operator,2026-03-05 08:09:03.151,2026-03-05 09:17:54.908,Running,False,BTS,251,,1,21.0,True,Unknown,,"0.001 V, 0.001 V, 0.001 V",59 µbar,73 °C,,3.069 V,9.5223 kV,69 µbar,Carbon Dioxide: 0.0223 kV,"1,197 µbar",3.156 V,3.306 V,762 µbar/min,3.622 V,5.41E-008 mbar,84 %,743 µbar,µ-Volume,2.848 V,Pre,2.944064912665156,3.1923007339359515,3.4369323973585444,4.199860865542544,4.587613659113965,3.2184129538953066,-3.1314987696793306,-4.103461047618384,-3.155156095421732,0.024808337319754285,0.006202084329938571,-4.02441936385897,0.02653628880173039,0.006851640306616811,-3.156733250471226,0.02483491734940728,-4.02441936385897,0.02653628880173058,Natan Pereira BTS coral series 11.xlsx,2026-03-05 08:09:03.151,739680.0,762.0,1197.0,69.0,743.0,2.8627591333330784,BTS,,251,OK,16.0,15.0,15.0,0.0,0.0,3.08950325428307,-0.2267441209499914,-0.3931007423161436
29.0,GIRMS\IRMS-operator,2026-03-05 08:45:50.715,2026-03-05 10:03:29.176,Running,False,BTS,252,,2,21.0,True,Unknown,,"0.001 V, 0.001 V, 0.001 V",47 µbar,72 °C,,7.771 V,9.5223 kV,64 µbar,Carbon Dioxide: 0.0223 kV,"1,078 µbar",7.580 V,8.690 V,440 µbar/min,3.291 V,8.47E-008 mbar,31 %,870 µbar,µ-Volume,,Pre,7.530723327853259,8.165525798605678,8.132162098692653,10.743938102291194,10.856307758854003,7.616859699239717,-2.9242233760581327,-3.9454383547997685,-2.955260407717046,0.0196341143433668,0.005069506524626119,-3.9840131270554004,0.026576688509486114,0.006862071466305449,-2.953146468602178,0.024354121393306744,-3.980975307450511,0.03310366214320648,Natan Pereira BTS coral series 11.xlsx,2026-03-05 08:45:50.715,739680.0,440.0,1078.0,64.0,870.0,7.2925284933299,BTS,,252,OK,16.0,15.0,15.0,0.0,0.0,7.2580695400142545,0.03445895331564586,0.06477848220901469
30.0,GIRMS\IRMS-operator,2026-03-05 09:17:55.105,2026-03-05 10:29:27.873,Running,False,SHP2L,,,1,22.0,True,QC Standard,SHP2L,"0.002 V, 0.002 V, 0.002 V",57 µbar,72 °C,,10.140 V,9.5221 kV,69 µbar,Carbon Dioxide: 0.0221 kV,"1,205 µbar",9.823 V,11.441 V,689 µbar/min,7.457 V,9.91E-008 mbar,21 %,929 µbar,µ-Volume,,Pre,9.660362594659402,10.493907700328394,10.556447873858973,13.751262577164992,14.095181377518996,9.889974368520548,-0.8722738080543246,-6.126072107248692,-0.9095104016518947,0.02005994110904126,0.005014985277260315,-6.1345522026016805,0.013951075075896918,0.0034877687689742294,-0.9119928412250659,0.0180416523301058,-6.135117542291878,0.014249765123187489,Natan Pereira BTS coral series 11.xlsx,2026-03-05 09:17:55.105,739680.0,689.0,1205.0,69.0,929.0,9.332919268607206,SHP2L,,,OK,16.0,15.0,15.0,0.0,0.0,9.395921378134794,-0.06300210952758789,-0.11708598207120507
31.0,GIRMS\IRMS-operator,2026-03-05 10:03:29.374,2026-03-05 11:08:23.730,Running,False,BTS,253,,2,22.0,True,Unknown,,"0.002 V, 0.002 V, 0.002 V",47 µbar,72 °C,,3.894 V,9.5221 kV,67 µbar,Carbon Dioxide: 0.0221 kV,"1,117 µbar",3.624 V,4.206 V,508 µbar/min,9.575 V,5.91E-008 mbar,70 %,760 µbar,µ-Volume,,Pre,3.575342600505212,3.8782135186891202,3.9557888159011543,5.101694540067405,5.279932503036718,3.7041369791407908,-2.7753619326259527,-3.862714982131643,-2.74992634233627,0.01778181183061492,0.00444545295765373,-3.8702056464900108,0.019618254621960957,0.005065411562167431,-2.748230636316959,0.017014262804120345,-3.8740666958943253,0.02337768406674494,Natan Pereira BTS coral series 11.xlsx,2026-03-05 10:03:29.374,739680.0,508.0,1117.0,67.0,760.0,3.4788429567015493,BTS,,253,OK,16.0,15.0,15.0,0.0,0.0,3.5527712724408604,-0.07392831573931113,-0.13544097274807543
32.0,GIRMS\IRMS-operator,2026-03-05 10:29:28.041,2026-03-05 11:39:21.666,Running,False,BTS,254,,1,23.0,True,Unknown,,"0.001 V, 0.001 V, 0.001 V",57 µbar,72 °C,,2.646 V,9.5221 kV,64 µbar,Carbon Dioxide: 0.0221 kV,"1,124 µbar",3.128 V,2.835 V,650 µbar/min,3.592 V,5.55E-008 mbar,97 %,709 µbar,µ-Volume,2.458 V,Pre,2.53507343394019,2.7500757038116412,3.4032060019541355,3.617232586045845,4.542328638656399,3.186635394439185,-2.717712345669976,-3.9151414016895814,-2.6958442526802795,0.029127726205356422,0.007520746567082319,-3.8845891322616746,0.050424969702187655,0.012606242425546914,-2.7013877586690827,0.03961251202419665,-3.882552314299814,0.05150900958893113,Natan Pereira BTS coral series 11.xlsx,2026-03-05 10:29:28.041,739680.0,650.0,1124.0,64.0,709.0,2.4658960298151618,BTS,,254,OK,16.0,15.0,15.0,0.0,0.0,3.057849376429979,-0.591953346614817,-0.8931364812852076
33.0,GIRMS\IRMS-operator,2026-03-05 11:08:23.972,2026-03-05 12:25:02.225,Running,False,BTS,256,,2,23.0,True,Unknown,,"0.001 V, 0.001 V, 0.001 V",47 µbar,73 °C,,3.366 V,9.5220 kV,59 µbar,Carbon Dioxide: 0.0220 kV,929 µbar,3.287 V,3.631 V,278 µbar/min,3.287 V,5.71E-008 mbar,82 %,733 µbar,µ-Volume,,Pre,3.3809456970048277,3.668115822412507,3.599056087118159,4.825793841629784,4.804256922546258,3.3700455750262104,-2.6075262864954096,-3.6268853514191957,-2.5859672551037236,0.013816945062620758,0.0035675198748661993,-3.654664012551316,0.024924101642185306,0.006231025410546326,-2.5809256240652223,0.018419167575261266,-3.6565159232934574,0.02463311508751078,Natan Pereira BTS coral series 11.xlsx,2026-03-05 11:08:23.972,739680.0,278.0,929.0,59.0,733.0,3.2882903650644932,BTS,,256,OK,16.0,15.0,15.0,0.0,0.0,3.2349776241156034,0.053312740948889825,0.10139150436319161
34.0,GIRMS\IRMS-operator,2026-03-05 11:39:21.857,2026-03-05 12:50:48.692,Running,False,BTS,257,,1,24.0,True,Unknown,,"0.001 V, 0.001 V, 0.001 V",57 µbar,72 °C,,2.160 V,9.5220 kV,64 µbar,Carbon Dioxide: 0.0220 kV,"1,156 µbar",3.262 V,2.304 V,718 µbar/min,3.262 V,5.77E-008 mbar,100 %,658 µbar,µ-Volume,2.013 V,Pre,2.0722399739932316,2.2479588141256097,3.5675719668317694,2.9575411647177408,4.762214056158017,3.340650533889018,-2.713794629810362,-3.7077420733137023,-2.7631493653820502,0.029847138695405118,0.007461784673851279,-3.724949481516887,0.050063179288823645,0.012515794822205911,-2.7664396810868297,0.027728907994099276,-3.7260966420637667,0.051602183128441864,Natan Pereira BTS coral series 11.xlsx,2026-03-05 11:39:21.857,739680.0,718.0,1156.0,64.0,658.0,2.01770952232082,BTS,,257,OK,16.0,15.0,15.0,0.0,0.0,3.202524229241093,-1.1848147069202732,-1.3966524013097896
35.0,GIRMS\IRMS-operator,2026-03-05 12:25:02.406,2026-03-05 13:29:23.998,Running,False,SHP2L,,,2,24.0,True,QC Standard,SHP2L,"0.001 V, 0.001 V, 0.001 V",45 µbar,72 °C,,8.354 V,9.5219 kV,71 µbar,Carbon Dioxide: 0.0219 kV,"1,102 µbar",8.073 V,9.308 V,503 µbar/min,3.241 V,8.94E-008 mbar,28 %,865 µbar,µ-Volume,,Pre,7.950106075796664,8.638395789935405,8.692033785220435,11.319886514691847,11.604915654182797,8.141168582412773,-0.8509857326715053,-6.017773995694919,-0.8812056087313799,0.03551157719959193,0.009169049806105237,-6.043380282976729,0.01827576748663665,0.004718782874326848,-0.8737940217034222,0.05064580615264559,-6.04205050502505,0.02082051999980447,Natan Pereira BTS coral series 11.xlsx,2026-03-05 12:25:02.406,739680.0,503.0,1102.0,71.0,865.0,7.698962144545073,SHP2L,,,OK,16.0,15.0,15.0,0.0,0.0,7.752301220754798,-0.053339076209725,-0.0991102819051957
1.0,GIRMS\IRMS-operator,2026-03-05 14:45:51.598,2026-03-05 15:50:08.269,Running,False,SHP2L,,,1,2.0,True,QC Standard,SHP2L,"0.001 V, 0.001 V, 0.001 V",25 µbar,72 °C,,7.771 V,9.5218 kV,71 µbar,Carbon Dioxide: 0.0218 kV,"1,068 µbar",7.576 V,8.691 V,664 µbar/min,3.286 V,8.98E-008 mbar,31 %,799 µbar,µ-Volume,,Pre,7.491326586611223,8.140688432506497,8.130785829318238,10.668926140735174,10.857694050738836,7.614633695490311,-0.8505377494586464,-6.1006858069158065,-0.9202713719191458,0.02449839572072896,0.00632545857567882,-6.104367150706717,0.014388546328800858,0.0037151066871719727,-0.9202713719191457,0.024498395720728965,-6.10761576285132,0.018431101342621905,Natan Pereira BTS coral series 12.xlsx,2026-03-05 14:45:51.598,739680.0,664.0,1068.0,71.0,799.0,7.246396200067948,SHP2L,,,OK,16.0,15.0,15.0,0.0,0.0,7.255865940778597,-0.009469740710649432,-0.03104521006771007
2.0,GIRMS\IRMS-operator,2026-03-05 15:21:06.681,2026-03-05 16:15:59.856,Running,False,BTS,258,,2,2.0,True,Unknown,,"0.002 V, 0.002 V, 0.002 V",62 µbar,72 °C,,2.001 V,9.5216 kV,64 µbar,Carbon Dioxide: 0.0216 kV,"1,163 µbar",3.231 V,2.133 V,527 µbar/min,7.452 V,6.21E-008 mbar,100 %,633 µbar,µ-Volume,1.863 V,Pre,1.91119319922791,2.0728853155994633,3.539562622681039,2.728658596859384,4.725710315521914,3.313879472205558,-3.012901122948386,-3.6985668575082453,-2.9923254073015286,0.036466888244669614,0.009415710057307495,-3.69067149697827,0.03468744776577237,0.008671861941443093,-2.998084095970688,0.045619915248319216,-3.6901451396096054,0.035838719074343765,Natan Pereira BTS coral series 12.xlsx,2026-03-05 15:21:06.681,739680.0,527.0,1163.0,64.0,633.0,1.8608320685788733,BTS,,258,OK,16.0,15.0,15.0,0.0,0.0,3.1765916972395662,-1.315759628660693,-2.5301486175008963
3.0,GIRMS\IRMS-operator,2026-03-05 15:50:08.362,2026-03-05 16:51:45.137,Running,False,BTS,259,,1,3.0,True,Unknown,,"0.001 V, 0.001 V, 0.001 V",42 µbar,72 °C,,2.707 V,9.5213 kV,76 µbar,Carbon Dioxide: 0.0213 kV,"1,129 µbar",3.207 V,2.907 V,733 µbar/min,3.207 V,6.21E-008 mbar,98 %,662 µbar,µ-Volume,2.524 V,Pre,2.606136115280048,2.8259612090303285,3.49696175089993,3.7215162774269617,4.6691646899620824,3.274073464883702,-3.2690940520702094,-3.570373421748596,-3.2717369434774883,0.01891223525939994,0.004883118146614178,-3.5235490912857754,0.018808698072373828,0.004856384959876492,-3.27726150060453,0.028003502922190383,-3.5235490912857745,0.018808698072373863,Natan Pereira BTS coral series 12.xlsx,2026-03-05 15:50:08.362,739680.0,733.0,1129.0,76.0,662.0,2.5360919676851137,BTS,,259,OK,16.0,15.0,15.0,0.0,0.0,3.1409238893660456,-0.6048319216809319,-1.6031198054078248
4.0,GIRMS\IRMS-operator,2026-03-05 16:16:00.014,2026-03-05 17:25:06.015,Running,False,BTS,260,,2,3.0,True,Unknown,,"0.001 V, 0.001 V, 0.001 V",57 µbar,72 °C,,2.169 V,9.5212 kV,74 µbar,Carbon Dioxide: 0.0212 kV,"1,219 µbar",3.187 V,2.317 V,752 µbar/min,3.187 V,6.09E-008 mbar,100 %,658 µbar,µ-Volume,2.018 V,Pre,2.081847444821654,2.2562761322879368,3.4885232750570387,2.9723750917026903,4.657703048241017,3.26613625443526,-3.7736367108521796,-3.6794377756781405,-3.758103521627184,0.0262556464374048,0.006779178759731925,-3.680979219782543,0.028144003187223685,0.0072667503759817195,-3.7622314988584367,0.03289929035914741,-3.6762308788356246,0.03385218250771687,Natan Pereira BTS coral series 12.xlsx,2026-03-05 16:16:00.014,739680.0,752.0,1219.0,74.0,658.0,2.026179556020542,BTS,,260,OK,16.0,15.0,15.0,0.0,0.0,3.131102318031803,-1.104922762011261,-2.3471253240911056
5.0,GIRMS\IRMS-operator,2026-03-05 16:51:45.304,2026-03-05 18:11:01.174,Running,False,BTS,261,,1,4.0,True,Unknown,,"0.001 V, 0.001 V, 0.001 V",45 µbar,72 °C,,3.055 V,9.5207 kV,84 µbar,Carbon Dioxide: 0.0207 kV,"1,153 µbar",3.286 V,3.294 V,694 µbar/min,3.286 V,5.71E-008 mbar,88 %,728 µbar,µ-Volume,2.844 V,Pre,2.9408034131316465,3.1867569869515253,3.5889464278429597,4.197496655273337,4.790884756748809,3.3604825991464504,-3.812195774394511,-3.7248345965588125,-3.8668203939710084,0.03609866452183456,0.00902466613045864,-3.6992062214348183,0.02899340346463012,0.007486064584558991,-3.870462035276108,0.03418848111059912,-3.6927145551606184,0.03341009469147074,Natan Pereira BTS coral series 12.xlsx,2026-03-05 16:51:45.304,739680.0,694.0,1153.0,84.0,728.0,2.8615229732341745,BTS,,261,OK,16.0,15.0,15.0,0.0,0.0,3.2240107901305706,-0.3624878168963961,-1.0561311557958328
6.0,GIRMS\IRMS-operator,2026-03-05 17:25:06.171,2026-03-05 18:38:02.437,Running,False,SHP2L,,,2,4.0,True,QC Standard,SHP2L,"0.001 V, 0.001 V, 0.001 V",71 µbar,72 °C,,13.002 V,9.5206 kV,71 µbar,Carbon Dioxide: 0.0206 kV,"1,119 µbar",11.770 V,14.875 V,410 µbar/min,3.260 V,1.10E-007 mbar,15 %,990 µbar,µ-Volume,,Pre,11.701019530327795,12.708092354886974,12.604618691556896,16.65516341101226,16.832338217607106,11.81125832083988,-0.8601949305047096,-6.09366910102993,-0.960393594708912,0.019254090155255834,0.004971384701178801,-6.116346158644641,0.017013300631421688,0.004253325157855422,-0.9603935947089118,0.019254090155255837,-6.1178579624856235,0.01646045861789948,Natan Pereira BTS coral series 12.xlsx,2026-03-05 17:25:06.171,739680.0,410.0,1119.0,71.0,990.0,11.28131342414188,SHP2L,,,OK,16.0,15.0,15.0,0.0,0.0,11.187365356835741,0.09394806730613858,0.310987822520219
7.0,GIRMS\IRMS-operator,2026-03-05 18:11:01.293,2026-03-05 19:13:52.207,Running,False,BTS,262,,1,5.0,True,Unknown,,"0.002 V, 0.002 V, 0.002 V",54 µbar,72 °C,,2.366 V,9.5207 kV,96 µbar,Carbon Dioxide: 0.0207 kV,"1,258 µbar",3.154 V,2.530 V,855 µbar/min,11.384 V,5.39E-008 mbar,100 %,699 µbar,µ-Volume,2.059 V,Pre,2.1808818863688524,2.3635271089562506,3.4326136512836,3.111278315715724,4.581134061871444,3.2142919180271363,-3.6555343965309905,-3.9155807272011067,-3.7012835755674613,0.024584343369337146,0.0061460858423342864,-3.9266261409146064,0.026628054014454228,0.006875333982659518,-3.704333520836559,0.022092870874760126,-3.932267689427723,0.03244889735130589,Natan Pereira BTS coral series 12.xlsx,2026-03-05 18:11:01.293,739680.0,855.0,1258.0,96.0,699.0,2.124540810819061,BTS,,262,OK,16.0,15.0,15.0,0.0,0.0,3.082182018712296,-0.9576412078932353,-2.166872264840282
8.0,GIRMS\IRMS-operator,2026-03-05 18:38:02.542,2026-03-05 19:45:47.646,Running,False,BTS,263,,2,5.0,True,Unknown,,"0.001 V, 0.001 V, 0.001 V",69 µbar,73 °C,,2.300 V,9.5210 kV,79 µbar,Carbon Dioxide: 0.0210 kV,"1,258 µbar",3.127 V,2.459 V,650 µbar/min,3.127 V,4.79E-008 mbar,100 %,704 µbar,µ-Volume,2.144 V,Pre,2.2105581112556028,2.3969499974877952,3.4194285029674503,3.153363830479071,4.563722759743074,3.201876042467357,-3.160016321001158,-4.029397810266899,-3.2119767240972465,0.022764808407311585,0.005877848256074691,-4.00550750429559,0.04415164033929515,0.011037910084823788,-3.211607236978842,0.023694395611133342,-4.003914817230836,0.04522302958596346,Natan Pereira BTS coral series 12.xlsx,2026-03-05 18:38:02.542,739680.0,650.0,1258.0,79.0,704.0,2.1517906858513935,BTS,,263,OK,16.0,15.0,15.0,0.0,0.0,3.0711633057896854,-0.9193726199382919,-2.1145227810601237
9.0,GIRMS\IRMS-operator,2026-03-05 19:13:52.327,2026-03-05 20:31:24.831,Running,False,BTS,264,,1,6.0,True,Unknown,,"0.001 V, 0.001 V, 0.001 V",54 µbar,72 °C,,2.807 V,9.5214 kV,84 µbar,Carbon Dioxide: 0.0214 kV,"1,168 µbar",3.297 V,3.006 V,674 µbar/min,3.297 V,4.88E-008 mbar,97 %,733 µbar,µ-Volume,2.613 V,Pre,2.696242677354578,2.924339817859441,3.58688051638078,3.845488797642577,4.787172494143547,3.358806644937342,-2.8574849068661035,-4.208576753214399,-2.879875694207848,0.03042782202882921,0.0076069555072073025,-4.186963640967386,0.026735149529730745,0.006902985925800815,-2.881368413363964,0.030883438449275675,-4.190603592612889,0.032895090456581254,Natan Pereira BTS coral series 12.xlsx,2026-03-05 19:13:52.327,739680.0,674.0,1168.0,84.0,733.0,2.6237218441458143,BTS,,264,OK,16.0,15.0,15.0,0.0,0.0,3.2222193111833555,-0.5984974670375411,-1.5997374111148428
10.0,GIRMS\IRMS-operator,2026-03-05 19:45:47.794,2026-03-05 20:57:05.087,Running,False,BTS,265,,2,6.0,True,Unknown,,"0.001 V, 0.001 V, 0.001 V",71 µbar,72 °C,,2.541 V,9.5214 kV,69 µbar,Carbon Dioxide: 0.0214 kV,"1,036 µbar",3.271 V,2.723 V,322 µbar/min,3.271 V,4.88E-008 mbar,100 %,726 µbar,µ-Volume,2.367 V,Pre,2.442379666930714,2.6502776660244427,3.581388745161338,3.4845842392744033,4.7797560691833505,3.353655634338879,-2.3728193543818277,-3.860892072204858,-2.3673238654898854,0.02823321689585238,0.007058304223963095,-3.8876649229970877,0.03974266831178912,0.00993566707794728,-2.3669574995637563,0.029184761540283273,-3.8894497797165695,0.040468350972381766,Natan Pereira BTS coral series 12.xlsx,2026-03-05 19:45:47.794,739680.0,322.0,1036.0,69.0,726.0,2.3772832213173682,BTS,,265,OK,16.0,15.0,15.0,0.0,0.0,3.2160770205823765,-0.8387937992650083,-2.0353232095564087
11.0,GIRMS\IRMS-operator,2026-03-05 20:31:24.951,2026-03-05 21:33:18.981,Running,False,SHP2L,,,1,7.0,True,QC Standard,SHP2L,"0.001 V, 0.001 V, 0.001 V",54 µbar,72 °C,,21.545 V,9.5216 kV,91 µbar,Carbon Dioxide: 0.0216 kV,"1,212 µbar",14.367 V,25.382 V,698 µbar/min,3.245 V,1.27E-007 mbar,10 %,"1,012 µbar",µ-Volume,19.505 V,Pre,20.836041333607678,22.6032247797723,15.479620362925072,29.643527405109364,20.674503581371262,14.510185482434276,-1.7092083167036254,-6.380426384558047,-1.5569000790646228,0.09671242217178662,0.024178105542946655,-6.325397408159662,0.03950265820248152,0.00987566455062038,-1.546746196555356,0.09085116157451058,-6.321728809733104,0.03796317070177275,Natan Pereira BTS coral series 12.xlsx,2026-03-05 20:31:24.951,739680.0,698.0,1212.0,91.0,1012.0,19.982845547131543,SHP2L,,,OK,16.0,15.0,15.0,0.0,0.0,13.703035638979783,6.27980990815176,30.06150584994866
12.0,GIRMS\IRMS-operator,2026-03-05 20:57:05.180,2026-03-05 22:07:25.409,Running,False,BTS,266,,2,7.0,True,Unknown,,"0.002 V, 0.002 V, 0.002 V",71 µbar,72 °C,,2.902 V,9.5215 kV,71 µbar,Carbon Dioxide: 0.0215 kV,"1,129 µbar",3.138 V,3.118 V,391 µbar/min,13.890 V,5.31E-008 mbar,97 %,760 µbar,µ-Volume,2.503 V,Pre,2.6495647441034755,2.874975830008146,3.414963594378335,3.779816267879359,4.557576809347048,3.19789362245218,-2.39330810081817,-3.9176790240481596,-2.4024165703745957,0.02025701291695913,0.0052303382447527495,-3.908973557778306,0.02884668205602486,0.007448181279754974,-2.398772743347078,0.026088876220499838,-3.913526502366168,0.035042885984129045,Natan Pereira BTS coral series 12.xlsx,2026-03-05 20:57:05.180,739680.0,391.0,1129.0,71.0,760.0,2.5766981353565743,BTS,,266,OK,16.0,15.0,15.0,0.0,0.0,3.0687271984366804,-0.4920290630801061,-1.356187404341127
13.0,GIRMS\IRMS-operator,2026-03-05 21:33:19.088,2026-03-05 22:51:12.681,Running,False,BTS,267,,1,8.0,True,Unknown,,"0.001 V, 0.001 V, 0.001 V",57 µbar,72 °C,,2.688 V,9.5219 kV,84 µbar,Carbon Dioxide: 0.0219 kV,"1,124 µbar",3.306 V,2.872 V,503 µbar/min,3.305 V,4.86E-008 mbar,100 %,726 µbar,µ-Volume,2.497 V,Pre,2.576977765357151,2.79611492444632,3.6193475884983397,3.676887658648868,4.8306376658014125,3.389338275371366,-2.4284915787364802,-3.777862717954661,-2.48523951939731,0.031660521529754945,0.007915130382438736,-3.780041017582958,0.024822215246809193,0.006409068417791188,-2.489022715441365,0.028785924138593072,-3.7858887068024836,0.03319305126586708,Natan Pereira BTS coral series 12.xlsx,2026-03-05 21:33:19.088,739680.0,503.0,1124.0,84.0,726.0,2.508065831468757,BTS,,267,OK,16.0,15.0,15.0,0.0,0.0,3.2490438427312904,-0.7409780112625333,-1.8776401778561784
14.0,GIRMS\IRMS-operator,2026-03-05 22:07:25.603,2026-03-05 23:16:56.295,Running,False,BTS,268,,2,8.0,True,Unknown,,"0.001 V, 0.001 V, 0.001 V",74 µbar,73 °C,,3.126 V,9.5220 kV,79 µbar,Carbon Dioxide: 0.0220 kV,"1,229 µbar",3.281 V,3.355 V,718 µbar/min,3.281 V,4.86E-008 mbar,86 %,777 µbar,µ-Volume,2.893 V,Pre,2.9930372540577284,3.2473235407879364,3.583247567417697,4.270259205767194,4.782366163072962,3.3555586770207717,-2.503441164876885,-3.8153604681147035,-2.503456136884158,0.012840187635164903,0.0032100469087912257,-3.774766134712104,0.03068664941552141,0.007923258809147998,-2.503457135017976,0.01329085625127434,-3.7667497347070604,0.03476033699973957,Natan Pereira BTS coral series 12.xlsx,2026-03-05 22:07:25.603,739680.0,718.0,1229.0,79.0,777.0,2.9103542795978834,BTS,,268,OK,16.0,15.0,15.0,0.0,0.0,3.2194290247023782,-0.30907474510449484,-0.9171792342875259
15.0,GIRMS\IRMS-operator,2026-03-05 22:51:12.840,2026-03-05 23:53:21.040,Running,False,BTS,269,,1,9.0,True,Unknown,,"0.001 V, 0.001 V, 0.001 V",57 µbar,73 °C,,2.391 V,9.5222 kV,93 µbar,Carbon Dioxide: 0.0222 kV,"1,231 µbar",3.251 V,2.550 V,737 µbar/min,3.250 V,4.74E-008 mbar,100 %,701 µbar,µ-Volume,2.237 V,Pre,2.301561349655233,2.4972659401589583,3.5550040805987932,3.283756810415947,4.744559559472288,3.3289597293513933,-2.4500761368270174,-3.830210090997044,-2.4986046375205997,0.02533604345226279,0.006541738289960083,-3.777636531712207,0.025837350486614865,0.006671175209652231,-2.5063463710400797,0.027126952479454014,-3.7685773754765193,0.029631238772949937,Natan Pereira BTS coral series 12.xlsx,2026-03-05 22:51:12.840,739680.0,737.0,1231.0,93.0,701.0,2.2424906990648212,BTS,,269,OK,16.0,15.0,15.0,0.0,0.0,3.192502751054169,-0.9500120519893476,-2.1905449768249614
16.0,GIRMS\IRMS-operator,2026-03-05 23:16:56.402,2026-03-06 00:26:34.598,Running,False,SHP2L,,,2,9.0,True,QC Standard,SHP2L,"0.001 V, 0.001 V, 0.001 V",74 µbar,73 °C,,17.736 V,9.5224 kV,79 µbar,Carbon Dioxide: 0.0224 kV,"1,192 µbar",14.190 V,20.678 V,508 µbar/min,3.228 V,1.26E-007 mbar,10 %,"1,034 µbar",µ-Volume,16.036 V,Pre,17.081502923900118,18.538582212540366,15.287640578362204,24.304839856581076,20.41749943013607,14.330390939647184,-1.2379829263762243,-6.238408103303672,-1.2427923347395697,0.03579316130296818,0.009241754508967435,-6.206569060395146,0.0173925602169375,0.004490739737873907,-1.2365276909559169,0.0439818082649847,-6.207577431964489,0.019660901118547063,Natan Pereira BTS coral series 12.xlsx,2026-03-05 23:16:56.402,739680.0,508.0,1192.0,79.0,1034.0,16.401548037463655,SHP2L,,,OK,16.0,15.0,15.0,0.0,0.0,13.535577902728546,2.865970134735109,11.399961575535409
17.0,GIRMS\IRMS-operator,2026-03-05 23:53:21.244,2026-03-06 01:11:06.837,Running,False,BTS,270,,1,10.0,True,Unknown,,"0.001 V, 0.001 V, 0.001 V",57 µbar,72 °C,,1.861 V,9.5224 kV,79 µbar,Carbon Dioxide: 0.0224 kV,"1,063 µbar",3.296 V,1.980 V,532 µbar/min,3.295 V,4.81E-008 mbar,100 %,645 µbar,µ-Volume,1.747 V,Pre,1.7929452930396257,1.9447622171545829,3.6071702274499464,2.55801299502159,4.8140593978642965,3.3778915670854395,-2.7566439309546498,-3.8029170255068356,-2.785584421142504,0.032085073167030194,0.008021268291757548,-3.822793795029255,0.027790487526291673,0.00717547302482084,-2.787513787155027,0.0322361709348122,-3.8286746275792174,0.0322581975986207,Natan Pereira BTS coral series 12.xlsx,2026-03-05 23:53:21.244,739680.0,532.0,1063.0,79.0,645.0,1.746298361813232,BTS,,270,OK,16.0,15.0,15.0,0.0,0.0,3.2367516022499387,-1.4904532404367068,-2.6396790161973556
18.0,GIRMS\IRMS-operator,2026-03-06 00:26:34.729,2026-03-06 01:37:38.223,Running,False,BTS,271,,2,10.0,True,Unknown,,"0.001 V, 0.001 V, 0.001 V",71 µbar,73 °C,,2.286 V,9.5227 kV,74 µbar,Carbon Dioxide: 0.0227 kV,"1,202 µbar",3.272 V,2.437 V,518 µbar/min,3.272 V,4.83E-008 mbar,100 %,697 µbar,µ-Volume,2.124 V,Pre,2.1902713171199344,2.3743475778054566,3.5585212827241994,3.125243454487514,4.7490313352350135,3.332313078530397,-3.3355419496243766,-3.6820570972128097,-3.338832255334635,0.018278073305941677,0.004569518326485419,-3.6557611210850403,0.042743226767676286,0.011036253695625156,-3.3390516090486524,0.01889779201807136,-3.6611319448061663,0.05061924155398677,Natan Pereira BTS coral series 12.xlsx,2026-03-06 00:26:34.729,739681.0,518.0,1202.0,74.0,697.0,2.1313425269553607,BTS,,271,OK,16.0,15.0,15.0,0.0,0.0,3.19477927905222,-1.0634367520968593,-2.328883406220392
19.0,GIRMS\IRMS-operator,2026-03-06 01:11:07.053,2026-03-06 02:15:41.365,Running,False,BTS,272,,1,11.0,True,Unknown,,"0.001 V, 0.001 V, 0.001 V",54 µbar,72 °C,,6.001 V,9.5227 kV,76 µbar,Carbon Dioxide: 0.0227 kV,"1,021 µbar",5.933 V,6.601 V,376 µbar/min,3.246 V,6.85E-008 mbar,41 %,855 µbar,µ-Volume,,Pre,5.791275472407092,6.277763505858158,6.385984071514607,8.264545693903031,8.523521333960332,5.980960891611908,-3.269309885004179,-3.532148069579022,-3.275689887904649,0.01974491068062344,0.0052770493499533135,-3.5692063891134294,0.026599989434700776,0.0068680877393259565,-3.274265073833631,0.04010223921665149,-3.5768514684950827,0.031259670996240496,Natan Pereira BTS coral series 12.xlsx,2026-03-06 01:11:07.053,739681.0,376.0,1021.0,76.0,855.0,5.62086595550943,BTS,,272,OK,16.0,15.0,15.0,0.0,0.0,5.713163659922172,-0.09229770441274177,-0.2980857070864668
20.0,GIRMS\IRMS-operator,2026-03-06 01:37:38.343,2026-03-06 02:48:10.557,Running,False,BTS,273,,2,11.0,True,Unknown,,"0.001 V, 0.001 V, 0.002 V",74 µbar,72 °C,,2.497 V,9.5226 kV,74 µbar,Carbon Dioxide: 0.0226 kV,"1,119 µbar",3.197 V,2.680 V,405 µbar/min,5.844 V,4.79E-008 mbar,100 %,733 µbar,µ-Volume,2.325 V,Pre,2.3919923064381523,2.5926018755613836,3.496158051098368,3.412918972058112,4.665948987009887,3.273971853575414,-3.4937469748572703,-3.7541779707083167,-3.5103078685775575,0.027446252271265743,0.007335319467860181,-3.7636478921724508,0.01602252088019991,0.004136997102218324,-3.524156614507949,0.04218591755298483,-3.7579471817565637,0.029323632222947742,Natan Pereira BTS coral series 12.xlsx,2026-03-06 01:37:38.343,739681.0,405.0,1119.0,74.0,733.0,2.3281951599307664,BTS,,273,OK,16.0,15.0,15.0,0.0,0.0,3.140044072734984,-0.8118489128042174,-1.9759799851228148
21.0,GIRMS\IRMS-operator,2026-03-06 02:15:41.486,2026-03-06 03:28:24.330,Running,False,SHP2L,,,1,12.0,True,QC Standard,SHP2L,"0.001 V, 0.001 V, 0.001 V",59 µbar,72 °C,,0.249 V,9.5228 kV,936 µbar,Carbon Dioxide: 0.0228 kV,"1,009 µbar",3.308 V,0.236 V,469 µbar/min,3.306 V,4.86E-008 mbar,100 %,907 µbar,µ-Volume,0.233 V,Pre,0.22831354745105695,0.24754456493534846,3.6158870943409855,0.323845001301094,4.825765031504052,3.385981170708168,-3.172599638979312,-9.614019807759778,-3.1904543426120853,0.052425513995738866,0.013536209508124031,-9.791752973914443,0.12765943971709812,0.03191485992927453,-3.2061721465162396,0.07650366323798227,-9.803601851658085,0.12269560806120748,Natan Pereira BTS coral series 12.xlsx,2026-03-06 02:15:41.486,739681.0,469.0,1009.0,936.0,907.0,0.2237700974366262,SHP2L,,,OK,16.0,15.0,15.0,0.0,0.0,3.2360312146247447,-3.0122611171881184,-0.6837630910541729
22.0,GIRMS\IRMS-operator,2026-03-06 02:48:10.685,2026-03-06 04:01:33.603,Running,False,BTS,274,,2,12.0,True,Unknown,,"0.001 V, 0.001 V, 0.001 V",64 µbar,72 °C,,4.250 V,9.5228 kV,89 µbar,Carbon Dioxide: 0.0228 kV,"1,246 µbar",4.229 V,4.612 V,586 µbar/min,3.287 V,5.60E-008 mbar,61 %,824 µbar,µ-Volume,,Pre,4.097699389375923,4.440999350085649,4.599150087046166,5.845912637092513,6.138011251907898,4.306890462453667,-3.576213931694716,-3.8710251794173978,-3.567038318028695,0.02232169040800606,0.005580422602001515,-3.930466417252816,0.031350157725860174,0.007837539431465044,-3.5664266104509603,0.022965911480006748,-3.934429166441844,0.027997033476922374,Natan Pereira BTS coral series 12.xlsx,2026-03-06 02:48:10.685,739681.0,586.0,1246.0,89.0,824.0,3.9837548129279337,BTS,,274,OK,16.0,15.0,15.0,0.0,0.0,4.12568202654477,-0.14192721361683658,-0.4498691520253907
23.0,GIRMS\IRMS-operator,2026-03-06 03:28:24.535,2026-03-06 04:33:19.129,Running,False,BTS,275,,1,13.0,True,Unknown,,"0.001 V, 0.001 V, 0.001 V",74 µbar,72 °C,,3.559 V,9.5227 kV,71 µbar,Carbon Dioxide: 0.0227 kV,"1,107 µbar",3.563 V,3.853 V,557 µbar/min,4.184 V,5.03E-008 mbar,73 %,797 µbar,µ-Volume,,Pre,3.4246686966879976,3.713749716282432,3.8682190256359843,4.885123381468709,5.162891300038803,3.622481234238852,-2.974978725985067,-4.030894306979338,-2.995107239916391,0.017861299853358454,0.004611767791578285,-3.96792876104287,0.0369104573963876,0.0092276143490969,-2.992646787111508,0.02271473104805642,-3.9637310579804392,0.034023896369291005,Natan Pereira BTS coral series 12.xlsx,2026-03-06 03:28:24.535,739681.0,557.0,1107.0,71.0,797.0,3.329334902399691,BTS,,275,OK,16.0,15.0,15.0,0.0,0.0,3.4747663050681084,-0.14543140266841714,-0.4574185412342736
24.0,GIRMS\IRMS-operator,2026-03-06 04:01:33.792,2026-03-06 05:09:16.911,Running,False,BTS,276,,2,13.0,True,Unknown,,"0.001 V, 0.001 V, 0.001 V",57 µbar,72 °C,,3.280 V,9.5228 kV,76 µbar,Carbon Dioxide: 0.0228 kV,"1,080 µbar",3.289 V,3.528 V,571 µbar/min,3.529 V,4.86E-008 mbar,79 %,760 µbar,µ-Volume,,Pre,3.1554020810590413,3.4243079571976276,3.5871510510351925,4.501915719172327,4.7873471896318165,3.3589594813563015,-2.3149046040730203,-3.8496116740392994,-2.3232620690980825,0.013473851391199549,0.0034789334698259655,-3.8235885966654877,0.03206445782708357,0.008279007411297648,-2.326687465844516,0.01721045860601591,-3.8279158102795257,0.03937388377563319,Natan Pereira BTS coral series 12.xlsx,2026-03-06 04:01:33.792,739681.0,571.0,1080.0,76.0,760.0,3.0704701446320772,BTS,,276,OK,16.0,15.0,15.0,0.0,0.0,3.223370522190659,-0.15290037755858155,-0.4781089750364222
25.0,GIRMS\IRMS-operator,2026-03-06 04:33:19.265,2026-03-06 05:48:38.681,Running,False,BTS,277,,1,14.0,True,Unknown,,"0.001 V, 0.001 V, 0.001 V",69 µbar,72 °C,,5.957 V,9.5228 kV,71 µbar,Carbon Dioxide: 0.0228 kV,"1,102 µbar",5.888 V,6.556 V,449 µbar/min,3.299 V,6.79E-008 mbar,42 %,882 µbar,µ-Volume,,Pre,5.719511656849819,6.205839897186068,6.340918923408296,8.161219363020656,8.463167944594435,5.938388672510716,-2.3724115503386267,-3.691504620080832,-2.4193685684999355,0.02151363557294561,0.005554796819359587,-3.701582044697869,0.008743620581087354,0.00233683089531244,-2.416853047629752,0.02847580363302995,-3.7022329618054886,0.017661630729385966,Natan Pereira BTS coral series 12.xlsx,2026-03-06 04:33:19.265,739681.0,449.0,1102.0,71.0,882.0,5.541228401972643,BTS,,277,OK,16.0,15.0,15.0,0.0,0.0,5.672433001158016,-0.13120459918537275,-0.420735758999475
26.0,GIRMS\IRMS-operator,2026-03-06 05:09:17.068,2026-03-06 06:23:04.855,Running,False,SHP2L,,,2,14.0,True,QC Standard,SHP2L,"0.001 V, 0.001 V, 0.002 V",54 µbar,72 °C,,10.643 V,9.5229 kV,79 µbar,Carbon Dioxide: 0.0229 kV,997 µbar,10.038 V,11.984 V,283 µbar/min,5.805 V,9.86E-008 mbar,20 %,938 µbar,µ-Volume,,Pre,9.922224172141295,10.777876259197226,10.771532515017972,14.12968138820646,14.381615320510841,10.091968097818308,-0.8692951143827177,-5.634472636850241,-0.9150202447853055,0.02621471992722127,0.006553679981805317,-5.621963597368745,0.019055055162656733,0.004763763790664183,-0.9180685868121449,0.02402082389142088,-5.621129661403312,0.019419281842893207,Natan Pereira BTS coral series 12.xlsx,2026-03-06 05:09:17.068,739681.0,283.0,997.0,79.0,938.0,9.59650496063334,SHP2L,,,OK,16.0,15.0,15.0,0.0,0.0,9.580540545966366,0.01596441466697307,0.052492803548242595
27.0,GIRMS\IRMS-operator,2026-03-06 05:48:38.842,2026-03-06 06:54:06.738,Running,False,BTS,278,,1,15.0,True,Unknown,,"0.002 V, 0.002 V, 0.002 V",74 µbar,72 °C,,21.804 V,9.5228 kV,76 µbar,Carbon Dioxide: 0.0228 kV,"1,102 µbar",13.906 V,25.794 V,576 µbar/min,9.792 V,1.22E-007 mbar,10 %,"1,056 µbar",µ-Volume,19.879 V,Pre,21.26427808154177,23.019742048575374,14.986093915297484,30.325981866935244,20.014214408019534,14.04697516310763,-3.8165300115377,-4.0023332232916875,-3.6409627604784767,0.12152116409853676,0.03038029102463419,-3.9192814037865147,0.04780558658362962,0.011951396645907405,-3.629258277074528,0.1160763653306244,-3.9137446158195033,0.04385297399189975,Natan Pereira BTS coral series 12.xlsx,2026-03-06 05:48:38.842,739681.0,576.0,1102.0,76.0,1056.0,20.360179928427453,BTS,,278,OK,16.0,15.0,15.0,0.0,0.0,13.278671291952847,7.081508636474606,35.64318215602852
28.0,GIRMS\IRMS-operator,2026-03-06 06:23:05.121,2026-03-06 07:28:39.205,Running,False,BTS,279,,2,15.0,True,Unknown,,"0.002 V, 0.002 V, 0.002 V",59 µbar,72 °C,,0.007 V,9.5227 kV,772 µbar,Carbon Dioxide: 0.0227 kV,936 µbar,3.071 V,0.007 V,317 µbar/min,13.445 V,5.28E-008 mbar,100 %,748 µbar,µ-Volume,0.012 V,Pre,0.007555788341656694,0.008157559499638466,3.3434673221845346,0.010829126515327688,4.462127706898197,3.130873906890598,-7.414625116658136,0.7254148969542129,-8.83086312463864,1.247014315853011,0.31175357896325273,-2.124974397049534,1.4407198329562807,0.3601799582390702,,,,,Natan Pereira BTS coral series 12.xlsx,2026-03-06 06:23:05.121,739681.0,317.0,936.0,772.0,748.0,0.007089972756474254,BTS,,279,Failed Sample,16.0,15.0,15.0,0.0,0.0,2.9924559772608172,-2.985366004504343,-0.023218709015569473
29.0,GIRMS\IRMS-operator,2026-03-06 06:54:06.875,2026-03-06 08:13:02.499,Running,False,BTS,280,,1,16.0,True,Unknown,,"0.001 V, 0.001 V, 0.001 V",64 µbar,72 °C,,3.529 V,9.5230 kV,79 µbar,Carbon Dioxide: 0.0230 kV,"1,085 µbar",3.536 V,3.805 V,435 µbar/min,3.299 V,5.10E-008 mbar,75 %,792 µbar,µ-Volume,,Pre,3.392336583148625,3.6810947218610264,3.8658582078755916,4.842201174078034,5.158716437144075,3.6195302248173267,-2.534994083343012,-3.400134222151463,-2.5357736238536654,0.021947515191101472,0.005666824055051352,-3.4214153842896615,0.023839339477845948,0.006155290985485492,-2.541926034875449,0.03223660320195312,-3.4175198952906216,0.031202253510635332,Natan Pereira BTS coral series 12.xlsx,2026-03-06 06:54:06.875,739681.0,435.0,1085.0,79.0,792.0,3.2988396283856614,BTS,,280,OK,16.0,15.0,15.0,0.0,0.0,3.472266259338665,-0.1734266309530037,-0.5408634820015493
30.0,GIRMS\IRMS-operator,2026-03-06 07:28:39.377,2026-03-06 08:39:52.344,Running,False,BTS,281,,2,16.0,True,Unknown,,"0.001 V, 0.001 V, 0.001 V",71 µbar,72 °C,,2.598 V,9.5229 kV,62 µbar,Carbon Dioxide: 0.0229 kV,"1,058 µbar",3.273 V,2.798 V,484 µbar/min,3.507 V,5.03E-008 mbar,100 %,709 µbar,µ-Volume,2.419 V,Pre,2.5002865792952136,2.711567648694712,3.57023929672764,3.568360320123936,4.7651995473001785,3.343104040303671,-2.953283240427096,-3.584533106652632,-2.9672316205054283,0.019032367237541387,0.00491413608999343,-3.5894989080176374,0.032815840369034656,0.008473013549404818,-2.973062286086669,0.02641790881128311,-3.579910060411858,0.05057770566810469,Natan Pereira BTS coral series 12.xlsx,2026-03-06 07:28:39.377,739681.0,484.0,1058.0,62.0,709.0,2.4328944808608672,BTS,,281,OK,16.0,15.0,15.0,0.0,0.0,3.2063044392790157,-0.7734099584181484,-1.926424381241744
31.0,GIRMS\IRMS-operator,2026-03-06 08:13:02.708,2026-03-06 09:18:28.192,Running,False,SHP2L,,,1,17.0,True,QC Standard,SHP2L,"0.001 V, 0.001 V, 0.001 V",47 µbar,72 °C,,6.245 V,9.5227 kV,69 µbar,Carbon Dioxide: 0.0227 kV,980 µbar,6.132 V,6.882 V,513 µbar/min,3.244 V,7.56E-008 mbar,39 %,853 µbar,µ-Volume,,Pre,6.031868369153623,6.554782390594482,6.608590483665466,8.587900584500058,8.821872384491968,6.189173547408343,-0.8263055810736608,-6.047453601961239,-0.8726680029998574,0.02493685092066142,0.006234212730165355,-6.086761889360963,0.021369430085532718,0.0053423575213831795,-0.8757588311282706,0.022416393177022233,-6.089382441854279,0.01927551600912876,Natan Pereira BTS coral series 12.xlsx,2026-03-06 08:13:02.708,739681.0,513.0,980.0,69.0,853.0,5.852088642512018,SHP2L,,,OK,16.0,15.0,15.0,0.0,0.0,5.909783155492429,-0.05769451298041073,-0.18754157165261828
32.0,GIRMS\IRMS-operator,2026-03-06 08:39:52.550,2026-03-06 09:50:58.783,Running,False,BTS,282,,2,17.0,True,Unknown,,"0.001 V, 0.001 V, 0.002 V",67 µbar,72 °C,,6.812 V,9.5228 kV,64 µbar,Carbon Dioxide: 0.0228 kV,"1,107 µbar",6.777 V,7.552 V,654 µbar/min,6.050 V,8.06E-008 mbar,34 %,877 µbar,µ-Volume,,Pre,6.5983105953291465,7.14989341253766,7.315087685532654,9.417595499672089,9.765800392948305,6.851191189923001,-3.61619199616392,-3.615164590147546,-3.6416733275856514,0.0234969751785558,0.00587424379463895,-3.621116802053827,0.02283101641421451,0.005707754103553627,-3.6433720830137655,0.023282477833636225,-3.621513616180912,0.02357516688206785,Natan Pereira BTS coral series 12.xlsx,2026-03-06 08:39:52.550,739681.0,654.0,1107.0,64.0,877.0,6.391841859073839,BTS,,282,OK,16.0,15.0,15.0,0.0,0.0,6.535561805541853,-0.14371994646801411,-0.46140663120981
33.0,GIRMS\IRMS-operator,2026-03-06 09:18:28.395,2026-03-06 10:34:28.051,Running,False,BTS,283,,1,18.0,True,Unknown,,"0.001 V, 0.001 V, 0.001 V",47 µbar,72 °C,,0.007 V,9.5228 kV,723 µbar,Carbon Dioxide: 0.0228 kV,924 µbar,3.286 V,0.007 V,361 µbar/min,3.284 V,5.91E-008 mbar,100 %,704 µbar,µ-Volume,0.010 V,Pre,0.007713345788292088,0.008305116632101203,3.598985101776495,0.011020383949284566,4.803782475724202,3.369920151837241,-10.154089084821294,-2.6071125063732437,-8.411353307534016,1.3712139467250368,0.3428034866812592,-3.284173314843623,1.3243931282628691,0.3419568353062424,,,,,Natan Pereira BTS coral series 12.xlsx,2026-03-06 09:18:28.395,739681.0,361.0,924.0,723.0,704.0,0.007378386978407264,BTS,,283,Failed Sample,16.0,15.0,15.0,0.0,0.0,3.218923137737698,-3.2115447507592907,-0.024165094069692906
34.0,GIRMS\IRMS-operator,2026-03-06 09:50:58.955,2026-03-06 11:02:08.051,Running,False,BTS,284,,2,18.0,True,Unknown,,"0.001 V, 0.001 V, 0.001 V",52 µbar,72 °C,,3.346 V,9.5227 kV,67 µbar,Carbon Dioxide: 0.0227 kV,"1,068 µbar",3.265 V,3.604 V,454 µbar/min,3.265 V,6.00E-008 mbar,81 %,726 µbar,µ-Volume,,Pre,3.3623237910861854,3.6453426167632936,3.5651406892641924,4.7986915504898136,4.758781448466872,3.3381690548624614,-3.3337797931159985,-3.789763945868052,-3.33173557736451,0.014658901071454693,0.0037849119815630723,-3.770952383537598,0.029802001398920402,0.0074505003497301004,-3.334974030606519,0.019656627229753566,-3.769698279382235,0.030407849990843297,Natan Pereira BTS coral series 12.xlsx,2026-03-06 09:50:58.955,739681.0,454.0,1068.0,67.0,726.0,3.2736918533571853,BTS,,284,OK,16.0,15.0,15.0,0.0,0.0,3.2045321620666223,0.06915969129056299,0.23192624602169548
35.0,GIRMS\IRMS-operator,2026-03-06 10:34:28.277,2026-03-06 11:36:00.044,Running,False,BTS,285,,1,19.0,True,Unknown,,"0.001 V, 0.001 V, 0.001 V",57 µbar,72 °C,,6.093 V,9.5225 kV,52 µbar,Carbon Dioxide: 0.0225 kV,"1,007 µbar",6.011 V,6.731 V,405 µbar/min,3.243 V,7.94E-008 mbar,40 %,828 µbar,µ-Volume,,Pre,5.870246909270943,6.367375884812428,6.496471194594067,8.376848947633398,8.673107400161658,6.083911911113356,-2.708887502573143,-3.9240936545048566,-2.7345782781614045,0.01846632065100808,0.00461658016275202,-3.9026643668319245,0.018685202822396392,0.00482449862344327,-2.7362909965339552,0.017750368129192732,-3.9046886660464373,0.02244012557958901,Natan Pereira BTS coral series 12.xlsx,2026-03-06 10:34:28.277,739681.0,405.0,1007.0,52.0,828.0,5.690411042649757,BTS,,285,OK,16.0,15.0,15.0,0.0,0.0,5.8101566598051955,-0.11974561715543874,-0.38498083681210205
36.0,GIRMS\IRMS-operator,2026-03-06 11:02:08.176,2026-03-06 12:15:16.936,Running,False,SHP2L,,,2,19.0,True,QC Standard,SHP2L,"0.001 V, 0.001 V, 0.002 V",40 µbar,72 °C,,14.171 V,9.5221 kV,74 µbar,Carbon Dioxide: 0.0221 kV,"1,031 µbar",12.934 V,16.298 V,449 µbar/min,5.942 V,1.22E-007 mbar,12 %,889 µbar,µ-Volume,,Pre,12.635063202381843,13.721575632205221,13.908824782291726,17.98841158592665,18.579406540035837,13.034786851406809,-0.8509443400220862,-6.0954316647262585,-0.9455390700345031,0.03366391448373297,0.00869198534424323,-6.104227462952398,0.014037406812971998,0.0036244428540386053,-0.9455390700345031,0.03366391448373296,-6.1090195103738365,0.021241077920161174,Natan Pereira BTS coral series 12.xlsx,2026-03-06 11:02:08.176,739681.0,449.0,1031.0,74.0,889.0,12.178107002239866,SHP2L,,,OK,16.0,15.0,15.0,0.0,0.0,12.32575979948115,-0.14765279724128355,-0.47888524270630245
37.0,GIRMS\IRMS-operator,2026-03-06 11:36:00.209,2026-03-06 12:52:38.237,Running,False,BTS,286,,1,20.0,True,Unknown,,"0.001 V, 0.001 V, 0.001 V",69 µbar,72 °C,,3.406 V,9.5216 kV,71 µbar,Carbon Dioxide: 0.0216 kV,"1,187 µbar",3.417 V,3.687 V,620 µbar/min,3.298 V,5.49E-008 mbar,79 %,760 µbar,µ-Volume,,Pre,3.2733495517834754,3.552824694276941,3.7154477698753494,4.67133227128539,4.9598634554818615,3.4787357708952267,-2.273592530007029,-3.9640958938256254,-2.2759757407312473,0.0212560030504945,0.00548827638809995,-3.971911073214514,0.024100955547813618,0.006222839964291159,-2.2714276526167345,0.028023575591532002,-3.96825624199512,0.02902463956438263,Natan Pereira BTS coral series 12.xlsx,2026-03-06 11:36:00.209,739681.0,620.0,1187.0,71.0,760.0,3.180530218706998,BTS,,286,OK,16.0,15.0,15.0,0.0,0.0,3.336232452021512,-0.15570223331451416,-0.487261115583801
38.0,GIRMS\IRMS-operator,2026-03-06 12:15:17.080,2026-03-06 13:24:48.989,Running,False,BTS,287,,2,20.0,True,Unknown,,"0.001 V, 0.001 V, 0.001 V",47 µbar,72 °C,,4.167 V,9.5214 kV,71 µbar,Carbon Dioxide: 0.0214 kV,977 µbar,4.142 V,4.526 V,322 µbar/min,3.387 V,5.94E-008 mbar,63 %,753 µbar,µ-Volume,,Pre,4.01187899227532,4.354542269927895,4.50564004443351,5.7261387350602915,6.014908062443975,4.218751813129507,-2.204508870873756,-3.818834305308494,-2.2256336758183837,0.025956235605145324,0.006701871215264255,-3.802517079054067,0.020285425939204172,0.005071356484801043,-2.2135583793069973,0.05837410131737865,-3.801429263970439,0.02050866643561652,Natan Pereira BTS coral series 12.xlsx,2026-03-06 12:15:17.080,739681.0,322.0,977.0,71.0,753.0,3.8988196860067323,BTS,,287,OK,16.0,15.0,15.0,0.0,0.0,4.040504122928701,-0.14168443692196897,-0.4487902715045425
39.0,GIRMS\IRMS-operator,2026-03-06 12:52:38.460,2026-03-06 13:58:35.769,Running,False,BTS,288,,1,21.0,True,Unknown,,"0.001 V, 0.001 V, 0.001 V",64 µbar,72 °C,,1.854 V,9.5211 kV,57 µbar,Carbon Dioxide: 0.0211 kV,914 µbar,3.235 V,1.987 V,327 µbar/min,4.097 V,5.13E-008 mbar,100 %,628 µbar,µ-Volume,1.744 V,Pre,1.7899885922784091,1.9427803666379893,3.5436388626201674,2.5543243033175558,4.730296168971549,3.317960944621555,-2.2601777879459606,-3.9319353552232927,-2.282334321830233,0.03559850109792635,0.008899625274481588,-3.962125115512617,0.05207211739932007,0.013018029349830018,-2.2838114240891847,0.03633687594311061,-3.9641377661985717,0.05325169218548473,Natan Pereira BTS coral series 12.xlsx,2026-03-06 12:52:38.460,739681.0,327.0,914.0,57.0,628.0,1.7438782830716641,BTS,,288,OK,16.0,15.0,15.0,0.0,0.0,3.1789332432701047,-1.4350549601984406,-2.5842051346921617
40.0,GIRMS\IRMS-operator,2026-03-06 13:24:49.135,2026-03-06 14:36:52.142,Running,False,BTS,289,,2,21.0,True,Unknown,,"0.001 V, 0.001 V, 0.001 V",47 µbar,72 °C,,5.149 V,9.5210 kV,79 µbar,Carbon Dioxide: 0.0210 kV,"1,082 µbar",5.096 V,5.638 V,547 µbar/min,3.203 V,6.43E-008 mbar,48 %,821 µbar,µ-Volume,,Pre,4.9596415031813965,5.381224753226714,5.5069457303223395,7.0795387323691825,7.351313522611538,5.15687308464847,-2.480720201233355,-3.5733549902434714,-2.4778195420857227,0.01648413666405602,0.004121034166014005,-3.551662729638923,0.01710835514708335,0.00441735830437705,-2.477626164809214,0.017043906909450776,-3.5471775155921557,0.01964598999827052,Natan Pereira BTS coral series 12.xlsx,2026-03-06 13:24:49.135,739681.0,547.0,1082.0,79.0,821.0,4.816083853147112,BTS,,289,OK,16.0,15.0,15.0,0.0,0.0,4.931681770235314,-0.115597917088202,-0.3705720784212978
41.0,GIRMS\IRMS-operator,2026-03-06 13:58:36.021,2026-03-06 15:16:14.644,Running,False,SHP2L,,,1,22.0,True,QC Standard,SHP2L,"0.001 V, 0.001 V, 0.001 V",67 µbar,73 °C,,21.623 V,9.5208 kV,64 µbar,Carbon Dioxide: 0.0208 kV,"1,078 µbar",14.619 V,25.672 V,459 µbar/min,3.303 V,1.29E-007 mbar,10 %,999 µbar,µ-Volume,19.414 V,Pre,20.844060069533235,22.612147705057357,15.742652790048815,29.658423307519563,21.02835619745792,14.756980425330047,-1.6754600031848588,-6.378071409455566,-1.5265777732303352,0.10146123636795293,0.025365309091988232,-6.3352144807901,0.036250365273064016,0.009062591318266004,-1.516652291233367,0.09664814350090087,-6.332357352212403,0.03560915877990997,Natan Pereira BTS coral series 12.xlsx,2026-03-06 13:58:36.021,739681.0,459.0,1078.0,64.0,999.0,19.938412195654756,SHP2L,,,OK,16.0,15.0,15.0,0.0,0.0,13.929980880232696,6.00843131542206,28.23090758117622
42.0,GIRMS\IRMS-operator,2026-03-06 14:36:52.305,2026-03-06 15:50:05.134,Running,False,BTS,290,,2,22.0,True,Unknown,,"0.002 V, 0.002 V, 0.002 V",47 µbar,73 °C,,2.859 V,9.5207 kV,67 µbar,Carbon Dioxide: 0.0207 kV,"1,048 µbar",3.189 V,3.079 V,386 µbar/min,14.112 V,5.41E-008 mbar,100 %,687 µbar,µ-Volume,2.482 V,Pre,2.625581508875205,2.849642274394871,3.4751018248913055,3.7472556039899416,4.638179431306555,3.25409997002288,-2.188586612750343,-3.5867827692670495,-2.211978312841513,0.02406019674487429,0.006015049186218572,-3.5507534224404007,0.025860424460846704,0.006677132884180947,-2.2135377595142574,0.024053135033264825,-3.553480237301154,0.031477295157951626,Natan Pereira BTS coral series 12.xlsx,2026-03-06 14:36:52.305,739681.0,386.0,1048.0,67.0,687.0,2.554655031787538,BTS,,290,OK,16.0,15.0,15.0,0.0,0.0,3.1211782837455533,-0.5665232519580155,-1.5221418119184982
43.0,GIRMS\IRMS-operator,2026-03-06 15:16:14.885,2026-03-06 16:20:51.360,Running,False,BTS,291,,1,23.0,True,Unknown,,"0.001 V, 0.001 V, 0.001 V",59 µbar,72 °C,,3.095 V,9.5210 kV,62 µbar,Carbon Dioxide: 0.0210 kV,"1,097 µbar",3.165 V,3.346 V,615 µbar/min,3.165 V,4.76E-008 mbar,81 %,726 µbar,µ-Volume,,Pre,3.1096025889882775,3.372728947624168,3.4641585679687212,4.438525286528048,4.62348833655967,3.2437427141293025,-2.875793565289886,-3.4849439105612,-2.8584956242162205,0.015732854672400928,0.004062205608967356,-3.4670122257286273,0.02127057770116905,0.005492039546722571,-2.861272119027314,0.02158872267870781,-3.4705953149253586,0.027976699956937932,Natan Pereira BTS coral series 12.xlsx,2026-03-06 15:16:14.885,739681.0,615.0,1097.0,62.0,726.0,3.0221809199060576,BTS,,291,OK,16.0,15.0,15.0,0.0,0.0,3.113112365704305,-0.09093144579824752,-0.28977669094764424
44.0,GIRMS\IRMS-operator,2026-03-06 15:50:05.366,2026-03-06 16:59:21.907,Running,False,BTS,292,,2,23.0,True,Unknown,,"0.001 V, 0.001 V, 0.001 V",45 µbar,72 °C,,2.206 V,9.5210 kV,71 µbar,Carbon Dioxide: 0.0210 kV,848 µbar,3.135 V,2.351 V,225 µbar/min,3.135 V,4.69E-008 mbar,100 %,638 µbar,µ-Volume,2.058 V,Pre,2.119802368291028,2.297190262177595,3.4310712456997146,3.0254918112635902,4.57930222031453,3.2128994476603325,-3.7175469943006023,-3.518828015105502,-3.693808864549412,0.019069695204376604,0.004923774129586802,-3.483437740326152,0.02537519586160346,0.006781806359743152,-3.6960821874126792,0.023596849338725533,-3.4817030685750194,0.04302421885098752,Natan Pereira BTS coral series 12.xlsx,2026-03-06 15:50:05.366,739681.0,225.0,848.0,71.0,638.0,2.063948083248195,BTS,,292,OK,16.0,15.0,15.0,0.0,0.0,3.080413223485833,-1.0164651402376381,-2.23566109024576
45.0,GIRMS\IRMS-operator,2026-03-06 16:20:51.505,2026-03-06 17:38:56.397,Running,False,BTS,293,,1,24.0,True,Unknown,,"0.001 V, 0.001 V, 0.001 V",67 µbar,72 °C,,6.283 V,9.5210 kV,64 µbar,Carbon Dioxide: 0.0210 kV,"1,095 µbar",6.210 V,6.948 V,469 µbar/min,3.311 V,7.45E-008 mbar,40 %,863 µbar,µ-Volume,,Pre,6.036667971699673,6.540452702245319,6.699969480698403,8.613013402434918,8.94309491863991,6.274818329899746,-3.7704762483695697,-3.8114563660632816,-3.7739751122909317,0.012160129726478524,0.0031397319945582047,-3.8134298610800275,0.0194795682027958,0.005029602882715979,-3.7707023962073376,0.018250101829073426,-3.816934382885314,0.023427725853236905,Natan Pereira BTS coral series 12.xlsx,2026-03-06 16:20:51.505,739681.0,469.0,1095.0,64.0,863.0,5.847685390825155,BTS,,293,OK,16.0,15.0,15.0,0.0,0.0,5.990885413331848,-0.1432000225066936,-0.45883840565935363
46.0,GIRMS\IRMS-operator,2026-03-06 16:59:22.172,2026-03-06 18:02:31.335,Running,False,SHP2L,,,2,24.0,True,QC Standard,SHP2L,"0.001 V, 0.001 V, 0.002 V",47 µbar,72 °C,,14.090 V,9.5211 kV,74 µbar,Carbon Dioxide: 0.0211 kV,"1,121 µbar",12.881 V,16.188 V,542 µbar/min,6.117 V,1.17E-007 mbar,13 %,914 µbar,µ-Volume,,Pre,12.587862617738176,13.670821321147752,13.849814069408248,17.923643007787717,18.496324434789674,12.98073173261397,-0.7192858097744281,-5.634072764390541,-0.7173564830395274,0.013464085375611619,0.006732042687805809,-5.644153352921399,0.007218633877396395,0.0036093169386981973,-0.7167133741278938,0.01641465376026259,-5.647513549098353,0.003227615605703715,Natan Pereira BTS coral series 12.xlsx,2026-03-06 16:59:22.172,739681.0,542.0,1121.0,74.0,914.0,12.133123881585528,SHP2L,,,OK,4.0,3.0,3.0,0.0,0.0,12.279542691476273,-0.1464188098907453,-0.47490965679088415
1.0,GIRMS\IRMS-operator,2026-03-06 18:13:04.930,2026-03-06 19:14:36.124,Success,False,SHP2L,,1.0,1,2.0,True,QC Standard,SHP2L,"0.001 V, 0.001 V, 0.002 V",40 µbar,72 °C,,3.751 V,9.5216 kV,52 µbar,Carbon Dioxide: 0.0216 kV,"1,051 µbar",3.747 V,4.045 V,440 µbar/min,3.305 V,5.28E-008 mbar,71 %,743 µbar,µ-Volume,,Pre,3.60126880325216,3.913656448220219,4.083306006621749,5.126686339063882,5.449961355354447,3.8236303702814505,-0.8812370161217498,-6.099572952262933,-0.8856712779174852,0.024482298392273016,0.006120574598068254,-6.127628331651406,0.02517140906733492,0.006499229874557501,-0.8859668953705345,0.025312010835729246,-6.124420755537127,0.031317139279663904,Natan Pereira BTS coral series 13.xlsx,2026-03-06 18:13:04.930,739681.0,440.0,1051.0,52.0,743.0,3.500663526581548,SHP2L,,,OK,16.0,15.0,15.0,0.0,0.0,3.666058990334271,-0.16539546375272307,-0.3194574002097074
2.0,GIRMS\IRMS-operator,2026-03-06 18:48:11.653,2026-03-06 19:46:47.655,Success,False,BTS,294,2.0,2,2.0,True,Unknown,,"0.001 V, 0.001 V, 0.002 V",40 µbar,72 °C,,5.766 V,9.5214 kV,79 µbar,Carbon Dioxide: 0.0214 kV,"1,156 µbar",5.721 V,6.327 V,484 µbar/min,3.717 V,6.82E-008 mbar,43 %,833 µbar,µ-Volume,,Pre,5.566003233021851,6.036395934527402,6.1898268101327565,7.941280218714197,8.26251260224783,5.79690829839325,-2.836633032497593,-3.9019592237786727,-2.839128886233966,0.01484810235394715,0.0038337635426413637,-3.8562047029609454,0.01548863391177178,0.003999148079719703,-2.8358952810214095,0.01986462530583828,-3.856204702960945,0.015488633911771785,Natan Pereira BTS coral series 13.xlsx,2026-03-06 18:48:11.653,739681.0,484.0,1156.0,79.0,833.0,5.403094779387489,BTS,,294,OK,16.0,15.0,15.0,0.0,0.0,5.5384716997281025,-0.13537692034061344,-0.2671380264790659
3.0,GIRMS\IRMS-operator,2026-03-06 19:14:36.239,2026-03-06 20:19:29.262,Success,False,BTS,295,3.0,1,3.0,True,Unknown,,"0.002 V, 0.001 V, 0.002 V",67 µbar,73 °C,,2.360 V,9.5215 kV,67 µbar,Carbon Dioxide: 0.0215 kV,"1,139 µbar",3.230 V,2.522 V,615 µbar/min,5.641 V,4.83E-008 mbar,100 %,684 µbar,µ-Volume,2.193 V,Pre,2.254037061229069,2.445751632892699,3.5197407354550836,3.214861546531172,4.697949301569685,3.296049497475755,-2.4168771451589244,-4.234288922869367,-2.423077298208254,0.012970747311773636,0.0033490325550909273,-4.209016491412099,0.021417808336141736,0.005530054333209289,-2.4267115774902077,0.01783465408218872,-4.211781328445108,0.02689084792420697,Natan Pereira BTS coral series 13.xlsx,2026-03-06 19:14:36.239,739681.0,615.0,1139.0,67.0,684.0,2.193247514983258,BTS,,295,OK,16.0,15.0,15.0,0.0,0.0,3.1596998362687425,-0.9664523212854843,-1.3569401408056416
4.0,GIRMS\IRMS-operator,2026-03-06 19:46:47.744,2026-03-06 20:56:15.025,Success,False,BTS,296,4.0,2,3.0,True,Unknown,,"0.001 V, 0.001 V, 0.001 V",49 µbar,72 °C,,4.762 V,9.5215 kV,89 µbar,Carbon Dioxide: 0.0215 kV,"1,183 µbar",4.740 V,5.186 V,713 µbar/min,3.203 V,6.00E-008 mbar,53 %,792 µbar,µ-Volume,,Pre,4.579008103632531,4.96807368236578,5.124267356083902,6.533393884853446,6.840044881061638,4.798785330080589,-2.463970527948889,-3.8727541863631254,-2.4887357084787127,0.015461972680734114,0.0038654931701835285,-3.8360577337951396,0.02556675765453627,0.006601308440835998,-2.490386720514033,0.01447136880165756,-3.8286425880179755,0.029922115861627747,Natan Pereira BTS coral series 13.xlsx,2026-03-06 19:46:47.744,739681.0,713.0,1183.0,89.0,792.0,4.446467738904895,BTS,,296,OK,16.0,15.0,15.0,0.0,0.0,4.5918331462544,-0.1453654073495052,-0.28472693604167587
5.0,GIRMS\IRMS-operator,2026-03-06 20:19:29.341,2026-03-06 21:35:45.847,Success,False,BTS,297,5.0,1,4.0,True,Unknown,,"0.001 V, 0.001 V, 0.001 V",71 µbar,72 °C,,5.308 V,9.5215 kV,64 µbar,Carbon Dioxide: 0.0215 kV,990 µbar,5.256 V,5.810 V,352 µbar/min,3.302 V,6.30E-008 mbar,48 %,853 µbar,µ-Volume,,Pre,5.085142856162836,5.51595176054246,5.662469000588177,7.2556479067089095,7.5578953747583215,5.302550797981073,-2.73522063124898,-3.8586555550578217,-2.7325501797329435,0.01357420744259089,0.0033935518606477227,-3.845570452825646,0.021390339532910602,0.0055229619187123265,-2.732372149631874,0.01403129126367347,-3.84064443528657,0.026142078435219315,Natan Pereira BTS coral series 13.xlsx,2026-03-06 20:19:29.341,739681.0,352.0,990.0,64.0,853.0,4.930652157804457,BTS,,297,OK,16.0,15.0,15.0,0.0,0.0,5.069848951898662,-0.1391967940942047,-0.2738274714429984
6.0,GIRMS\IRMS-operator,2026-03-06 20:56:15.178,2026-03-06 22:09:23.683,Success,False,SHP2L,,6.0,2,4.0,True,QC Standard,SHP2L,"0.001 V, 0.001 V, 0.002 V",52 µbar,73 °C,,9.673 V,9.5214 kV,89 µbar,Carbon Dioxide: 0.0214 kV,"1,168 µbar",9.230 V,10.865 V,601 µbar/min,5.188 V,9.30E-008 mbar,23 %,897 µbar,µ-Volume,,Pre,9.099376242292452,9.89343417216285,9.901167874822457,12.982853915298177,13.218307163322164,9.275219100410604,-0.03706346513798753,-3.7682646208987425,-0.10319573272653168,0.0185852549111461,0.004798692183725896,-3.778384177660875,0.021738975496088893,0.005434743874022223,-0.10319573272653167,0.0185852549111461,-3.7790588147783506,0.02232793474012055,Natan Pereira BTS coral series 13.xlsx,2026-03-06 20:56:15.178,739681.0,601.0,1168.0,89.0,897.0,8.804223197395467,SHP2L,,,OK,16.0,15.0,15.0,0.0,0.0,8.814341085846088,-0.010117888450620782,-0.020442288668633218
7.0,GIRMS\IRMS-operator,2026-03-06 21:35:45.961,2026-03-06 22:41:50.286,Success,False,BTS,298,7.0,1,5.0,True,Unknown,,"0.002 V, 0.002 V, 0.002 V",76 µbar,73 °C,,3.282 V,9.5214 kV,69 µbar,Carbon Dioxide: 0.0214 kV,"1,038 µbar",3.185 V,3.535 V,386 µbar/min,9.023 V,5.31E-008 mbar,86 %,775 µbar,µ-Volume,2.836 V,Pre,2.992252143246181,3.246577281662941,3.4879124534816235,4.269245637110347,4.655265282519087,3.2662397941174572,-2.4825513248351028,-3.8552781601493002,-2.48437880251149,0.021599895341623848,0.005399973835405962,-3.7782045244651714,0.02917732042100428,0.007533551738500476,-2.484500634356583,0.02235232468239624,-3.7782045244651714,0.029177320421004207,Natan Pereira BTS coral series 13.xlsx,2026-03-06 21:35:45.961,739681.0,386.0,1038.0,69.0,775.0,2.908030780178554,BTS,,298,OK,16.0,15.0,15.0,0.0,0.0,3.1344022857821323,-0.22637150560357844,-0.42481951726387474
8.0,GIRMS\IRMS-operator,2026-03-06 22:09:23.784,2026-03-06 23:16:55.394,Success,False,BTS,299,8.0,2,5.0,True,Unknown,,"0.001 V, 0.001 V, 0.001 V",54 µbar,73 °C,,4.823 V,9.5215 kV,79 µbar,Carbon Dioxide: 0.0215 kV,"1,038 µbar",4.786 V,5.281 V,366 µbar/min,3.161 V,6.00E-008 mbar,51 %,811 µbar,µ-Volume,,Pre,4.659692828346909,5.055801472765158,5.195255874798064,6.65000355287224,6.934622551727411,4.865253954939304,-2.4211514880084772,-3.623128987832347,-2.439210130221466,0.03184264348416209,0.008221735194225326,-3.620165987860878,0.03381851486212805,0.008454628715532013,-2.4466537375340254,0.03945905911089542,-3.6199684545294466,0.03499593298014718,Natan Pereira BTS coral series 13.xlsx,2026-03-06 22:09:23.784,739681.0,366.0,1038.0,79.0,811.0,4.52559753452995,BTS,,299,OK,16.0,15.0,15.0,0.0,0.0,4.656111492282634,-0.13051395775268393,-0.2565948618672207
9.0,GIRMS\IRMS-operator,2026-03-06 22:41:50.424,2026-03-06 23:56:24.706,Success,False,BTS,300,9.0,1,6.0,True,Unknown,,"0.001 V, 0.001 V, 0.001 V",67 µbar,73 °C,,8.147 V,9.5216 kV,64 µbar,Carbon Dioxide: 0.0216 kV,"1,070 µbar",7.894 V,9.117 V,547 µbar/min,3.312 V,8.39E-008 mbar,29 %,911 µbar,µ-Volume,,Pre,7.835727478401501,8.497851018084459,8.502938628354617,11.180495033852273,11.351158033005408,7.964711929695446,-2.669174872172775,-3.72473235259696,-2.689926614632895,0.02083795874673519,0.005209489686683798,-3.7397364675687275,0.015515595103381987,0.0038788987758454968,-2.6913100641302368,0.02079485524999078,-3.740736741900178,0.01551698073085213,Natan Pereira BTS coral series 13.xlsx,2026-03-06 22:41:50.424,739681.0,547.0,1070.0,64.0,911.0,7.578295017616589,BTS,,300,OK,16.0,15.0,15.0,0.0,0.0,7.584828916038261,-0.006533898421672291,-0.013204943136033922
10.0,GIRMS\IRMS-operator,2026-03-06 23:16:55.541,2026-03-07 00:30:18.747,Success,False,BTS,301,10.0,2,6.0,True,Unknown,,"0.002 V, 0.002 V, 0.002 V",49 µbar,72 °C,,5.333 V,9.5215 kV,76 µbar,Carbon Dioxide: 0.0215 kV,"1,121 µbar",4.958 V,5.837 V,493 µbar/min,7.750 V,6.62E-008 mbar,50 %,806 µbar,µ-Volume,,Pre,4.9199074857298655,5.336934413884516,5.341460601728671,7.029068574821635,7.129554286697711,5.002370354491178,-2.6135287048235645,-2.4800088227523442,-2.627980470933752,0.03347058681132717,0.008367646702831792,-2.4913054261251344,0.023257610257097338,0.0058144025642743345,-2.628943922007765,0.034414931984672686,-2.492058533016654,0.023871120814928298,Natan Pereira BTS coral series 13.xlsx,2026-03-06 23:16:55.541,739681.0,493.0,1121.0,76.0,806.0,4.77551550916732,BTS,,301,OK,16.0,15.0,15.0,0.0,0.0,4.785216146602018,-0.009700637434697512,-0.01958201646419535
11.0,GIRMS\IRMS-operator,2026-03-06 23:56:24.859,2026-03-07 01:01:45.055,Success,False,SHP2L,,11.0,1,7.0,True,QC Standard,SHP2L,"0.001 V, 0.001 V, 0.002 V",64 µbar,72 °C,,10.376 V,9.5216 kV,62 µbar,Carbon Dioxide: 0.0216 kV,987 µbar,9.835 V,11.715 V,474 µbar/min,4.902 V,9.62E-008 mbar,20 %,941 µbar,µ-Volume,,Pre,9.698272229627037,10.534867644309998,10.554671287536623,13.803455601680913,14.091629158008729,9.88860476155605,-0.8574416418951625,-6.142580483426197,-0.9135103843337515,0.030496548941072243,0.007624137235268061,-6.167064731412381,0.01371315191412736,0.00342828797853184,-0.9172483004963243,0.02751273513238531,-6.168697014611461,0.012482314360783777,Natan Pereira BTS coral series 13.xlsx,2026-03-06 23:56:24.859,739681.0,474.0,987.0,62.0,941.0,9.365221867349751,SHP2L,,,OK,16.0,15.0,15.0,0.0,0.0,9.390568718367845,-0.025346851018094085,-0.05113151085727165
12.0,GIRMS\IRMS-operator,2026-03-07 00:30:18.845,2026-03-07 01:38:47.684,Success,False,BTS,302,12.0,2,7.0,True,Unknown,,"0.002 V, 0.002 V, 0.002 V",49 µbar,72 °C,,2.862 V,9.5214 kV,84 µbar,Carbon Dioxide: 0.0214 kV,"1,165 µbar",3.133 V,3.077 V,611 µbar/min,9.589 V,5.23E-008 mbar,100 %,706 µbar,µ-Volume,2.481 V,Pre,2.6218597904796734,2.843672732116808,3.421597714402359,3.7403809122484746,4.566589119935458,3.2039140478725567,-2.8676245714023274,-3.963156101066123,-2.8670170965634805,0.024099773694358607,0.006222534811041232,-3.941519991765896,0.04400080889799546,0.011000202224498865,-2.862367869187817,0.02998294136454561,-3.9400775844792135,0.0451519169406439,Natan Pereira BTS coral series 13.xlsx,2026-03-07 00:30:18.845,739682.0,611.0,1165.0,84.0,706.0,2.550775429522635,BTS,,302,OK,16.0,15.0,15.0,0.0,0.0,3.0740768203002737,-0.5233013907776387,-0.8783100169478069
13.0,GIRMS\IRMS-operator,2026-03-07 01:01:45.189,2026-03-07 02:16:58.012,Success,False,BTS,303,13.0,1,8.0,True,Unknown,,"0.001 V, 0.001 V, 0.001 V",62 µbar,73 °C,,5.326 V,9.5216 kV,59 µbar,Carbon Dioxide: 0.0216 kV,990 µbar,5.270 V,5.846 V,454 µbar/min,3.306 V,6.34E-008 mbar,48 %,831 µbar,µ-Volume,,Pre,5.113419905620128,5.549819637255003,5.690855767861426,7.294731263350044,7.596137050818001,5.329555482073415,-2.1031081139331054,-4.001439949469665,-2.09235628600198,0.010316522320428328,0.0026637146091864007,-3.9440754641374203,0.01893873547564778,0.00488996047302743,-2.0893652114844175,0.01310401771646815,-3.94407546413742,0.018938735475647766,Natan Pereira BTS coral series 13.xlsx,2026-03-07 01:01:45.189,739682.0,454.0,990.0,59.0,831.0,4.956963067502304,BTS,,303,OK,16.0,15.0,15.0,0.0,0.0,5.096099434931475,-0.13913636742917124,-0.2737517401295996
14.0,GIRMS\IRMS-operator,2026-03-07 01:38:47.810,2026-03-07 03:20:47.481,Success,False,BTS,304,14.0,2,8.0,True,Unknown,,"0.001 V, 0.001 V, 0.002 V",47 µbar,72 °C,,4.944 V,9.5217 kV,76 µbar,Carbon Dioxide: 0.0217 kV,"1,173 µbar",4.937 V,5.414 V,635 µbar/min,5.206 V,6.06E-008 mbar,51 %,792 µbar,µ-Volume,,Pre,4.7853196808603995,5.1944300982914084,5.351320387262148,6.83186366953823,7.142448572301598,5.0115138345159815,-1.9628503591545554,-3.2055067752865263,-2.0346656551160076,0.017745128444155142,0.004581772462701627,-3.1948209033960255,0.025639482200968313,0.006409870550242078,-2.0346656551160085,0.0177451284441551,-3.1941085119366592,0.026374968288505902,Natan Pereira BTS coral series 13.xlsx,2026-03-07 01:38:47.810,739682.0,635.0,1173.0,76.0,792.0,4.645184386444403,BTS,,304,OK,16.0,15.0,15.0,0.0,0.0,4.793291794496307,-0.1481074080519038,-0.29032491636478963
15.0,GIRMS\IRMS-operator,2026-03-07 02:16:58.149,2026-03-07 04:23:59.794,Error,False,BTS,305,15.0,1,9.0,True,Unknown,,"0.001 V, 0.001 V, 0.002 V",59 µbar,72 °C,,,,,,"1,187 µbar",,,420 µbar/min,,,,,,,Pre,,,,,,,,,,,,,,,,,,,Natan Pereira BTS coral series 13.xlsx,2026-03-07 02:16:58.149,739682.0,420.0,1187.0,,,,BTS,,305,Failed Sample,0.0,0.0,0.0,0.0,0.0,,,
16.0,GIRMS\IRMS-operator,2026-03-07 03:20:47.692,2026-03-07 04:23:59.809,Error,False,SHP2L,,16.0,2,9.0,True,QC Standard,SHP2L,"0.001 V, 0.001 V, 0.002 V",,,,,,,,,,,,,,,,,,Pre,,,,,,,,,,,,,,,,,,,Natan Pereira BTS coral series 13.xlsx,2026-03-07 03:20:47.692,739682.0,,,,,,SHP2L,,,Failed Sample,0.0,0.0,0.0,0.0,0.0,,,
17.0,GIRMS\IRMS-operator,2026-03-09 13:54:19.975,2026-03-09 14:57:26.211,Success,False,BTS,306,17.0,1,10.0,True,Unknown,,"0.001 V, 0.001 V, 0.000 V",52 µbar,72 °C,,1.851 V,9.5218 kV,59 µbar,Carbon Dioxide: 0.0218 kV,775 µbar,3.246 V,1.955 V,239 µbar/min,3.244 V,4.98E-008 mbar,100 %,618 µbar,µ-Volume,1.731 V,Pre,1.7733101798247022,1.9231091841884524,3.5531394754416263,2.530441165319075,4.742543346840529,3.3270821702230466,-3.0254071759499013,-3.830708882159972,-3.087493418575512,0.038857537312439315,0.010032972992380719,-3.797879142637198,0.03089944297902031,0.007724860744755077,-3.098354976614348,0.042830678332241086,-3.795690493335679,0.030673381972226074,Natan Pereira BTS coral series 13.xlsx,2026-03-09 13:54:19.975,739684.0,239.0,775.0,59.0,618.0,1.7275511005871318,BTS,,306,OK,16.0,15.0,15.0,0.0,0.0,3.188419829021954,-1.460868728434822,-1.6010505048799117
18.0,GIRMS\IRMS-operator,2026-03-09 14:30:57.237,2026-03-09 15:30:19.240,Success,False,BTS,307,18.0,2,10.0,True,Unknown,,"0.001 V, 0.001 V, 0.001 V",59 µbar,73 °C,,3.966 V,9.5219 kV,71 µbar,Carbon Dioxide: 0.0219 kV,"1,075 µbar",3.956 V,4.260 V,381 µbar/min,3.230 V,5.55E-008 mbar,65 %,806 µbar,µ-Volume,,Pre,3.8025424136362647,4.123541854286092,4.304152748360428,5.4276363979368245,5.744533436984423,4.0303809510064355,-3.058400191968569,-3.4824026527865426,-3.0927169592855352,0.020264840737766188,0.005066210184441547,-3.482525665769655,0.02539841665071211,0.006349604162678027,-3.095004743773333,0.018715552480069866,-3.4825338666351953,0.026289836961458004,Natan Pereira BTS coral series 13.xlsx,2026-03-09 14:30:57.237,739684.0,381.0,1075.0,71.0,806.0,3.700305644185858,BTS,,307,OK,16.0,15.0,15.0,0.0,0.0,3.8622727896768816,-0.16196714549102342,-0.3138773808860462
19.0,GIRMS\IRMS-operator,2026-03-09 14:57:26.319,2026-03-09 16:02:10.967,Success,False,BTS,308,19.0,1,11.0,True,Unknown,,"0.001 V, 0.001 V, 0.001 V",64 µbar,72 °C,,5.029 V,9.5222 kV,62 µbar,Carbon Dioxide: 0.0222 kV,980 µbar,4.992 V,5.489 V,347 µbar/min,3.923 V,6.34E-008 mbar,49 %,855 µbar,µ-Volume,,Pre,4.837699429910319,5.245276586220964,5.405281314173787,6.903520000028357,7.214164507436498,5.06162877531077,-3.1719098186406836,-3.6718098286092626,-3.165028778772642,0.012019438311678872,0.0031034056274599777,-3.656170095980703,0.020337423482003618,0.0050843558705009045,-3.1613123873922935,0.017229099288906025,-3.6551274471387982,0.020603837926966094,Natan Pereira BTS coral series 13.xlsx,2026-03-09 14:57:26.319,739684.0,347.0,980.0,62.0,855.0,4.693828718583719,BTS,,308,OK,16.0,15.0,15.0,0.0,0.0,4.8398401036157,-0.14601138503198108,-0.2864318992135388
20.0,GIRMS\IRMS-operator,2026-03-09 15:30:19.383,2026-03-09 16:39:58.511,Success,False,BTS,309,20.0,2,11.0,True,Unknown,,"0.001 V, 0.001 V, 0.001 V",52 µbar,72 °C,,6.048 V,9.5220 kV,71 µbar,Carbon Dioxide: 0.0220 kV,"1,165 µbar",6.008 V,6.628 V,552 µbar/min,4.935 V,7.49E-008 mbar,39 %,858 µbar,µ-Volume,,Pre,5.852534241294319,6.344919377056116,6.450091672462177,8.352551229640829,8.609259746308048,6.04073554820711,-3.1821429039951,-3.5337425720843862,-3.1957248320535925,0.01843187746753684,0.004759090298073728,-3.527195136839907,0.01846723765655998,0.004768220259620753,-3.193519755743239,0.021836812061711473,-3.530249439597432,0.022887177225972794,Natan Pereira BTS coral series 13.xlsx,2026-03-09 15:30:19.383,739684.0,552.0,1165.0,71.0,858.0,5.684842792510779,BTS,,309,OK,16.0,15.0,15.0,0.0,0.0,5.769421702786326,-0.08457891027554698,-0.16857248882371528
21.0,GIRMS\IRMS-operator,2026-03-09 16:02:11.085,2026-03-09 17:18:27.394,Success,False,SHP2L,,21.0,1,12.0,True,QC Standard,SHP2L,"0.001 V, 0.001 V, 0.001 V",59 µbar,72 °C,,23.600 V,9.5223 kV,62 µbar,Carbon Dioxide: 0.0223 kV,919 µbar,14.403 V,28.081 V,303 µbar/min,3.275 V,1.28E-007 mbar,10 %,"1,036 µbar",µ-Volume,21.125 V,Pre,22.721698653063285,24.642131459951838,15.506527555227715,32.324919239434685,20.710924402627427,14.535879861673816,-1.9428211212585422,-6.439436482501892,-1.7190902058160233,0.14798940613824635,0.03699735153456159,-6.357767255388711,0.04796766586368355,0.011991916465920887,-1.7041748114531892,0.14018365697936908,-6.3523226402478326,0.04423874704244863,Natan Pereira BTS coral series 13.xlsx,2026-03-09 16:02:11.085,739684.0,303.0,919.0,62.0,1036.0,21.726926934084403,SHP2L,,,OK,16.0,15.0,15.0,0.0,0.0,13.726255070528495,8.000671863555908,25.615989452434853
22.0,GIRMS\IRMS-operator,2026-03-09 16:39:58.608,2026-03-09 17:53:20.818,Success,False,BTS,310,22.0,2,12.0,True,Unknown,,"0.002 V, 0.002 V, 0.002 V",52 µbar,72 °C,,8.056 V,9.5220 kV,84 µbar,Carbon Dioxide: 0.0220 kV,"1,253 µbar",7.451 V,8.901 V,742 µbar/min,13.924 V,8.30E-008 mbar,29 %,907 µbar,µ-Volume,,Pre,7.329917400276958,7.94779577601504,8.017838009937835,10.458250800847242,10.702744604997859,7.510065006769594,-2.9024556718798555,-3.744809037279917,-2.927737634905902,0.01768659449805133,0.004566659062805101,-3.7472381892482702,0.01722228330459412,0.004446774428157271,-2.9323813823736242,0.01961386027775755,-3.7503748540851,0.020684769149865966,Natan Pereira BTS coral series 13.xlsx,2026-03-09 16:39:58.608,739684.0,742.0,1253.0,84.0,907.0,7.108039321699993,BTS,,310,OK,16.0,15.0,15.0,0.0,0.0,7.156862782991823,-0.04882346129183013,-0.09808308882034102
23.0,GIRMS\IRMS-operator,2026-03-09 17:18:27.489,2026-03-09 18:24:35.917,Success,False,BTS,311,23.0,1,13.0,True,Unknown,,"0.002 V, 0.001 V, 0.002 V",64 µbar,73 °C,,5.601 V,9.5222 kV,69 µbar,Carbon Dioxide: 0.0222 kV,"1,121 µbar",5.171 V,6.120 V,625 µbar/min,7.325 V,6.85E-008 mbar,45 %,877 µbar,µ-Volume,,Pre,5.140471108863386,5.577701656016477,5.592489391366798,7.333874884555519,7.46404400012723,5.2373841213414485,-2.3744140802879343,-3.836458140952237,-2.386439145852001,0.023652919891294623,0.005913229972823656,-3.823420860000352,0.013586152071818368,0.003507929380879595,-2.387240816889606,0.024257056325578244,-3.825000623583826,0.016314172562639256,Natan Pereira BTS coral series 13.xlsx,2026-03-09 17:18:27.489,739684.0,625.0,1121.0,69.0,877.0,4.98832611314748,BTS,,311,OK,16.0,15.0,15.0,0.0,0.0,5.009361297172016,-0.021035184024536413,-0.04236988016076829
24.0,GIRMS\IRMS-operator,2026-03-09 17:53:20.959,2026-03-09 19:01:00.873,Success,False,BTS,312,24.0,2,13.0,True,Unknown,,"0.001 V, 0.001 V, 0.001 V",54 µbar,72 °C,,6.691 V,9.5223 kV,81 µbar,Carbon Dioxide: 0.0223 kV,"1,214 µbar",6.602 V,7.341 V,718 µbar/min,5.104 V,7.67E-008 mbar,33 %,885 µbar,µ-Volume,,Pre,6.471933368682574,7.023077354090072,7.083896168714829,9.232827089005308,9.455450224931427,6.63474474605917,-2.16645815550609,-3.873723069535817,-2.2038482540971183,0.02108747974069782,0.00544476385661393,-3.9104415422226007,0.02614966621405752,0.00653741655351438,-2.2098240316799744,0.022395121530497168,-3.91288944040172,0.025098301490225024,Natan Pereira BTS coral series 13.xlsx,2026-03-09 17:53:20.959,739684.0,718.0,1214.0,81.0,885.0,6.281273011207293,BTS,,312,OK,16.0,15.0,15.0,0.0,0.0,6.330797955387602,-0.04952494418030895,-0.0993920502988
25.0,GIRMS\IRMS-operator,2026-03-09 18:24:36.097,2026-03-09 19:43:04.669,Success,False,BTS,313,25.0,1,14.0,True,Unknown,,"0.001 V, 0.001 V, 0.001 V",64 µbar,72 °C,,9.741 V,9.5224 kV,79 µbar,Carbon Dioxide: 0.0224 kV,"1,244 µbar",9.159 V,10.940 V,689 µbar/min,3.275 V,9.39E-008 mbar,23 %,963 µbar,µ-Volume,,Pre,9.038535263816836,9.802389509224396,9.833537981493953,12.892291905442788,13.127909066239907,9.212452353735664,-2.525622931987326,-3.9595804928098666,-2.5663309405174752,0.023494315384294764,0.005873578846073691,-3.980388433150605,0.013357262979619247,0.003448830471398547,-2.5690448077528183,0.02156737738476128,-3.979520032892792,0.015114525309450419,Natan Pereira BTS coral series 13.xlsx,2026-03-09 18:24:36.097,739684.0,689.0,1244.0,79.0,963.0,8.731488032565162,BTS,,313,OK,16.0,15.0,15.0,0.0,0.0,8.756083753387454,-0.024595720822292222,-0.04961081356084134
26.0,GIRMS\IRMS-operator,2026-03-09 19:01:01.001,2026-03-09 20:14:26.121,Success,False,SHP2L,,26.0,2,14.0,True,QC Standard,SHP2L,"0.002 V, 0.002 V, 0.002 V",54 µbar,72 °C,,3.590 V,9.5223 kV,76 µbar,Carbon Dioxide: 0.0223 kV,"1,183 µbar",3.338 V,3.843 V,542 µbar/min,8.949 V,5.41E-008 mbar,77 %,782 µbar,µ-Volume,,Pre,3.293824711765578,3.5794857844198744,3.6365046355866544,4.688604642168924,4.853406377880784,3.4055424400428134,-0.8280609555968432,-6.072770372013814,-0.8377054319014254,0.02269575386419861,0.005673938466049653,-6.024483085740905,0.028920545229069578,0.0072301363072673945,-0.8383483969883976,0.023341014892900837,-6.021263933322711,0.02680466763087614,Natan Pereira BTS coral series 13.xlsx,2026-03-09 19:01:01.001,739684.0,542.0,1183.0,76.0,782.0,3.2077336286029294,SHP2L,,,OK,16.0,15.0,15.0,0.0,0.0,3.2678072843211203,-0.0600736557181909,-0.11927910175696788
27.0,GIRMS\IRMS-operator,2026-03-09 19:43:04.861,2026-03-09 20:45:21.437,Success,False,BTS,314,27.0,1,15.0,True,Unknown,,"0.001 V, 0.001 V, 0.001 V",69 µbar,72 °C,,4.480 V,9.5224 kV,76 µbar,Carbon Dioxide: 0.0224 kV,"1,224 µbar",4.470 V,4.864 V,615 µbar/min,3.309 V,5.77E-008 mbar,55 %,853 µbar,µ-Volume,,Pre,4.302737905838759,4.669331538507693,4.831927768307487,6.139252912240086,6.449026523950553,4.525192335542054,-2.2204975678243866,-3.727533987209708,-2.211395278988104,0.021722836689921865,0.005608812315496722,-3.7459118332051915,0.01793387279431309,0.004630506044358458,-2.2068573038618307,0.0263109698684564,-3.7433809262273097,0.02274590166402751,Natan Pereira BTS coral series 13.xlsx,2026-03-09 19:43:04.861,739684.0,615.0,1224.0,76.0,853.0,4.179381747297785,BTS,,314,OK,16.0,15.0,15.0,0.0,0.0,4.332738524783479,-0.1533567774856941,-0.2992202442453608
28.0,GIRMS\IRMS-operator,2026-03-09 20:14:26.251,2026-03-09 21:23:46.364,Success,False,BTS,315,28.0,2,15.0,True,Unknown,,"0.001 V, 0.001 V, 0.001 V",57 µbar,73 °C,,8.144 V,9.5225 kV,81 µbar,Carbon Dioxide: 0.0225 kV,"1,207 µbar",7.825 V,9.001 V,625 µbar/min,4.423 V,8.43E-008 mbar,27 %,919 µbar,µ-Volume,,Pre,7.702500887446369,8.355861677833058,8.406898154921986,10.991926099959691,11.222912719711104,7.87538399474321,-2.308796628655907,-3.5184163267547586,-2.3874558400321564,0.018553589546047737,0.00479051622161406,-3.5204251666211483,0.027039935867033203,0.006759983966758301,-2.387455840032156,0.01855358954604775,-3.5205590892789074,0.02798349961344093,Natan Pereira BTS coral series 13.xlsx,2026-03-09 20:14:26.251,739684.0,625.0,1207.0,81.0,919.0,7.468686990136012,BTS,,315,OK,16.0,15.0,15.0,0.0,0.0,7.500523471199732,-0.031836481063719724,-0.06412334670429859
29.0,GIRMS\IRMS-operator,2026-03-09 20:45:21.592,2026-03-09 22:01:52.297,Success,False,BTS,316,29.0,1,16.0,True,Unknown,,"0.001 V, 0.001 V, 0.001 V",69 µbar,72 °C,,4.908 V,9.5225 kV,76 µbar,Carbon Dioxide: 0.0225 kV,"1,229 µbar",4.873 V,5.351 V,630 µbar/min,3.273 V,6.06E-008 mbar,52 %,865 µbar,µ-Volume,,Pre,4.709399182602358,5.107646379191629,5.26639914707334,6.720081055887021,7.028966637121798,4.932295508283731,-2.764034630693968,-3.5956967820275354,-2.748573367030138,0.011543496022023666,0.0029805178566872817,-3.6024039151809353,0.03928392555301069,0.009820981388252673,-2.749618966803835,0.013575475749633066,-3.6028510573911623,0.040620559032287167,Natan Pereira BTS coral series 13.xlsx,2026-03-09 20:45:21.592,739684.0,630.0,1229.0,76.0,865.0,4.570346648066504,BTS,,316,OK,16.0,15.0,15.0,0.0,0.0,4.719462425925449,-0.14911577785894448,-0.29209131571039104
30.0,GIRMS\IRMS-operator,2026-03-09 21:23:46.496,2026-03-09 22:35:53.991,Success,False,BTS,317,30.0,2,16.0,True,Unknown,,"0.001 V, 0.001 V, 0.001 V",57 µbar,73 °C,,3.948 V,9.5225 kV,96 µbar,Carbon Dioxide: 0.0225 kV,"1,307 µbar",3.939 V,4.233 V,894 µbar/min,4.813 V,5.28E-008 mbar,65 %,811 µbar,µ-Volume,,Pre,3.790275161016378,4.1091296935759205,4.258538955042613,5.408272829945651,5.683493647864331,3.9882367098949536,-3.183998054967496,-3.647083567993592,-3.1942722951726066,0.02112056721187162,0.005280141802967905,-3.6260480042451047,0.023408639880117644,0.005852159970029411,-3.194957244519614,0.021677140764863705,-3.6246456333285377,0.02352426059339637,Natan Pereira BTS coral series 13.xlsx,2026-03-09 21:23:46.496,739684.0,894.0,1307.0,96.0,811.0,3.6901882495312366,BTS,,317,OK,16.0,15.0,15.0,0.0,0.0,3.822953345185795,-0.13276509565455852,-0.2592220103704405
31.0,GIRMS\IRMS-operator,2026-03-09 22:01:52.524,2026-03-09 23:09:19.674,Success,False,SHP2L,,31.0,1,17.0,True,QC Standard,SHP2L,"0.001 V, 0.001 V, 0.001 V",71 µbar,73 °C,,12.843 V,9.5227 kV,81 µbar,Carbon Dioxide: 0.0227 kV,"1,244 µbar",11.548 V,14.586 V,640 µbar/min,3.902 V,1.09E-007 mbar,15 %,"1,012 µbar",µ-Volume,,Pre,11.483367955342704,12.470176591753281,12.337198629259387,16.341794381872127,16.474057088628722,11.562132021704885,-0.8798956641289379,-6.123987181599899,0.5852498311897194,4.276627767820697,1.104220541513184,-3.820600497279435,7.326029999125389,1.891572812028571,2.2456144911065548,7.377589742205708,0.13517866351947086,16.397210102010355,Natan Pereira BTS coral series 13.xlsx,2026-03-09 22:01:52.524,739684.0,640.0,1244.0,81.0,1012.0,11.079468509474967,SHP2L,,,OK,16.0,15.0,15.0,0.0,0.0,10.95524150397099,0.12422700550397714,0.2541273608940542
32.0,GIRMS\IRMS-operator,2026-03-09 22:35:54.199,2026-03-09 23:04:26.707,Error,False,BTS,318,32.0,2,17.0,True,Unknown,,"0.001 V, 0.001 V, 0.001 V",59 µbar,72 °C,,,,,,,,,845 µbar/min,,,,,,,Pre,,,,,,,,,,,,,,,,,,,Natan Pereira BTS coral series 13.xlsx,2026-03-09 22:35:54.199,739684.0,845.0,,,,,BTS,,318,Failed Sample,0.0,0.0,0.0,0.0,0.0,,,
33.0,GIRMS\IRMS-operator,2026-03-10 11:21:44.133,2026-03-10 11:34:59.814,Error,False,BTS,319,33.0,1,18.0,True,Unknown,,"0.001 V, 0.001 V, 0.001 V",52 µbar,72 °C,,,,,,,,,669 µbar/min,,,,,,,Pre,,,,,,,,,,,,,,,,,,,Natan Pereira BTS coral series 13.xlsx,2026-03-10 11:21:44.133,739685.0,669.0,,,,,BTS,,319,Failed Sample,0.0,0.0,0.0,0.0,0.0,,,
34.0,GIRMS\IRMS-operator,2026-03-10 14:32:50.153,2026-03-10 15:35:29.595,Success,False,BTS,320,34.0,2,18.0,True,Unknown,,"0.001 V, 0.001 V, 0.000 V",,72 °C,,5.418 V,9.5229 kV,79 µbar,Carbon Dioxide: 0.0229 kV,"1,229 µbar",5.354 V,5.891 V,816 µbar/min,3.254 V,6.56E-008 mbar,46 %,838 µbar,µ-Volume,,Pre,5.189973781224865,5.632937668166172,5.77478753568164,7.405373337389378,7.708507659555821,5.408623946471376,-1.9921185573875677,-3.764981243945753,-1.9941268242321453,0.017125202359967794,0.004421708236039148,-3.777699409480001,0.032189840846071564,0.008047460211517891,-1.997725604176385,0.021726797241412903,-3.7785472871822834,0.03313419966256732,Natan Pereira BTS coral series 13.xlsx,2026-03-10 14:32:50.153,739685.0,816.0,1229.0,79.0,838.0,5.038364229361745,BTS,,320,OK,16.0,15.0,15.0,0.0,0.0,5.1712728417611915,-0.1329086123994463,-0.26192905116439646
35.0,GIRMS\IRMS-operator,2026-03-10 15:06:32.534,2026-03-10 16:01:41.482,Success,False,BTS,321,35.0,1,19.0,True,Unknown,,"0.001 V, 0.001 V, 0.001 V",47 µbar,72 °C,,9.904 V,9.5229 kV,59 µbar,Carbon Dioxide: 0.0229 kV,"1,134 µbar",9.383 V,11.161 V,576 µbar/min,5.306 V,9.62E-008 mbar,21 %,933 µbar,µ-Volume,,Pre,9.260107886842546,10.046372436635938,10.074937962644542,13.20919968167374,13.451879992876744,9.439756286195575,-2.0361227576094487,-3.9223373546360962,-2.078182614808681,0.022514096025925048,0.005628524006481262,-3.9387610478736144,0.011993566812584249,0.003096725635117651,-2.0809866052886297,0.02020661272804036,-3.93789276276939,0.013627638588363642,Natan Pereira BTS coral series 13.xlsx,2026-03-10 15:06:32.534,739685.0,576.0,1134.0,59.0,933.0,8.94882262950307,BTS,,321,OK,16.0,15.0,15.0,0.0,0.0,8.97032500510579,-0.02150237560272039,-0.04338929601393161
36.0,GIRMS\IRMS-operator,2026-03-10 15:35:29.745,2026-03-10 16:37:28.623,Success,False,SHP2L,,36.0,2,19.0,True,QC Standard,SHP2L,"0.001 V, 0.001 V, 0.002 V",45 µbar,73 °C,,15.669 V,9.5228 kV,74 µbar,Carbon Dioxide: 0.0228 kV,"1,197 µbar",13.665 V,18.002 V,718 µbar/min,9.168 V,1.23E-007 mbar,10 %,965 µbar,µ-Volume,14.406 V,Pre,15.233017705778927,16.534160168084586,14.675642640504327,21.677870883613075,19.600902332931007,13.756536148886534,-1.1421338323061025,-6.156233320062765,-1.1761523922917196,0.027310197844057225,0.006827549461014306,-6.159556273180197,0.012474827004857216,0.003118706751214304,-1.1784202962907608,0.026663632726585246,-6.1597778033880255,0.012880055124386823,Natan Pereira BTS coral series 13.xlsx,2026-03-10 15:35:29.745,739685.0,718.0,1197.0,74.0,965.0,14.664210580687376,SHP2L,,,OK,16.0,15.0,15.0,0.0,0.0,12.999452852110716,1.6647577285766602,3.798595882789054
37.0,GIRMS\IRMS-operator,2026-03-10 16:01:41.640,2026-03-10 17:10:48.769,Success,False,BTS,322,37.0,1,20.0,True,Unknown,,"0.002 V, 0.002 V, 0.002 V",52 µbar,73 °C,,4.633 V,9.5227 kV,59 µbar,Carbon Dioxide: 0.0227 kV,"1,114 µbar",4.254 V,5.049 V,674 µbar/min,13.232 V,6.27E-008 mbar,56 %,821 µbar,µ-Volume,,Pre,4.242557656417412,4.605454536685349,4.580226581338303,6.053155896221095,6.113207518562612,4.289312931145633,-1.925710463347441,-3.8115576123950445,-1.9438854137911354,0.0292152706237755,0.007543350438721686,-3.8320533728659556,0.023714177492438315,0.005928544373109579,-1.951472640813767,0.03770315181024072,-3.8334197568973494,0.023885668050472934,Natan Pereira BTS coral series 13.xlsx,2026-03-10 16:01:41.640,739685.0,674.0,1114.0,59.0,821.0,4.119950902114432,BTS,,322,OK,16.0,15.0,15.0,0.0,0.0,4.109281670699637,0.010669231414794922,0.021637032761374
38.0,GIRMS\IRMS-operator,2026-03-10 16:37:28.838,2026-03-10 17:55:06.914,Success,False,BTS,323,38.0,2,20.0,True,Unknown,,"0.001 V, 0.001 V, 0.001 V",47 µbar,72 °C,,12.248 V,9.5229 kV,74 µbar,Carbon Dioxide: 0.0229 kV,"1,207 µbar",11.072 V,13.906 V,723 µbar/min,3.259 V,1.06E-007 mbar,17 %,941 µbar,µ-Volume,,Pre,11.006674899700142,11.939594286338117,11.816942828551555,15.70482017455071,15.780473369931872,11.073998345973946,-2.0060341271423976,-3.621151994632643,-2.106638620983762,0.03358316491959475,0.008671135896435174,-3.6463205123417817,0.020322649826157377,0.005080662456539344,-2.106638620983762,0.03358316491959478,-3.6479984135223913,0.019855670061175515,Natan Pereira BTS coral series 13.xlsx,2026-03-10 16:37:28.838,739685.0,723.0,1207.0,74.0,941.0,10.625880015090091,BTS,,323,OK,16.0,15.0,15.0,0.0,0.0,10.50006522143171,0.12581479365838177,0.25753903182411425
39.0,GIRMS\IRMS-operator,2026-03-10 17:10:48.893,2026-03-10 18:21:48.877,Success,False,BTS,324,39.0,1,21.0,True,Unknown,,"0.002 V, 0.002 V, 0.002 V",54 µbar,72 °C,,13.908 V,9.5227 kV,69 µbar,Carbon Dioxide: 0.0227 kV,"1,187 µbar",12.991 V,15.938 V,625 µbar/min,10.790 V,1.19E-007 mbar,11 %,977 µbar,µ-Volume,,Pre,12.845001363213356,13.929072870126118,13.907108558526389,18.327181358341523,18.574779052738496,13.035619008129693,-2.130402686166488,-3.6102755705795797,-2.2303280412887685,0.032065085927075736,0.008279169586018275,-3.6300356810001415,0.02048974445153778,0.005122436112884445,-2.2303280412887694,0.03206508592707562,-3.631353021694846,0.020495559891836573,Natan Pereira BTS coral series 13.xlsx,2026-03-10 17:10:48.893,739685.0,625.0,1187.0,69.0,977.0,12.378311895783241,BTS,,324,OK,16.0,15.0,15.0,0.0,0.0,12.329138063843546,0.04917383193969549,0.09986221533366668
40.0,GIRMS\IRMS-operator,2026-03-10 17:55:07.135,2026-03-10 18:59:11.162,Success,False,BTS,487,40.0,2,21.0,True,Unknown,,"0.002 V, 0.002 V, 0.002 V",49 µbar,72 °C,,6.472 V,9.5227 kV,84 µbar,Carbon Dioxide: 0.0227 kV,"1,244 µbar",5.957 V,7.113 V,869 µbar/min,12.562 V,7.38E-008 mbar,37 %,868 µbar,µ-Volume,,Pre,5.94712499987693,6.453016685203988,6.428853634302408,8.485016753756447,8.581671923534795,6.021407288428262,-2.2124085882059275,-3.8390927288788346,-2.2149513390170084,0.01902204057091132,0.00475551014272783,-3.809616453135711,0.021991410693782604,0.005497852673445651,-2.2151208557377466,0.01967716913393087,-3.80765136808617,0.021259549021012465,Natan Pereira BTS coral series 13.xlsx,2026-03-10 17:55:07.135,739685.0,869.0,1244.0,84.0,868.0,5.768626931292929,BTS,,487,OK,16.0,15.0,15.0,0.0,0.0,5.750951212759927,0.017675718533002538,0.03586313781906699
41.0,GIRMS\IRMS-operator,2026-03-10 18:21:49.041,2026-03-10 19:30:22.863,Success,False,SHP2L,,41.0,1,22.0,True,QC Standard,SHP2L,"0.001 V, 0.001 V, 0.002 V",54 µbar,72 °C,,6.286 V,9.5227 kV,62 µbar,Carbon Dioxide: 0.0227 kV,"1,104 µbar",6.269 V,6.922 V,606 µbar/min,5.875 V,7.42E-008 mbar,34 %,877 µbar,µ-Volume,,Pre,6.066844252064871,6.591822297174116,6.736550373147027,8.635555418556105,8.992849274404051,6.309843519958329,-0.844869456072872,-6.15911013003112,-0.8760112052612105,0.02202688467113692,0.005687317166676315,-6.152604963697539,0.01662013857757765,0.00429130132817451,-0.8829828776190616,0.027368065546193927,-6.149317514550123,0.01981194008952611,Natan Pereira BTS coral series 13.xlsx,2026-03-10 18:21:49.041,739685.0,606.0,1104.0,62.0,877.0,5.8800348363804895,SHP2L,,,OK,16.0,15.0,15.0,0.0,0.0,6.022883453476918,-0.14284861709642804,-0.2820914467235859
42.0,GIRMS\IRMS-operator,2026-03-10 18:59:11.403,2026-03-10 20:16:21.992,Running,False,BTS,488,42.0,2,22.0,True,Unknown,,"0.001 V, 0.001 V, 0.001 V",49 µbar,72 °C,,5.318 V,9.5228 kV,79 µbar,Carbon Dioxide: 0.0228 kV,"1,217 µbar",5.242 V,5.824 V,703 µbar/min,3.273 V,6.43E-008 mbar,47 %,838 µbar,µ-Volume,,Pre,5.120436929594211,5.557355786554642,5.641869314540563,7.306778091214175,7.531062709491103,5.284159854311943,-2.0261004351649348,-3.671185728934212,-2.03934890116304,0.0122016203565562,0.0031504448291791707,-3.661084692029262,0.02565631417668184,0.00641407854417046,-2.0433328382480904,0.016548522564103718,-3.6604112895689322,0.026410041173941818,Natan Pereira BTS coral series 13.xlsx,2026-03-10 18:59:11.403,739685.0,703.0,1217.0,79.0,838.0,4.9679034279794845,BTS,,488,OK,16.0,15.0,15.0,0.0,0.0,5.049779936938129,-0.0818765089586444,-0.1629290208148122
43.0,GIRMS\IRMS-operator,2026-03-10 19:30:23.009,2026-03-10 20:43:11.297,Running,False,BTS,489,43.0,1,23.0,True,Unknown,,"0.001 V, 0.001 V, 0.002 V",57 µbar,72 °C,,3.438 V,9.5228 kV,69 µbar,Carbon Dioxide: 0.0228 kV,"1,175 µbar",3.233 V,3.697 V,591 µbar/min,5.176 V,4.88E-008 mbar,82 %,775 µbar,µ-Volume,,Pre,3.143924583451697,3.4129785724397483,3.517912249349166,4.486258898012638,4.695366893045902,3.2944481656023767,-1.8899099378292261,-3.680455549798456,-1.92560015035443,0.02521905390625842,0.006304763476564605,-3.6573595538943393,0.02213339706900842,0.005533349267252105,-1.92797949785611,0.02417392265408716,-3.6558198208340644,0.0220053926701735,Natan Pereira BTS coral series 13.xlsx,2026-03-10 19:30:23.009,739685.0,591.0,1175.0,69.0,775.0,3.057158681032147,BTS,,489,OK,16.0,15.0,15.0,0.0,0.0,3.1615973269195172,-0.10443864588737028,-0.2042730605856558
44.0,GIRMS\IRMS-operator,2026-03-10 20:16:22.152,2026-03-10 21:20:16.882,Running,False,BTS,490,44.0,2,23.0,True,Unknown,,"0.001 V, 0.001 V, 0.001 V",52 µbar,72 °C,,5.274 V,9.5228 kV,79 µbar,Carbon Dioxide: 0.0228 kV,"1,209 µbar",5.198 V,5.740 V,689 µbar/min,3.209 V,6.34E-008 mbar,46 %,836 µbar,µ-Volume,,Pre,5.06714701228746,5.499215367758997,5.620033982718713,7.232154990368757,7.502007387145501,5.263743154830736,-2.0640979204660237,-3.4641019405176054,-2.1196570320897403,0.01837060857747484,0.004909751663102961,-3.4711082132466506,0.020116699668159054,0.0050291749170397635,-2.1233019567265496,0.022641902133736406,-3.471575298095253,0.020732761689263315,Natan Pereira BTS coral series 13.xlsx,2026-03-10 20:16:22.152,739685.0,689.0,1209.0,79.0,836.0,4.920778355869859,BTS,,490,OK,16.0,15.0,15.0,0.0,0.0,5.03372905000105,-0.11295069413119041,-0.22334246800569274
45.0,GIRMS\IRMS-operator,2026-03-10 20:43:11.427,2026-03-10 21:53:01.518,Running,False,BTS,491,45.0,1,24.0,True,Unknown,,"0.001 V, 0.001 V, 0.001 V",59 µbar,72 °C,,5.392 V,9.5227 kV,64 µbar,Carbon Dioxide: 0.0227 kV,"1,131 µbar",4.988 V,5.901 V,513 µbar/min,5.131 V,6.15E-008 mbar,48 %,858 µbar,µ-Volume,,Pre,4.964863553000747,5.386533387325632,5.393468042367807,7.084722443717101,7.198872573215421,5.051419102833746,-2.389634265107521,-3.6112801815481044,-2.3959153447686634,0.022843921477679763,0.005710980369419941,-3.6093804414943227,0.017708719221210936,0.004427179805302734,-2.3963340834127393,0.023582059062355203,-3.609253792157404,0.018322763815509513,Natan Pereira BTS coral series 13.xlsx,2026-03-10 20:43:11.427,739685.0,513.0,1131.0,64.0,858.0,4.818648285812201,BTS,,491,OK,16.0,15.0,15.0,0.0,0.0,4.832650277073227,-0.014001991261025637,-0.028240221628896046
46.0,GIRMS\IRMS-operator,2026-03-10 21:20:17.094,2026-03-10 22:34:53.484,Running,False,SHP2L,,46.0,2,24.0,True,QC Standard,SHP2L,"0.001 V, 0.001 V, 0.001 V",49 µbar,73 °C,,4.082 V,9.5227 kV,69 µbar,Carbon Dioxide: 0.0227 kV,"1,087 µbar",4.063 V,4.407 V,444 µbar/min,3.279 V,5.44E-008 mbar,63 %,792 µbar,µ-Volume,,Pre,3.9191791218593197,4.259174355530068,4.416172690417888,5.578793739430802,5.894054301853702,4.135935421327382,-0.7541132449407906,-6.048091474590733,-0.8087688410015023,0.01741566497208778,0.004496705360001589,-6.016156818744768,0.02726808196866673,0.006817020492166682,-0.8087688410015021,0.01741566497208779,-6.014027841688371,0.026813394867049777,Natan Pereira BTS coral series 13.xlsx,2026-03-10 21:20:17.094,739685.0,444.0,1087.0,69.0,792.0,3.809510895517642,SHP2L,,,OK,16.0,15.0,15.0,0.0,0.0,3.962624437653925,-0.1531135421362828,-0.2977407981118472
1.0,GIRMS\IRMS-operator,2026-03-11 13:06:41.192,2026-03-11 14:06:04.935,Running,False,SHP2L,,1.0,1,2.0,True,QC Standard,SHP2L,"0.001 V, 0.001 V, 0.001 V",13 µbar,72 °C,,11.025 V,9.5215 kV,20 µbar,Carbon Dioxide: 0.0215 kV,631 µbar,10.105 V,12.514 V,176 µbar/min,3.251 V,1.05E-007 mbar,19 %,797 µbar,µ-Volume,,Pre,10.013913021107228,10.877222300521336,10.830849886886083,14.25848701252085,14.46676054252726,10.147154331207275,-0.92645066055419,-6.166156596380423,-0.9546511029555129,0.02065880016617645,0.005164700041544112,-6.167033610847612,0.022620353125052804,0.005655088281263201,-0.9565311324489343,0.019916805089309854,-6.167092078478756,0.023413038493841236,Natan Pereira BTS coral series 14.1.xlsx,2026-03-11 13:06:41.192,739686.0,176.0,631.0,20.0,797.0,9.662970900535582,SHP2L,,,OK,16.0,15.0,15.0,0.0,0.0,9.634330868721008,0.02864003181457342,0.04232199030665851
2.0,GIRMS\IRMS-operator,2026-03-11 13:37:23.271,2026-03-11 14:37:05.528,Running,False,BTS,492,2.0,2,2.0,True,Unknown,,"0.002 V, 0.002 V, 0.002 V",13 µbar,72 °C,,6.570 V,9.5212 kV,32 µbar,Carbon Dioxide: 0.0212 kV,504 µbar,6.100 V,7.253 V,112 µbar/min,9.850 V,8.10E-008 mbar,37 %,733 µbar,µ-Volume,,Pre,6.057836318060799,6.571972995447491,6.530190139459943,8.648421444931572,8.719604291954582,6.115667724654121,-2.53453351806876,-3.6050014795758756,-2.522112033835892,0.016108240670283012,0.00415912985684714,-3.5950050164667777,0.017973614858015984,0.004493403714503996,-2.5164082457440173,0.02440600355698743,-3.594338585592838,0.018398701894479164,Natan Pereira BTS coral series 14.1.xlsx,2026-03-11 13:37:23.271,739686.0,112.0,504.0,32.0,733.0,5.874894762083931,BTS,,492,OK,16.0,15.0,15.0,0.0,0.0,5.8411436319798655,0.03375113010406583,0.0500142772979678
3.0,GIRMS\IRMS-operator,2026-03-11 14:06:05.042,2026-03-11 15:09:01.354,Running,False,BTS,493,3.0,1,3.0,True,Unknown,,"0.001 V, 0.001 V, 0.002 V",32 µbar,72 °C,,4.996 V,9.5211 kV,30 µbar,Carbon Dioxide: 0.0211 kV,748 µbar,4.624 V,5.464 V,259 µbar/min,6.014 V,7.16E-008 mbar,51 %,736 µbar,µ-Volume,,Pre,4.592551269053632,4.981140990469479,5.010287633968238,6.555544228832164,6.689296924151631,4.691634086045875,-2.8642055363455876,-3.7669726621174515,-2.8653882115747598,0.016432631142734747,0.004242887116678735,-3.807449203725976,0.02056134936749725,0.0053089175783912835,-2.8626117497442922,0.01981663112666096,-3.8061426896228343,0.023700102492952225,Natan Pereira BTS coral series 14.1.xlsx,2026-03-11 14:06:05.042,739686.0,259.0,748.0,30.0,736.0,4.45550056227487,BTS,,493,OK,16.0,15.0,15.0,0.0,0.0,4.491193570613081,-0.03569300833821121,-0.05217006230316207
4.0,GIRMS\IRMS-operator,2026-03-11 14:37:05.679,2026-03-11 15:45:39.217,Running,False,BTS,494,4.0,2,3.0,True,Unknown,,"0.001 V, 0.001 V, 0.001 V",23 µbar,72 °C,,4.111 V,9.5210 kV,30 µbar,Carbon Dioxide: 0.0210 kV,357 µbar,4.119 V,4.449 V,103 µbar/min,4.569 V,6.69E-008 mbar,58 %,677 µbar,µ-Volume,,Pre,3.957945096241565,4.292537998173275,4.423736964684081,5.649538760557769,5.906026337639457,4.142208075737067,-2.9639227859489248,-3.8175395923870648,-2.935881436432475,0.02177165279876055,0.0054429131996901374,-3.824611710337574,0.016605305978871304,0.004287471567656467,-2.9340120131313783,0.021164887615649074,-3.822276391073058,0.019822527923635248,Natan Pereira BTS coral series 14.1.xlsx,2026-03-11 14:37:05.679,739686.0,103.0,357.0,30.0,677.0,3.847342281993645,BTS,,494,OK,16.0,15.0,15.0,0.0,0.0,3.9688867907700427,-0.12154450877639755,-0.17359248878732386
5.0,GIRMS\IRMS-operator,2026-03-11 15:09:01.443,2026-03-11 16:24:02.627,Running,False,BTS,495,5.0,1,4.0,True,Unknown,,"0.001 V, 0.001 V, 0.001 V",32 µbar,72 °C,,4.500 V,9.5208 kV,27 µbar,Carbon Dioxide: 0.0208 kV,550 µbar,4.478 V,4.901 V,293 µbar/min,3.240 V,7.02E-008 mbar,56 %,719 µbar,µ-Volume,,Pre,4.321302046316152,4.6852792715630684,4.807021758516804,6.166975074370968,6.417878643485638,4.501277927938692,-3.2335306684374565,-3.9901681406194767,-3.253791810391804,0.018207133417702397,0.004701061633929194,-4.000978956719507,0.020761764182689817,0.005360664461162887,-3.250570813968082,0.025039311445441727,-4.005174110560916,0.024451084017908742,Natan Pereira BTS coral series 14.1.xlsx,2026-03-11 15:09:01.443,739686.0,293.0,550.0,27.0,719.0,4.195312968727266,BTS,,495,OK,16.0,15.0,15.0,0.0,0.0,4.310031065136894,-0.11471809640962771,-0.16452025300916126
6.0,GIRMS\IRMS-operator,2026-03-11 15:45:39.333,2026-03-11 16:57:34.989,Running,False,SHP2L,,6.0,2,4.0,True,QC Standard,SHP2L,"0.001 V, 0.001 V, 0.001 V",23 µbar,72 °C,,5.587 V,9.5207 kV,27 µbar,Carbon Dioxide: 0.0207 kV,247 µbar,5.525 V,6.118 V,112 µbar/min,4.431 V,7.75E-008 mbar,43 %,723 µbar,µ-Volume,,Pre,5.395314942599196,5.8635487591191024,5.969722091455307,7.6842032359021255,7.971103098694964,5.590618466440459,-0.7831515234050235,-5.988630300635123,-0.8021853658032466,0.016215631836165752,0.004186858136646717,-6.012237791486461,0.021770198480871892,0.005621041077336456,-0.8088219420476846,0.025552380270677487,-6.018560468275129,0.02745426889230298,Natan Pereira BTS coral series 14.1.xlsx,2026-03-11 15:45:39.333,739686.0,112.0,247.0,27.0,723.0,5.236364407731466,SHP2L,,,OK,16.0,15.0,15.0,0.0,0.0,5.3434887533922995,-0.10712434566083306,-0.15466662806967785
7.0,GIRMS\IRMS-operator,2026-03-11 16:24:02.743,2026-03-11 17:30:28.368,Running,False,BTS,496,7.0,1,5.0,True,Unknown,,"0.001 V, 0.001 V, 0.001 V",30 µbar,72 °C,,4.170 V,9.5206 kV,25 µbar,Carbon Dioxide: 0.0206 kV,570 µbar,3.870 V,4.532 V,195 µbar/min,5.450 V,6.75E-008 mbar,64 %,701 µbar,µ-Volume,,Pre,3.8310898420416266,4.153918716798012,4.168825857370873,5.4672519458462725,5.565784115840842,3.9034581442815193,-3.2156514251499013,-4.048792438845483,-3.2023668053712675,0.01960150027557402,0.004900375068893505,-4.06082193513666,0.020493591925956945,0.0052914226822134685,-3.201481164052692,0.01995537103667568,-4.056744814644027,0.027828563092538415,Natan Pereira BTS coral series 14.1.xlsx,2026-03-11 16:24:02.743,739686.0,195.0,570.0,25.0,701.0,3.720702250465225,BTS,,496,OK,16.0,15.0,15.0,0.0,0.0,3.7420636673909553,-0.021361416925730126,-0.031293005314745326
8.0,GIRMS\IRMS-operator,2026-03-11 16:57:35.107,2026-03-11 18:06:53.915,Running,False,BTS,497,8.0,2,5.0,True,Unknown,,"0.001 V, 0.001 V, 0.001 V",20 µbar,72 °C,,4.912 V,9.5204 kV,27 µbar,Carbon Dioxide: 0.0204 kV,179 µbar,4.885 V,5.380 V,93 µbar/min,3.836 V,7.42E-008 mbar,48 %,701 µbar,µ-Volume,,Pre,4.752427817563897,5.155678124896692,5.254199020006142,6.783556795346801,7.015903211337663,4.920209722318915,-2.6226605007332315,-3.8706798299413814,-2.6515701697331417,0.024788885683499517,0.0064004627615488726,-3.8658048081649183,0.016615055659974728,0.00428998892449276,-2.6598477147136146,0.033607544935498904,-3.8683145513129276,0.019918840434655503,Natan Pereira BTS coral series 14.1.xlsx,2026-03-11 16:57:35.107,739686.0,93.0,179.0,27.0,701.0,4.614627022281718,BTS,,497,OK,16.0,15.0,15.0,0.0,0.0,4.708394886236078,-0.09376786395435932,-0.13540079710936126
9.0,GIRMS\IRMS-operator,2026-03-11 17:30:28.505,2026-03-11 18:48:21.617,Running,False,BTS,498,9.0,1,6.0,True,Unknown,,"0.001 V, 0.001 V, 0.001 V",30 µbar,72 °C,,6.612 V,9.5201 kV,27 µbar,Carbon Dioxide: 0.0201 kV,677 µbar,6.405 V,7.326 V,352 µbar/min,3.246 V,8.26E-008 mbar,36 %,775 µbar,µ-Volume,,Pre,6.369602930666752,6.914024362299553,6.861304053995721,9.091762229194408,9.161887026896439,6.4254673307060415,-2.0027426775000023,-3.8712754373871894,-2.0378495589865833,0.02612091280223908,0.006981107595412562,-3.861966797443913,0.018867426528516727,0.0048715485820491535,-2.03935093497171,0.04406316920025175,-3.8574088021969826,0.024014388864861968,Natan Pereira BTS coral series 14.1.xlsx,2026-03-11 17:30:28.505,739686.0,352.0,677.0,27.0,775.0,6.169897758800497,BTS,,498,OK,16.0,15.0,15.0,0.0,0.0,6.132853507400744,0.037044251399752426,0.054908511658854096
10.0,GIRMS\IRMS-operator,2026-03-11 18:06:54.046,2026-03-11 19:18:54.106,Running,False,BTS,499,10.0,2,6.0,True,Unknown,,"0.001 V, 0.001 V, 0.002 V",23 µbar,72 °C,,8.498 V,9.5198 kV,30 µbar,Carbon Dioxide: 0.0198 kV,145 µbar,8.259 V,9.484 V,98 µbar/min,6.309 V,9.53E-008 mbar,25 %,775 µbar,µ-Volume,,Pre,8.124959960439515,8.821891192563829,8.882717732557115,11.598431733028745,11.86203327454791,8.319458143082826,-1.6011193800251622,-3.7151968405688685,-1.6451115123467879,0.02525498093196662,0.006313745232991655,-3.725282628623039,0.021120413747093194,0.005453267380500141,-1.6480443211682296,0.023149950182235365,-3.7308668761951123,0.028162744578815353,Natan Pereira BTS coral series 14.1.xlsx,2026-03-11 18:06:54.046,739686.0,98.0,145.0,30.0,775.0,7.86139644798395,BTS,,499,OK,16.0,15.0,15.0,0.0,0.0,7.917252872643386,-0.055856424659435966,-0.08171500053383042
11.0,GIRMS\IRMS-operator,2026-03-11 18:48:21.713,2026-03-11 19:50:20.698,Running,False,SHP2L,,11.0,1,7.0,True,QC Standard,SHP2L,"0.002 V, 0.002 V, 0.002 V",32 µbar,72 °C,,20.080 V,9.5196 kV,32 µbar,Carbon Dioxide: 0.0196 kV,716 µbar,13.340 V,23.604 V,347 µbar/min,8.091 V,1.27E-007 mbar,10 %,889 µbar,µ-Volume,18.287 V,Pre,19.529834389686584,21.191462321682945,14.330803795262351,27.800790692492324,19.14714994542201,13.430818915367126,-1.6294888974888178,-6.383981555261875,-1.561533931461981,0.09241238387362043,0.023103095968405107,-6.323202286487071,0.037209773858127855,0.009302443464531964,-1.5570036003935253,0.09379879472897779,-6.319150335235416,0.0346699900197857,Natan Pereira BTS coral series 14.1.xlsx,2026-03-11 18:48:21.713,739686.0,347.0,716.0,32.0,889.0,18.72020959854126,SHP2L,,,OK,16.0,15.0,15.0,0.0,0.0,12.700408697128296,6.019800901412964,13.073100823803811
12.0,GIRMS\IRMS-operator,2026-03-11 19:18:54.239,2026-03-11 20:28:23.760,Running,False,BTS,500,12.0,2,7.0,True,Unknown,,"0.002 V, 0.002 V, 0.002 V",25 µbar,72 °C,,11.269 V,9.5199 kV,35 µbar,Carbon Dioxide: 0.0199 kV,259 µbar,10.459 V,12.745 V,132 µbar/min,12.894 V,1.09E-007 mbar,15 %,831 µbar,µ-Volume,,Pre,10.257588059192724,11.134153385560472,11.226033945481738,14.643339327613763,14.994768313209464,10.517374655694457,-1.6334861295808079,-3.6069190934698847,-1.7078891007917656,0.01706994877478337,0.004562135708930071,-3.636561618425391,0.02171005283705445,0.005427513209263613,-1.7033270897777841,0.024140199591602494,-3.6385377867557573,0.020929538265380635,Natan Pereira BTS coral series 14.1.xlsx,2026-03-11 19:18:54.239,739686.0,132.0,259.0,35.0,831.0,9.90835980515932,BTS,,500,OK,16.0,15.0,15.0,0.0,0.0,9.978231349997273,-0.06987154483795344,-0.10222379926986272
13.0,GIRMS\IRMS-operator,2026-03-11 19:50:20.834,2026-03-11 21:08:43.181,Running,False,BTS,501,13.0,1,8.0,True,Unknown,,"0.001 V, 0.001 V, 0.001 V",35 µbar,72 °C,,6.779 V,9.5200 kV,35 µbar,Carbon Dioxide: 0.0200 kV,614 µbar,6.561 V,7.495 V,308 µbar/min,3.252 V,8.34E-008 mbar,35 %,797 µbar,µ-Volume,,Pre,6.5119679246311675,7.068310986721724,7.051018437455187,9.297529959977934,9.414936209024262,6.603343195413103,-2.0206081348146387,-3.529140293690225,-2.052425135382737,0.011748689267111388,0.0030334985247525486,-3.5706900371124415,0.021794264666879754,0.005627254939844135,-2.0524251353827365,0.011748689267111399,-3.5689540593407014,0.02597609133729595,Natan Pereira BTS coral series 14.1.xlsx,2026-03-11 19:50:20.834,739686.0,308.0,614.0,35.0,797.0,6.306480911768007,BTS,,501,OK,16.0,15.0,15.0,0.0,0.0,6.300624755418826,0.005856156349181241,0.00863613864979088
14.0,GIRMS\IRMS-operator,2026-03-11 20:28:23.884,2026-03-11 21:37:44.716,Running,False,BTS,502,14.0,2,8.0,True,Unknown,,"0.001 V, 0.001 V, 0.002 V",27 µbar,72 °C,,6.547 V,9.5200 kV,32 µbar,Carbon Dioxide: 0.0200 kV,333 µbar,6.458 V,7.223 V,147 µbar/min,6.458 V,8.30E-008 mbar,35 %,758 µbar,µ-Volume,,Pre,6.654270194641524,7.221631906642532,6.902225516452409,9.500319971400442,9.215687528876368,6.463758848778181,-2.205467561622765,-3.5454080294640145,-2.186449594835743,0.023048307335087472,0.005762076833771868,-3.540413389916108,0.016928862551294513,0.0043710135154265365,-2.1851817303832757,0.023272564780429408,-3.536926807962745,0.020775322069482235,Natan Pereira BTS coral series 14.1.xlsx,2026-03-11 20:28:23.884,739686.0,147.0,333.0,32.0,758.0,6.4532982336200995,BTS,,502,OK,16.0,15.0,15.0,0.0,0.0,6.169803641907149,0.28349459171295077,0.4368764599866141
15.0,GIRMS\IRMS-operator,2026-03-11 21:08:43.325,2026-03-11 22:11:44.891,Running,False,BTS,503,15.0,1,9.0,True,Unknown,,"0.001 V, 0.001 V, 0.002 V",35 µbar,72 °C,,4.859 V,9.5200 kV,37 µbar,Carbon Dioxide: 0.0200 kV,870 µbar,4.495 V,5.306 V,420 µbar/min,6.356 V,7.09E-008 mbar,53 %,745 µbar,µ-Volume,,Pre,4.460685634451877,4.841427116401288,4.855553417213055,6.369048984014945,6.4825064253449005,4.54654131110101,-2.224325934994331,-3.5032002185845235,-2.2576517200896404,0.023451475589834323,0.005862868897458581,-3.464612950127975,0.025347334280828,0.006336833570207,-2.2598734390959936,0.02246414146994257,-3.4620404655642054,0.02397776929896331,Natan Pereira BTS coral series 14.1.xlsx,2026-03-11 21:08:43.325,739686.0,420.0,870.0,37.0,745.0,4.330017351943027,BTS,,503,OK,16.0,15.0,15.0,0.0,0.0,4.3528012274084205,-0.022783875465393066,-0.03339272586802369
16.0,GIRMS\IRMS-operator,2026-03-11 21:37:44.919,2026-03-11 22:48:25.316,Running,False,SHP2L,,16.0,2,9.0,True,QC Standard,SHP2L,"0.001 V, 0.001 V, 0.001 V",27 µbar,72 °C,,8.691 V,9.5201 kV,35 µbar,Carbon Dioxide: 0.0201 kV,262 µbar,8.218 V,9.697 V,132 µbar/min,4.444 V,9.34E-008 mbar,24 %,797 µbar,µ-Volume,,Pre,8.107141616475696,8.808651230873544,8.831017873825507,11.545530282498587,11.79242421001227,8.271493058038473,-0.8591974491869436,-5.996150255605404,-0.8673332289191247,0.03264521802999798,0.008161304507499495,-6.02259663379623,0.02214732838573665,0.005536832096434162,-0.8678756142346031,0.033716306211942174,-6.024359725675617,0.021731353263603242,Natan Pereira BTS coral series 14.1.xlsx,2026-03-11 21:37:44.919,739686.0,132.0,262.0,35.0,797.0,7.844612958562489,SHP2L,,,OK,16.0,15.0,15.0,0.0,0.0,7.87208271430597,-0.027469755743481095,-0.040331107015654864
17.0,GIRMS\IRMS-operator,2026-03-11 22:11:45.013,2026-03-11 23:29:38.726,Running,False,BTS,504,17.0,1,10.0,True,Unknown,,"0.001 V, 0.001 V, 0.001 V",35 µbar,72 °C,,8.351 V,9.5196 kV,32 µbar,Carbon Dioxide: 0.0196 kV,570 µbar,7.913 V,9.347 V,195 µbar/min,3.256 V,9.21E-008 mbar,27 %,816 µbar,µ-Volume,,Pre,7.803807758092147,8.464122574096713,8.496785888283462,11.141137133218145,11.346381929256998,7.958288096188768,-2.650903906152746,-3.562170673226839,-2.681186910800222,0.019620952718268966,0.00506610820763859,-3.567525872140087,0.014581629264741531,0.003764960486860977,-2.6890650107733136,0.028367618969682235,-3.5707024486072214,0.018097815167439996,Natan Pereira BTS coral series 14.1.xlsx,2026-03-11 22:11:45.013,739686.0,195.0,570.0,32.0,816.0,7.546144105409825,BTS,,504,OK,16.0,15.0,15.0,0.0,0.0,7.576929875076716,-0.03078576966689095,-0.04517366377121572
18.0,GIRMS\IRMS-operator,2026-03-11 22:48:25.511,2026-03-12 00:00:43.368,Running,False,BTS,505,18.0,2,10.0,True,Unknown,,"0.002 V, 0.001 V, 0.002 V",25 µbar,72 °C,,6.303 V,9.5195 kV,35 µbar,Carbon Dioxide: 0.0195 kV,279 µbar,5.871 V,6.943 V,122 µbar/min,7.763 V,7.79E-008 mbar,39 %,745 µbar,µ-Volume,,Pre,5.8208501355541005,6.313482344641952,6.317111721779401,8.3099767018483,8.434654717557223,5.915597657564143,-2.8059234571766734,-3.6293111148244517,-2.8310260666845055,0.019058514977786708,0.004920887407494169,-3.6490314708671825,0.019951173098827553,0.004987793274706888,-2.8283742102949154,0.024725673834663155,-3.650346161270031,0.019921132022855427,Natan Pereira BTS coral series 14.1.xlsx,2026-03-11 22:48:25.511,739686.0,122.0,279.0,35.0,745.0,5.644411683620407,BTS,,505,OK,16.0,15.0,15.0,0.0,0.0,5.65142109061453,-0.007009406994122891,-0.010314442625006567
19.0,GIRMS\IRMS-operator,2026-03-11 23:29:38.852,2026-03-12 00:32:03.791,Running,False,BTS,506,19.0,1,11.0,True,Unknown,,"0.001 V, 0.001 V, 0.002 V",37 µbar,72 °C,,8.445 V,9.5195 kV,35 µbar,Carbon Dioxide: 0.0195 kV,763 µbar,8.159 V,9.456 V,357 µbar/min,5.790 V,9.30E-008 mbar,25 %,821 µbar,µ-Volume,,Pre,8.03119039812645,8.709489743511067,8.759736459056722,11.46312249317541,11.697726375011348,8.20478062312345,-2.7776133756540755,-3.810268134905148,-2.8461914553222627,0.024669904053653817,0.006369741836822405,-3.821794831766175,0.012700307795493006,0.0032792053722435093,-2.8461914553222627,0.024669904053653727,-3.8203291079540977,0.015156730699378737,Natan Pereira BTS coral series 14.1.xlsx,2026-03-11 23:29:38.852,739686.0,357.0,763.0,35.0,821.0,7.768274310022202,BTS,,506,OK,16.0,15.0,15.0,0.0,0.0,7.809721414309984,-0.04144710428778264,-0.06074166289246894
20.0,GIRMS\IRMS-operator,2026-03-12 00:00:43.470,2026-03-12 01:07:12.780,Running,False,BTS,507,20.0,2,11.0,True,Unknown,,"0.002 V, 0.001 V, 0.002 V",27 µbar,72 °C,,7.927 V,9.5195 kV,35 µbar,Carbon Dioxide: 0.0195 kV,306 µbar,7.988 V,8.824 V,132 µbar/min,7.988 V,9.21E-008 mbar,25 %,782 µbar,µ-Volume,,Pre,8.086209789995511,8.770987391471863,8.60123958327936,11.542976859486084,11.486143830692749,8.055990235094388,-2.6007086718867756,-3.7211692345435754,-2.652509040421499,0.02795909861142128,0.007219008219800369,-3.7347589002998913,0.017237600684876675,0.004450729358740062,-2.6634144790266268,0.0368120600528427,-3.7393626121718553,0.021931346362586222,Natan Pereira BTS coral series 14.1.xlsx,2026-03-12 00:00:43.470,739687.0,132.0,306.0,35.0,782.0,7.8258338588689345,BTS,,507,OK,16.0,15.0,15.0,0.0,0.0,7.670742721069804,0.15509113779913086,0.23312221552306367
21.0,GIRMS\IRMS-operator,2026-03-12 00:32:03.902,2026-03-12 01:47:09.037,Running,False,SHP2L,,21.0,1,12.0,True,QC Standard,SHP2L,"0.001 V, 0.001 V, 0.001 V",32 µbar,72 °C,,25.908 V,9.5195 kV,32 µbar,Carbon Dioxide: 0.0195 kV,689 µbar,13.742 V,31.102 V,342 µbar/min,3.252 V,1.29E-007 mbar,10 %,907 µbar,µ-Volume,23.125 V,Pre,24.95110847426546,27.06090332614202,14.777876154053393,35.51058414864107,19.74379959988162,13.849862594138509,-2.103654193554849,-6.5719411995988075,-1.8932036760557354,0.15096928471309587,0.03774232117827397,-6.4366308221888575,0.07081558075110847,0.017703895187777118,-1.8791736415557942,0.145069890930709,-6.427610130361527,0.06307207085451276,Natan Pereira BTS coral series 14.1.xlsx,2026-03-12 00:32:03.902,739687.0,342.0,689.0,32.0,907.0,23.8155654854883,SHP2L,,,OK,16.0,15.0,15.0,0.0,0.0,13.092883605491048,10.722681879997252,28.736408268523075
22.0,GIRMS\IRMS-operator,2026-03-12 01:07:12.914,2026-03-12 02:20:25.257,Running,False,BTS,508,22.0,2,12.0,True,Unknown,,"0.002 V, 0.002 V, 0.002 V",25 µbar,72 °C,,12.906 V,9.5193 kV,35 µbar,Carbon Dioxide: 0.0193 kV,479 µbar,12.881 V,14.716 V,142 µbar/min,13.292 V,1.24E-007 mbar,10 %,821 µbar,µ-Volume,,Pre,12.589659853311707,13.649845276779676,13.809511218971755,17.96642951700029,18.45019571515855,12.941416664453675,-2.5088748717100318,-3.920033231067377,-2.6248488846475495,0.03531097916536688,0.009117255616382866,-3.9274937078025203,0.016510499033564066,0.004262992519637818,-2.6248488846475495,0.03531097916536691,-3.924363769397377,0.021669836021104928,Natan Pereira BTS coral series 14.1.xlsx,2026-03-12 01:07:12.914,739687.0,142.0,479.0,35.0,821.0,12.136783762308289,BTS,,508,OK,16.0,15.0,15.0,0.0,0.0,12.241762442918946,-0.10497868061065674,-0.15334310383999847
23.0,GIRMS\IRMS-operator,2026-03-12 01:47:09.197,2026-03-12 02:53:53.667,Running,False,BTS,509,23.0,1,13.0,True,Unknown,,"0.002 V, 0.002 V, 0.002 V",35 µbar,72 °C,,3.024 V,9.5193 kV,35 µbar,Carbon Dioxide: 0.0193 kV,863 µbar,3.057 V,3.262 V,308 µbar/min,12.499 V,6.18E-008 mbar,88 %,655 µbar,µ-Volume,2.616 V,Pre,2.7644835904697183,3.0014332593896573,3.3294220928383855,3.94611970631895,4.445378393721645,3.117306382222867,-1.9750803281348706,-3.876695648141637,-1.9729201538993524,0.036702704738979776,0.009476597614322447,-3.8057875101687313,0.04006197612707879,0.010015494031769698,-1.9667634414889537,0.04344152470717453,-3.8010603009705384,0.03655843398418351,Natan Pereira BTS coral series 14.1.xlsx,2026-03-12 01:47:09.197,739687.0,308.0,863.0,35.0,655.0,2.6879986629123223,BTS,,509,OK,16.0,15.0,15.0,0.0,0.0,2.991920013771415,-0.3039213508590928,-0.40229418313602217
24.0,GIRMS\IRMS-operator,2026-03-12 02:20:25.406,2026-03-12 03:30:18.798,Running,False,BTS,510,24.0,2,13.0,True,Unknown,,"0.001 V, 0.001 V, 0.001 V",25 µbar,72 °C,,4.603 V,9.5195 kV,32 µbar,Carbon Dioxide: 0.0195 kV,457 µbar,4.539 V,5.015 V,122 µbar/min,3.036 V,7.13E-008 mbar,50 %,704 µbar,µ-Volume,,Pre,4.428668455172775,4.809822218657306,4.921019642462846,6.322889006452843,6.5707698229124984,4.6076212015212255,-1.6348479165441132,-3.730127357427504,-1.6652482682871559,0.019307903031709917,0.004985279126133346,-3.6713823390482903,0.02283375030837986,0.005895648978387577,-1.6627578506522633,0.025061177481429803,-3.6713823390482907,0.02283375030837987,Natan Pereira BTS coral series 14.1.xlsx,2026-03-12 02:20:25.406,739687.0,122.0,457.0,32.0,704.0,4.300985106474228,BTS,,510,OK,16.0,15.0,15.0,0.0,0.0,4.410761960989304,-0.10977685451507568,-0.15771339239578755
25.0,GIRMS\IRMS-operator,2026-03-12 02:53:53.822,2026-03-12 04:12:27.106,Running,False,BTS,511,25.0,1,14.0,True,Unknown,,"0.001 V, 0.001 V, 0.001 V",35 µbar,72 °C,,8.036 V,9.5193 kV,32 µbar,Carbon Dioxide: 0.0193 kV,738 µbar,7.639 V,8.987 V,254 µbar/min,3.245 V,9.07E-008 mbar,28 %,809 µbar,µ-Volume,,Pre,7.530975215089938,8.176387312003495,8.200989129134538,10.751534133218245,10.951984362433647,7.680635236944196,-1.7357155971328142,-3.7097133585840547,-1.7501855973229214,0.02213451916695052,0.00553362979173763,-3.7365307589173558,0.01324563874626698,0.0034200092182781134,-1.7511502640022618,0.022560576310942975,-3.7360722316838406,0.014316085881956209,Natan Pereira BTS coral series 14.1.xlsx,2026-03-12 02:53:53.822,739687.0,254.0,738.0,32.0,809.0,7.285180795605246,BTS,,511,OK,16.0,15.0,15.0,0.0,0.0,7.315430123980749,-0.030249328375503204,-0.04438330889367688
26.0,GIRMS\IRMS-operator,2026-03-12 03:30:18.965,2026-03-12 04:42:20.948,Running,False,SHP2L,,26.0,2,14.0,True,QC Standard,SHP2L,"0.002 V, 0.001 V, 0.002 V",25 µbar,72 °C,,21.826 V,9.5193 kV,30 µbar,Carbon Dioxide: 0.0193 kV,377 µbar,13.314 V,25.792 V,293 µbar/min,7.491 V,1.27E-007 mbar,10 %,858 µbar,µ-Volume,19.936 V,Pre,21.301221884043837,23.111733683561575,14.274570235227834,30.323249621606763,19.071740432001047,13.377320802958634,-1.870181987285724,-6.409093465624016,-1.6937591321133094,0.11510398058700047,0.028775995146750118,-6.3316684914979655,0.042917535661303935,0.010729383915325984,-1.6819976084351487,0.10873751809778406,-6.326506826556228,0.03894543308602176,Natan Pereira BTS coral series 14.1.xlsx,2026-03-12 03:30:18.965,739687.0,293.0,377.0,30.0,858.0,20.406824386866713,SHP2L,,,OK,16.0,15.0,15.0,0.0,0.0,12.651723659785414,7.755100727081299,18.429631236950048
27.0,GIRMS\IRMS-operator,2026-03-12 04:12:27.292,2026-03-12 05:15:46.658,Running,False,BTS,512,27.0,1,15.0,True,Unknown,,"0.002 V, 0.002 V, 0.002 V",32 µbar,72 °C,,7.942 V,9.5190 kV,35 µbar,Carbon Dioxide: 0.0190 kV,828 µbar,7.308 V,8.863 V,440 µbar/min,12.914 V,8.98E-008 mbar,27 %,809 µbar,µ-Volume,,Pre,7.1782103269478545,7.79458232787877,7.835508828573422,10.250202423381069,10.46408904425513,7.338367854721207,-1.572273422403181,-3.5098878299530956,-1.63205118616568,0.014857809057699286,0.0038362698027732695,-3.505155645148375,0.018749756066210255,0.004687439016552564,-1.63205118616568,0.014857809057699244,-3.5048401661613933,0.019363835604108957,Natan Pereira BTS coral series 14.1.xlsx,2026-03-12 04:12:27.292,739687.0,440.0,828.0,35.0,809.0,6.9497679489383,BTS,,512,OK,16.0,15.0,15.0,0.0,0.0,6.995209340849552,-0.04544139191125218,-0.06651577972575895
28.0,GIRMS\IRMS-operator,2026-03-12 04:42:21.147,2026-03-12 05:53:14.888,Running,False,BTS,513,28.0,2,15.0,True,Unknown,,"0.002 V, 0.002 V, 0.002 V",25 µbar,72 °C,,13.807 V,9.5191 kV,35 µbar,Carbon Dioxide: 0.0191 kV,411 µbar,12.596 V,15.761 V,317 µbar/min,7.173 V,1.22E-007 mbar,10 %,838 µbar,µ-Volume,,Pre,12.33555998342091,13.385861559315696,13.539522333546653,17.612588925577096,18.088681025720525,12.687182684112134,-1.7311694180489612,-3.486165589635548,-1.817539129867559,0.045751786752424264,0.01181306054342482,-3.5363345949992326,0.03074342984406666,0.007685857461016665,-1.8322279186006634,0.051098559116454126,-3.5396791953568116,0.02865141832215516,Natan Pereira BTS coral series 14.1.xlsx,2026-03-12 04:42:21.147,739687.0,317.0,411.0,35.0,838.0,11.898970861602368,BTS,,513,OK,16.0,15.0,15.0,0.0,0.0,12.004131330959577,-0.1051604693572088,-0.1535799957906148
29.0,GIRMS\IRMS-operator,2026-03-12 05:15:46.880,2026-03-12 06:30:56.218,Running,False,BTS,514,29.0,1,16.0,True,Unknown,,"0.001 V, 0.001 V, 0.001 V",35 µbar,72 °C,,5.941 V,9.5193 kV,35 µbar,Carbon Dioxide: 0.0193 kV,875 µbar,5.813 V,6.549 V,327 µbar/min,3.244 V,8.02E-008 mbar,41 %,770 µbar,µ-Volume,,Pre,5.717923056988526,6.209184060827536,6.265421043173117,8.167442232853535,8.36679641116812,5.867062706090561,-1.6730669524978037,-3.2745345526500325,-1.7004957929226543,0.02013163040652341,0.0050329076016308524,-3.2978336749363706,0.022083812148340914,0.0055209530370852284,-1.7023243822843108,0.019414171498303344,-3.2993869497554598,0.021935591342740764,Natan Pereira BTS coral series 14.1.xlsx,2026-03-12 05:15:46.880,739687.0,327.0,875.0,35.0,770.0,5.541562051393765,BTS,,514,OK,16.0,15.0,15.0,0.0,0.0,5.604346406369019,-0.06278435497525425,-0.09146651639158015
30.0,GIRMS\IRMS-operator,2026-03-12 05:53:15.072,2026-03-12 07:04:36.858,Running,False,BTS,515,30.0,2,16.0,True,Unknown,,"0.001 V, 0.001 V, 0.002 V",27 µbar,72 °C,,7.693 V,9.5192 kV,35 µbar,Carbon Dioxide: 0.0192 kV,665 µbar,7.471 V,8.557 V,156 µbar/min,5.733 V,9.03E-008 mbar,28 %,772 µbar,µ-Volume,,Pre,7.349478609401638,7.974081898447627,7.974245811220759,10.493902477226436,10.649153260709426,7.468039548707958,-2.4182286977225687,-3.605577143254046,-2.4566248672317488,0.009195090298174611,0.002374162106113577,-3.652780255443411,0.02613567278201937,0.006533918195504843,-2.4566248672317497,0.009195090298174554,-3.655927129589368,0.023708685603762266,Natan Pereira BTS coral series 14.1.xlsx,2026-03-12 05:53:15.072,739687.0,156.0,665.0,35.0,772.0,7.120693812534078,BTS,,515,OK,16.0,15.0,15.0,0.0,0.0,7.116469151813442,0.0042246607206362086,0.006228063760208333
31.0,GIRMS\IRMS-operator,2026-03-12 06:30:56.401,2026-03-12 07:37:33.685,Running,False,SHP2L,,31.0,1,17.0,True,QC Standard,SHP2L,"0.002 V, 0.002 V, 0.002 V",35 µbar,72 °C,,6.169 V,9.5190 kV,35 µbar,Carbon Dioxide: 0.0190 kV,811 µbar,5.733 V,6.811 V,283 µbar/min,7.338 V,7.87E-008 mbar,39 %,777 µbar,µ-Volume,,Pre,5.678671009877653,6.1719300577264535,6.164911617497458,8.087600864377821,8.232097424474562,5.7727658591431785,-0.816498063095028,-6.165388592377918,-0.8132382373913228,0.013210842793832321,0.0034110249419917896,-6.164365616966257,0.019507437747058695,0.005036798768102417,-0.8158050811335398,0.017067130619444273,-6.1675729441695335,0.02327821072840318,Natan Pereira BTS coral series 14.1.xlsx,2026-03-12 06:30:56.401,739687.0,283.0,811.0,35.0,777.0,5.504938371518584,SHP2L,,,OK,16.0,15.0,15.0,0.0,0.0,5.5150711611304,-0.010132789611816406,-0.014901632164607711
32.0,GIRMS\IRMS-operator,2026-03-12 07:04:37.025,2026-03-12 08:13:24.578,Running,False,BTS,516,32.0,2,17.0,True,Unknown,,"0.001 V, 0.001 V, 0.002 V",27 µbar,72 °C,,6.262 V,9.5195 kV,32 µbar,Carbon Dioxide: 0.0195 kV,479 µbar,6.230 V,6.906 V,176 µbar/min,5.645 V,8.26E-008 mbar,35 %,760 µbar,µ-Volume,,Pre,6.071926971867467,6.586013725162884,6.717374220160611,8.668302939087035,8.970185563713196,6.290384055483169,-2.7978181732453145,-3.792472732684904,-2.798726764010732,0.022204906411604358,0.005733282182415865,-3.7752003337843565,0.014153572728813202,0.0036544367645352663,-2.795165908482137,0.02627139443256767,-3.776649713609751,0.01689612399206017,Natan Pereira BTS coral series 14.1.xlsx,2026-03-12 07:04:37.025,739687.0,176.0,479.0,32.0,760.0,5.888991859201923,BTS,,516,OK,16.0,15.0,15.0,0.0,0.0,6.005140094782502,-0.11614823558057896,-0.16781620659977106
33.0,GIRMS\IRMS-operator,2026-03-12 07:37:33.862,2026-03-12 08:52:26.835,Running,False,BTS,517,33.0,1,18.0,True,Unknown,,"0.001 V, 0.001 V, 0.001 V",32 µbar,72 °C,,6.181 V,9.5195 kV,37 µbar,Carbon Dioxide: 0.0195 kV,892 µbar,6.017 V,6.817 V,454 µbar/min,3.252 V,8.02E-008 mbar,39 %,775 µbar,µ-Volume,,Pre,5.940398418138203,6.4416017713939775,6.488220839273957,8.478210810021542,8.663566354111813,6.07582631418715,-3.050499566991105,-4.007335546353241,-3.091266366069622,0.02595234034099456,0.00648808508524864,-4.021161387962293,0.013386932694134128,0.0035778082572323244,-3.093984152674856,0.024392815350368146,-4.022458905156141,0.021327151123417352,Natan Pereira BTS coral series 14.1.xlsx,2026-03-12 07:37:33.862,739687.0,454.0,892.0,37.0,775.0,5.75586261390065,BTS,,517,OK,16.0,15.0,15.0,0.0,0.0,5.802026367254005,-0.046163753353354764,-0.06747382117816172
34.0,GIRMS\IRMS-operator,2026-03-12 08:13:24.690,2026-03-12 09:26:31.536,Running,False,BTS,518,34.0,2,18.0,True,Unknown,,"0.001 V, 0.001 V, 0.002 V",27 µbar,72 °C,,4.200 V,9.5194 kV,30 µbar,Carbon Dioxide: 0.0194 kV,533 µbar,3.911 V,4.560 V,347 µbar/min,5.925 V,6.69E-008 mbar,63 %,699 µbar,µ-Volume,,Pre,3.8738854186922076,4.2040530579071875,4.195917047172661,5.529192188891307,5.602049717351241,3.928879048777597,-2.3759829353205975,-3.895048751744512,-2.392945219606979,0.013523937412763852,0.003380984353190963,-3.895026142833917,0.018610948652681293,0.004805326279263734,-2.3940760385594047,0.013192402809425192,-3.891101061067892,0.02402646981463797,Natan Pereira BTS coral series 14.1.xlsx,2026-03-12 08:13:24.690,739687.0,347.0,533.0,30.0,699.0,3.7663033101109673,BTS,,518,OK,16.0,15.0,15.0,0.0,0.0,3.7662504666950674,5.284341589995023e-05,7.785749913753847e-05
35.0,GIRMS\IRMS-operator,2026-03-12 08:52:27.015,2026-03-12 09:58:34.661,Running,False,BTS,519,35.0,1,19.0,True,Unknown,,"0.001 V, 0.001 V, 0.001 V",30 µbar,72 °C,,9.303 V,9.5195 kV,42 µbar,Carbon Dioxide: 0.0195 kV,"1,002 µbar",8.689 V,10.448 V,547 µbar/min,3.875 V,9.82E-008 mbar,23 %,836 µbar,µ-Volume,,Pre,8.586758537197547,9.320204942750339,9.32405880883166,12.25561525158379,12.451803939861989,8.733728549890937,-1.8361135901536763,-3.8325055054101442,-1.8696458257242143,0.022515380208332023,0.005628845052083006,-3.8504112256035965,0.024070081522304995,0.006214868325182807,-1.8718813080955836,0.021388854983441397,-3.85614408267528,0.029195672437072905,Natan Pereira BTS coral series 14.1.xlsx,2026-03-12 08:52:27.015,739687.0,547.0,1002.0,42.0,836.0,8.299911457774673,BTS,,519,OK,16.0,15.0,15.0,0.0,0.0,8.307385333052435,-0.007473875277762332,-0.011001665159240252
36.0,GIRMS\IRMS-operator,2026-03-12 09:26:31.707,2026-03-12 10:34:45.097,Running,False,SHP2L,,36.0,2,19.0,True,QC Standard,SHP2L,"0.002 V, 0.002 V, 0.002 V",27 µbar,72 °C,,22.315 V,9.5196 kV,32 µbar,Carbon Dioxide: 0.0196 kV,469 µbar,12.951 V,26.340 V,156 µbar/min,8.485 V,1.25E-007 mbar,10 %,880 µbar,µ-Volume,20.368 V,Pre,21.77386703347079,23.621410057432314,13.9441798702944,30.993026537173726,18.627983373874162,13.06777419899813,-1.8827888927883674,-6.372194486663818,-1.7214692762207233,0.13118900124465696,0.03279725031116424,-6.312262535146689,0.04959594824404373,0.012398987061010933,-1.7107146351162137,0.12828521723229647,-6.308267071712215,0.04859826312291266,Natan Pereira BTS coral series 14.1.xlsx,2026-03-12 09:26:31.707,739687.0,156.0,469.0,32.0,880.0,20.857475422371543,SHP2L,,,OK,16.0,15.0,15.0,0.0,0.0,12.365586780060447,8.491888642311096,21.103513865162302
37.0,GIRMS\IRMS-operator,2026-03-12 09:58:34.847,2026-03-12 11:13:56.847,Running,False,BTS,520,37.0,1,20.0,True,Unknown,,"0.001 V, 0.001 V, 0.001 V",32 µbar,72 °C,,6.048 V,9.5197 kV,35 µbar,Carbon Dioxide: 0.0197 kV,858 µbar,5.899 V,6.666 V,430 µbar/min,3.238 V,7.90E-008 mbar,40 %,777 µbar,µ-Volume,,Pre,5.812801140376425,6.311647507266972,6.362139138616729,8.298624619540002,8.494493874541028,5.957625526019429,-1.726873459755418,-3.642145993315249,-1.7370127928584485,0.016624618896083163,0.004156154724020791,-3.6510085949167976,0.016992936592874302,0.004387557361824052,-1.7376887483986503,0.016978998555864915,-3.6550743751591517,0.021436044890529103,Natan Pereira BTS coral series 14.1.xlsx,2026-03-12 09:58:34.847,739687.0,430.0,858.0,35.0,777.0,5.633444913757654,BTS,,520,OK,16.0,15.0,15.0,0.0,0.0,5.690859033083179,-0.05741411932552509,-0.08373719410180325
38.0,GIRMS\IRMS-operator,2026-03-12 10:34:45.310,2026-03-12 11:48:09.365,Running,False,BTS,521,38.0,2,20.0,True,Unknown,,"0.001 V, 0.001 V, 0.002 V",27 µbar,72 °C,,4.545 V,9.5198 kV,32 µbar,Carbon Dioxide: 0.0198 kV,675 µbar,4.235 V,4.939 V,166 µbar/min,5.813 V,6.89E-008 mbar,58 %,711 µbar,µ-Volume,,Pre,4.195971969337881,4.556848122287979,4.5408490991068735,5.9918866497875705,6.062547956168796,4.251800678841047,-1.6410792052626855,-3.4193908797891526,-1.6298124578148165,0.01815769262394075,0.004688296075871718,-3.3815489535827115,0.029121707720318545,0.007280426930079636,-1.6182726992398868,0.04526132433591639,-3.3790261585022816,0.02827622563206156,Natan Pereira BTS coral series 14.1.xlsx,2026-03-12 10:34:45.310,739687.0,166.0,675.0,32.0,711.0,4.075932809074016,BTS,,521,OK,16.0,15.0,15.0,0.0,0.0,4.073146294588193,0.0027865144858223445,0.004108296552395393
39.0,GIRMS\IRMS-operator,2026-03-12 11:13:57.027,2026-03-12 12:20:14.047,Running,False,BTS,522,39.0,1,21.0,True,Unknown,,"0.001 V, 0.001 V, 0.001 V",35 µbar,72 °C,,8.925 V,9.5198 kV,45 µbar,Carbon Dioxide: 0.0198 kV,"1,031 µbar",8.369 V,10.013 V,498 µbar/min,4.194 V,9.48E-008 mbar,24 %,831 µbar,µ-Volume,,Pre,8.270229807635051,8.976486834886696,8.973959502312104,11.808281437014282,11.984431057170978,8.405570518851857,-1.8958632373112794,-3.4867488096174126,-1.9302304830819474,0.02193096488916324,0.00548274122229081,-3.5041496602208344,0.017145949805265858,0.004582447838723444,-1.9325216327999921,0.0206235999130447,-3.5051347593287585,0.026423813452957867,Natan Pereira BTS coral series 14.1.xlsx,2026-03-12 11:13:57.027,739687.0,498.0,1031.0,45.0,831.0,7.997621428847891,BTS,,522,OK,16.0,15.0,15.0,0.0,0.0,7.999535571541756,-0.0019141426938649175,-0.00281951137856162
40.0,GIRMS\IRMS-operator,2026-03-12 11:48:09.585,2026-03-12 12:58:03.699,Running,False,BTS,523,40.0,2,21.0,True,Unknown,,"0.002 V, 0.002 V, 0.002 V",27 µbar,72 °C,,4.071 V,9.5198 kV,32 µbar,Carbon Dioxide: 0.0198 kV,687 µbar,3.766 V,4.416 V,166 µbar/min,8.183 V,6.62E-008 mbar,63 %,694 µbar,µ-Volume,,Pre,3.74048591567429,4.059439631392607,4.092211634526353,5.340994052843188,5.463129542058782,3.8314979891265066,-2.3780139588218674,-3.484307188554303,-2.3625140282487482,0.01342490014820382,0.0034662943132327253,-3.516160315769142,0.02920446932039297,0.0075405615541804935,-2.356817478627578,0.02185822793753779,-3.513398198712784,0.03399813798292993,Natan Pereira BTS coral series 14.1.xlsx,2026-03-12 11:48:09.585,739687.0,166.0,687.0,32.0,694.0,3.635719896848399,BTS,,523,OK,16.0,15.0,15.0,0.0,0.0,3.6736463078934327,-0.03792641104503369,-0.0553016763680058
41.0,GIRMS\IRMS-operator,2026-03-12 12:20:14.254,2026-03-12 13:39:51.032,Running,False,SHP2L,,41.0,1,22.0,True,QC Standard,SHP2L,"0.001 V, 0.001 V, 0.001 V",35 µbar,72 °C,,10.805 V,9.5197 kV,35 µbar,Carbon Dioxide: 0.0197 kV,770 µbar,9.792 V,12.245 V,269 µbar/min,3.258 V,1.04E-007 mbar,19 %,848 µbar,µ-Volume,,Pre,9.726377252938603,10.567287226239925,10.473722835103754,13.849847213916041,13.987414734057642,9.81087190381156,-0.8653490309327161,-6.1439318617572125,-0.9041983535092724,0.019692723602143757,0.004923180900535939,-6.156723120939904,0.009335863680923012,0.0024105096372451667,-0.9067883083477094,0.01733527079071114,-6.1596257879182135,0.011574923058705198,Natan Pereira BTS coral series 14.1.xlsx,2026-03-12 12:20:14.254,739687.0,269.0,770.0,35.0,848.0,9.390534881951663,SHP2L,,,OK,16.0,15.0,15.0,0.0,0.0,9.316958485912824,0.07357639603883825,0.10925923457940709
42.0,GIRMS\IRMS-operator,2026-03-12 12:58:03.906,2026-03-12 14:10:01.892,Running,False,BTS,524,42.0,2,22.0,True,Unknown,,"0.002 V, 0.002 V, 0.002 V",27 µbar,72 °C,,11.608 V,9.5197 kV,32 µbar,Carbon Dioxide: 0.0197 kV,457 µbar,11.134 V,13.140 V,103 µbar/min,9.550 V,1.12E-007 mbar,15 %,824 µbar,µ-Volume,,Pre,10.976235662787715,11.909807833743603,11.931998706297096,15.669387624000201,15.937355205749164,11.17901066431359,-1.9775066225009574,-3.5803301834070878,-2.0712844857939454,0.031328655924243005,0.008089024176910365,-3.606261314853872,0.01619756218002432,0.00404939054500608,-2.071284485793945,0.0313286559242431,-3.607990056950323,0.015161425422963667,Natan Pereira BTS coral series 14.1.xlsx,2026-03-12 12:58:03.906,739687.0,103.0,457.0,32.0,824.0,10.599891935675899,BTS,,524,OK,16.0,15.0,15.0,0.0,0.0,10.599817429869928,7.450580597101464e-05,0.00010977328035268006
43.0,GIRMS\IRMS-operator,2026-03-12 13:39:51.258,2026-03-12 14:42:09.714,Running,False,BTS,525,43.0,1,23.0,True,Unknown,,"0.002 V, 0.002 V, 0.002 V",35 µbar,72 °C,,12.212 V,9.5196 kV,37 µbar,Carbon Dioxide: 0.0196 kV,819 µbar,11.812 V,13.905 V,435 µbar/min,10.834 V,1.18E-007 mbar,12 %,863 µbar,µ-Volume,,Pre,11.622077954601234,12.616856382618742,12.661276744137602,16.59411622836725,16.913924949909607,11.863863965547495,-1.3508048097127245,-3.4121866801405387,-1.4412135333234415,0.024100215186753086,0.006222648803887318,-3.4195087069947148,0.02018666799451965,0.005046666998629912,-1.4412135333234417,0.02410021518675311,-3.419996842118327,0.02079721350682348,Natan Pereira BTS coral series 14.1.xlsx,2026-03-12 13:39:51.258,739687.0,435.0,819.0,37.0,863.0,11.20923794473223,BTS,,525,OK,16.0,15.0,15.0,0.0,0.0,11.237434647528884,-0.028196702796654094,-0.04143913760097354
44.0,GIRMS\IRMS-operator,2026-03-12 14:10:02.144,2026-03-12 15:19:19.536,Running,False,BTS,526,44.0,2,23.0,True,Unknown,,"0.002 V, 0.002 V, 0.002 V",30 µbar,72 °C,,11.713 V,9.5197 kV,35 µbar,Carbon Dioxide: 0.0197 kV,765 µbar,11.602 V,13.289 V,220 µbar/min,11.453 V,1.17E-007 mbar,12 %,836 µbar,µ-Volume,,Pre,11.422632142591617,12.402104743574643,12.464975277808708,16.310616310292122,16.652210529499882,11.679811283636234,-1.2314398598239906,-3.3697304940476513,-1.3166991652922426,0.05163225497036623,0.012908063742591557,-3.383497406667739,0.01632139601540634,0.004214166330301657,-1.3223831189901263,0.04798406520200941,-3.3882876869116623,0.021662731781609056,Natan Pereira BTS coral series 14.1.xlsx,2026-03-12 14:10:02.144,739687.0,220.0,765.0,35.0,836.0,11.030031248617313,BTS,,526,OK,16.0,15.0,15.0,0.0,0.0,11.06505284764597,-0.0350215990286582,-0.051435467840733114
45.0,GIRMS\IRMS-operator,2026-03-12 14:42:09.889,2026-03-12 16:01:24.106,Running,False,BTS,527,45.0,1,24.0,True,Unknown,,"0.001 V, 0.001 V, 0.001 V",35 µbar,72 °C,,7.247 V,9.5199 kV,35 µbar,Carbon Dioxide: 0.0199 kV,858 µbar,6.947 V,8.053 V,488 µbar/min,3.247 V,8.59E-008 mbar,32 %,802 µbar,µ-Volume,,Pre,6.8431178648696465,7.4346853596040585,7.4315561157533505,9.771888746074612,9.923448456577239,6.959421427987629,-1.137545932847539,-3.4574086575123175,-1.1730734937393725,0.02185977506026953,0.005464943765067383,-3.457726556846774,0.018234438717170853,0.004708111831936163,-1.1754419977988282,0.02039151036612674,-3.461545724261295,0.023423998067724043,Natan Pereira BTS coral series 14.1.xlsx,2026-03-12 14:42:09.889,739687.0,488.0,858.0,35.0,802.0,6.624815853379779,BTS,,527,OK,16.0,15.0,15.0,0.0,0.0,6.6368112881408265,-0.011995434761047363,-0.017641430889521515
46.0,GIRMS\IRMS-operator,2026-03-12 15:19:19.779,2026-03-12 16:31:47.604,Running,False,SHP2L,,46.0,2,24.0,True,QC Standard,SHP2L,"0.002 V, 0.002 V, 0.002 V",25 µbar,72 °C,,9.299 V,9.5198 kV,35 µbar,Carbon Dioxide: 0.0198 kV,753 µbar,8.909 V,10.417 V,244 µbar/min,6.829 V,9.96E-008 mbar,22 %,804 µbar,µ-Volume,,Pre,8.777053120693829,9.536468239865128,9.566628161358738,12.500035284259528,12.776404619216919,8.96081424053636,-0.8295385911617492,-6.0654283594022695,-0.9079514234676159,0.02641917058719452,0.00682140051365448,-6.064217014328967,0.02166879695584444,0.00541719923896111,-0.9079514234676158,0.026419170587194507,-6.064136257990745,0.02242684335794464,Natan Pereira BTS coral series 14.1.xlsx,2026-03-12 15:19:19.779,739687.0,244.0,753.0,35.0,804.0,8.495412593965275,SHP2L,,,OK,16.0,15.0,15.0,0.0,0.0,8.521087270216997,-0.025674676251721706,-0.03771359313205955
1.0,GIRMS\IRMS-operator,2026-03-12 16:43:02.827,2026-03-12 17:41:04.183,Success,False,SHP2L,,1.0,1,2.0,True,QC Standard,SHP2L,"0.001 V, 0.001 V, 0.001 V",18 µbar,73 °C,,6.568 V,9.5200 kV,23 µbar,Carbon Dioxide: 0.0200 kV,692 µbar,6.334 V,7.266 V,176 µbar/min,3.234 V,8.26E-008 mbar,36 %,743 µbar,µ-Volume,,Pre,6.311696119344119,6.859458703484923,6.771892544055148,8.989609611764404,9.043060025992446,6.341624148445318,-0.819939560512184,-6.097853977754641,-0.8553980025319078,0.014177852040859135,0.003660705655949351,-6.12052532729479,0.0229666716676505,0.005741667916912625,-0.8553980025319078,0.01417785204085914,-6.1220367505974655,0.022934322401736675,Natan Pereira BTS coral series 15.xlsx,2026-03-12 16:43:02.827,739687.0,176.0,692.0,23.0,743.0,6.1130552368928885,SHP2L,,,OK,16.0,15.0,15.0,0.0,0.0,6.054398014388545,0.05865722250434313,0.09674937273895606
2.0,GIRMS\IRMS-operator,2026-03-12 17:14:43.249,2026-03-12 18:15:51.429,Success,False,BTS,528,2.0,2,2.0,True,Unknown,,"0.002 V, 0.001 V, 0.002 V",15 µbar,72 °C,,4.635 V,9.5197 kV,27 µbar,Carbon Dioxide: 0.0197 kV,672 µbar,4.313 V,5.039 V,127 µbar/min,6.236 V,7.06E-008 mbar,56 %,687 µbar,µ-Volume,,Pre,4.286833309489894,4.662621037124654,4.662998490320073,6.139569075833451,6.225748824633059,4.365949191467125,-0.24981716007377308,-0.5741212446120914,-0.20030203253924572,0.022391272606788266,0.005781401727098752,-0.5528741313479204,0.02267376017196822,0.005668440042992055,-0.1914581056621678,0.02713337583135246,-0.551457657130309,0.02272499441276234,Natan Pereira BTS coral series 15.xlsx,2026-03-12 17:14:43.249,739687.0,127.0,672.0,27.0,687.0,4.167802833873439,BTS,,528,OK,16.0,15.0,15.0,0.0,0.0,4.181760755586805,-0.013957921713366517,-0.02272521770301947
3.0,GIRMS\IRMS-operator,2026-03-12 17:41:04.304,2026-03-12 18:46:34.917,Success,False,BTS,529,3.0,1,3.0,True,Unknown,,"0.001 V, 0.001 V, 0.002 V",32 µbar,72 °C,,6.542 V,9.5197 kV,37 µbar,Carbon Dioxide: 0.0197 kV,894 µbar,6.382 V,7.244 V,337 µbar/min,4.270 V,8.26E-008 mbar,34 %,784 µbar,µ-Volume,,Pre,6.326362195466314,6.871375330133061,6.841543205422978,9.032530655082208,9.135670684113645,6.406753883439633,-1.4232533087452648,-3.6571732218912967,-1.4236843300053703,0.01277667916444317,0.003298924374914913,-3.655767847988282,0.01278664614355733,0.0033014978378563217,-1.412560600285858,0.04505083838596743,-3.6532213220886876,0.015909158674356435,Natan Pereira BTS coral series 15.xlsx,2026-03-12 17:41:04.304,739687.0,337.0,894.0,37.0,784.0,6.13002468281822,BTS,,529,OK,16.0,15.0,15.0,0.0,0.0,6.115296039429136,0.014728643389084084,0.024118305704145696
4.0,GIRMS\IRMS-operator,2026-03-12 18:15:51.522,2026-03-12 19:21:17.332,Success,False,BTS,530,4.0,2,3.0,True,Unknown,,"0.001 V, 0.001 V, 0.002 V",27 µbar,72 °C,,1.710 V,9.5196 kV,804 µbar,Carbon Dioxide: 0.0196 kV,528 µbar,3.096 V,1.809 V,225 µbar/min,6.277 V,6.15E-008 mbar,100 %,821 µbar,µ-Volume,1.603 V,Pre,1.6372391098392702,1.7777574844394761,3.3495488922656014,2.339230584177887,4.472260012553866,3.1360734335190554,-1.8878046518311375,-2.9964044796260136,-1.930103897749569,0.02401363910930238,0.006200294956810882,-2.968625283520688,0.04703908959261383,0.011759772398153458,-1.9286367314674961,0.027238378984318294,-2.966773337113667,0.048082525729099934,Natan Pereira BTS coral series 15.xlsx,2026-03-12 18:15:51.522,739687.0,225.0,528.0,804.0,821.0,1.5962549148888776,BTS,,530,OK,16.0,15.0,15.0,0.0,0.0,3.0057401632297425,-1.4094852483408649,-1.2227865669582971
5.0,GIRMS\IRMS-operator,2026-03-12 18:46:35.059,2026-03-12 20:05:49.511,Success,False,BTS,531,5.0,1,4.0,True,Unknown,,"0.001 V, 0.001 V, 0.001 V",30 µbar,72 °C,,14.165 V,9.5196 kV,42 µbar,Carbon Dioxide: 0.0196 kV,924 µbar,12.739 V,16.215 V,464 µbar/min,3.246 V,1.24E-007 mbar,11 %,850 µbar,µ-Volume,,Pre,12.446954758263237,13.501982471389072,13.669546029013889,17.76464809069182,18.262048851342456,12.809291393852837,-2.055597924628172,-3.833406905049186,-2.152966167171512,0.05123675993631104,0.01280918998407776,-3.8569864662460964,0.01891113525581583,0.004727783813953957,-2.1594573833410684,0.04572079127329762,-3.8585584369925576,0.018461162831549274,Natan Pereira BTS coral series 15.xlsx,2026-03-12 18:46:35.059,739687.0,464.0,924.0,42.0,850.0,12.004852206802969,BTS,,531,OK,16.0,15.0,15.0,0.0,0.0,12.117907316780693,-0.11305510997772394,-0.182961073292374
6.0,GIRMS\IRMS-operator,2026-03-12 19:21:17.441,2026-03-12 20:31:55.919,Success,False,SHP2L,,6.0,2,4.0,True,QC Standard,SHP2L,"0.002 V, 0.002 V, 0.002 V",37 µbar,72 °C,,24.675 V,9.5193 kV,32 µbar,Carbon Dioxide: 0.0193 kV,650 µbar,13.059 V,29.485 V,215 µbar/min,12.372 V,1.26E-007 mbar,10 %,909 µbar,µ-Volume,22.422 V,Pre,24.09388268520318,26.134604368300604,14.031002078147104,34.293800058877004,18.746032777344713,13.149248009223568,-2.0716888723090188,-6.520202351982807,-1.862528381123406,0.15770669105501675,0.03942667276375419,-6.417113901685963,0.06996623043113888,0.01749155760778472,-1.848584348377698,0.15269164871952842,-6.410241338332841,0.06659761392170575,Natan Pereira BTS coral series 15.xlsx,2026-03-12 19:21:17.441,739687.0,215.0,650.0,32.0,909.0,23.027048950690855,SHP2L,,,OK,16.0,15.0,15.0,0.0,0.0,12.442858462829218,10.584190487861637,31.99742882805021
7.0,GIRMS\IRMS-operator,2026-03-12 20:05:49.623,2026-03-12 21:09:58.194,Success,False,BTS,532,7.0,1,5.0,True,Unknown,,"0.002 V, 0.002 V, 0.002 V",25 µbar,72 °C,,7.306 V,9.5194 kV,35 µbar,Carbon Dioxide: 0.0194 kV,750 µbar,6.778 V,8.086 V,337 µbar/min,12.633 V,8.43E-008 mbar,30 %,770 µbar,µ-Volume,,Pre,6.753505233374875,7.3314897458829895,7.281503820475245,9.641257417846122,9.723044663939643,6.819122965500528,-1.887235691009459,-3.6905371576135826,-1.9342928000807353,0.01522334293235137,0.003930650243373416,-3.701845528958469,0.019145558039714936,0.004943361829444231,-1.9342928000807356,0.015223342932351365,-3.699419575535072,0.022663128432810663,Natan Pereira BTS coral series 15.xlsx,2026-03-12 20:05:49.623,739687.0,337.0,750.0,35.0,770.0,6.551826190919357,BTS,,532,OK,16.0,15.0,15.0,0.0,0.0,6.505520108786862,0.046306082132494986,0.07618293376529411
8.0,GIRMS\IRMS-operator,2026-03-12 20:31:56.023,2026-03-12 21:42:20.008,Success,False,BTS,533,8.0,2,5.0,True,Unknown,,"0.002 V, 0.002 V, 0.002 V",35 µbar,72 °C,,10.761 V,9.5195 kV,35 µbar,Carbon Dioxide: 0.0195 kV,760 µbar,9.994 V,12.171 V,366 µbar/min,6.670 V,1.05E-007 mbar,16 %,850 µbar,µ-Volume,,Pre,9.884681591319685,10.723353867216348,10.739268307371377,14.109370154968255,14.342439217201228,10.059844574104927,-2.3253274728005646,-3.7303794958168934,-2.3663031258603087,0.024137755621201684,0.006034438905300421,-3.762410733955631,0.020540308148928443,0.00530348475911789,-2.3690348360642917,0.022278322171984333,-3.7608752175980027,0.023720597633413113,Natan Pereira BTS coral series 15.xlsx,2026-03-12 20:31:56.023,739687.0,366.0,760.0,35.0,850.0,9.546062608302105,BTS,,533,OK,16.0,15.0,15.0,0.0,0.0,9.551784654200544,-0.005722045898439276,-0.009341796532917727
9.0,GIRMS\IRMS-operator,2026-03-12 21:09:58.300,2026-03-12 22:26:08.912,Success,False,BTS,534,9.0,1,6.0,True,Unknown,,"0.001 V, 0.001 V, 0.001 V",27 µbar,72 °C,,5.259 V,9.5197 kV,45 µbar,Carbon Dioxide: 0.0197 kV,970 µbar,5.160 V,5.745 V,440 µbar/min,3.253 V,7.42E-008 mbar,47 %,743 µbar,µ-Volume,,Pre,5.061364416759926,5.494231706398291,5.564609823599031,7.226945881875035,7.429571871788976,5.210505847735004,-2.082922189899028,-3.5271941832566434,-2.1108463402892483,0.019265895154275032,0.004974432738819024,-3.5358813203140924,0.022167307968598806,0.0055418269921497015,-2.117865841389325,0.026272542687304588,-3.536460462784589,0.022819705923904362,Natan Pereira BTS coral series 15.xlsx,2026-03-12 21:09:58.300,739687.0,440.0,970.0,45.0,743.0,4.9140472457834035,BTS,,534,OK,16.0,15.0,15.0,0.0,0.0,4.983009819788531,-0.06896257400512784,-0.1110964953383445
10.0,GIRMS\IRMS-operator,2026-03-12 21:42:20.155,2026-03-12 22:52:47.545,Success,False,BTS,535,10.0,2,6.0,True,Unknown,,"0.001 V, 0.001 V, 0.002 V",35 µbar,72 °C,,8.038 V,9.5196 kV,32 µbar,Carbon Dioxide: 0.0196 kV,645 µbar,7.731 V,8.989 V,200 µbar/min,5.102 V,9.03E-008 mbar,27 %,816 µbar,µ-Volume,,Pre,7.615795988095559,8.262956287544156,8.254349967372937,10.874657316134511,11.022342724726734,7.730661188973942,-2.3805577942490608,-3.443370681135427,-2.4506654003191968,0.022481779649722162,0.005804770545098583,-3.471383483379449,0.023403622273750518,0.005850905568437629,-2.4506654003191963,0.022481779649722252,-3.4732510035290503,0.022957898533100072,Natan Pereira BTS coral series 15.xlsx,2026-03-12 21:42:20.155,739687.0,200.0,645.0,32.0,816.0,7.371513744389519,BTS,,535,OK,16.0,15.0,15.0,0.0,0.0,7.364614513336386,0.006899231053132837,0.011280975627774392
11.0,GIRMS\IRMS-operator,2026-03-12 22:26:09.076,2026-03-12 23:29:44.974,Success,False,SHP2L,,11.0,1,7.0,True,QC Standard,SHP2L,"0.002 V, 0.002 V, 0.002 V",27 µbar,72 °C,,29.861 V,9.5195 kV,37 µbar,Carbon Dioxide: 0.0195 kV,870 µbar,13.070 V,36.234 V,332 µbar/min,7.570 V,1.25E-007 mbar,10 %,887 µbar,µ-Volume,27.105 V,Pre,29.2801429092078,31.745315554642723,14.014230134987878,41.66439462691818,18.7214343646196,13.132514482655981,-2.5835968070925253,-6.76100457879647,-2.2719834794003857,0.22689664831301276,0.05672416207825319,-6.564946072759759,0.11228752957392796,0.02807188239348199,-2.251209257554243,0.21854305637237795,-6.551875505690644,0.10286114281790118,Natan Pereira BTS coral series 15.xlsx,2026-03-12 22:26:09.076,739687.0,332.0,870.0,37.0,887.0,27.945326691785322,SHP2L,,,OK,16.0,15.0,15.0,0.0,0.0,12.428151494183998,15.517175197601324,56.9973451478929
12.0,GIRMS\IRMS-operator,2026-03-12 22:52:47.743,2026-03-13 00:02:36.837,Success,False,BTS,536,12.0,2,7.0,True,Unknown,,"0.002 V, 0.002 V, 0.002 V",35 µbar,72 °C,,12.539 V,9.5195 kV,35 µbar,Carbon Dioxide: 0.0195 kV,523 µbar,12.368 V,14.288 V,142 µbar/min,12.673 V,1.21E-007 mbar,10 %,872 µbar,µ-Volume,,Pre,12.14338111726359,13.162846004706132,13.273829853277908,17.33372621181425,17.73093156459745,12.43673999791804,-2.9310487052353063,-3.6971062795128073,-3.018313541227454,0.021863350559450226,0.0058432262228853655,-3.690516531385353,0.017981449442509276,0.004642790282100604,-3.012801976821522,0.029992047912817017,-3.694329545647524,0.024397988463497156,Natan Pereira BTS coral series 15.xlsx,2026-03-12 22:52:47.743,739687.0,142.0,523.0,35.0,872.0,11.710708159125545,BTS,,536,OK,16.0,15.0,15.0,0.0,0.0,11.771355885184503,-0.060647726058958185,-0.09856222553239065
13.0,GIRMS\IRMS-operator,2026-03-12 23:29:45.084,2026-03-13 00:48:05.580,Success,False,BTS,537,13.0,1,8.0,True,Unknown,,"0.001 V, 0.001 V, 0.001 V",30 µbar,72 °C,,13.481 V,9.5196 kV,42 µbar,Carbon Dioxide: 0.0196 kV,897 µbar,12.251 V,15.419 V,454 µbar/min,3.254 V,1.18E-007 mbar,13 %,853 µbar,µ-Volume,,Pre,11.966254381249957,12.972950374534223,13.13087288086662,17.078283317557137,17.540711052885815,12.303393153260759,-2.73920950229678,-3.842905374054295,-2.795994231728001,0.03519651272560541,0.008799128181401352,-3.8689515966521886,0.017667026873610582,0.0044167567184026455,-2.799779880356749,0.03288773663212217,-3.870688011492048,0.016814587245333412,Natan Pereira BTS coral series 15.xlsx,2026-03-12 23:29:45.084,739687.0,454.0,897.0,42.0,853.0,11.545490292619279,BTS,,537,OK,16.0,15.0,15.0,0.0,0.0,11.647101310800128,-0.10161101818084894,-0.16454119295532368
14.0,GIRMS\IRMS-operator,2026-03-13 00:02:36.968,2026-03-13 01:15:36.364,Success,False,BTS,538,14.0,2,8.0,True,Unknown,,"0.002 V, 0.002 V, 0.002 V",37 µbar,72 °C,,9.219 V,9.5192 kV,35 µbar,Carbon Dioxide: 0.0192 kV,584 µbar,8.510 V,10.354 V,181 µbar/min,11.913 V,9.53E-008 mbar,22 %,836 µbar,µ-Volume,,Pre,8.342498694366956,9.047357779541986,9.104667590838627,11.906834851674779,12.15903700488065,8.527726417852678,-2.756503922565323,-3.897533012593213,-2.8043338826692077,0.016185614606037367,0.004325787460725422,-3.901246086484754,0.017477065490844206,0.004369266372711051,-2.8075858604724724,0.020047246132915492,-3.90149362474419,0.018061425404508117,Natan Pereira BTS coral series 15.xlsx,2026-03-13 00:02:36.968,739688.0,181.0,584.0,35.0,836.0,8.067497764534497,BTS,,538,OK,16.0,15.0,15.0,0.0,0.0,8.112886701530957,-0.04538893699645996,-0.07373144845041026
15.0,GIRMS\IRMS-operator,2026-03-13 00:48:05.742,2026-03-13 01:51:36.675,Success,False,BTS,539,15.0,1,9.0,True,Unknown,,"0.002 V, 0.002 V, 0.002 V",27 µbar,72 °C,,0.008 V,9.5192 kV,42 µbar,Carbon Dioxide: 0.0192 kV,963 µbar,3.084 V,0.008 V,425 µbar/min,8.325 V,5.94E-008 mbar,100 %,35 µbar,µ-Volume,0.012 V,Pre,0.008612162804381,0.009230384269990679,3.344415590646577,0.012163423394123811,4.465102129131333,3.1312912972300317,-14.763215647167428,-14.358776097638692,-14.522710165630393,1.0623873089405385,0.2655968272351346,-15.344281876636737,1.4086826804695367,0.3521706701173842,,,,,Natan Pereira BTS coral series 15.xlsx,2026-03-13 00:48:05.742,739688.0,425.0,963.0,42.0,35.0,0.008205638021797825,BTS,,539,Failed Sample,16.0,15.0,15.0,0.0,0.0,2.9924690120936983,-2.9842633740719005,-0.013367775798750328
16.0,GIRMS\IRMS-operator,2026-03-13 01:15:36.473,2026-03-13 02:25:21.624,Success,False,SHP2L,,16.0,2,9.0,True,QC Standard,SHP2L,"0.001 V, 0.001 V, 0.001 V",40 µbar,72 °C,,9.633 V,9.5192 kV,35 µbar,Carbon Dioxide: 0.0192 kV,611 µbar,8.710 V,10.854 V,190 µbar/min,3.068 V,9.58E-008 mbar,21 %,848 µbar,µ-Volume,,Pre,8.6576130610127,9.40665403163074,9.3319098070824,12.329467318348396,12.46225156574677,8.740424901350208,-0.8801484102055612,-6.091767529110781,-0.8818596511252533,0.030909239457690422,0.007980731310904812,-6.1003405006147435,0.01286249214947157,0.0033210811923751354,-0.8733440486318781,0.0455449186600455,-6.103948581044417,0.017159096005521096,Natan Pereira BTS coral series 15.xlsx,2026-03-13 01:15:36.473,739688.0,190.0,611.0,35.0,848.0,8.37109997337639,SHP2L,,,OK,16.0,15.0,15.0,0.0,0.0,8.31393917354958,0.05716079982681066,0.09401849480905813
17.0,GIRMS\IRMS-operator,2026-03-13 01:51:36.812,2026-03-13 03:08:58.621,Success,False,BTS,540,17.0,1,10.0,True,Unknown,,"0.001 V, 0.001 V, 0.001 V",27 µbar,72 °C,,8.359 V,9.5191 kV,47 µbar,Carbon Dioxide: 0.0191 kV,963 µbar,7.847 V,9.329 V,415 µbar/min,3.249 V,8.98E-008 mbar,27 %,809 µbar,µ-Volume,,Pre,7.749383239696006,8.40994726090371,8.393257976282746,11.061462613835207,11.207806778355316,7.860530895042252,-2.164320324581359,-3.816407042302572,-2.18136413681067,0.014532424214184651,0.0037522557974372373,-3.8377823816838976,0.01571278021430222,0.003928195053575555,-2.179992398639374,0.017015157449376584,-3.83920740430932,0.015156343450452924,Natan Pereira BTS coral series 15.xlsx,2026-03-13 01:51:36.812,739688.0,415.0,963.0,47.0,809.0,7.503581552986094,BTS,,540,OK,16.0,15.0,15.0,0.0,0.0,7.4858044676818345,0.017777085304259366,0.02910918161258847
18.0,GIRMS\IRMS-operator,2026-03-13 02:25:21.747,2026-03-13 03:36:18.260,Success,False,BTS,541,18.0,2,10.0,True,Unknown,,"0.002 V, 0.002 V, 0.002 V",40 µbar,72 °C,,6.528 V,9.5192 kV,37 µbar,Carbon Dioxide: 0.0192 kV,821 µbar,6.086 V,7.225 V,337 µbar/min,7.703 V,7.98E-008 mbar,36 %,802 µbar,µ-Volume,,Pre,6.028575276069346,6.544834155240796,6.555145758786939,8.605438362150776,8.752012259654919,6.138090032923559,-1.9561203227947965,-3.8035767932736997,-1.9614144664822224,0.021481258242519435,0.005370314560629859,-3.805469816590327,0.02115786707633464,0.0054629377885276175,-1.9617674093947175,0.022187142910368846,-3.8097074759703955,0.02645433273068017,Natan Pereira BTS coral series 15.xlsx,2026-03-13 02:25:21.747,739688.0,337.0,821.0,37.0,802.0,5.841250332904369,BTS,,541,OK,16.0,15.0,15.0,0.0,0.0,5.860720082981877,-0.019469750077508508,-0.03169965440079712
19.0,GIRMS\IRMS-operator,2026-03-13 03:08:58.791,2026-03-13 04:13:53.158,Success,False,BTS,542,19.0,1,11.0,True,Unknown,,"0.001 V, 0.001 V, 0.002 V",32 µbar,72 °C,,4.957 V,9.5193 kV,47 µbar,Carbon Dioxide: 0.0193 kV,970 µbar,4.619 V,5.428 V,435 µbar/min,5.991 V,7.16E-008 mbar,50 %,731 µbar,µ-Volume,,Pre,4.589516697463512,4.982764289259774,5.006035462160936,6.552009746499734,6.683729158971527,4.68708940790824,-1.9938031073594153,-3.7482205350855002,-2.026773835098077,0.018944920759146753,0.004736230189786688,-3.756314908121258,0.018575050816021257,0.0047960574976937875,-2.028971883613987,0.017370151310640958,-3.7600062149476825,0.022031628926879914,Natan Pereira BTS coral series 15.xlsx,2026-03-13 03:08:58.791,739688.0,435.0,970.0,47.0,731.0,4.457676791282352,BTS,,542,OK,16.0,15.0,15.0,0.0,0.0,4.485934068425169,-0.028257277142817117,-0.04586963795772561
20.0,GIRMS\IRMS-operator,2026-03-13 03:36:18.394,2026-03-13 04:46:26.209,Success,False,BTS,543,20.0,2,11.0,True,Unknown,,"0.001 V, 0.001 V, 0.002 V",40 µbar,72 °C,,7.987 V,9.5193 kV,37 µbar,Carbon Dioxide: 0.0193 kV,748 µbar,7.584 V,8.917 V,220 µbar/min,4.570 V,9.03E-008 mbar,26 %,831 µbar,µ-Volume,,Pre,7.475770253786754,8.113804260539967,8.15747287890681,10.673427250503666,10.8932640815965,7.63965322459669,-2.0989809002219806,-3.6163999966811744,-2.123668486816421,0.015630319967727103,0.004035731262060021,-3.6520357367655634,0.020132335010640927,0.005033083752660232,-2.1283061774112135,0.017932834089078847,-3.6544114527711886,0.018371362274041927,Natan Pereira BTS coral series 15.xlsx,2026-03-13 03:36:18.394,739688.0,220.0,748.0,37.0,831.0,7.23420752967329,BTS,,543,OK,16.0,15.0,15.0,0.0,0.0,7.275655143334465,-0.041447613661175,-0.06732210701003369
21.0,GIRMS\IRMS-operator,2026-03-13 04:13:53.330,2026-03-13 05:30:49.824,Success,False,SHP2L,,21.0,1,12.0,True,QC Standard,SHP2L,"0.001 V, 0.001 V, 0.001 V",32 µbar,72 °C,,16.008 V,9.5193 kV,47 µbar,Carbon Dioxide: 0.0193 kV,865 µbar,13.245 V,18.448 V,313 µbar/min,3.252 V,1.26E-007 mbar,10 %,872 µbar,µ-Volume,13.924 V,Pre,14.522559659436967,15.76955177709007,14.20405068322563,20.67766884008815,18.976209551491046,13.310827033475663,-1.018465173175942,-6.162729545844292,-1.0857911781023095,0.01802767254864426,0.004654725036785322,-6.162696046149932,0.010762146076999272,0.0027787741683779777,-1.0857911781023095,0.01802767254864427,-6.160266386965814,0.014289787654773971,Natan Pereira BTS coral series 15.xlsx,2026-03-13 04:13:53.330,739688.0,313.0,865.0,47.0,872.0,13.978965299085406,SHP2L,,,OK,16.0,15.0,15.0,0.0,0.0,12.584887163594988,1.3940781354904175,2.5296016032524773
22.0,GIRMS\IRMS-operator,2026-03-13 04:46:26.303,2026-03-13 05:59:25.003,Success,False,BTS,544,22.0,2,12.0,True,Unknown,,"0.002 V, 0.002 V, 0.002 V",40 µbar,72 °C,,4.282 V,9.5191 kV,828 µbar,Carbon Dioxide: 0.0191 kV,638 µbar,3.926 V,4.639 V,171 µbar/min,12.864 V,6.72E-008 mbar,61 %,882 µbar,µ-Volume,,Pre,3.929211335234972,4.2642124620199935,4.268414581461752,5.613227422754153,5.698947807474487,3.9964453104222972,-2.4068653421324138,-3.0823724577954126,-2.4246929589103905,0.02402576678375947,0.006203426308890918,-3.038688083735003,0.025813272895276615,0.006453318223819154,-2.4333509664825317,0.03702567190188224,-3.0357757921309756,0.023843731866703032,Natan Pereira BTS coral series 15.xlsx,2026-03-13 04:46:26.303,739688.0,171.0,638.0,828.0,882.0,3.8188385395318423,BTS,,544,OK,16.0,15.0,15.0,0.0,0.0,3.8295483334700378,-0.010709793938195489,-0.017446333402019416
23.0,GIRMS\IRMS-operator,2026-03-13 05:30:50.053,2026-03-13 06:33:43.753,Success,False,BTS,545,23.0,1,13.0,True,Unknown,,"0.001 V, 0.001 V, 0.001 V",37 µbar,72 °C,,5.403 V,9.5193 kV,62 µbar,Carbon Dioxide: 0.0193 kV,"1,102 µbar",5.327 V,5.916 V,777 µbar/min,3.892 V,7.64E-008 mbar,42 %,772 µbar,µ-Volume,,Pre,5.2198917521975865,5.66309423098226,5.758267765998252,7.453647910248062,7.688587204229926,5.39175775668391,-2.6797321714674416,-3.5474748055515093,-2.6939063997856936,0.019148738660555206,0.0047871846651388016,-3.52622984165895,0.021160854512767537,0.005290213628191884,-2.694851348340244,0.019430848484110676,-3.524813510732779,0.021103974008762214,Natan Pereira BTS coral series 15.xlsx,2026-03-13 05:30:50.053,739688.0,777.0,1102.0,62.0,772.0,5.068084322948354,BTS,,545,OK,16.0,15.0,15.0,0.0,0.0,5.154823899536435,-0.08673957658808096,-0.1393113843057077
24.0,GIRMS\IRMS-operator,2026-03-13 05:59:25.171,2026-03-13 07:09:13.547,Success,False,BTS,546,24.0,2,13.0,True,Unknown,,"0.001 V, 0.001 V, 0.002 V",42 µbar,72 °C,,9.175 V,9.5194 kV,37 µbar,Carbon Dioxide: 0.0194 kV,638 µbar,8.499 V,10.307 V,200 µbar/min,5.255 V,9.62E-008 mbar,21 %,848 µbar,µ-Volume,,Pre,8.40272200650086,9.113567956217778,9.125211483641653,11.996991290086298,12.186769497446132,8.546703298152147,-2.6922437148558798,-3.6068188778368704,-2.745964628607826,0.017490169121866513,0.004515942248756013,-3.5764249095519633,0.022244155776803116,0.005561038944200779,-2.7459646286078256,0.017490169121866683,-3.5743986449996368,0.02144204392025823,Natan Pereira BTS coral series 15.xlsx,2026-03-13 05:59:25.171,739688.0,200.0,638.0,37.0,848.0,8.12334681121795,BTS,,546,OK,16.0,15.0,15.0,0.0,0.0,8.131908302963872,-0.008561491745922467,-0.013971121700195812
25.0,GIRMS\IRMS-operator,2026-03-13 06:33:43.906,2026-03-13 07:55:57.875,Success,False,BTS,547,25.0,1,14.0,True,Unknown,,"0.001 V, 0.001 V, 0.001 V",30 µbar,72 °C,,0.009 V,9.5194 kV,45 µbar,Carbon Dioxide: 0.0194 kV,"1,009 µbar",3.230 V,0.009 V,508 µbar/min,3.229 V,6.21E-008 mbar,100 %,42 µbar,µ-Volume,0.012 V,Pre,0.00988646928537122,0.010626745079531702,3.5324235426344504,0.013984405028802884,4.716062686034961,3.307128274859573,-11.957378018831122,-12.936877051111463,-12.205732071857746,0.8033003471491076,0.2008250867872769,-13.519721541797244,1.7367228513590687,0.43418071283976717,,,,,Natan Pereira BTS coral series 15.xlsx,2026-03-13 06:33:43.906,739688.0,508.0,1009.0,45.0,42.0,0.009527876579888697,BTS,,547,Failed Sample,16.0,15.0,15.0,0.0,0.0,3.159402076421089,-3.1498741998412005,-0.015517571102209804
26.0,GIRMS\IRMS-operator,2026-03-13 07:09:13.664,2026-03-13 08:22:58.189,Success,False,SHP2L,,26.0,2,14.0,True,QC Standard,SHP2L,"0.001 V, 0.001 V, 0.001 V",40 µbar,72 °C,,8.242 V,9.5198 kV,40 µbar,Carbon Dioxide: 0.0198 kV,821 µbar,7.690 V,9.206 V,234 µbar/min,3.214 V,8.90E-008 mbar,27 %,843 µbar,µ-Volume,,Pre,7.608755859369875,8.268486526532552,8.213835657110574,10.835874447173351,10.96777952606129,7.692276788209627,-0.8428089197439759,-6.079483756674331,-0.8848216164850358,0.024762434085078156,0.006393632988204439,-6.066675553172731,0.016367399029854474,0.004091849757463619,-0.8947079819004775,0.03448535326788119,-6.065821672939291,0.01656888115091261,Natan Pereira BTS coral series 15.xlsx,2026-03-13 07:09:13.664,739688.0,234.0,821.0,40.0,843.0,7.364242938525723,SHP2L,,,OK,16.0,15.0,15.0,0.0,0.0,7.327183785978987,0.03705915254673631,0.06084512911568255
27.0,GIRMS\IRMS-operator,2026-03-13 07:55:58.002,2026-03-13 08:59:12.308,Success,False,BTS,548,27.0,1,15.0,True,Unknown,,"0.002 V, 0.001 V, 0.002 V",35 µbar,72 °C,,6.175 V,9.5197 kV,47 µbar,Carbon Dioxide: 0.0197 kV,990 µbar,5.740 V,6.834 V,523 µbar/min,7.528 V,7.71E-008 mbar,38 %,777 µbar,µ-Volume,,Pre,5.709607733328428,6.192923860015924,6.1351137388752415,8.150251994493562,8.191096038373983,5.744798319125266,-2.850945574727759,-3.754608051736108,-2.826522431055606,0.021188845884103243,0.005297211471025811,-3.7694414047452147,0.023513623043219245,0.006071191363692473,-2.8248942214774626,0.02087077913738005,-3.765969692311762,0.029052250907544614,Natan Pereira BTS coral series 15.xlsx,2026-03-13 07:55:58.002,739688.0,523.0,990.0,47.0,777.0,5.536292327482786,BTS,,548,OK,16.0,15.0,15.0,0.0,0.0,5.489443076689329,0.04684925079345703,0.07718496099130236
28.0,GIRMS\IRMS-operator,2026-03-13 08:22:58.358,2026-03-13 09:33:29.096,Success,False,BTS,549,28.0,2,15.0,True,Unknown,,"0.001 V, 0.001 V, 0.002 V",42 µbar,72 °C,,3.833 V,9.5198 kV,37 µbar,Carbon Dioxide: 0.0198 kV,721 µbar,3.561 V,4.169 V,171 µbar/min,5.658 V,6.24E-008 mbar,67 %,721 µbar,µ-Volume,,Pre,3.5258839007930263,3.824854697431445,3.824769416297796,5.0318808158522,5.106108706089303,3.5811075515120474,-2.809119928055992,-4.026894371803924,-2.83482936966708,0.021108398215942903,0.005450164983697414,-3.995556407996364,0.021716886751417,0.00542922168785425,-2.841677429175027,0.027780070022609064,-3.9934672104091926,0.020748164081655696,Natan Pereira BTS coral series 15.xlsx,2026-03-13 08:22:58.358,739688.0,171.0,721.0,37.0,721.0,3.4257146455416327,BTS,,549,OK,16.0,15.0,15.0,0.0,0.0,3.4343052048596796,-0.008590559318046864,-0.013998227535038004
29.0,GIRMS\IRMS-operator,2026-03-13 08:59:12.464,2026-03-13 10:20:00.861,Success,False,BTS,550,29.0,1,16.0,True,Unknown,,"0.001 V, 0.001 V, 0.001 V",32 µbar,72 °C,,0.845 V,9.5199 kV,59 µbar,Carbon Dioxide: 0.0199 kV,936 µbar,3.237 V,0.891 V,474 µbar/min,3.235 V,6.00E-008 mbar,100 %,408 µbar,µ-Volume,0.808 V,Pre,0.8204392952818633,0.8905024556965658,3.504794953753092,1.1720585504811702,4.679260086839036,3.281578636989334,-2.24464241166622,-3.036482523771311,-2.2820823239605366,0.048904255548840404,0.012226063887210101,-3.053508427126713,0.08016043857916239,0.020040109644790596,-2.284578318113491,0.04955458485852777,-3.054643487350406,0.08284073872166528,Natan Pereira BTS coral series 15.xlsx,2026-03-13 08:59:12.464,739688.0,474.0,936.0,59.0,408.0,0.8007835346010983,BTS,,550,OK,16.0,15.0,15.0,0.0,0.0,3.140815456263302,-2.340031921662204,-0.974616609518014
30.0,GIRMS\IRMS-operator,2026-03-13 09:33:29.237,2026-03-13 10:46:49.685,Success,False,BTS,551,30.0,2,16.0,True,Unknown,,"0.001 V, 0.001 V, 0.001 V",52 µbar,72 °C,,7.509 V,9.5201 kV,45 µbar,Carbon Dioxide: 0.0201 kV,736 µbar,7.091 V,8.366 V,171 µbar/min,3.219 V,8.64E-008 mbar,30 %,850 µbar,µ-Volume,,Pre,7.001439932376432,7.59689605462017,7.621609334540717,9.991405036763844,10.177053709523236,7.137800328417922,-2.3627850339602574,-4.019386792826984,-2.41635604253696,0.018040077272522482,0.004657927922718299,-4.003104376056236,0.01866943139236529,0.0046673578480913224,-2.41635604253696,0.018040077272522492,-4.002018881604852,0.018794800684454757,Natan Pereira BTS coral series 15.xlsx,2026-03-13 09:33:29.237,739688.0,171.0,736.0,45.0,850.0,6.779389983381605,BTS,,551,OK,16.0,15.0,15.0,0.0,0.0,6.804394131864881,-0.025004148483276367,-0.040696076069429855
31.0,GIRMS\IRMS-operator,2026-03-13 10:20:01.006,2026-03-13 11:23:00.283,Success,False,SHP2L,,31.0,1,17.0,True,QC Standard,SHP2L,"0.001 V, 0.001 V, 0.002 V",37 µbar,72 °C,,9.853 V,9.5200 kV,47 µbar,Carbon Dioxide: 0.0200 kV,904 µbar,9.302 V,11.106 V,342 µbar/min,6.962 V,1.01E-007 mbar,19 %,846 µbar,µ-Volume,,Pre,9.184254685562198,9.978272346480074,9.974810370164914,13.080428634033046,13.321559224471887,9.343875924270694,-0.8331959306261405,-5.9411851450624775,-0.8801871106678554,0.023790185885780784,0.006142599582587181,-5.978085361266946,0.030742529699355366,0.007685632424838842,-0.8793997703095819,0.025584234563723503,-5.980545375680579,0.030147430552761378,Natan Pereira BTS coral series 15.xlsx,2026-03-13 10:20:01.006,739688.0,342.0,904.0,47.0,846.0,8.87854246250922,SHP2L,,,OK,16.0,15.0,15.0,0.0,0.0,8.880887898263818,-0.002345435754598668,-0.003830435384188949
32.0,GIRMS\IRMS-operator,2026-03-13 10:46:49.808,2026-03-13 11:58:19.036,Success,False,BTS,552,32.0,2,17.0,True,Unknown,,"0.002 V, 0.002 V, 0.002 V",42 µbar,72 °C,,6.564 V,9.5201 kV,35 µbar,Carbon Dioxide: 0.0201 kV,526 µbar,6.064 V,7.273 V,142 µbar/min,9.088 V,8.02E-008 mbar,35 %,816 µbar,µ-Volume,,Pre,5.9656496544674695,6.475488093104184,6.520989498732047,8.51420429540317,8.706906111962008,6.106578400577246,-2.041151972380306,-3.9441895194629595,-2.049954043026969,0.018928291455333743,0.004887263838577849,-3.970562705051606,0.013363437440682607,0.0034504247103898933,-2.0473291490377727,0.0226084252457377,-3.9698000280447157,0.015179213032907946,Natan Pereira BTS coral series 15.xlsx,2026-03-13 10:46:49.808,739688.0,142.0,526.0,35.0,816.0,5.784594723635711,BTS,,552,OK,16.0,15.0,15.0,0.0,0.0,5.831354478274852,-0.04675975463914117,-0.07577309553039162
33.0,GIRMS\IRMS-operator,2026-03-13 11:23:00.451,2026-03-13 12:45:26.840,Success,False,BTS,553,33.0,1,18.0,True,Unknown,,"0.001 V, 0.001 V, 0.001 V",32 µbar,72 °C,,0.024 V,9.5202 kV,47 µbar,Carbon Dioxide: 0.0202 kV,"1,034 µbar",3.235 V,0.023 V,464 µbar/min,3.234 V,6.15E-008 mbar,100 %,64 µbar,µ-Volume,0.026 V,Pre,0.023484125638848465,0.02536707498358095,3.5269812379169307,0.033453520982337184,4.7086193593729515,3.3021102238225812,-7.085982552084702,-5.854241055009868,-6.638193229091605,0.502512835270392,0.1297482561505133,-5.633227363425843,0.8195471257232699,0.20488678143081748,,,,,Natan Pereira BTS coral series 15.xlsx,2026-03-13 11:23:00.451,739688.0,464.0,1034.0,47.0,64.0,0.022933795860617123,BTS,,553,Failed Sample,16.0,15.0,15.0,0.0,0.0,3.1548911924762413,-3.1319573966156242,-0.037191758552899155
34.0,GIRMS\IRMS-operator,2026-03-13 11:58:19.164,2026-03-13 13:12:58.348,Success,False,BTS,554,34.0,2,18.0,True,Unknown,,"0.001 V, 0.001 V, 0.001 V",42 µbar,72 °C,,0.056 V,9.5202 kV,794 µbar,Carbon Dioxide: 0.0202 kV,787 µbar,3.209 V,0.049 V,220 µbar/min,3.208 V,6.09E-008 mbar,100 %,775 µbar,µ-Volume,0.053 V,Pre,0.04943929862948294,0.0533086464577118,3.5040965097593584,0.06961210348842974,4.678175809429372,3.2806145831460585,-8.857597673370577,-17.406789346171458,-8.215023125516487,0.43255047018918014,0.10813761754729503,-16.551583370803232,0.6186539391274563,0.159735760220417,,,,,Natan Pereira BTS coral series 15.xlsx,2026-03-13 11:58:19.164,739688.0,220.0,787.0,794.0,775.0,0.04848931947472641,BTS,,554,Failed Sample,16.0,15.0,15.0,0.0,0.0,3.1348517023684717,-3.0863623828937454,-0.07798576135926055
35.0,GIRMS\IRMS-operator,2026-03-13 12:45:27.019,2026-03-13 13:49:26.215,Success,False,BTS,555,35.0,1,19.0,True,Unknown,,"0.001 V, 0.001 V, 0.001 V",42 µbar,72 °C,,6.466 V,9.5201 kV,52 µbar,Carbon Dioxide: 0.0201 kV,"1,058 µbar",6.188 V,7.126 V,557 µbar/min,3.188 V,8.06E-008 mbar,35 %,792 µbar,µ-Volume,,Pre,6.0991475887933655,6.625421436007037,6.67051914619967,8.706443209231736,8.906506199420337,6.246200713804461,-1.3307667905017029,-3.8076752614756293,-1.3603727626883346,0.01950732810590182,0.004876832026475455,-3.8284020429214114,0.024347107775654304,0.006086776943913576,-1.3623464941674435,0.018464425098550195,-3.8297838283511294,0.024543671604890554,Natan Pereira BTS coral series 15.xlsx,2026-03-13 12:45:27.019,739688.0,557.0,1058.0,52.0,792.0,5.916787178103057,BTS,,555,OK,16.0,15.0,15.0,0.0,0.0,5.962557380982933,-0.045770202879875654,-0.07419515142108621
36.0,GIRMS\IRMS-operator,2026-03-13 13:12:58.472,2026-03-13 14:23:52.590,Success,False,SHP2L,,36.0,2,19.0,True,QC Standard,SHP2L,"0.001 V, 0.001 V, 0.002 V",40 µbar,72 °C,,6.812 V,9.5201 kV,609 µbar,Carbon Dioxide: 0.0201 kV,621 µbar,6.731 V,7.518 V,142 µbar/min,6.092 V,8.39E-008 mbar,31 %,858 µbar,µ-Volume,,Pre,6.59464674953259,7.166570202334971,7.251804844363781,9.39497105139681,9.683119993709296,6.790946513269605,-0.8842738554447616,-5.783448196553298,-0.9165782482818704,0.019422805538963674,0.005014946825935432,-5.7990549799770506,0.01300415063373662,0.0033576572557356367,-0.9144273601400906,0.02440353673454076,-5.803293810882241,0.01722972920282821,Natan Pereira BTS coral series 15.xlsx,2026-03-13 13:12:58.472,739688.0,142.0,621.0,609.0,858.0,6.393794189348646,SHP2L,,,OK,16.0,15.0,15.0,0.0,0.0,6.477836658332804,-0.08404246898415835,-0.13550857349538586
37.0,GIRMS\IRMS-operator,2026-03-13 13:49:26.463,2026-03-13 15:09:53.033,Success,False,BTS,556,37.0,1,20.0,True,Unknown,,"0.001 V, 0.001 V, 0.001 V",42 µbar,72 °C,,6.541 V,9.5201 kV,47 µbar,Carbon Dioxide: 0.0201 kV,858 µbar,6.259 V,7.208 V,454 µbar/min,3.233 V,8.22E-008 mbar,35 %,797 µbar,µ-Volume,,Pre,6.168393221341675,6.69898427222547,6.692116018232786,8.80623944147471,8.936231146731089,6.266762146913184,-1.5500557996184217,-3.7367969187988015,-1.5713256270372054,0.014142239370090575,0.003535559842522644,-3.7388015435017166,0.01527972299290834,0.003945207512413103,-1.5727436155317909,0.013409692888322038,-3.7417476558665452,0.018735213200850004,Natan Pereira BTS coral series 15.xlsx,2026-03-13 13:49:26.463,739688.0,454.0,858.0,47.0,797.0,5.982575918463586,BTS,,556,OK,16.0,15.0,15.0,0.0,0.0,5.983299890659485,-0.0007239721958995915,-0.00118252041295007
38.0,GIRMS\IRMS-operator,2026-03-13 14:23:52.793,2026-03-13 15:38:07.271,Success,False,BTS,557,38.0,2,20.0,True,Unknown,,"0.001 V, 0.001 V, 0.002 V",42 µbar,72 °C,,7.964 V,9.5201 kV,42 µbar,Carbon Dioxide: 0.0201 kV,665 µbar,7.711 V,8.851 V,200 µbar/min,6.165 V,9.07E-008 mbar,26 %,831 µbar,µ-Volume,,Pre,7.583394646644592,8.2311080035874,8.248080410001045,10.82694674009177,11.014015917719336,7.724449038505554,-1.9975591751589805,-3.6135605350928746,-2.038245616635037,0.01985551855496704,0.005126672846246646,-3.672504397180972,0.017159945764077592,0.004430678944406335,-2.0469410171588693,0.02775393596304346,-3.6725043971809717,0.01715994576407769,Natan Pereira BTS coral series 15.xlsx,2026-03-13 14:23:52.793,739688.0,200.0,665.0,42.0,831.0,7.3448940788623265,BTS,,557,OK,16.0,15.0,15.0,0.0,0.0,7.355816619600871,-0.010922540738544484,-0.01781630454866099
39.0,GIRMS\IRMS-operator,2026-03-13 15:09:53.225,2026-03-13 16:13:52.532,Success,False,BTS,558,39.0,1,21.0,True,Unknown,,"0.002 V, 0.002 V, 0.002 V",40 µbar,72 °C,,6.495 V,9.5201 kV,54 µbar,Carbon Dioxide: 0.0201 kV,"1,043 µbar",6.066 V,7.177 V,508 µbar/min,7.562 V,7.98E-008 mbar,35 %,802 µbar,µ-Volume,,Pre,6.019036085317634,6.532130222266382,6.478537453253354,8.594583555227631,8.65054609043325,6.06654962455288,-2.3002616789239427,-3.5526526157368954,-2.3474856100784356,0.025893834966772597,0.006473458741693149,-3.5904947768815583,0.02311758615356371,0.005779396538390927,-2.3506338721554014,0.023419447587168084,-3.5930175876245367,0.02152879147417575,Natan Pereira BTS coral series 15.xlsx,2026-03-13 15:09:53.225,739688.0,508.0,1043.0,54.0,802.0,5.838448912809394,BTS,,558,OK,16.0,15.0,15.0,0.0,0.0,5.792672545621894,0.0457763671875,0.07537010855623665
40.0,GIRMS\IRMS-operator,2026-03-13 15:38:07.451,2026-03-13 16:48:11.885,Success,False,BTS,559,40.0,2,21.0,True,Unknown,,"0.001 V, 0.001 V, 0.002 V",40 µbar,72 °C,,0.011 V,9.5201 kV,755 µbar,Carbon Dioxide: 0.0201 kV,706 µbar,3.066 V,0.010 V,234 µbar/min,5.967 V,6.06E-008 mbar,100 %,758 µbar,µ-Volume,0.014 V,Pre,0.010522520644880556,0.011350728068193006,3.3204096580271036,0.01495925941267859,4.433002298926956,3.108597536534456,-8.45843596912399,-7.955469933051962,-7.287005953705772,0.670621807920814,0.17315380624538812,-8.523006748520066,1.0745872079602259,0.27745722403183204,,,,,Natan Pereira BTS coral series 15.xlsx,2026-03-13 15:38:07.451,739688.0,234.0,706.0,755.0,758.0,0.010112874670203949,BTS,,559,Failed Sample,16.0,15.0,15.0,0.0,0.0,2.9708296784263917,-2.9607168037561875,-0.01646391256238793
41.0,GIRMS\IRMS-operator,2026-03-13 16:13:52.648,2026-03-13 17:32:39.715,Success,False,SHP2L,,41.0,1,22.0,True,QC Standard,SHP2L,"0.001 V, 0.001 V, 0.001 V",37 µbar,72 °C,,8.662 V,9.5200 kV,52 µbar,Carbon Dioxide: 0.0200 kV,916 µbar,7.989 V,9.685 V,366 µbar/min,3.232 V,9.30E-008 mbar,25 %,841 µbar,µ-Volume,,Pre,7.914462345860477,8.60057379934232,8.538614771098299,11.272114390244598,11.40336014459441,7.996806162617679,-0.8203349816965355,-6.107941197234346,-0.8796790741467813,0.021449014868987003,0.005538111825342794,-6.123495138016244,0.013145111052120143,0.003394053079260558,-0.8796790741467811,0.02144901486898703,-6.127416295822098,0.016514673189575658,Natan Pereira BTS coral series 15.xlsx,2026-03-13 16:13:52.648,739688.0,366.0,916.0,52.0,841.0,7.6615449369173,SHP2L,,,OK,16.0,15.0,15.0,0.0,0.0,7.614792254388616,0.04675268252868392,0.0768429695095465
42.0,GIRMS\IRMS-operator,2026-03-13 16:48:12.094,2026-03-13 18:01:44.953,Success,False,BTS,560,42.0,2,22.0,True,Unknown,,"0.002 V, 0.002 V, 0.002 V",42 µbar,72 °C,,4.432 V,9.5199 kV,40 µbar,Carbon Dioxide: 0.0199 kV,658 µbar,4.101 V,4.807 V,181 µbar/min,7.836 V,7.02E-008 mbar,58 %,741 µbar,µ-Volume,,Pre,4.073673053786478,4.418089120566443,4.449496016735753,5.816321150965059,5.941041019806605,4.165885626646619,-3.0659562162322906,-3.7237073808630283,-3.080462130116849,0.021807775185832105,0.005630743340837539,-3.6793144514752827,0.02742756617089954,0.007081767133793057,-3.076515207435075,0.02884334554778686,-3.6810658830192633,0.03106273873238566,Natan Pereira BTS coral series 15.xlsx,2026-03-13 16:48:12.094,739688.0,181.0,658.0,40.0,741.0,3.9595538955835825,BTS,,560,OK,16.0,15.0,15.0,0.0,0.0,3.9914721524211823,-0.031918256837599746,-0.051723943824263485
43.0,GIRMS\IRMS-operator,2026-03-13 17:32:39.833,2026-03-13 18:35:24.642,Success,False,BTS,561,43.0,1,23.0,True,Unknown,,"0.001 V, 0.001 V, 0.001 V",40 µbar,72 °C,,0.014 V,9.5198 kV,806 µbar,Carbon Dioxide: 0.0198 kV,"1,029 µbar",3.137 V,0.013 V,645 µbar/min,4.057 V,6.27E-008 mbar,100 %,804 µbar,µ-Volume,0.016 V,Pre,0.013263417187016218,0.014302096235365411,3.43197823191869,0.018805952808761277,4.582487725567226,3.2130591445334553,-8.900241436448741,-10.664001169585546,-9.15725604196267,0.7642526467817459,0.19106316169543647,-10.68184292456794,0.8119732239787861,0.20299330599469653,,,,,Natan Pereira BTS coral series 15.xlsx,2026-03-13 17:32:39.833,739688.0,645.0,1029.0,806.0,804.0,0.012849809101815365,BTS,,561,Failed Sample,16.0,15.0,15.0,0.0,0.0,3.0701308849878663,-3.057281075886051,-0.02090328127576924
44.0,GIRMS\IRMS-operator,2026-03-13 18:01:45.139,2026-03-13 19:05:23.290,Running,False,BTS,562,44.0,2,23.0,True,Unknown,,"0.001 V, 0.001 V, 0.001 V",40 µbar,72 °C,,10.136 V,9.5197 kV,45 µbar,Carbon Dioxide: 0.0197 kV,789 µbar,9.277 V,11.390 V,381 µbar/min,3.119 V,1.02E-007 mbar,18 %,863 µbar,µ-Volume,,Pre,9.087672063980458,9.855846666395331,9.969140194952155,12.969169864589203,13.315010914737213,9.337737594636492,-2.7013887399963687,-4.081301985075059,-2.7355988079522886,0.02791752550425146,0.008828296722927535,-4.095220229804664,0.023690006891973505,0.007491437956372275,-2.7393999266140576,0.02672575722792643,-4.096766701441287,0.024585834671149383,Natan Pereira BTS coral series 15.xlsx,2026-03-13 18:01:45.139,739688.0,381.0,789.0,45.0,863.0,8.79077557185512,BTS,,562,OK,10.0,9.0,9.0,0.0,0.0,8.873670731576494,-0.08289515972137451,-0.13415052199475977
45.0,GIRMS\IRMS-operator,2026-03-13 18:35:24.848,2026-03-13 19:05:23.307,Running,False,BTS,563,45.0,1,24.0,True,Unknown,,"0.001 V, 0.001 V, 0.001 V",42 µbar,72 °C,,,,,,,,,557 µbar/min,,,,,,,Pre,,,,,,,,,,,,,,,,,,,Natan Pereira BTS coral series 15.xlsx,2026-03-13 18:35:24.848,739688.0,557.0,,,,,BTS,,563,Failed Sample,0.0,0.0,0.0,0.0,0.0,,,
1.0,GIRMS\IRMS-operator,2026-03-13 19:14:56.458,2026-03-13 20:22:25.927,Success,False,SHP2L,,1.0,1,2.0,True,QC Standard,SHP2L,"0.001 V, 0.001 V, 0.001 V",32 µbar,72 °C,,11.691 V,9.5196 kV,52 µbar,Carbon Dioxide: 0.0196 kV,"1,016 µbar",10.639 V,13.285 V,464 µbar/min,3.243 V,1.08E-007 mbar,15 %,843 µbar,µ-Volume,,Pre,10.399722712998178,11.29775513652181,11.38237883094167,14.810562611543332,15.203088999711666,10.662955979843858,-0.8824694799608457,-6.06354044868973,-0.9316843010048018,0.02507109727884736,0.00647332948214146,-6.100822850086221,0.009649971890011768,0.00257906347174453,-0.9392427399848692,0.02623727197638581,-6.103536777437565,0.01403393794030176,Natan Pereira BTS coral series 16.xlsx,2026-03-13 19:14:56.458,739688.0,464.0,1016.0,52.0,843.0,10.038866141901583,SHP2L,,,OK,16.0,15.0,15.0,0.0,0.0,10.115751284127022,-0.0768851422254393,-0.1973616098232402
2.0,GIRMS\IRMS-operator,2026-03-13 19:53:31.945,2026-03-13 20:50:33.863,Success,False,BTS,564,2.0,2,2.0,True,Unknown,,"0.002 V, 0.002 V, 0.002 V",45 µbar,72 °C,,7.183 V,9.5194 kV,45 µbar,Carbon Dioxide: 0.0194 kV,951 µbar,6.688 V,7.968 V,278 µbar/min,10.384 V,8.34E-008 mbar,31 %,831 µbar,µ-Volume,,Pre,6.63033797647055,7.195991701568712,7.206727878735663,9.463576139828108,9.622884302223433,6.748541973837099,-2.1995945884767387,-3.9141549170014223,-2.208002650574733,0.016735812976936795,0.004183953244234199,-3.905788210026391,0.024949705190052962,0.0064419861795906586,-2.208563188047933,0.017167042756103507,-3.9097160986849415,0.030402865003647535,Natan Pereira BTS coral series 16.xlsx,2026-03-13 19:53:31.945,739688.0,278.0,951.0,45.0,831.0,6.42608115312484,BTS,,564,OK,16.0,15.0,15.0,0.0,0.0,6.437099718108733,-0.01101856498389342,-0.02845212725855136
3.0,GIRMS\IRMS-operator,2026-03-13 20:22:26.040,2026-03-13 21:27:35.117,Success,False,BTS,565,3.0,1,3.0,True,Unknown,,"0.001 V, 0.001 V, 0.002 V",35 µbar,72 °C,,7.999 V,9.5196 kV,52 µbar,Carbon Dioxide: 0.0196 kV,"1,056 µbar",7.781 V,8.895 V,469 µbar/min,6.576 V,8.98E-008 mbar,24 %,841 µbar,µ-Volume,,Pre,7.656764488401145,8.31229020684698,8.35124830077921,10.938131479741713,11.151907325702041,7.820938361595611,-1.8414218274337424,-3.0495941609266497,-1.8878513413626083,0.049316816778554345,0.012733547338086898,-3.058141387042346,0.01873678217893487,0.004837816356035378,-1.902691534060397,0.06526209077244736,-3.062244618490732,0.02298830048253654,Natan Pereira BTS coral series 16.xlsx,2026-03-13 20:22:26.040,739688.0,469.0,1056.0,52.0,841.0,7.419940559400221,BTS,,565,OK,16.0,15.0,15.0,0.0,0.0,7.448506058166644,-0.028565498766423225,-0.0736049121262475
4.0,GIRMS\IRMS-operator,2026-03-13 20:50:33.982,2026-03-13 22:01:25.250,Success,False,BTS,566,4.0,2,3.0,True,Unknown,,"0.002 V, 0.002 V, 0.002 V",45 µbar,72 °C,,6.476 V,9.5196 kV,40 µbar,Carbon Dioxide: 0.0196 kV,765 µbar,5.996 V,7.160 V,244 µbar/min,7.633 V,7.94E-008 mbar,34 %,821 µbar,µ-Volume,,Pre,5.964999743382638,6.475842734825346,6.450078627121183,8.516197221393735,8.611981885547788,6.03969919320845,-1.951873135870641,-3.653882774996897,-1.9659316266342413,0.021360376051664333,0.005340094012916083,-3.679300786978068,0.01732819328894498,0.004474120268529802,-1.9668688593518149,0.02176689448283155,-3.6841527608339657,0.019726068017124055,Natan Pereira BTS coral series 16.xlsx,2026-03-13 20:50:33.982,739688.0,244.0,765.0,40.0,821.0,5.780785773071084,BTS,,566,OK,16.0,15.0,15.0,0.0,0.0,5.767401611784499,0.013384161286585261,0.0347001680985406
5.0,GIRMS\IRMS-operator,2026-03-13 21:27:35.204,2026-03-13 22:46:16.686,Success,False,BTS,567,5.0,1,4.0,True,Unknown,,"0.001 V, 0.001 V, 0.001 V",32 µbar,72 °C,,13.316 V,9.5197 kV,49 µbar,Carbon Dioxide: 0.0197 kV,992 µbar,12.004 V,15.261 V,523 µbar/min,3.236 V,1.16E-007 mbar,12 %,872 µbar,µ-Volume,,Pre,11.72954035234123,12.727717077362849,12.864537254227809,16.745109686942815,17.185126075835942,12.053804521080549,-1.8429433170576992,-3.5667728384440878,-1.9388942146691068,0.033224197441742,0.008578450892198256,-3.5975413231152107,0.017890671947378298,0.004472667986844574,-1.9388942146691066,0.033224197441741994,-3.5995925554266184,0.016456282304602925,Natan Pereira BTS coral series 16.xlsx,2026-03-13 21:27:35.204,739688.0,523.0,992.0,49.0,872.0,11.311324362274704,BTS,,567,OK,16.0,15.0,15.0,0.0,0.0,11.414280022709272,-0.10295566043456894,-0.26390577790467407
6.0,GIRMS\IRMS-operator,2026-03-13 22:01:25.359,2026-03-13 23:14:16.603,Success,False,SHP2L,,6.0,2,4.0,True,QC Standard,SHP2L,"0.002 V, 0.002 V, 0.002 V",45 µbar,72 °C,,48.496 V,9.5196 kV,52 µbar,Carbon Dioxide: 0.0196 kV,863 µbar,12.472 V,49.022 V,225 µbar/min,11.655 V,1.21E-007 mbar,10 %,968 µbar,µ-Volume,37.348 V,Pre,39.65213218250651,42.95288169893342,13.407202010479738,49.023496518788036,17.91063190525501,12.563445358661607,-3.484829122153421,-137.03201465772497,-2.9616599330747615,0.33107388434815666,0.08276847108703916,-14.313896325778378,22.076133113641433,5.700033059852757,-2.9267819871361835,0.3107819270308375,-6.720614104281819,0.13415144866156217,Natan Pereira BTS coral series 16.xlsx,2026-03-13 22:01:25.359,739688.0,225.0,863.0,52.0,968.0,37.53202477016826,SHP2L,,,Partially Saturated Collectors,16.0,15.0,12.0,0.0,3.0,11.9061253360786,25.62589943408966,208.95097305634891
7.0,GIRMS\IRMS-operator,2026-03-13 22:46:16.777,2026-03-13 23:48:35.368,Success,False,BTS,82,7.0,1,5.0,True,Unknown,,"0.002 V, 0.002 V, 0.002 V",45 µbar,72 °C,,0.006 V,9.5196 kV,631 µbar,Carbon Dioxide: 0.0196 kV,"1,024 µbar",3.050 V,0.006 V,459 µbar/min,12.120 V,5.88E-008 mbar,100 %,643 µbar,µ-Volume,0.011 V,Pre,0.006559775368120996,0.00709819703101232,3.338906226289149,0.009377592986407935,4.457594460388997,3.1260148204678684,-5.345325701465953,-2.3621464178091856,-7.2944886301207434,1.5952953772655294,0.4119034952287382,-6.966943217193156,1.842795400531448,0.4758077264483949,,,,,Natan Pereira BTS coral series 16.xlsx,2026-03-13 22:46:16.777,739688.0,459.0,1024.0,631.0,643.0,0.0061334649314180745,BTS,,82,Failed Sample,16.0,15.0,15.0,0.0,0.0,2.9881347704191827,-2.9820013054877648,-0.015832418858272142
8.0,GIRMS\IRMS-operator,2026-03-13 23:14:16.717,2026-03-14 00:24:14.885,Success,False,BTS,83,8.0,2,5.0,True,Unknown,,"0.001 V, 0.001 V, 0.001 V",42 µbar,72 °C,,3.867 V,9.5198 kV,47 µbar,Carbon Dioxide: 0.0198 kV,824 µbar,3.819 V,4.177 V,205 µbar/min,3.028 V,6.46E-008 mbar,60 %,736 µbar,µ-Volume,,Pre,3.7174126440460276,4.030392012574849,4.142861333805496,5.3076837692084915,5.531111567071692,3.878843316043989,-3.400484273468174,-3.6222050367281655,-3.381841626988756,0.0269044987245961,0.006726124681149025,-3.634192392620049,0.03523539246382439,0.008808848115956098,-3.3805987838901284,0.027369251023278512,-3.634991549679507,0.03632169437307216,Natan Pereira BTS coral series 16.xlsx,2026-03-13 23:14:16.717,739688.0,205.0,824.0,47.0,736.0,3.615078616388551,BTS,,83,OK,16.0,15.0,15.0,0.0,0.0,3.71762126010379,-0.10254264371523902,-0.2579234619697099
9.0,GIRMS\IRMS-operator,2026-03-13 23:48:35.472,2026-03-14 01:05:06.121,Success,False,BTS,84,9.0,1,6.0,True,Unknown,,"0.001 V, 0.001 V, 0.001 V",45 µbar,72 °C,,0.011 V,9.5195 kV,787 µbar,Carbon Dioxide: 0.0195 kV,"1,131 µbar",3.228 V,0.010 V,674 µbar/min,3.227 V,5.97E-008 mbar,100 %,794 µbar,µ-Volume,0.013 V,Pre,0.011062198223649714,0.011925126959082377,3.5275566481781833,0.01570688289873647,4.709430998420222,3.3027608129307646,-9.030958206473706,-9.07921723477656,-9.035754628562744,0.7654882545415534,0.19137206363538836,-7.634644033060695,1.306770383699429,0.3266925959248573,,,,,Natan Pereira BTS coral series 16.xlsx,2026-03-13 23:48:35.472,739688.0,674.0,1131.0,787.0,794.0,0.010699928269654718,BTS,,84,Failed Sample,16.0,15.0,15.0,0.0,0.0,3.155697234858899,-3.1449973065892443,-0.027582876256532707
10.0,GIRMS\IRMS-operator,2026-03-14 00:24:14.988,2026-03-14 01:37:01.204,Success,False,BTS,85,10.0,2,6.0,True,Unknown,,"0.001 V, 0.001 V, 0.001 V",42 µbar,72 °C,,5.594 V,9.5195 kV,47 µbar,Carbon Dioxide: 0.0195 kV,980 µbar,5.439 V,6.127 V,332 µbar/min,3.211 V,7.38E-008 mbar,42 %,789 µbar,µ-Volume,,Pre,5.3904034995600805,5.842228477335861,5.873488311401144,7.696606894764512,7.842317393031277,5.499863765911353,-3.6185124973200367,-3.560162152602797,-3.631892184100531,0.018543683566213328,0.004787958508618959,-3.5198998919137474,0.020078947600796863,0.005184361977817175,-3.6366508618791658,0.023390350941014337,-3.522980596507856,0.028483626156080077,Natan Pereira BTS coral series 16.xlsx,2026-03-14 00:24:14.988,739689.0,332.0,980.0,47.0,789.0,5.232719712564739,BTS,,85,OK,16.0,15.0,15.0,0.0,0.0,5.2563529091414365,-0.02363319657669738,-0.060855405469120105
11.0,GIRMS\IRMS-operator,2026-03-14 01:05:06.230,2026-03-14 02:10:52.456,Success,False,SHP2L,,11.0,1,7.0,True,QC Standard,SHP2L,"0.001 V, 0.001 V, 0.001 V",45 µbar,72 °C,,19.817 V,9.5192 kV,452 µbar,Carbon Dioxide: 0.0192 kV,"1,063 µbar",12.546 V,23.177 V,518 µbar/min,5.364 V,1.19E-007 mbar,10 %,946 µbar,µ-Volume,18.039 V,Pre,19.216427351301714,20.85072997421302,13.489690454903021,27.352441203077348,18.020589005430253,12.641096259420921,-1.7735732480976818,-6.4284556793512415,-1.6468299839282954,0.0964893526414766,0.02412233816036915,-6.396399584474147,0.02689286553173443,0.0069437080224135275,-1.6383804329836698,0.09354836370172007,-6.389204042194222,0.03171104075199907,Natan Pereira BTS coral series 16.xlsx,2026-03-14 01:05:06.230,739689.0,518.0,1063.0,452.0,946.0,18.444562102621603,SHP2L,,,OK,16.0,15.0,15.0,0.0,0.0,11.96467596078625,6.479886141835353,25.838572647692118
12.0,GIRMS\IRMS-operator,2026-03-14 01:37:01.310,2026-03-14 02:48:54.358,Success,False,BTS,86,12.0,2,7.0,True,Unknown,,"0.002 V, 0.002 V, 0.002 V",42 µbar,72 °C,,5.317 V,9.5190 kV,49 µbar,Carbon Dioxide: 0.0190 kV,992 µbar,4.896 V,5.801 V,376 µbar/min,12.163 V,6.96E-008 mbar,45 %,782 µbar,µ-Volume,,Pre,4.8871630923074,5.296121647989921,5.263881095147493,6.978471894268342,7.027653446531718,4.9289906517785305,-3.779259318452133,-3.4429619927867083,-3.7997682764136163,0.0175100640362636,0.0043775160090659,-3.4622194059981823,0.025570642550802644,0.006392660637700661,-3.8011355402777154,0.01721788236633606,-3.4635032335456133,0.025928879714854056,Natan Pereira BTS coral series 16.xlsx,2026-03-14 01:37:01.310,739689.0,376.0,992.0,49.0,782.0,4.7469182533240595,BTS,,86,OK,16.0,15.0,15.0,0.0,0.0,4.716857721022915,0.03006053230114425,0.07825090684965318
13.0,GIRMS\IRMS-operator,2026-03-14 02:10:52.544,2026-03-14 03:29:23.411,Success,False,BTS,87,13.0,1,8.0,True,Unknown,,"0.001 V, 0.001 V, 0.001 V",45 µbar,72 °C,,7.762 V,9.5192 kV,545 µbar,Carbon Dioxide: 0.0192 kV,980 µbar,7.250 V,8.622 V,386 µbar/min,3.243 V,8.43E-008 mbar,29 %,877 µbar,µ-Volume,,Pre,7.162454949650046,7.758295309761568,7.759383094528719,10.227520116784879,10.361441394247246,7.267001396882821,-4.051892005445201,-3.4445672885079492,-4.083863705174496,0.019197459826907546,0.0047993649567268865,-3.4372997875205535,0.016838594964599815,0.004209648741149954,-4.0859951518231155,0.01780409543830376,-3.4368152874547273,0.01731377760715245,Natan Pereira BTS coral series 16.xlsx,2026-03-14 02:10:52.544,739689.0,386.0,980.0,545.0,877.0,6.9387362240501735,BTS,,87,OK,16.0,15.0,15.0,0.0,0.0,6.926718804378886,0.012017419671287222,0.031138506938072647
14.0,GIRMS\IRMS-operator,2026-03-14 02:48:54.462,2026-03-14 04:02:37.425,Success,False,BTS,88,14.0,2,8.0,True,Unknown,,"0.002 V, 0.002 V, 0.002 V",45 µbar,72 °C,,5.146 V,9.5192 kV,49 µbar,Carbon Dioxide: 0.0192 kV,"1,070 µbar",4.765 V,5.620 V,425 µbar/min,7.121 V,6.99E-008 mbar,48 %,777 µbar,µ-Volume,,Pre,4.748504060141867,5.144090170730322,5.121386206779341,6.780313611526973,6.837585718676685,4.795343371934519,-4.15103468070277,-3.510495239077316,-4.180078253960218,0.008257243214131786,0.0022068410761818,-3.4961747313853806,0.020131244826717215,0.005032811206679304,-4.1817790316374035,0.010329646100909582,-3.495220030872584,0.02045946608978461,Natan Pereira BTS coral series 16.xlsx,2026-03-14 02:48:54.462,739689.0,425.0,1070.0,49.0,777.0,4.612252978954318,BTS,,88,OK,16.0,15.0,15.0,0.0,0.0,4.584204170195672,0.028048808758645905,0.07299570808808928
15.0,GIRMS\IRMS-operator,2026-03-14 03:29:23.539,2026-03-14 04:35:22.389,Success,False,BTS,89,15.0,1,9.0,True,Unknown,,"0.001 V, 0.001 V, 0.002 V",42 µbar,72 °C,,2.061 V,9.5193 kV,57 µbar,Carbon Dioxide: 0.0193 kV,"1,143 µbar",3.140 V,2.210 V,713 µbar/min,4.708 V,5.74E-008 mbar,100 %,621 µbar,µ-Volume,1.924 V,Pre,1.9798961418967516,2.144195684659272,3.390576033389011,2.825770628276497,4.52661417404368,3.1745716710082834,-4.4645932967739554,-3.970199412359987,-4.516229882288017,0.03863934078582014,0.009659835196455035,-3.9506048700482945,0.03051939144452469,0.007880072986735282,-4.519672321322287,0.03736966596846006,-3.9441111511071623,0.03593464607112568,Natan Pereira BTS coral series 16.xlsx,2026-03-14 03:29:23.539,739689.0,713.0,1143.0,57.0,621.0,1.9274636883727851,BTS,,89,OK,16.0,15.0,15.0,0.0,0.0,3.0438485419478427,-1.1163848535750576,-1.8285668334546372
16.0,GIRMS\IRMS-operator,2026-03-14 04:02:37.528,2026-03-14 05:15:17.921,Success,False,SHP2L,,16.0,2,9.0,True,QC Standard,SHP2L,"0.001 V, 0.001 V, 0.001 V",35 µbar,72 °C,,9.765 V,9.5195 kV,54 µbar,Carbon Dioxide: 0.0195 kV,"1,126 µbar",8.977 V,10.967 V,718 µbar/min,3.117 V,9.67E-008 mbar,19 %,868 µbar,µ-Volume,,Pre,8.79336598440192,9.568270112354089,9.614925648052026,12.579039217200261,12.840748311247806,9.00633338018439,0.6653117365051919,-1.5803463143083674,0.5873335537820878,0.02174861351625627,0.005615467863437471,-1.6028845529792926,0.02155866078108563,0.005566422278111975,0.5873335537820878,0.02174861351625628,-1.6081151974181178,0.024950953666316788,Natan Pereira BTS coral series 16.xlsx,2026-03-14 04:02:37.528,739689.0,718.0,1126.0,54.0,868.0,8.510780363521793,SHP2L,,,OK,16.0,15.0,15.0,0.0,0.0,8.562845020733096,-0.05206465721130371,-0.1338529813285992
17.0,GIRMS\IRMS-operator,2026-03-14 04:35:22.570,2026-03-14 05:54:04.461,Success,False,BTS,90,17.0,1,10.0,True,Unknown,,"0.001 V, 0.001 V, 0.001 V",42 µbar,72 °C,,2.378 V,9.5195 kV,59 µbar,Carbon Dioxide: 0.0195 kV,"1,141 µbar",3.243 V,2.533 V,767 µbar/min,3.242 V,5.31E-008 mbar,100 %,650 µbar,µ-Volume,2.215 V,Pre,2.282038919993267,2.47251172670931,3.5397904603848205,3.2565711692875743,4.725960554468531,3.3142894146070523,-4.047943864378123,-4.086570585527305,-4.0373176939062025,0.029481171305816414,0.007370292826454104,-4.057139820498178,0.024200006343492758,0.0062484147697640866,-4.036609282541407,0.030374623718561308,-4.0603417984425025,0.0306816875261477,Natan Pereira BTS coral series 16.xlsx,2026-03-14 04:35:22.570,739689.0,767.0,1141.0,59.0,650.0,2.2221067354505375,BTS,,90,OK,16.0,15.0,15.0,0.0,0.0,3.1772473351874084,-0.9551405997368709,-1.7278853948255668
18.0,GIRMS\IRMS-operator,2026-03-14 05:15:18.017,2026-03-14 06:26:22.123,Success,False,BTS,91,18.0,2,10.0,True,Unknown,,"0.001 V, 0.001 V, 0.001 V",35 µbar,72 °C,,4.123 V,9.5195 kV,40 µbar,Carbon Dioxide: 0.0195 kV,587 µbar,4.074 V,4.472 V,112 µbar/min,3.219 V,5.97E-008 mbar,59 %,736 µbar,µ-Volume,,Pre,3.975726531550348,4.311601410174629,4.42467590333304,5.68138756286671,5.907196651008158,4.1430259783108,-3.040546071416239,-2.68223900206066,-3.08297945158361,0.026262855518459867,0.006565713879614967,-2.6932676679141268,0.020602538336619285,0.005319552524488423,-3.0858083435947683,0.02453195073654216,-2.6980934137019816,0.025685322066189967,Natan Pereira BTS coral series 16.xlsx,2026-03-14 05:15:18.017,739689.0,112.0,587.0,40.0,736.0,3.866039293214239,BTS,,91,OK,16.0,15.0,15.0,0.0,0.0,3.9695425614498867,-0.10350326823564782,-0.26074356587284697
19.0,GIRMS\IRMS-operator,2026-03-14 05:54:04.623,2026-03-14 06:59:50.084,Success,False,BTS,92,19.0,1,11.0,True,Unknown,,"0.001 V, 0.001 V, 0.001 V",42 µbar,72 °C,,2.562 V,9.5197 kV,52 µbar,Carbon Dioxide: 0.0197 kV,"1,063 µbar",3.181 V,2.756 V,508 µbar/min,4.026 V,5.15E-008 mbar,97 %,672 µbar,µ-Volume,2.378 V,Pre,2.457295237618531,2.664147769110356,3.4732063161303146,3.506689791348181,4.636453874555128,3.2518917418250197,-3.3731301522491597,-3.9810980588105283,-3.3524904890285394,0.028483033630257795,0.007120758407564449,-3.966641497795804,0.03245330317277646,0.008379406847838904,-3.3511145114804983,0.02892706673772678,-3.958735223474948,0.0417843415354146,Natan Pereira BTS coral series 16.xlsx,2026-03-14 05:54:04.623,739689.0,508.0,1063.0,52.0,672.0,2.3906788365585285,BTS,,92,OK,16.0,15.0,15.0,0.0,0.0,3.1191938282615936,-0.7285149917030651,-1.444279023487838
20.0,GIRMS\IRMS-operator,2026-03-14 06:26:22.269,2026-03-14 07:40:02.031,Success,False,BTS,93,20.0,2,11.0,True,Unknown,,"0.001 V, 0.001 V, 0.001 V",37 µbar,72 °C,,0.007 V,9.5199 kV,42 µbar,Carbon Dioxide: 0.0199 kV,721 µbar,3.147 V,0.007 V,147 µbar/min,3.146 V,5.15E-008 mbar,100 %,45 µbar,µ-Volume,0.010 V,Pre,0.007841326715265495,0.008441671691526266,3.4316091202615384,0.011124859674574909,4.581455650832497,3.213117118083037,-10.324379564341735,-9.810709766125413,-11.283401985009775,1.1986101817327788,0.2996525454331947,-11.247823980159929,1.558285372106653,0.38957134302666324,,,,,Natan Pereira BTS coral series 16.xlsx,2026-03-14 06:26:22.269,739689.0,147.0,721.0,42.0,45.0,0.007520156024678613,BTS,,93,Failed Sample,16.0,15.0,15.0,0.0,0.0,3.071202271798275,-3.0636821157735965,-0.019404205640046635
21.0,GIRMS\IRMS-operator,2026-03-14 06:59:50.234,2026-03-14 08:18:36.932,Success,False,SHP2L,,21.0,1,12.0,True,QC Standard,SHP2L,"0.001 V, 0.001 V, 0.001 V",47 µbar,72 °C,,16.836 V,9.5196 kV,52 µbar,Carbon Dioxide: 0.0196 kV,"1,038 µbar",12.754 V,19.538 V,518 µbar/min,3.252 V,1.18E-007 mbar,10 %,936 µbar,µ-Volume,15.272 V,Pre,16.23411811077956,17.6204750555637,13.665125729429969,23.108083851496247,18.253777272860077,12.80601878174935,-1.3908013910413075,-6.294154935476581,-1.337032912001636,0.04652472204197148,0.01163118051049287,-6.274879431131821,0.020477418049888493,0.005119354512472123,-1.3334483467323244,0.04581364461088267,-6.273594397508838,0.020517509962609325,Natan Pereira BTS coral series 16.xlsx,2026-03-14 06:59:50.234,739689.0,518.0,1038.0,52.0,936.0,15.605527526978287,SHP2L,,,OK,16.0,15.0,15.0,0.0,0.0,12.11765742981795,3.4878700971603376,11.618600561813993
22.0,GIRMS\IRMS-operator,2026-03-14 07:40:02.214,2026-03-14 08:51:39.057,Success,False,BTS,94,22.0,2,12.0,True,Unknown,,"0.002 V, 0.002 V, 0.002 V",37 µbar,72 °C,,5.782 V,9.5199 kV,42 µbar,Carbon Dioxide: 0.0199 kV,889 µbar,5.334 V,6.342 V,371 µbar/min,12.364 V,7.34E-008 mbar,41 %,787 µbar,µ-Volume,,Pre,5.327751011369685,5.777945895763653,5.72626866874339,7.60481719065564,7.644692698010377,5.362288120719988,-2.952016170824634,-3.695516928674758,-2.9641850399116194,0.013681191554887267,0.0035324684698901294,-3.7163922338373787,0.01813873789855059,0.0045346844746376475,-2.9622940526697894,0.017032972637192726,-3.71778392084822,0.017869321139096006,Natan Pereira BTS coral series 16.xlsx,2026-03-14 07:40:02.214,739689.0,371.0,889.0,42.0,787.0,5.173127368553803,BTS,,94,OK,16.0,15.0,15.0,0.0,0.0,5.127619265667701,0.0455081028861013,0.11875717780918137
23.0,GIRMS\IRMS-operator,2026-03-14 08:18:37.058,2026-03-14 09:25:07.846,Success,False,BTS,95,23.0,1,13.0,True,Unknown,,"0.001 V, 0.001 V, 0.002 V",42 µbar,72 °C,,0.007 V,9.5203 kV,684 µbar,Carbon Dioxide: 0.0203 kV,"1,024 µbar",3.112 V,0.007 V,518 µbar/min,5.261 V,5.77E-008 mbar,100 %,694 µbar,µ-Volume,0.011 V,Pre,0.0076332056113577644,0.008254670672359339,3.3713073942088267,0.010904644966128956,4.500601653437406,3.1565852864293795,-5.880363915668152,-2.940215207805963,-6.757519839418011,0.5819870423249871,0.14549676058124678,-4.859221832272779,1.432449143844746,0.3698567785599849,,,,,Natan Pereira BTS coral series 16.xlsx,2026-03-14 08:18:37.058,739689.0,518.0,1024.0,684.0,694.0,0.007270727045906881,BTS,,95,Failed Sample,16.0,15.0,15.0,0.0,0.0,3.017364002938786,-3.010093275892879,-0.01876133878340605
24.0,GIRMS\IRMS-operator,2026-03-14 08:51:39.180,2026-03-14 09:59:57.832,Success,False,BTS,96,24.0,2,13.0,True,Unknown,,"0.001 V, 0.001 V, 0.001 V",42 µbar,72 °C,,5.488 V,9.5204 kV,45 µbar,Carbon Dioxide: 0.0204 kV,538 µbar,5.301 V,6.006 V,293 µbar/min,3.094 V,7.38E-008 mbar,41 %,794 µbar,µ-Volume,,Pre,5.287339318539987,5.732952507543498,5.6692441588867934,7.54781064560892,7.569663424075485,5.308966423832461,-3.1571691988556694,-3.7015070622066215,-3.2166338044196805,0.029994379630378938,0.0074985949075947345,-3.696813125405834,0.014569758801238702,0.003893931831583531,-3.2205981114572806,0.026353594051395507,-3.697111687166947,0.025722944966981107,Natan Pereira BTS coral series 16.xlsx,2026-03-14 08:51:39.180,739689.0,293.0,538.0,45.0,794.0,5.133360393215249,BTS,,96,OK,16.0,15.0,15.0,0.0,0.0,5.077212924929629,0.05614746828562023,0.14683861964138328
25.0,GIRMS\IRMS-operator,2026-03-14 09:25:08.010,2026-03-14 10:44:00.309,Success,False,BTS,97,25.0,1,14.0,True,Unknown,,"0.001 V, 0.001 V, 0.001 V",45 µbar,72 °C,,5.798 V,9.5204 kV,52 µbar,Carbon Dioxide: 0.0204 kV,"1,031 µbar",5.605 V,6.372 V,547 µbar/min,3.243 V,7.56E-008 mbar,41 %,804 µbar,µ-Volume,,Pre,5.590207114461723,6.06119245804306,6.017204272149223,7.981334967882491,8.033950917879487,5.634660476449726,-3.1697481671698613,-3.572505341352561,-3.1785460743511718,0.009214685490624274,0.002462728288056641,-3.5527228143670926,0.018855196264096045,0.004868390741354419,-3.179000818663817,0.016288558630519277,-3.5481942279606358,0.02170640359599287,Natan Pereira BTS coral series 16.xlsx,2026-03-14 09:25:08.010,739689.0,547.0,1031.0,52.0,804.0,5.424401893857781,BTS,,97,OK,16.0,15.0,15.0,0.0,0.0,5.384869113210504,0.039532780647276944,0.10300725317018893
26.0,GIRMS\IRMS-operator,2026-03-14 09:59:58.016,2026-03-14 11:13:39.474,Success,False,SHP2L,,26.0,2,14.0,True,QC Standard,SHP2L,"0.001 V, 0.001 V, 0.002 V",42 µbar,72 °C,,12.522 V,9.5205 kV,45 µbar,Carbon Dioxide: 0.0205 kV,728 µbar,11.454 V,14.221 V,220 µbar/min,5.535 V,1.13E-007 mbar,12 %,889 µbar,µ-Volume,,Pre,11.218648125073537,12.185078892286253,12.277140980753567,15.974884526174778,16.39994014922928,11.503763219334635,-0.8563908069214587,-6.055565495188819,-0.9306498594358207,0.030433357222013173,0.007857859046002549,-6.0795758530201995,0.020786559340951857,0.005196639835237964,-0.930649859435821,0.030433357222013156,-6.081176543542292,0.02046998726903077,Natan Pereira BTS coral series 16.xlsx,2026-03-14 09:59:58.016,739689.0,220.0,728.0,45.0,889.0,10.833691893914546,SHP2L,,,OK,16.0,15.0,15.0,0.0,0.0,10.90156259200767,-0.06787069809312385,-0.17446317831685165
27.0,GIRMS\IRMS-operator,2026-03-14 10:44:00.473,2026-03-14 11:48:01.286,Success,False,BTS,98,27.0,1,15.0,True,Unknown,,"0.002 V, 0.002 V, 0.002 V",42 µbar,72 °C,,3.795 V,9.5204 kV,59 µbar,Carbon Dioxide: 0.0204 kV,"1,124 µbar",3.501 V,4.116 V,762 µbar/min,11.139 V,6.30E-008 mbar,68 %,731 µbar,µ-Volume,,Pre,3.4822524161313564,3.774151184257095,3.796506982496278,4.971432145412192,5.06898036644224,3.5548507349974785,-3.6591762577827813,-3.6678784370067774,-3.6442640117461047,0.02468568420955916,0.006373816255557202,-3.657075714015308,0.025761446333119647,0.006651576841492568,-3.6384773565307853,0.030442604991683542,-3.6515469574302557,0.03153055460670785,Natan Pereira BTS coral series 16.xlsx,2026-03-14 10:44:00.473,739689.0,762.0,1124.0,59.0,731.0,3.385599961746081,BTS,,98,OK,16.0,15.0,15.0,0.0,0.0,3.4096801693413132,-0.024080207595232217,-0.06184661863706105
28.0,GIRMS\IRMS-operator,2026-03-14 11:13:39.603,2026-03-14 12:23:31.459,Success,False,BTS,99,28.0,2,15.0,True,Unknown,,"0.001 V, 0.001 V, 0.001 V",42 µbar,72 °C,,6.349 V,9.5205 kV,42 µbar,Carbon Dioxide: 0.0205 kV,433 µbar,6.026 V,7.020 V,127 µbar/min,3.473 V,7.90E-008 mbar,34 %,809 µbar,µ-Volume,,Pre,5.947790970743121,6.4445003991433705,6.462128456024268,8.492149134238224,8.628822584708193,6.051479301791729,-3.834872686574342,-3.6064219282924137,-3.881680695585003,0.01361982197513248,0.0035166229125331936,-3.614745098750386,0.021405105580424324,0.005526774495786323,-3.881680695585003,0.013619821975132557,-3.6190100760792614,0.025592217384003694,Natan Pereira BTS coral series 16.xlsx,2026-03-14 11:13:39.603,739689.0,127.0,433.0,42.0,809.0,5.766861416623161,BTS,,99,OK,16.0,15.0,15.0,0.0,0.0,5.7785558825968275,-0.01169446597366619,-0.030187999094903956
29.0,GIRMS\IRMS-operator,2026-03-14 11:48:01.460,2026-03-14 13:04:21.732,Success,False,BTS,100,29.0,1,16.0,True,Unknown,,"0.001 V, 0.001 V, 0.001 V",42 µbar,72 °C,,2.784 V,9.5204 kV,57 µbar,Carbon Dioxide: 0.0204 kV,"1,095 µbar",3.228 V,2.989 V,596 µbar/min,3.227 V,6.09E-008 mbar,91 %,667 µbar,µ-Volume,2.583 V,Pre,2.67073066775989,2.8946759127823567,3.525861333157858,3.8130196469919047,4.70763072671209,3.301251974818809,-3.679909866024844,-3.706401740341203,-3.7033837444166644,0.02924737664925899,0.007311844162314747,-3.721431421521877,0.034006282355579225,0.008501570588894806,-3.704948669642786,0.029572402411889267,-3.722433400267255,0.0349545192839671,Natan Pereira BTS coral series 16.xlsx,2026-03-14 11:48:01.460,739689.0,596.0,1095.0,57.0,667.0,2.5973486386957156,BTS,,100,OK,16.0,15.0,15.0,0.0,0.0,3.1663597971473494,-0.5690111584516337,-1.2073258654698695
30.0,GIRMS\IRMS-operator,2026-03-14 12:23:31.611,2026-03-14 13:36:53.144,Success,False,BTS,101,30.0,2,16.0,True,Unknown,,"0.001 V, 0.001 V, 0.001 V",42 µbar,72 °C,,0.827 V,9.5203 kV,40 µbar,Carbon Dioxide: 0.0203 kV,782 µbar,3.199 V,0.864 V,396 µbar/min,3.198 V,6.06E-008 mbar,100 %,408 µbar,µ-Volume,0.786 V,Pre,0.7971146179986123,0.8633509682095397,3.441464663075224,1.1390941158947894,4.594809071613466,3.2221893590603816,-4.376542311275378,-2.783698026085024,-4.460434362220787,0.08479635482419137,0.021199088706047843,-2.8893445919683387,0.07201515885487413,0.018594234061293936,-4.466027165617148,0.08466288565868137,-2.913996929963599,0.09338799608374139,Natan Pereira BTS coral series 16.xlsx,2026-03-14 12:23:31.611,739689.0,396.0,782.0,40.0,408.0,0.7783839119669254,BTS,,101,OK,16.0,15.0,15.0,0.0,0.0,3.0841566152359787,-2.3057727032690534,-1.5052466080688058
31.0,GIRMS\IRMS-operator,2026-03-14 13:04:21.891,2026-03-14 14:13:20.613,Success,False,SHP2L,,31.0,1,17.0,True,QC Standard,SHP2L,"0.001 V, 0.001 V, 0.001 V",40 µbar,72 °C,,8.912 V,9.5204 kV,54 µbar,Carbon Dioxide: 0.0204 kV,"1,063 µbar",8.189 V,10.013 V,625 µbar/min,3.179 V,9.25E-008 mbar,23 %,848 µbar,µ-Volume,,Pre,8.013507027007389,8.707060846989142,8.785753879253852,11.412538785972792,11.733375687637526,8.228947810087698,-0.8895177028180878,-6.111835892192663,-0.9510887604594324,0.02062429402839112,0.005325169819949592,-6.147949793952591,0.01904762791101345,0.004761906977753362,-0.9510887604594326,0.020624294028391117,-6.150357387403252,0.01701054387697222,Natan Pereira BTS coral series 16.xlsx,2026-03-14 13:04:21.891,739689.0,625.0,1063.0,54.0,848.0,7.753765133946604,SHP2L,,,OK,16.0,15.0,15.0,0.0,0.0,7.832719358516029,-0.07895422456942569,-0.20216649622650948
32.0,GIRMS\IRMS-operator,2026-03-14 13:36:53.272,2026-03-14 14:48:00.380,Success,False,BTS,102,32.0,2,17.0,True,Unknown,,"0.002 V, 0.002 V, 0.002 V",42 µbar,72 °C,,4.103 V,9.5202 kV,42 µbar,Carbon Dioxide: 0.0202 kV,731 µbar,3.797 V,4.447 V,234 µbar/min,8.018 V,6.59E-008 mbar,61 %,736 µbar,µ-Volume,,Pre,3.768240228066449,4.089087984562666,4.126528421683444,5.381003153839752,5.50977313305502,3.863603496783264,-2.530728379002367,-3.541475426098839,-2.5160310346363643,0.011905502605600112,0.0030739875546478826,-3.515921499757553,0.016167829440644696,0.004174515611195926,-2.512742538654877,0.014155746883855477,-3.5112446199413085,0.018259196635512606,Natan Pereira BTS coral series 16.xlsx,2026-03-14 13:36:53.272,739689.0,234.0,731.0,42.0,736.0,3.6627956400402684,BTS,,102,OK,16.0,15.0,15.0,0.0,0.0,3.7037032989358942,-0.040907658895625865,-0.10464412776934051
33.0,GIRMS\IRMS-operator,2026-03-14 14:13:20.816,2026-03-14 15:32:05.861,Success,False,BTS,103,33.0,1,18.0,True,Unknown,,"0.001 V, 0.001 V, 0.001 V",40 µbar,72 °C,,2.464 V,9.5201 kV,54 µbar,Carbon Dioxide: 0.0201 kV,"1,068 µbar",3.223 V,2.639 V,669 µbar/min,3.223 V,6.18E-008 mbar,100 %,636 µbar,µ-Volume,2.291 V,Pre,2.366488387686294,2.5680303439021017,3.4689586850106355,3.3792594782090504,4.631601468983471,3.2477810672000045,-2.5198150181096057,-3.6031422747604402,-2.531459501317737,0.029927579226009575,0.007481894806502394,-3.6047825091926264,0.027495693162624072,0.006873923290656018,-2.532235800198279,0.030810789374680243,-3.6048918581547724,0.02845714498589086,Natan Pereira BTS coral series 16.xlsx,2026-03-14 14:13:20.816,739689.0,669.0,1068.0,54.0,636.0,2.3035487375803942,BTS,,103,OK,16.0,15.0,15.0,0.0,0.0,3.1148111090968675,-0.8112623715164733,-1.5518893735492971
34.0,GIRMS\IRMS-operator,2026-03-14 14:48:00.600,2026-03-14 16:00:24.973,Success,False,BTS,104,34.0,2,18.0,True,Unknown,,"0.001 V, 0.001 V, 0.001 V",40 µbar,72 °C,,2.058 V,9.5199 kV,42 µbar,Carbon Dioxide: 0.0199 kV,692 µbar,3.197 V,2.196 V,430 µbar/min,3.197 V,6.00E-008 mbar,100 %,599 µbar,µ-Volume,1.923 V,Pre,1.9798711981460326,2.149014911880163,3.4646917467240175,2.828516380334861,4.626102806717975,3.24394562066154,-2.2644446079674863,-3.093206160662665,-2.2927361044883683,0.03312345585836893,0.008552439527219957,-3.1127350202286923,0.03585069548623263,0.009256609771208827,-2.3014057724982515,0.04121910985053492,-3.1065526667082883,0.04601424973949603,Natan Pereira BTS coral series 16.xlsx,2026-03-14 14:48:00.600,739689.0,430.0,692.0,42.0,599.0,1.9280255237804862,BTS,,104,OK,16.0,15.0,15.0,0.0,0.0,3.109112284983825,-1.1810867612033389,-1.8944882233271376
35.0,GIRMS\IRMS-operator,2026-03-14 15:32:06.041,2026-03-14 16:35:38.649,Success,False,BTS,105,35.0,1,19.0,True,Unknown,,"0.001 V, 0.001 V, 0.001 V",42 µbar,72 °C,,3.438 V,9.5198 kV,54 µbar,Carbon Dioxide: 0.0198 kV,"1,085 µbar",3.433 V,3.708 V,669 µbar/min,3.171 V,6.12E-008 mbar,71 %,706 µbar,µ-Volume,,Pre,3.307588297923617,3.58694297793659,3.690316231839952,4.723384415983791,4.927172696470852,3.45512069080809,-3.1683498134406074,-3.486730210225719,-3.178202361366879,0.016823753498186225,0.004205938374546556,-3.4604551252123623,0.02101276142925172,0.00525319035731293,-3.1788591978952976,0.01720057310610942,-3.458703452878139,0.020505463925645583,Natan Pereira BTS coral series 16.xlsx,2026-03-14 15:32:06.041,739689.0,669.0,1085.0,54.0,706.0,3.2178984653025173,BTS,,105,OK,16.0,15.0,15.0,0.0,0.0,3.3146961314774077,-0.09679766617489038,-0.2430676923609172
36.0,GIRMS\IRMS-operator,2026-03-14 16:00:25.184,2026-03-14 17:13:27.268,Success,False,SHP2L,,36.0,2,19.0,True,QC Standard,SHP2L,"0.001 V, 0.001 V, 0.001 V",40 µbar,72 °C,,10.469 V,9.5197 kV,47 µbar,Carbon Dioxide: 0.0197 kV,828 µbar,9.582 V,11.843 V,249 µbar/min,3.403 V,1.02E-007 mbar,17 %,858 µbar,µ-Volume,,Pre,9.378565343164018,10.190697913972686,10.281133061258146,13.35648323660022,13.730159655858337,9.629381688378864,-0.8480406187956202,-6.086300289229407,-0.8949918182048975,0.028311597422234533,0.007077899355558633,-6.104576169503085,0.015796555094310043,0.003949138773577511,-0.8981218981655158,0.02628391971014715,-6.10579456152133,0.015553346691499926,Natan Pereira BTS coral series 16.xlsx,2026-03-14 16:00:25.184,739689.0,249.0,828.0,47.0,858.0,9.061653228176091,SHP2L,,,OK,16.0,15.0,15.0,0.0,0.0,9.146217237304652,-0.08456400912856132,-0.21671313107717755
37.0,GIRMS\IRMS-operator,2026-03-14 16:35:38.817,2026-03-14 17:54:41.379,Success,False,BTS,106,37.0,1,20.0,True,Unknown,,"0.001 V, 0.001 V, 0.001 V",42 µbar,72 °C,,1.357 V,9.5198 kV,52 µbar,Carbon Dioxide: 0.0198 kV,980 µbar,3.227 V,1.433 V,415 µbar/min,3.226 V,5.47E-008 mbar,100 %,516 µbar,µ-Volume,1.277 V,Pre,1.3061394890577656,1.4159957449439484,3.5109683209374856,1.8650095759632244,4.687514844843846,3.2871853208743875,-3.473964397007423,-3.591091995228779,-3.5435212260146827,0.033021056847691826,0.008526000216351921,-3.67868971510342,0.0664928073853248,0.0166232018463312,-3.542601586985391,0.035215745792680365,-3.684529563095063,0.0644396082800511,Natan Pereira BTS coral series 16.xlsx,2026-03-14 16:35:38.817,739689.0,415.0,980.0,52.0,516.0,1.2735507738429035,BTS,,106,OK,16.0,15.0,15.0,0.0,0.0,3.147949269036614,-1.8743984951937105,-1.9614814369159401
38.0,GIRMS\IRMS-operator,2026-03-14 17:13:27.433,2026-03-14 18:26:37.336,Success,False,BTS,107,38.0,2,20.0,True,Unknown,,"0.001 V, 0.001 V, 0.001 V",45 µbar,72 °C,,2.543 V,9.5196 kV,47 µbar,Carbon Dioxide: 0.0196 kV,728 µbar,3.204 V,2.736 V,190 µbar/min,3.204 V,5.52E-008 mbar,99 %,640 µbar,µ-Volume,2.359 V,Pre,2.444448955015518,2.6507083000045384,3.4961137850534145,3.491523766299563,4.667691128300252,3.2731472324889683,-3.259842357699716,-3.290096993134095,-3.289581109728407,0.027332435794480598,0.0068331089486201495,-3.267666287754829,0.03461575033185639,0.008653937582964098,-3.2915636931969865,0.02707473488396615,-3.266170907396211,0.03529171653670064,Natan Pereira BTS coral series 16.xlsx,2026-03-14 17:13:27.433,739689.0,190.0,728.0,47.0,640.0,2.378532879951989,BTS,,107,OK,16.0,15.0,15.0,0.0,0.0,3.138556473403442,-0.7600235934514532,-1.4898413451812191
39.0,GIRMS\IRMS-operator,2026-03-14 17:54:41.546,2026-03-14 18:19:56.749,Error,False,BTS,108,39.0,1,21.0,True,Unknown,,"0.001 V, 0.001 V, 0.001 V",42 µbar,72 °C,,,,,,,,,864 µbar/min,,,,,,,Pre,,,,,,,,,,,,,,,,,,,Natan Pereira BTS coral series 16.xlsx,2026-03-14 17:54:41.546,739689.0,864.0,,,,,BTS,,108,Failed Sample,0.0,0.0,0.0,0.0,0.0,,,
40.0,GIRMS\IRMS-operator,2026-03-16 11:39:29.806,2026-03-16 12:36:15.432,Success,False,BTS,109,40.0,2,21.0,True,Unknown,,"0.001 V, 0.001 V, 0.001 V",,72 °C,,0.001 V,9.5198 kV,49 µbar,Carbon Dioxide: 0.0198 kV,682 µbar,3.205 V,0.001 V,166 µbar/min,3.204 V,5.41E-008 mbar,100 %,47 µbar,µ-Volume,0.003 V,Pre,0.0018323144377912401,0.001985158079688404,3.4280738701985096,0.002666306872850953,4.577256930244215,3.2096156503641757,-4.076917140914849,15.38775821463334,-5.142044186367761,3.7515907451917307,0.9378976862979327,20.195862001989457,7.6225970186455,1.905649254661375,,,,,Natan Pereira BTS coral series 16.xlsx,2026-03-16 11:39:29.806,739691.0,166.0,682.0,49.0,47.0,0.0016049247623145112,BTS,,109,Failed Sample,16.0,15.0,15.0,0.0,0.0,3.0667698529751304,-3.0651649282128157,-0.004149168540503447
41.0,GIRMS\IRMS-operator,2026-03-16 12:07:44.373,2026-03-16 13:06:07.696,Success,False,SHP2L,,41.0,1,22.0,True,QC Standard,SHP2L,"0.001 V, 0.001 V, 0.001 V",25 µbar,72 °C,,0.001 V,9.5198 kV,45 µbar,Carbon Dioxide: 0.0198 kV,"1,043 µbar",3.182 V,0.001 V,747 µbar/min,3.180 V,5.41E-008 mbar,100 %,35 µbar,µ-Volume,0.003 V,Pre,0.0017169554264059458,0.0018683622253577712,3.433267374331603,0.00251202266618327,4.584229243286319,3.214433193633663,0.28625838467499776,20.891483220049523,-0.3886381045671441,5.28415174845797,1.364362114707368,20.425367060825252,6.646258947579774,1.6615647368949436,,,,,Natan Pereira BTS coral series 16.xlsx,2026-03-16 12:07:44.373,739691.0,747.0,1043.0,45.0,35.0,0.0014804569740753666,SHP2L,,,Failed Sample,16.0,15.0,15.0,0.0,0.0,3.071109554168438,-3.0696290971943627,-0.0038275433687259583
42.0,GIRMS\IRMS-operator,2026-03-16 12:36:15.571,2026-03-16 13:39:26.319,Success,False,BTS,110,42.0,2,22.0,True,Unknown,,"0.001 V, 0.001 V, 0.001 V",25 µbar,72 °C,,0.001 V,9.5196 kV,40 µbar,Carbon Dioxide: 0.0196 kV,699 µbar,3.159 V,0.001 V,293 µbar/min,3.159 V,5.44E-008 mbar,100 %,40 µbar,µ-Volume,0.003 V,Pre,0.0018174309023557956,0.001976499003804179,3.4230358620877395,0.002639894577759605,4.570422109275157,3.204757400104158,-0.35406235323154345,13.54659360969479,2.179969076433614,4.347093215915243,1.0867733039788108,10.07687878299602,4.0110483435465545,1.0356482290259101,,,,,Natan Pereira BTS coral series 16.xlsx,2026-03-16 12:36:15.571,739691.0,293.0,699.0,40.0,40.0,0.0015881240587186768,BTS,,110,Failed Sample,16.0,15.0,15.0,0.0,0.0,3.062000113229692,-3.0604119891709733,-0.004105753326877679
43.0,GIRMS\IRMS-operator,2026-03-16 13:06:07.946,2026-03-16 13:23:11.041,Error,False,BTS,111,43.0,1,23.0,True,Unknown,,"0.001 V, 0.001 V, 0.001 V",15 µbar,72 °C,,,,,,,,,,,,,,,,Pre,,,,,,,,,,,,,,,,,,,Natan Pereira BTS coral series 16.xlsx,2026-03-16 13:06:07.946,739691.0,,,,,,BTS,,111,Failed Sample,0.0,0.0,0.0,0.0,0.0,,,
1.0,GIRMS\IRMS-operator,2026-03-18 18:27:11.176,2026-03-18 18:27:11.260,,False,,,,,2.0,True,,,,,,,,,,,,,,,,,,,,,,,,,,,,,,,,,,,,,,,,Natan Pereira BTS coral series 17.4.xlsx,,,,,,,,,,,OK,,,,,,,,
2.0,GIRMS\IRMS-operator,2026-03-18 19:23:49.597,2026-03-18 20:23:31.342,Running,False,SHP2L,,2.0,2,2.0,True,Unknown,,"0.001 V, 0.001 V, 0.002 V",-2 µbar,72 °C,,30.698 V,9.5184 kV,45 µbar,Carbon Dioxide: 0.0184 kV,968 µbar,12.604 V,37.728 V,752 µbar/min,3.329 V,1.21E-007 mbar,10 %,797 µbar,µ-Volume,27.027 V,Pre,29.51387479485014,32.01717951185012,13.545968316858055,42.05366770777053,18.106309576361834,12.686738516697677,-2.5445586699862632,-6.512843617408115,-2.1872783898357406,0.23143728186998,0.057859320467495,-6.384069596406997,0.051635387107015034,0.01333219962269616,-2.163459704492373,0.21831973381679992,-6.384069596406999,0.05163538710701568,Natan Pereira BTS coral series 17.4.xlsx,2026-03-18 19:23:49.597,739693.0,752.0,968.0,45.0,797.0,28.048151876339706,SHP2L,,,OK,16.0,15.0,15.0,0.0,0.0,12.015175948423241,16.032975927916464,92.69584006689313
3.0,GIRMS\IRMS-operator,2026-03-18 19:55:06.465,2026-03-18 20:53:00.208,Running,False,SHP2L,,3.0,1,3.0,True,Unknown,,"0.002 V, 0.002 V, 0.002 V",8 µbar,72 °C,,48.525 V,9.5182 kV,32 µbar,Carbon Dioxide: 0.0182 kV,35 µbar,12.234 V,49.039 V,24 µbar/min,12.255 V,1.19E-007 mbar,10 %,833 µbar,µ-Volume,40.345 V,Pre,40.6540185213089,44.070422649383545,13.15683126449585,49.03013951685947,17.58539624121707,12.322068214416502,-3.278117763008903,-159.09139375572013,-2.797260017640837,0.32490151452603605,0.08122537863150901,-17.81303594791117,29.840174066128746,7.704699813736473,-2.7652028346162982,0.30900483076288454,-6.588261724973074,0.07448073038452295,Natan Pereira BTS coral series 17.4.xlsx,2026-03-18 19:55:06.465,739693.0,24.0,35.0,32.0,833.0,38.49688172340394,SHP2L,,,Partially Saturated Collectors,16.0,15.0,12.0,0.0,3.0,11.6768479347229,26.820033788681037,218.99350651877634
4.0,GIRMS\IRMS-operator,2026-03-18 20:23:31.416,2026-03-18 21:25:01.278,Running,False,SHP2L,,4.0,2,3.0,True,Unknown,,"0.002 V, 0.002 V, 0.002 V",40 µbar,72 °C,,14.015 V,9.5182 kV,118 µbar,Carbon Dioxide: 0.0182 kV,"1,185 µbar",11.878 V,16.190 V,"1,353 µbar/min",11.898 V,1.14E-007 mbar,10 %,863 µbar,µ-Volume,12.943 V,Pre,13.702353619057902,14.885091936994883,12.781584418226572,19.532267112452107,17.083738107401448,11.970662880744559,-1.1894990497349767,-6.084679637468726,-1.1955992419170962,0.03373286101987336,0.00843321525496834,-6.107162055795321,0.017667712786830575,0.004561783825931376,-1.196005921395904,0.034876205069968816,-6.105068067654318,0.021881524663900517,Natan Pereira BTS coral series 17.4.xlsx,2026-03-18 20:23:31.416,739693.0,1353.0,1185.0,118.0,863.0,13.191230731269606,SHP2L,,,OK,16.0,15.0,15.0,0.0,0.0,11.348402284104592,1.8428284471650134,5.305269992411436
5.0,GIRMS\IRMS-operator,2026-03-18 20:53:00.308,2026-03-18 22:00:09.726,Running,False,SHP2L,,5.0,1,4.0,True,Unknown,,"0.002 V, 0.002 V, 0.002 V",32 µbar,72 °C,,14.703 V,9.5182 kV,42 µbar,Carbon Dioxide: 0.0182 kV,45 µbar,11.519 V,16.984 V,181 µbar/min,11.539 V,1.13E-007 mbar,10 %,826 µbar,µ-Volume,13.637 V,Pre,14.41896823239963,15.66419148980047,12.398679118213872,20.552945192007257,16.571176107076834,11.611649068123507,-1.1733895559525864,-6.136039311886443,-1.128656290362377,0.03857888183499387,0.009961024457482339,-6.103943253655015,0.017960227176817153,0.004490056794204288,-1.118359980721436,0.045733649290967356,-6.101803516439586,0.016343876790016774,Natan Pereira BTS coral series 17.4.xlsx,2026-03-18 20:53:00.308,739693.0,181.0,45.0,42.0,826.0,13.890096219307587,SHP2L,,,OK,16.0,15.0,15.0,0.0,0.0,11.012268680706407,2.8778275386011796,8.99011419071222
6.0,GIRMS\IRMS-operator,2026-03-18 21:25:01.408,2026-03-18 22:42:29.428,Running,False,SHP2L,,6.0,2,4.0,True,QC Standard,SHP2L,"0.001 V, 0.001 V, 0.001 V",42 µbar,72 °C,,9.850 V,9.5184 kV,54 µbar,Carbon Dioxide: 0.0184 kV,"1,092 µbar",9.057 V,11.229 V,679 µbar/min,3.333 V,9.77E-008 mbar,20 %,826 µbar,µ-Volume,,Pre,8.86856177645359,9.640407592370785,9.728523303786634,12.642815155531858,12.999489349867794,9.107838657520123,-0.8810865227294462,-6.097329791088679,-0.900939723314382,0.014966772826299856,0.0040000382929780256,-6.0836317383625715,0.01887272324650062,0.004872916188751898,-0.9015825178301682,0.024132984930763386,-6.079083207327943,0.023086875183764892,Natan Pereira BTS coral series 17.4.xlsx,2026-03-18 21:25:01.408,739693.0,679.0,1092.0,54.0,826.0,8.568401721141646,SHP2L,,,OK,16.0,15.0,15.0,0.0,0.0,8.667419937274763,-0.09901821613311768,-0.24243597649314322
7.0,GIRMS\IRMS-operator,2026-03-18 22:00:09.872,2026-03-18 23:13:58.071,Running,False,SHP2L,,7.0,1,5.0,True,Unknown,,"0.002 V, 0.002 V, 0.002 V",32 µbar,72 °C,,7.809 V,9.5183 kV,35 µbar,Carbon Dioxide: 0.0183 kV,42 µbar,7.343 V,8.786 V,225 µbar/min,8.863 V,8.77E-008 mbar,27 %,748 µbar,µ-Volume,,Pre,7.196375399695345,7.824307940191106,7.9025906261039,10.259538888931274,10.557611170067217,7.397161013814493,-0.8294973108304848,-6.0136878518762815,-0.8329544586334138,0.01773500809301774,0.0047398802882668185,-6.0488627437968345,0.024652046535254633,0.006365131045398096,-0.8333479452233764,0.03651319731142456,-6.056136311213534,0.02920704852208199,Natan Pereira BTS coral series 17.4.xlsx,2026-03-18 22:00:09.872,739693.0,225.0,42.0,35.0,748.0,6.975741675988085,SHP2L,,,OK,16.0,15.0,15.0,0.0,0.0,7.0579436122044985,-0.08220193621641325,-0.20121772804386742
8.0,GIRMS\IRMS-operator,2026-03-18 22:42:29.547,2026-03-18 23:44:42.602,Running,False,BTS,119,8.0,2,5.0,True,Unknown,,"0.002 V, 0.002 V, 0.002 V",45 µbar,72 °C,,48.535 V,9.5184 kV,67 µbar,Carbon Dioxide: 0.0184 kV,"1,117 µbar",11.990 V,49.043 V,650 µbar/min,7.216 V,1.16E-007 mbar,10 %,963 µbar,µ-Volume,48.529 V,Pre,45.83850694330474,49.00355684914314,12.898132683417428,49.01757836341858,17.23770797252655,12.07952392729064,-17.081550620670626,-254.33056302564893,-3.0167275382780554,0.3550704982156221,0.09167880842124497,-41.78104626332289,66.25592262520239,17.107205661001068,-3.016727538278056,0.35507049821562225,-6.578393999633237,0.06992989460084573,Natan Pereira BTS coral series 17.4.xlsx,2026-03-18 22:42:29.547,739693.0,650.0,1117.0,67.0,963.0,43.21424854429504,BTS,,119,Partially Saturated Collectors,16.0,15.0,10.0,0.0,5.0,11.450382000525199,31.76386654376984,296.90146543169453
9.0,GIRMS\IRMS-operator,2026-03-18 23:13:58.222,2026-03-19 00:20:44.435,Running,False,BTS,120,9.0,1,6.0,True,Unknown,,"0.002 V, 0.002 V, 0.002 V",40 µbar,72 °C,,2.811 V,9.5183 kV,42 µbar,Carbon Dioxide: 0.0183 kV,52 µbar,3.106 V,3.073 V,98 µbar/min,11.652 V,6.06E-008 mbar,93 %,623 µbar,µ-Volume,2.520 V,Pre,2.6162215812880203,2.8377283107802738,3.397495733261595,3.7382080131874442,4.5373247169555695,3.1787756295241785,-3.557998083960179,-3.8388085003059347,-3.485108039354282,0.02592339081669562,0.006693390727352561,-3.7967235833087987,0.03139524272615147,0.007848810681537867,-3.4851080393542824,0.025923390816695643,-3.7939179221756567,0.03034998556476865,Natan Pereira BTS coral series 17.4.xlsx,2026-03-18 23:13:58.222,739693.0,98.0,52.0,42.0,623.0,2.548239769582034,BTS,,120,OK,16.0,15.0,15.0,0.0,0.0,3.053639187981278,-0.5053994183992443,-1.044550149189006
10.0,GIRMS\IRMS-operator,2026-03-18 23:44:42.802,2026-03-19 01:02:40.662,Running,False,BTS,121,10.0,2,6.0,True,Unknown,,"0.001 V, 0.001 V, 0.001 V",45 µbar,72 °C,,1.806 V,9.5185 kV,62 µbar,Carbon Dioxide: 0.0185 kV,"1,126 µbar",3.318 V,1.958 V,845 µbar/min,3.320 V,6.18E-008 mbar,100 %,550 µbar,µ-Volume,1.696 V,Pre,1.7546268689729478,1.903945530532846,3.623459953715203,2.506753577021358,4.839811902691263,3.3906169091112814,-3.1165776904398257,-4.018528678112254,-3.105616118679926,0.030225562092285774,0.007556390523071443,-3.9831349338803532,0.03499051329965539,0.009034511685654298,-3.1048853472292657,0.03113978002236208,-3.9877970826535547,0.04363445057655174,Natan Pereira BTS coral series 17.4.xlsx,2026-03-18 23:44:42.802,739693.0,845.0,1126.0,62.0,550.0,1.7093956497377385,BTS,,121,OK,16.0,15.0,15.0,0.0,0.0,3.254975793565182,-1.5455801438274435,-2.010288320955096
11.0,GIRMS\IRMS-operator,2026-03-19 00:20:44.575,2026-03-19 01:33:34.497,Running,False,SHP2L,,11.0,1,7.0,True,QC Standard,SHP2L,"0.001 V, 0.001 V, 0.002 V",30 µbar,72 °C,,5.639 V,9.5185 kV,37 µbar,Carbon Dioxide: 0.0185 kV,40 µbar,5.410 V,6.303 V,210 µbar/min,3.292 V,7.53E-008 mbar,42 %,694 µbar,µ-Volume,,Pre,5.344351902911338,5.811295646079082,5.8422481596570535,7.619488036226374,7.804463894906141,5.467975451792141,-0.8442688480491123,-6.007587139162496,-0.8466162606023767,0.019893147008526794,0.005136388471178677,-6.032323324754563,0.026825557232078766,0.0067063893080196915,-0.8511245238139139,0.02603702222618966,-6.033972403794034,0.02691453007651059,Natan Pereira BTS coral series 17.4.xlsx,2026-03-19 00:20:44.575,739694.0,210.0,40.0,37.0,694.0,5.189428576881547,SHP2L,,,OK,16.0,15.0,15.0,0.0,0.0,5.231390166768041,-0.04196158988649401,-0.10309232895136118
12.0,GIRMS\IRMS-operator,2026-03-19 01:02:40.828,2026-03-19 02:03:44.694,Running,False,BTS,122,12.0,2,7.0,True,Unknown,,"0.001 V, 0.001 V, 0.002 V",42 µbar,72 °C,,5.363 V,9.5186 kV,59 µbar,Carbon Dioxide: 0.0186 kV,"1,119 µbar",5.339 V,5.984 V,762 µbar/min,5.339 V,7.49E-008 mbar,42 %,763 µbar,µ-Volume,,Pre,5.5056252591320165,5.975711274684113,5.771708589932987,7.866246984730559,7.710142420063812,5.401913177222838,-2.679162439215621,-3.8708534773299608,-2.6635630232475016,0.02190878110191035,0.005477195275477588,-3.8370738586958884,0.02717835093837269,0.006794587734593172,-2.6625230621829608,0.022265212739653796,-3.834821884120284,0.026542160422536494,Natan Pereira BTS coral series 17.4.xlsx,2026-03-19 01:02:40.828,739694.0,762.0,1119.0,59.0,763.0,5.340430986137021,BTS,,122,OK,16.0,15.0,15.0,0.0,0.0,5.169455062598814,0.17097592353820712,0.4374601420399012
13.0,GIRMS\IRMS-operator,2026-03-19 01:33:34.701,2026-03-19 02:40:44.742,Running,False,BTS,123,13.0,1,8.0,True,Unknown,,"0.001 V, 0.001 V, 0.002 V",35 µbar,72 °C,,3.692 V,9.5187 kV,40 µbar,Carbon Dioxide: 0.0187 kV,45 µbar,3.490 V,4.076 V,98 µbar/min,5.270 V,6.21E-008 mbar,70 %,660 µbar,µ-Volume,,Pre,3.464639794802727,3.762776114714461,3.8056589554246076,4.951545266885627,5.083281106791378,3.561370704534325,-2.155610536169972,-3.637298638965114,-2.148895894438926,0.013266586962673377,0.0034254180244964283,-3.6270112581962213,0.03327792675927948,0.00831948168981987,-2.14510755354708,0.018351202119662142,-3.626325432811627,0.03432868499726795,Natan Pereira BTS coral series 17.4.xlsx,2026-03-19 01:33:34.701,739694.0,98.0,45.0,40.0,660.0,3.3702449010197313,BTS,,123,OK,16.0,15.0,15.0,0.0,0.0,3.4194410187487687,-0.049196117729037425,-0.12009064130195621
14.0,GIRMS\IRMS-operator,2026-03-19 02:03:44.793,2026-03-19 03:22:20.964,Running,False,BTS,124,14.0,2,8.0,True,Unknown,,"0.001 V, 0.001 V, 0.001 V",42 µbar,72 °C,,3.494 V,9.5186 kV,59 µbar,Carbon Dioxide: 0.0186 kV,"1,119 µbar",3.488 V,3.861 V,816 µbar/min,3.322 V,6.12E-008 mbar,73 %,675 µbar,µ-Volume,,Pre,3.4151219373190673,3.708794713020325,3.8022614892426776,4.88043903898779,5.078957440728568,3.558269824832475,-2.209220095261921,-3.6952536360099764,-2.197526952574795,0.02036884619783807,0.005259213473712473,-3.6600472372631736,0.034683736833694356,0.008670934208423589,-2.201162164286193,0.02653672723445201,-3.657700144013387,0.03456081678687978,Natan Pereira BTS coral series 17.4.xlsx,2026-03-19 02:03:44.793,739694.0,816.0,1119.0,59.0,675.0,3.318990849699018,BTS,,124,OK,16.0,15.0,15.0,0.0,0.0,3.4163252346172315,-0.09733438491821333,-0.2341990470851768
15.0,GIRMS\IRMS-operator,2026-03-19 02:40:44.909,2026-03-19 03:52:18.685,Running,False,BTS,125,15.0,1,9.0,True,Unknown,,"0.001 V, 0.001 V, 0.001 V",27 µbar,72 °C,,0.427 V,9.5187 kV,37 µbar,Carbon Dioxide: 0.0187 kV,18 µbar,3.287 V,0.448 V,225 µbar/min,3.456 V,5.94E-008 mbar,100 %,257 µbar,µ-Volume,0.414 V,Pre,0.4186689928046062,0.45546455282280507,3.5897012049520196,0.600356048734661,4.794921070817784,3.3593614458456287,-0.46904671218994665,-0.26976214348528593,-0.6362724824588718,0.10473912271983343,0.026184780679958358,-0.4823954159156943,0.15554380172661636,0.03888595043165409,-0.6474208671434667,0.09809816583534868,-0.49657096741105483,0.1499240310924421,Natan Pereira BTS coral series 17.4.xlsx,2026-03-19 02:40:44.909,739694.0,225.0,18.0,37.0,257.0,0.41055848269105516,BTS,,125,OK,16.0,15.0,15.0,0.0,0.0,3.22384318081919,-2.8132846981281348,-0.8873333290744696
16.0,GIRMS\IRMS-operator,2026-03-19 03:22:21.058,2026-03-19 04:25:58.666,Running,False,SHP2L,,16.0,2,9.0,True,QC Standard,SHP2L,"0.001 V, 0.001 V, 0.001 V",45 µbar,72 °C,,6.185 V,9.5188 kV,69 µbar,Carbon Dioxide: 0.0188 kV,"1,156 µbar",5.828 V,6.934 V,825 µbar/min,3.263 V,7.67E-008 mbar,38 %,789 µbar,µ-Volume,,Pre,5.760402450920548,6.263419985771179,6.285660946949669,8.211709280783168,8.3966773946824,5.883372687393126,-0.81867222175247,-6.0563097042144465,-0.8705668881600309,0.009698756552154998,0.002592101721135208,-6.0708565468969935,0.017184191956503923,0.004436939284371409,-0.8667540990301797,0.01747590631572332,-6.0685066949180095,0.02124553241204604,Natan Pereira BTS coral series 17.4.xlsx,2026-03-19 03:22:21.058,739694.0,825.0,1156.0,69.0,789.0,5.58511713378513,SHP2L,,,OK,16.0,15.0,15.0,0.0,0.0,5.626024035580918,-0.04090690179578793,-0.10057713941678421
17.0,GIRMS\IRMS-operator,2026-03-19 03:52:18.808,2026-03-19 04:59:57.226,Running,False,BTS,126,17.0,1,10.0,True,Unknown,,"0.001 V, 0.001 V, 0.002 V",35 µbar,72 °C,,0.028 V,9.5189 kV,45 µbar,Carbon Dioxide: 0.0189 kV,37 µbar,3.215 V,0.027 V,303 µbar/min,5.746 V,5.94E-008 mbar,100 %,49 µbar,µ-Volume,0.030 V,Pre,0.026934646062092272,0.028997493758237285,3.5138082295684483,0.037943546611703266,4.69384219315677,3.288375263927698,-10.842763351617934,-17.93119516615238,-10.816652901381154,0.353725257584526,0.0884313143961315,-16.645497470677746,0.7894934098226031,0.19737335245565077,,,,,Natan Pereira BTS coral series 17.4.xlsx,2026-03-19 03:52:18.808,739694.0,303.0,37.0,45.0,49.0,0.02633860927756291,BTS,,126,Failed Sample,16.0,15.0,15.0,0.0,0.0,3.1550247724039555,-3.1286861631263925,-0.06468804950475056
18.0,GIRMS\IRMS-operator,2026-03-19 04:25:58.824,2026-03-19 05:40:07.869,Running,False,BTS,127,18.0,2,10.0,True,Unknown,,"0.001 V, 0.001 V, 0.001 V",47 µbar,72 °C,,3.688 V,9.5189 kV,54 µbar,Carbon Dioxide: 0.0189 kV,"1,100 µbar",3.677 V,4.076 V,669 µbar/min,3.334 V,6.30E-008 mbar,69 %,684 µbar,µ-Volume,,Pre,3.59859280550692,3.906553472236325,4.003553537174789,5.143959172953991,5.348075278987317,3.746639751697049,-2.5887287229097167,-3.4957222760085838,-2.586241648511556,0.017273909349604828,0.004460104215661073,-3.474226104180776,0.019216066362890645,0.0051357097608177174,-2.5918835744191444,0.02838883932149094,-3.4730545613055255,0.027840019998484823,Natan Pereira BTS coral series 17.4.xlsx,2026-03-19 04:25:58.824,739694.0,669.0,1100.0,54.0,684.0,3.496244103791053,BTS,,127,OK,16.0,15.0,15.0,0.0,0.0,3.5957356922869543,-0.09949158849590134,-0.2395920147291075
19.0,GIRMS\IRMS-operator,2026-03-19 04:59:57.404,2026-03-19 06:13:27.643,Running,False,BTS,128,19.0,1,11.0,True,Unknown,,"0.001 V, 0.001 V, 0.001 V",30 µbar,72 °C,,0.011 V,9.5190 kV,35 µbar,Carbon Dioxide: 0.0190 kV,32 µbar,3.302 V,0.012 V,576 µbar/min,3.644 V,6.03E-008 mbar,100 %,25 µbar,µ-Volume,0.014 V,Pre,0.012130979367146666,0.013088725941926041,3.605856442861579,0.017341851026535095,4.816744576685696,3.3743582982302716,-8.697716316822145,-3.431281662111929,-7.809134756811093,1.3987753566106784,0.3496938391526696,-4.33030992342968,0.8752568940973695,0.22599035829948938,,,,,Natan Pereira BTS coral series 17.4.xlsx,2026-03-19 04:59:57.404,739694.0,576.0,32.0,35.0,25.0,0.011783359766963486,BTS,,128,Failed Sample,16.0,15.0,15.0,0.0,0.0,3.237688804527301,-3.2259054447603375,-0.02907753963216967
20.0,GIRMS\IRMS-operator,2026-03-19 05:40:08.046,2026-03-19 06:45:36.532,Running,False,BTS,129,20.0,2,11.0,True,Unknown,,"0.001 V, 0.001 V, 0.001 V",45 µbar,72 °C,,3.039 V,9.5189 kV,59 µbar,Carbon Dioxide: 0.0189 kV,"1,102 µbar",3.277 V,3.339 V,611 µbar/min,3.278 V,6.00E-008 mbar,84 %,672 µbar,µ-Volume,2.857 V,Pre,2.9660378474106386,3.216878613595238,3.578343172332125,4.239278442059883,4.779688782328859,3.3486575402391856,-3.535622198255095,-3.565718212974245,-3.5642841534693734,0.024750662585157523,0.006390593599994273,-3.5501851101850948,0.029986342525027274,0.007496585631256819,-3.571254494961806,0.030220398050427897,-3.5491495699991518,0.030741257335582466,Natan Pereira BTS coral series 17.4.xlsx,2026-03-19 05:40:08.046,739694.0,611.0,1102.0,59.0,672.0,2.8837869011450983,BTS,,129,OK,16.0,15.0,15.0,0.0,0.0,3.2162496196825314,-0.33246271853743314,-0.7382923313128197
21.0,GIRMS\IRMS-operator,2026-03-19 06:13:27.744,2026-03-19 07:22:09.165,Running,False,SHP2L,,21.0,1,12.0,True,QC Standard,SHP2L,"0.001 V, 0.001 V, 0.001 V",37 µbar,72 °C,,9.050 V,9.5189 kV,42 µbar,Carbon Dioxide: 0.0189 kV,47 µbar,8.441 V,10.265 V,88 µbar/min,3.250 V,9.21E-008 mbar,21 %,789 µbar,µ-Volume,,Pre,8.275764590396733,8.998676572405367,9.073137674891024,11.796167747754932,12.122354166288257,8.493977194919438,-0.6200419106685562,-6.147751432730164,-0.6731944564765946,0.029070076014834505,0.007267519003708626,-6.167711893321297,0.017408063007876763,0.004494742541282406,-0.6767379595304639,0.02627125052539987,-6.172841979565994,0.02187192835985847,Natan Pereira BTS coral series 17.4.xlsx,2026-03-19 06:13:27.744,739694.0,88.0,47.0,42.0,789.0,8.012169831029937,SHP2L,,,OK,16.0,15.0,15.0,0.0,0.0,8.090602761401982,-0.07843293037204546,-0.19237104217788062
22.0,GIRMS\IRMS-operator,2026-03-19 06:45:36.651,2026-03-19 08:03:55.380,Running,False,BTS,130,22.0,2,12.0,True,Unknown,,"0.001 V, 0.001 V, 0.001 V",45 µbar,72 °C,,5.304 V,9.5189 kV,35 µbar,Carbon Dioxide: 0.0189 kV,57 µbar,5.116 V,5.926 V,88 µbar/min,3.326 V,7.34E-008 mbar,46 %,748 µbar,µ-Volume,,Pre,5.043401327906691,5.46913522155565,5.530891327230154,7.206707154822143,7.388441716742308,5.176314144547056,-3.601009722751347,-3.8010272744825047,-3.5916309476556365,0.020987512833042062,0.005418952512045757,-3.747814207774325,0.025828313176449375,0.0066688417862012005,-3.595976341193145,0.028478823258545366,-3.740062325538473,0.026163816736843273,Natan Pereira BTS coral series 17.4.xlsx,2026-03-19 06:45:36.651,739694.0,88.0,57.0,35.0,748.0,4.891414771427122,BTS,,130,OK,16.0,15.0,15.0,0.0,0.0,4.9552662471427595,-0.06385147571563721,-0.15610270338787852
23.0,GIRMS\IRMS-operator,2026-03-19 07:22:09.291,2026-03-19 08:33:57.140,Running,False,BTS,131,23.0,1,13.0,True,Unknown,,"0.001 V, 0.001 V, 0.002 V",32 µbar,72 °C,,4.837 V,9.5190 kV,40 µbar,Carbon Dioxide: 0.0190 kV,42 µbar,4.831 V,5.384 V,117 µbar/min,5.053 V,7.13E-008 mbar,48 %,682 µbar,µ-Volume,,Pre,4.762119072884175,5.163715245997076,5.230168958877905,6.804353735300709,6.98707953326316,4.894947897090697,-3.671517184017148,-3.8841670593083855,-3.689906304109887,0.019058677979180438,0.0049209294942730575,-3.8543849919177036,0.018541711364644362,0.0046354278411610906,-3.686601158343975,0.02563850919574316,-3.8523995207583246,0.017342810225015534,Natan Pereira BTS coral series 17.4.xlsx,2026-03-19 07:22:09.291,739694.0,117.0,42.0,40.0,682.0,4.629901195703958,BTS,,131,OK,16.0,15.0,15.0,0.0,0.0,4.688293841444884,-0.058392645740926064,-0.14281934651339825
24.0,GIRMS\IRMS-operator,2026-03-19 08:03:55.508,2026-03-19 09:06:02.934,Running,False,BTS,132,24.0,2,13.0,True,Unknown,,"0.001 V, 0.001 V, 0.002 V",47 µbar,72 °C,,4.218 V,9.5189 kV,42 µbar,Carbon Dioxide: 0.0189 kV,59 µbar,4.273 V,4.681 V,83 µbar/min,4.779 V,6.75E-008 mbar,55 %,733 µbar,µ-Volume,,Pre,2.0274956764159477,2.218783247802399,4.636876962958448,2.9206084002342654,6.1939135556973355,4.339537280125355,5.497988620506655,4.2672259697194015,2.93932199972946,6.911153651556895,1.7844521997040288,23.465005479536643,10.049357441494358,2.594732934066215,4.332324302245587,9.192850945438163,26.9052841381111,11.704521342024162,Natan Pereira BTS coral series 17.4.xlsx,2026-03-19 08:03:55.508,739694.0,83.0,59.0,42.0,733.0,0.1794667111186873,BTS,,132,OK,16.0,15.0,15.0,0.0,0.0,4.159750325113626,-3.9802836139949385,-0.4253071139806468
25.0,GIRMS\IRMS-operator,2026-03-19 08:33:57.313,2026-03-19 08:53:08.579,,False,,,,,14.0,True,,,,40 µbar,72 °C,,,,,,,,,,,,,,,,,,,,,,,,,,,,,,,,,,,Natan Pereira BTS coral series 17.4.xlsx,,,,,,,,,,,OK,,,,,,,,
26.0,GIRMS\IRMS-operator,2026-03-19 10:33:29.857,2026-03-19 11:35:01.577,Running,False,SHP2L,,26.0,2,14.0,True,QC Standard,SHP2L,"0.001 V, 0.001 V, 0.001 V",23 µbar,72 °C,,12.184 V,9.5189 kV,27 µbar,Carbon Dioxide: 0.0189 kV,45 µbar,11.116 V,14.049 V,137 µbar/min,3.334 V,1.11E-007 mbar,13 %,802 µbar,µ-Volume,,Pre,10.85800744987936,11.799819310222897,11.929292329767055,15.47652044533938,15.942628767482933,11.17167689300985,-0.863058610410028,-6.087200835171225,-0.9051647515901928,0.027361686579419776,0.006840421644854944,-6.110631491049026,0.027762084450139096,0.006940521112534774,-0.9079718276688704,0.02582745786989907,-6.112193534774213,0.02799924061648156,Natan Pereira BTS coral series 17.4.xlsx,2026-03-19 10:33:29.857,739694.0,137.0,45.0,27.0,802.0,10.470174927487085,SHP2L,,,OK,16.0,15.0,15.0,0.0,0.0,10.60087732574915,-0.1307023982620663,-0.3197184316779133
27.0,GIRMS\IRMS-operator,2026-03-19 11:05:50.181,2026-03-19 12:03:43.176,Running,False,BTS,134,27.0,1,15.0,True,Unknown,,"0.002 V, 0.002 V, 0.002 V",27 µbar,72 °C,,4.571 V,9.5186 kV,35 µbar,Carbon Dioxide: 0.0186 kV,49 µbar,4.282 V,5.074 V,88 µbar/min,10.839 V,6.85E-008 mbar,55 %,689 µbar,µ-Volume,,Pre,4.269254073378426,4.634429716339858,4.647562537615423,6.099121149136909,6.208078335876654,4.3495666290447295,-2.5773500083225986,-3.9682965858075514,-2.6027777306953035,0.02515027877697451,0.006287569694243628,-3.9366391752333985,0.02420827518496544,0.006250549775451828,-2.6044729121868166,0.025069010706151824,-3.938541449875111,0.02773743879846731,Natan Pereira BTS coral series 17.4.xlsx,2026-03-19 11:05:50.181,739694.0,88.0,49.0,35.0,689.0,4.14654756093158,BTS,,134,OK,16.0,15.0,15.0,0.0,0.0,4.170241941713501,-0.023694380781920543,-0.058350254079797124
28.0,GIRMS\IRMS-operator,2026-03-19 11:35:01.731,2026-03-19 12:36:55.945,Running,False,BTS,135,28.0,2,15.0,True,Unknown,,"0.001 V, 0.001 V, 0.002 V",42 µbar,72 °C,,4.610 V,9.5188 kV,491 µbar,Carbon Dioxide: 0.0188 kV,52 µbar,4.581 V,5.119 V,112 µbar/min,4.242 V,7.02E-008 mbar,50 %,770 µbar,µ-Volume,,Pre,4.525695548896644,4.909876553261946,4.964817029793021,6.4698434767052975,6.631863493337347,4.646250622177819,-3.2010429969090426,-3.3330679710116273,-3.2044131026311686,0.02264824110639382,0.005847750708396901,-3.355035920569571,0.029479227503706445,0.007369806875926611,-3.1987826542101714,0.032080106346409155,-3.356500450540101,0.029905337895397018,Natan Pereira BTS coral series 17.4.xlsx,2026-03-19 11:35:01.731,739694.0,112.0,52.0,491.0,770.0,4.39863358974816,BTS,,135,OK,16.0,15.0,15.0,0.0,0.0,4.452242412597424,-0.05360882284926394,-0.1311738433981745
29.0,GIRMS\IRMS-operator,2026-03-19 12:03:43.349,2026-03-19 13:09:57.839,Running,False,BTS,136,29.0,1,16.0,True,Unknown,,"0.001 V, 0.001 V, 0.002 V",47 µbar,72 °C,,2.789 V,9.5189 kV,35 µbar,Carbon Dioxide: 0.0189 kV,57 µbar,3.175 V,3.060 V,259 µbar/min,4.532 V,6.03E-008 mbar,85 %,640 µbar,µ-Volume,2.619 V,Pre,2.7183124142322543,2.9522926148167805,3.4696753392137496,3.883953324803263,4.634766699045292,3.246844771153287,-2.190756784465009,-3.92847550280806,-2.2153770011268534,0.0236546268907045,0.005913656722676125,-3.924403084519412,0.026147223439006113,0.006536805859751528,-2.21701834890431,0.02352286910601513,-3.924131589966835,0.027041593852857683,Natan Pereira BTS coral series 17.4.xlsx,2026-03-19 12:03:43.349,739694.0,259.0,57.0,35.0,640.0,2.646307070146427,BTS,,136,OK,16.0,15.0,15.0,0.0,0.0,3.118646629077707,-0.47233955893127977,-0.9926596695879202
30.0,GIRMS\IRMS-operator,2026-03-19 12:36:56.086,2026-03-19 13:56:41.619,Running,False,BTS,137,30.0,2,16.0,True,Unknown,,"0.001 V, 0.001 V, 0.001 V",32 µbar,72 °C,,4.156 V,9.5188 kV,37 µbar,Carbon Dioxide: 0.0188 kV,52 µbar,4.091 V,4.602 V,93 µbar/min,3.340 V,6.65E-008 mbar,60 %,684 µbar,µ-Volume,,Pre,4.0761846889107805,4.429790817440693,4.444210411605801,5.834008835683995,5.936066888700657,4.158951672170942,-1.546316893276889,-2.172995054122273,-1.5642203879207006,0.016309809556306856,0.004077452389076714,-2.1998584542357174,0.026448071209772953,0.006612017802443238,-1.5654139542302878,0.016142765270178754,-2.201649347576614,0.026353036299347696,Natan Pereira BTS coral series 17.4.xlsx,2026-03-19 12:36:56.086,739694.0,93.0,52.0,37.0,684.0,3.9634873142783027,BTS,,137,OK,16.0,15.0,15.0,0.0,0.0,3.988853348340352,-0.02536603406204918,-0.06242434050692436
31.0,GIRMS\IRMS-operator,2026-03-19 13:09:58.005,2026-03-19 14:23:50.477,Running,False,SHP2L,,31.0,1,17.0,True,QC Standard,SHP2L,"0.001 V, 0.001 V, 0.002 V",47 µbar,72 °C,,11.434 V,9.5189 kV,42 µbar,Carbon Dioxide: 0.0189 kV,57 µbar,10.520 V,13.092 V,166 µbar/min,4.054 V,1.06E-007 mbar,14 %,860 µbar,µ-Volume,,Pre,10.304516145546406,11.198720591033542,11.295011894668185,14.68672480086149,15.093928832805766,10.577307107636665,-0.8627453013396735,-6.131104071546711,-0.9189318075356537,0.028024876519884712,0.007235992002735517,-6.157656437700297,0.016793818691195655,0.004198454672798914,-0.9294505518097369,0.03433074754421318,-6.159426595443869,0.015762648364726434,Natan Pereira BTS coral series 17.4.xlsx,2026-03-19 13:09:58.005,739694.0,166.0,57.0,42.0,860.0,9.947767785626246,SHP2L,,,OK,16.0,15.0,15.0,0.0,0.0,10.047079088875984,-0.09931130324973836,-0.24353225359318903
32.0,GIRMS\IRMS-operator,2026-03-19 13:56:41.784,2026-03-19 14:59:44.958,Running,False,BTS,138,32.0,2,17.0,True,Unknown,,"0.002 V, 0.002 V, 0.002 V",37 µbar,72 °C,,2.987 V,9.5188 kV,37 µbar,Carbon Dioxide: 0.0188 kV,45 µbar,3.225 V,3.273 V,107 µbar/min,10.267 V,6.06E-008 mbar,90 %,621 µbar,µ-Volume,2.678 V,Pre,2.7844753723414706,3.0240882298494918,3.5230300591449346,3.978567800276544,4.705594068231814,3.2968652351939594,-2.180939987553976,-3.804873939790232,-2.1859921329159535,0.02723678896467713,0.006809197241169283,-3.8060659813981963,0.03050635841170379,0.0076265896029259475,-2.1863289426067523,0.028158244558108673,-3.8061454508387267,0.031575366595626826,Natan Pereira BTS coral series 17.4.xlsx,2026-03-19 13:56:41.784,739694.0,107.0,45.0,37.0,621.0,2.7110097940081284,BTS,,138,OK,16.0,15.0,15.0,0.0,0.0,3.1666846574923078,-0.4556748634841794,-0.9661695130260092
33.0,GIRMS\IRMS-operator,2026-03-19 14:23:50.685,2026-03-19 15:31:05.645,Running,False,BTS,139,33.0,1,18.0,True,Unknown,,"0.001 V, 0.001 V, 0.001 V",47 µbar,72 °C,,2.550 V,9.5190 kV,37 µbar,Carbon Dioxide: 0.0190 kV,57 µbar,3.201 V,2.796 V,112 µbar/min,3.202 V,6.03E-008 mbar,98 %,621 µbar,µ-Volume,2.398 V,Pre,2.4888175098118803,2.7024882691834677,3.498386411110185,3.5562293635252717,4.672915221646688,3.2736586759603865,-2.4097337665238694,-3.8890052103841555,-2.406897067604829,0.026753513814899595,0.006688378453724899,-3.8928112318989148,0.01727058142689585,0.0044592449497124495,-2.4067079543435606,0.027681445827639047,-3.8889978008083435,0.023398894488733037,Natan Pereira BTS coral series 17.4.xlsx,2026-03-19 14:23:50.685,739694.0,112.0,57.0,37.0,621.0,2.4215473860062975,BTS,,139,OK,16.0,15.0,15.0,0.0,0.0,3.144312619270045,-0.7227652332637473,-1.3785943546256998
34.0,GIRMS\IRMS-operator,2026-03-19 14:59:45.135,2026-03-19 16:16:49.268,Running,False,BTS,140,34.0,2,18.0,True,Unknown,,"0.001 V, 0.001 V, 0.001 V",35 µbar,72 °C,,9.559 V,9.5190 kV,37 µbar,Carbon Dioxide: 0.0190 kV,47 µbar,8.882 V,10.867 V,78 µbar/min,3.327 V,9.58E-008 mbar,20 %,777 µbar,µ-Volume,,Pre,8.701273937311152,9.440598871458759,9.541435029257526,12.432244623838068,12.748370191604463,8.932763476457575,-2.7558151411594123,-3.7642353998792455,-2.808037040766195,0.026173632856047412,0.006543408214011853,-3.7463870395741727,0.014012248626136613,0.0036179470381296572,-2.811518500739981,0.02293928414854939,-3.742918653756777,0.015624821386220763,Natan Pereira BTS coral series 17.4.xlsx,2026-03-19 14:59:45.135,739694.0,78.0,47.0,37.0,777.0,8.41783044452874,BTS,,140,OK,16.0,15.0,15.0,0.0,0.0,8.502775569047907,-0.08494512451916769,-0.20828111969005458
35.0,GIRMS\IRMS-operator,2026-03-19 15:31:05.779,2026-03-19 16:44:02.186,Running,False,BTS,141,35.0,1,19.0,True,Unknown,,"0.002 V, 0.002 V, 0.002 V",45 µbar,72 °C,,2.640 V,9.5189 kV,37 µbar,Carbon Dioxide: 0.0189 kV,57 µbar,3.258 V,2.888 V,117 µbar/min,8.715 V,6.09E-008 mbar,100 %,631 µbar,µ-Volume,2.353 V,Pre,2.4476696376782368,2.655238251501101,3.5576108805831095,3.4969285832808734,4.751888281042697,3.3292094047497125,-3.3344626899595164,-3.940688458240693,-3.3823660898622605,0.031108551949411672,0.007777137987352918,-3.9486103478878207,0.030369040664052178,0.0075922601660130444,-3.385559649855778,0.029360337632003637,-3.9491384738642967,0.031358798459507425,Natan Pereira BTS coral series 17.4.xlsx,2026-03-19 15:31:05.779,739694.0,117.0,57.0,37.0,631.0,2.3818485842940804,BTS,,141,OK,16.0,15.0,15.0,0.0,0.0,3.1973938585380375,-0.8155452742439571,-1.504658965998831
36.0,GIRMS\IRMS-operator,2026-03-19 16:16:49.478,2026-03-19 17:20:40.358,Running,False,SHP2L,,36.0,2,19.0,True,QC Standard,SHP2L,"0.001 V, 0.001 V, 0.001 V",35 µbar,72 °C,,16.546 V,9.5189 kV,40 µbar,Carbon Dioxide: 0.0189 kV,47 µbar,11.877 V,19.222 V,73 µbar/min,3.233 V,1.15E-007 mbar,10 %,826 µbar,µ-Volume,15.159 V,Pre,16.061122323575493,17.44436874829379,12.770381121264371,22.888858927768624,17.06682623772041,11.960233356061455,-1.3289466060952826,-6.206139514325915,-1.2906142149138597,0.04849914808923759,0.012124787022309397,-6.204018618321871,0.00984230415072444,0.002630466430602423,-1.2880587221684319,0.04907369103083824,-6.203425780626292,0.01597414038897997,Natan Pereira BTS coral series 17.4.xlsx,2026-03-19 16:16:49.478,739694.0,73.0,47.0,40.0,826.0,15.45397451073217,SHP2L,,,OK,16.0,15.0,15.0,0.0,0.0,11.33736481815862,4.116609692573549,13.897598178675352
37.0,GIRMS\IRMS-operator,2026-03-19 16:44:02.405,2026-03-19 17:53:57.041,Running,False,BTS,142,37.0,1,20.0,True,Unknown,,"0.002 V, 0.002 V, 0.002 V",47 µbar,72 °C,,2.634 V,9.5189 kV,42 µbar,Carbon Dioxide: 0.0189 kV,59 µbar,3.142 V,2.885 V,137 µbar/min,11.551 V,5.88E-008 mbar,100 %,643 µbar,µ-Volume,2.349 V,Pre,2.4438554901094216,2.65014165583688,3.43407021404375,3.4910916899715403,4.586974359048692,3.2136841638707465,-3.6657572557229345,-4.05824974897262,-3.671863162605652,0.02426521335965356,0.006265251148940531,-4.034246403872074,0.0256671575451398,0.006627231581120566,-3.65930932289534,0.05583045290966233,-4.028396702657555,0.029516170705300323,Natan Pereira BTS coral series 17.4.xlsx,2026-03-19 16:44:02.405,739694.0,137.0,59.0,42.0,643.0,2.3778854919945283,BTS,,142,OK,16.0,15.0,15.0,0.0,0.0,3.0872330305729543,-0.709347538578426,-1.3531706821349245
38.0,GIRMS\IRMS-operator,2026-03-19 17:20:40.503,2026-03-19 18:38:11.884,Running,False,BTS,143,38.0,2,20.0,True,Unknown,,"0.001 V, 0.001 V, 0.001 V",37 µbar,72 °C,,0.008 V,9.5190 kV,37 µbar,Carbon Dioxide: 0.0190 kV,37 µbar,3.334 V,0.008 V,459 µbar/min,3.335 V,6.03E-008 mbar,100 %,32 µbar,µ-Volume,0.010 V,Pre,0.008642063749217527,0.009287697362144624,3.6395170511474695,0.012294657227264054,4.861519504251627,3.405976757307405,-12.571834677377325,-8.179504711704034,-13.35885327295659,0.949058644960601,0.24504588843377234,-10.204059233022369,1.3731256574214634,0.35453952022956253,,,,,Natan Pereira BTS coral series 17.4.xlsx,2026-03-19 17:20:40.503,739694.0,459.0,37.0,37.0,32.0,0.008351818405349034,BTS,,143,Failed Sample,16.0,15.0,15.0,0.0,0.0,3.267410991512428,-3.259059173107079,-0.02063200867051562
39.0,GIRMS\IRMS-operator,2026-03-19 17:53:57.212,2026-03-19 19:04:22.717,Running,False,BTS,144,39.0,1,21.0,True,Unknown,,"0.001 V, 0.001 V, 0.001 V",45 µbar,72 °C,,4.325 V,9.5190 kV,40 µbar,Carbon Dioxide: 0.0190 kV,57 µbar,4.245 V,4.811 V,112 µbar/min,3.311 V,6.65E-008 mbar,57 %,723 µbar,µ-Volume,,Pre,4.23444286694745,4.59644437421784,4.607064030502173,6.049569564760547,6.1536753243302345,4.311595211077401,-2.6579423598175334,-3.914221821827324,-2.690854762789893,0.01814845855955043,0.004537114639887607,-3.920280780975142,0.019551193230097026,0.0050480963852432646,-2.6930489229880505,0.016442664163852014,-3.9174383977311322,0.023245221688782527,Natan Pereira BTS coral series 17.4.xlsx,2026-03-19 17:53:57.212,739694.0,112.0,57.0,40.0,723.0,4.111800441790292,BTS,,144,OK,16.0,15.0,15.0,0.0,0.0,4.134207367503159,-0.022406925712867398,-0.055194275276810374
40.0,GIRMS\IRMS-operator,2026-03-19 18:38:12.085,2026-03-19 19:41:36.900,Running,False,BTS,145,40.0,2,21.0,True,Unknown,,"0.001 V, 0.001 V, 0.001 V",35 µbar,72 °C,,2.225 V,9.5190 kV,40 µbar,Carbon Dioxide: 0.0190 kV,49 µbar,3.275 V,2.421 V,98 µbar/min,4.202 V,6.00E-008 mbar,100 %,565 µbar,µ-Volume,2.099 V,Pre,2.1691453869026356,2.3557336905901654,3.5768434317085815,3.099580725999311,4.776728187962103,3.346584525539872,-2.3299377051364534,-3.765471774153095,-2.4077917567148615,0.03481156607289013,0.008988307710380172,-3.7544303034084128,0.04063186251136878,0.010157965627842195,-2.4217740190540273,0.04256451177719993,-3.7536942053587676,0.041947400809871103,Natan Pereira BTS coral series 17.4.xlsx,2026-03-19 18:38:12.085,739694.0,98.0,49.0,40.0,565.0,2.113688358412388,BTS,,145,OK,16.0,15.0,15.0,0.0,0.0,3.213774398764414,-1.1000860403520258,-1.791943082322029
41.0,GIRMS\IRMS-operator,2026-03-19 19:04:22.859,2026-03-19 20:14:15.657,Running,False,SHP2L,,41.0,1,22.0,True,QC Standard,SHP2L,"0.001 V, 0.001 V, 0.001 V",45 µbar,72 °C,,0.056 V,9.5190 kV,35 µbar,Carbon Dioxide: 0.0190 kV,40 µbar,3.246 V,0.052 V,752 µbar/min,3.247 V,5.83E-008 mbar,100 %,81 µbar,µ-Volume,0.054 V,Pre,0.05131638843210948,0.05558619725405356,3.546905078571257,0.07270541417872715,4.737636829461456,3.3192566492480458,-4.792682267696247,-12.222311310977506,-4.130189266357657,0.4120923560986556,0.1030230890246639,-11.013945656348525,0.8106120957184577,0.20265302392961443,,,,,Natan Pereira BTS coral series 17.4.xlsx,2026-03-19 19:04:22.859,739694.0,752.0,40.0,35.0,81.0,0.05039690200739693,SHP2L,,,Failed Sample,16.0,15.0,15.0,0.0,0.0,3.185086849767226,-3.134689947759829,-0.12284263999444467
42.0,GIRMS\IRMS-operator,2026-03-19 19:41:37.058,2026-03-19 21:00:37.217,Running,False,BTS,146,42.0,2,22.0,True,Unknown,,"0.001 V, 0.001 V, 0.001 V",32 µbar,72 °C,,3.810 V,9.5190 kV,40 µbar,Carbon Dioxide: 0.0190 kV,49 µbar,3.781 V,4.213 V,93 µbar/min,3.331 V,6.24E-008 mbar,66 %,667 µbar,µ-Volume,,Pre,3.741592931548155,4.063567185629498,4.114748174811245,5.347000961467051,5.495977051887481,3.8508222808351644,-2.1260859970443358,-3.6266133410362,-2.1449471551742443,0.024676229242498935,0.0063713749935596555,-3.581657854699896,0.029813702081974473,0.007453425520493618,-2.1420065246451196,0.02928270288802017,-3.578660822277477,0.028255370760822723,Natan Pereira BTS coral series 17.4.xlsx,2026-03-19 19:41:37.058,739694.0,93.0,49.0,40.0,667.0,3.639289748504228,BTS,,146,OK,16.0,15.0,15.0,0.0,0.0,3.6950985456858265,-0.05580879718159837,-0.13613357825027542
43.0,GIRMS\IRMS-operator,2026-03-19 20:14:15.867,2026-03-19 21:26:15.207,Running,False,BTS,147,43.0,1,23.0,True,Unknown,,"0.001 V, 0.001 V, 0.001 V",47 µbar,72 °C,,3.860 V,9.5189 kV,42 µbar,Carbon Dioxide: 0.0189 kV,59 µbar,3.849 V,4.273 V,103 µbar/min,3.747 V,6.27E-008 mbar,64 %,711 µbar,µ-Volume,,Pre,3.778316545912944,4.102817254936741,4.185512579982323,5.398638747121034,5.590163371945559,3.9170906630753133,-2.2548818630598877,-3.70038294638253,-2.244162404159966,0.024189057493344115,0.006245587788811699,-3.713742518861515,0.03537719578193165,0.008844298945482913,-2.232664642266236,0.0479998098587265,-3.714633157026781,0.03643272959358912,Natan Pereira BTS coral series 17.4.xlsx,2026-03-19 20:14:15.867,739694.0,103.0,59.0,42.0,711.0,3.67023873298707,BTS,,147,OK,16.0,15.0,15.0,0.0,0.0,3.758069987827758,-0.0878312548406881,-0.21244696270401978
44.0,GIRMS\IRMS-operator,2026-03-19 21:00:37.423,2026-03-19 22:03:24.903,Running,False,BTS,148,44.0,2,23.0,True,Unknown,,"0.001 V, 0.001 V, 0.001 V",40 µbar,72 °C,,4.799 V,9.5191 kV,42 µbar,Carbon Dioxide: 0.0191 kV,52 µbar,4.689 V,5.325 V,68 µbar/min,3.809 V,6.85E-008 mbar,49 %,711 µbar,µ-Volume,,Pre,4.700006966622349,5.1014326939355,5.080436957813369,6.716664223155115,6.7853963305699505,4.754664425881383,-2.67587375921452,-3.5244542246640753,-2.6776770467899684,0.023277422751990746,0.006010204710739319,-3.539777584933283,0.025465719019492575,0.006366429754873144,-2.6823020380197056,0.02906586888528672,-3.5407991422845635,0.026017965793476042,Natan Pereira BTS coral series 17.4.xlsx,2026-03-19 21:00:37.423,739694.0,68.0,52.0,42.0,711.0,4.565042318088941,BTS,,148,OK,16.0,15.0,15.0,0.0,0.0,4.555709377382033,0.0093329407069076,0.023162172510152138
45.0,GIRMS\IRMS-operator,2026-03-19 21:26:15.394,2026-03-19 22:37:03.179,Running,False,BTS,149,45.0,1,24.0,True,Unknown,,"0.001 V, 0.001 V, 0.002 V",47 µbar,72 °C,,3.071 V,9.5191 kV,37 µbar,Carbon Dioxide: 0.0191 kV,57 µbar,3.229 V,3.380 V,88 µbar/min,4.639 V,5.74E-008 mbar,90 %,662 µbar,µ-Volume,2.758 V,Pre,2.860418498947148,3.10388666093895,3.5275369882583623,4.08789357547268,4.711361942030295,3.301301940764067,-2.9829855762942836,-3.5152071776940463,-2.9991617416529484,0.027838656961441274,0.007187910319496215,-3.489334897197072,0.028382326302297638,0.007328285139694899,-2.995408328029936,0.0334128403311534,-3.4829640263345225,0.03257562692585257,Natan Pereira BTS coral series 17.4.xlsx,2026-03-19 21:26:15.394,739694.0,88.0,57.0,37.0,662.0,2.7805750996705476,BTS,,149,OK,16.0,15.0,15.0,0.0,0.0,3.1706118780153365,-0.3900367783447889,-0.8471671288254343
46.0,GIRMS\IRMS-operator,2026-03-19 22:03:25.063,2026-03-19 23:20:35.152,Running,False,SHP2L,,46.0,2,24.0,True,QC Standard,SHP2L,"0.001 V, 0.001 V, 0.001 V",35 µbar,72 °C,,18.465 V,9.5193 kV,42 µbar,Carbon Dioxide: 0.0193 kV,49 µbar,12.253 V,21.600 V,83 µbar/min,3.338 V,1.15E-007 mbar,10 %,833 µbar,µ-Volume,16.825 V,Pre,17.884263056538572,19.420970328240344,13.169039137749621,25.484428765336588,17.59736335472257,12.333759325764651,-1.5143560942300072,-6.1655050956226365,-1.3901562952010962,0.09298696313308291,0.023246740783270728,-6.134930911611026,0.018248580496957784,0.004562145124239446,-1.3818763085991688,0.08993833877399275,-6.132892632676919,0.016898987520674768,Natan Pereira BTS coral series 17.4.xlsx,2026-03-19 22:03:25.063,739694.0,83.0,49.0,42.0,833.0,17.18334223630237,SHP2L,,,OK,16.0,15.0,15.0,0.0,0.0,11.683446130069656,5.499896106232713,20.03379169544717
