Index,User name,Start Time,Stop Time,Status,Mark To Pause,Label,Comment,Run ID,Line,Vial,Evaluate,Sample Type,Reference,Acquisition information Background Result,Kiel IV Initial Pressure,Kiel IV Acid Temperature,Linearity Correction Result,Pressure Adjust Target Intensity,High Voltage,Kiel IV Residual CO₂ Pressure,Peak Center Result,Kiel IV Non Condensable Pressure,Pressure Adjust Result Intensity,Initial Intensity from µ-Volume,Kiel IV Leak Rate,Pressure Adjust Initial Intensity,Ion Source Pressure,Pressure Adjust Bellow Position,Kiel IV CO₂ Sample Pressure,Measuring from,Pressure Adjust failed with Target Intensity,Cycle Number,Sample Intensities Sample Intensity 44.00 m/z,45.00 m/z,45.00 m/z__dup2,46.00 m/z,46.00 m/z__dup2,Standard Intensities Standard Intensity 44.00 m/z,"Molecule Deltas CO2 Brand, Assonov and Coplen d45CO2",d46CO2,"CO2 Brand, Assonov and Coplen (Avg.) d45CO2 Mean",d45CO2 SD,d45CO2 SE,d46CO2 Mean,d46CO2 SD,d46CO2 SE,d 13C/12C  Mean,d 13C/12C  Std Dev,d 18O/16O  Mean,d 18O/16O  Std Dev,Excel File,Date,Date_ordinal,leak_rate,p_gases,p_no_acid,total_co2,1  Cycle Int  Samp  44,Raw Identifier 1,Raw Label,Raw Comment,Identifier 1,Identifier 2,Species,Collector Status,Cycles Total,d13C Cycles Used,d18O Cycles Used,d13C Cycles Excluded,d18O Cycles Excluded,1  Cycle Int  Ref  44,1  Cycle Int  Diff Samp-Ref  44,1  Cycle Int  Samp  45,1  Cycle Int  Ref  45,1  Cycle Int  Diff Samp-Ref  45,1  Cycle Int  Samp  46,1  Cycle Int  Ref  46,1  Cycle Int  Diff Samp-Ref  46,1  Cycle Int  Pressure-Weighted Mismatch Samp-Ref  44,1  Cycle Int  Relative Mismatch Samp-Ref/Ref  44,1  Cycle Int  Symmetric Relative Mismatch Samp-Ref  44,1  Cycle Int  Mean Samp-Ref  44,Valid Cycles,Metrology consultation,IRMS cycle summary: d 13C/12C  Mean,IRMS cycle summary: d 18O/16O  Mean,IRMS cycle summary: d 13C/12C  Std Dev,IRMS cycle summary: d 18O/16O  Std Dev,IRMS cycle summary: 1  Cycle Int  Samp  44,IRMS cycle summary: 1  Cycle Int  Ref  44,IRMS cycle summary: 1  Cycle Int  Diff Samp-Ref 44,1  Cycle Int  Diff Samp-Ref 44
1.0,GIRMS\IRMS-operator,2026-01-26 16:06:20.121,2026-01-26 16:13:51.195,Error,False,SHP2L,<Comment>,1.0,1.0,2.0,True,QC Standard,SHP2L,"NA, NA, NA",23 µbar,72 °C,,,,,,,,,,,,,,,,Pre,,,,,,,,,,,,,,,,,,,4c0283d537ed__Natan Pereira BTS coral series 1.xlsx,2026-01-26 16:06:20.121,739642.0,,,,,,,SHP2L,<Comment>,SHP2L,<Comment>,,Failed Sample,0.0,0.0,0.0,0.0,0.0,,,,,,,,,,,,,0.0,True,,,,,,,,
2.0,GIRMS\IRMS-operator,2026-01-26 16:16:40.474,2026-01-26 17:06:22.498,Success,False,BTS,1003*,2.0,2.0,2.0,True,Unknown,,"0.001 V, 0.000 V, 0.001 V",,72 °C,,6.466 V,9.5210 kV,93 µbar,Carbon Dioxide: 0.0210 kV,550 µbar,6.109 V,7.328 V,220 µbar/min,2.261 V,7.87E-008 mbar,31 %,868 µbar,µ-Volume,,Pre,5.537903077302339,6.013251549884915,6.189555709017061,7.90427376197079,8.258653177482875,5.793785817323091,-2.107493826767892,-3.599755535206084,-2.146104913294492,0.0306717005569243,0.0108440837271622,-3.6028545924324806,0.012626081828257,0.0047722103643885,-2.1633057389940507,0.03335783174396704,-3.601893446778034,0.01265081001224537,4c0283d537ed__Natan Pereira BTS coral series 1.xlsx,2026-01-26 16:16:40.474,739642.0,220.0,550.0,93.0,868.0,5.030958554311521,,BTS,1003*,BTS,1003*,,OK,8.0,7.0,7.0,0.0,0.0,5.071908862212844,-0.1847651097310647,5.8460395676178125,5.949251062557339,-0.1032114949395266,7.68488396571377,7.938054694397243,-0.2531707286834725,-0.224190133881861,-0.0331782186267624,-0.0337379003435658,5.4764851353976205,7.0,True,-2.151620782798292,-3.596319901355576,0.0285233319346644,0.022485250240344,5.384102580532089,5.568867690263153,,-0.0409503079013227
3.0,GIRMS\IRMS-operator,2026-01-26 16:45:41.146,2026-01-26 17:33:40.384,Success,False,BTS,642*,3.0,1.0,3.0,True,Unknown,,"0.001 V, 0.001 V, 0.001 V",32 µbar,72 °C,,7.269 V,9.5209 kV,35 µbar,Carbon Dioxide: 0.0209 kV,69 µbar,7.321 V,8.161 V,44 µbar/min,6.000 V,8.77E-008 mbar,24 %,892 µbar,µ-Volume,,Pre,6.618458875976034,7.188129625006503,7.423403834721192,9.448108588149868,9.90678620601634,6.949681886992879,-1.7617912750282905,-3.501583102839767,-1.7926937629408617,0.0198916392936929,0.0070327565167435,-3.5066778394651497,0.0273992272945272,0.0096870897096158,-1.7884820728954336,0.021522893703444613,-3.5063927433135604,0.02743819482795519,4c0283d537ed__Natan Pereira BTS coral series 1.xlsx,2026-01-26 16:45:41.146,739642.0,44.0,69.0,35.0,892.0,6.005686358223992,,BTS,642*,BTS,642*,,OK,8.0,7.0,7.0,0.0,0.0,6.064765003921322,-0.2394084395360227,6.985861455859174,7.126394173055909,-0.1405327171967343,9.182128527085752,9.510639213473114,-0.3285106863873608,-0.2896799242788999,-0.0358850077602372,-0.0365406383048032,6.551840653110676,7.0,True,-1.7971084040712288,-3.507405658983062,0.0167250014607705,0.0295108996935131,6.432136433342665,6.671544872878688,,-0.05907864569733068
4.0,GIRMS\IRMS-operator,2026-01-26 17:06:22.618,2026-01-26 18:04:06.050,Success,False,BTS,384*,4.0,2.0,3.0,True,Unknown,,"0.001 V, 0.001 V, 0.002 V",37 µbar,72 °C,,19.283 V,9.5206 kV,69 µbar,Carbon Dioxide: 0.0206 kV,81 µbar,13.759 V,23.143 V,117 µbar/min,7.154 V,1.36E-007 mbar,10 %,995 µbar,µ-Volume,17.107 V,Pre,17.084696553547545,18.507429142981792,14.262118942904666,24.36772515049932,19.03729666939733,13.366931341488527,-3.2862659414515383,-3.499614260151773,-3.4855381115222044,0.1235055800756385,0.043665816592931,-3.96607329527654,0.2761686496848858,0.0976403624716574,-3.5828554985091885,0.12211054077608953,-3.9624632011662775,0.2761915898952847,4c0283d537ed__Natan Pereira BTS coral series 1.xlsx,2026-01-26 17:06:22.618,739642.0,117.0,81.0,69.0,995.0,14.497141577203436,,BTS,384*,BTS,384*,,OK,8.0,7.0,7.0,0.0,0.0,10.936955458179671,3.6952346563339216,17.593809147864604,13.385825534850383,4.207983613014219,23.16055227986333,17.866691248331048,5.293861031532288,6.003759480947251,0.2945867479981911,0.2567667125727019,14.39140852530734,7.0,True,-3.514005564389443,-4.032710300294363,0.1011543616581677,0.2180276729254285,16.239025853474303,12.54379119714038,,3.560186119023765
5.0,GIRMS\IRMS-operator,2026-01-26 17:33:40.532,2026-01-26 18:38:55.649,Success,False,BTS,634,5.0,1.0,4.0,True,Unknown,,"0.002 V, 0.002 V, 0.002 V",40 µbar,73 °C,,3.392 V,9.5203 kV,40 µbar,Carbon Dioxide: 0.0203 kV,69 µbar,3.356 V,3.975 V,139 µbar/min,12.931 V,5.52E-008 mbar,55 %,763 µbar,µ-Volume,,Pre,3.0907386174944507,3.356799446809192,3.433834588008972,4.412373685559217,4.5807519597033535,3.213482791150738,-2.1234319646253885,-3.3997900634792355,-2.123088695968584,0.0245797583394823,0.0086902569008872,-3.3706086158708795,0.0232793454832466,0.008230491526394,-2.1470518394716143,0.026238557986230194,-3.369432113764559,0.02329948300566642,4c0283d537ed__Natan Pereira BTS coral series 1.xlsx,2026-01-26 17:33:40.532,739642.0,139.0,69.0,40.0,763.0,2.8156194939059014,,BTS,634,BTS,634,,OK,8.0,7.0,7.0,0.0,0.0,2.830273514711048,-0.0893884628705836,3.2674446276709377,3.310136413777251,-0.0426917861063134,4.2949525353516975,4.415607237538282,-0.1206547021865844,-0.1089469784674968,-0.0288560369447267,-0.029278467210482,3.0530444858322907,7.0,True,-2.12303965758904,-3.366439837641114,0.0265487506720562,0.021680588917572,3.0083502543969987,3.0977387172675823,,-0.014654020805146661
6.0,GIRMS\IRMS-operator,2026-01-26 18:04:06.170,2026-01-26 19:14:11.280,Success,False,SHP2L,<Comment>,6.0,2.0,4.0,True,QC Standard,SHP2L,"0.001 V, 0.001 V, 0.001 V",42 µbar,73 °C,,5.615 V,9.5208 kV,81 µbar,Carbon Dioxide: 0.0208 kV,84 µbar,5.322 V,6.305 V,103 µbar/min,2.294 V,6.99E-008 mbar,37 %,863 µbar,µ-Volume,,Pre,4.89735959175758,5.324635750724105,5.401892642202118,6.972273958288354,7.207466535119171,5.055808635864761,-0.9436820459262084,-6.2099875417541694,-0.9366917268228414,0.0121364854598333,0.00429089558421,-6.223068662349923,0.0126206702043615,0.0044620807423115,-0.7718830131383664,0.012803724478258982,-6.227624648778115,0.012623118358302918,4c0283d537ed__Natan Pereira BTS coral series 1.xlsx,2026-01-26 18:04:06.170,739642.0,103.0,84.0,81.0,863.0,4.461096949537028,,SHP2L,<Comment>,SHP2L,<Comment>,,OK,8.0,7.0,7.0,0.0,0.0,4.447242205095426,-0.1024203415536026,5.181519579470434,5.201198556724877,-0.0196789772544425,6.784549129568261,6.939416897855921,-0.1548677682876595,-0.1258350129047283,-0.0210394925672316,-0.0212631757816384,4.816794189419559,7.0,True,-0.9356931098080746,-6.224937393863603,0.0127489525220378,0.0123788017494871,4.765584018642757,4.86800436019636,,0.013854744441601952
7.0,GIRMS\IRMS-operator,2026-01-26 18:38:55.755,2026-01-26 19:42:38.052,Success,False,BTS,632,7.0,1.0,5.0,True,Unknown,,"0.001 V, 0.001 V, 0.002 V",42 µbar,72 °C,,6.273 V,9.5206 kV,42 µbar,Carbon Dioxide: 0.0206 kV,81 µbar,6.350 V,7.058 V,139 µbar/min,5.242 V,7.87E-008 mbar,30 %,885 µbar,µ-Volume,,Pre,5.742836624613784,6.2396216606906325,6.429208953755422,8.197937262337199,8.578766238968363,6.018156433685351,-1.519698612580389,-3.510133847759666,-1.5496986136477042,0.0219260518127248,0.0077520299607126,-3.5120192832079065,0.0188611240514296,0.0066684143587833,-1.5282731338618627,0.023222770485420263,-3.5122880854669414,0.01886386212347499,4c0283d537ed__Natan Pereira BTS coral series 1.xlsx,2026-01-26 18:38:55.755,739642.0,139.0,81.0,42.0,885.0,5.2227841395295425,,BTS,632,BTS,632,,OK,8.0,7.0,7.0,0.0,0.0,5.277171152589293,-0.2028700189078511,6.0673730384309055,6.183101610184088,-0.1157285717531824,7.971789159206646,8.25014258484921,-0.278353425642563,-0.2456807441293848,-0.0350537046263656,-0.0356790459962166,5.68597094578603,7.0,True,-1.553984328085892,-3.512288631129084,0.0197344484548437,0.0203557170447516,5.584535936332105,5.787405955239956,,-0.0543870130597508
8.0,GIRMS\IRMS-operator,2026-01-26 19:14:11.506,2026-01-26 20:14:56.130,Success,False,BTS,951,8.0,2.0,5.0,True,Unknown,,"0.001 V, 0.001 V, 0.002 V",47 µbar,73 °C,,13.204 V,9.5204 kV,93 µbar,Carbon Dioxide: 0.0204 kV,150 µbar,11.740 V,15.577 V,117 µbar/min,6.230 V,1.19E-007 mbar,13 %,980 µbar,µ-Volume,,Pre,10.529918466653632,11.424654386581857,12.051695249618966,15.02083187050268,16.084581064647878,11.290071402635386,-2.151092683450706,-3.673407938403872,-2.2279364220862687,0.0471655902622396,0.0166755543565479,-3.741968305943644,0.0348861825969143,0.0123341281419951,-2.2454896099581285,0.049375507885524854,-3.7409539518375308,0.03483329569983855,4c0283d537ed__Natan Pereira BTS coral series 1.xlsx,2026-01-26 19:14:11.506,739642.0,117.0,150.0,93.0,980.0,9.266575971465787,,BTS,951,BTS,951,,OK,8.0,7.0,7.0,0.0,0.0,9.412470743818446,-0.5256129319052594,10.977887771667914,11.36187938204166,-0.3839916103737444,14.433368491596426,15.163972424930778,-0.7306039333343524,-0.6270763246075384,-0.049385889863315,-0.050636247945376,10.3801713837934,7.0,True,-2.238914099034206,-3.751762644163611,0.0383484559180565,0.0229030301049823,10.117364917840767,10.642977849746028,,-0.14589477235265846
9.0,GIRMS\IRMS-operator,2026-01-26 19:42:38.177,2026-01-26 20:47:23.366,Success,False,BTS,405,9.0,1.0,6.0,True,Unknown,,"0.002 V, 0.002 V, 0.002 V",45 µbar,72 °C,,9.366 V,9.5200 kV,45 µbar,Carbon Dioxide: 0.0200 kV,79 µbar,9.206 V,10.796 V,125 µbar/min,11.145 V,1.00E-007 mbar,17 %,946 µbar,µ-Volume,,Pre,8.407090076600339,9.1283965264607,9.375865591670474,11.998073703036182,12.513311153635852,8.779880922223478,-1.765333262994773,-3.586193767214585,-1.8184482343005648,0.0315702146436264,0.0111617564290115,-3.574944830028388,0.0083863883393392,0.003169756849129,-1.8136618816668726,0.0336450244433587,-3.5746630065215865,0.008411848319621423,4c0283d537ed__Natan Pereira BTS coral series 1.xlsx,2026-01-26 19:42:38.177,739642.0,125.0,79.0,45.0,946.0,7.578210067388904,,BTS,405,BTS,405,,OK,8.0,7.0,7.0,0.0,0.0,7.581333147850183,-0.2399169425536698,8.84552778351789,8.955870882158333,-0.1103430986404436,11.626617556795948,11.952625161394945,-0.3260076045989972,-0.2924861721085462,-0.0286084653188618,-0.0290236260180442,8.266263574527576,7.0,True,-1.8260360873442496,-3.568712862215289,0.0250083999055298,0.0133648706951778,8.146305103250741,8.386222045804411,,-0.0031230804612789598
10.0,GIRMS\IRMS-operator,2026-01-26 20:14:56.224,2026-01-26 21:23:36.951,Success,False,BTS,872,10.0,2.0,6.0,True,Unknown,,"0.001 V, 0.001 V, 0.001 V",47 µbar,72 °C,,7.250 V,9.5205 kV,103 µbar,Carbon Dioxide: 0.0205 kV,86 µbar,6.864 V,8.143 V,183 µbar/min,2.311 V,8.22E-008 mbar,28 %,919 µbar,µ-Volume,,Pre,6.2826453511611,6.826196142547846,6.951715611066863,8.967417421381922,9.276005274253004,6.507348178165189,-1.455553372399998,-3.609759837230553,-1.4619298407837904,0.0198850089308486,0.007030412329479,-3.635585465665128,0.0331186938688778,0.0117092265093624,-1.4297823684397275,0.021556063113781044,-3.636184807318602,0.03316320877074563,4c0283d537ed__Natan Pereira BTS coral series 1.xlsx,2026-01-26 20:14:56.224,739642.0,183.0,86.0,103.0,919.0,5.710625618734724,,BTS,872,BTS,872,,OK,8.0,7.0,7.0,0.0,0.0,5.700838424392137,-0.1465443224699498,6.636928580846831,6.681930087652251,-0.0450015068054199,8.718219431698712,8.916255863964947,-0.1980364322662353,-0.1796069131296142,-0.0234287257645167,-0.0237064315058193,6.1816272277831805,7.0,True,-1.462840764838618,-3.639274841155782,0.0212972112171772,0.0339501881694469,6.108355066548206,6.254899389018156,,0.009787194342587568
11.0,GIRMS\IRMS-operator,2026-01-26 20:47:23.523,2026-01-26 21:52:22.720,Success,False,SHP2L,<Comment>,11.0,1.0,7.0,True,QC Standard,SHP2L,"0.001 V, 0.001 V, 0.002 V",47 µbar,72 °C,,1.644 V,9.5204 kV,45 µbar,Carbon Dioxide: 0.0204 kV,91 µbar,2.069 V,1.805 V,110 µbar/min,6.734 V,4.21E-008 mbar,100 %,606 µbar,µ-Volume,1.540 V,Pre,1.4675259941386194,1.5958731360067315,2.13709131102059,2.0881616386099324,2.849878470087259,1.9997383343372983,-0.9531020431139404,-6.432566489783076,-0.9102530873675436,0.0320218197377661,0.0113214229412538,-6.379730446079202,0.0518586936176039,0.0183348169602416,-0.7377839749459075,0.0330934603877383,-6.384513685147516,0.051869047950312094,4c0283d537ed__Natan Pereira BTS coral series 1.xlsx,2026-01-26 20:47:23.523,739642.0,110.0,91.0,45.0,606.0,1.3393726628148706,,SHP2L,<Comment>,SHP2L,<Comment>,,OK,8.0,7.0,7.0,0.0,0.0,1.7590251708114992,-0.4967241582927963,2.057641018248702,1.5536771282149089,0.5039638900337933,2.7439195092823105,2.032883615269212,0.711035894013099,-0.462575612046898,-0.2579770401138742,-0.2961809873398429,1.6770967061530082,7.0,True,-0.9041318079752012,-6.372182439835791,0.0290959766315879,0.0510470606794023,1.42873462700661,1.9254587852994065,,-0.4196525079966287
12.0,GIRMS\IRMS-operator,2026-01-26 21:23:37.055,2026-01-26 22:22:29.847,Success,False,BTS,952,12.0,2.0,7.0,True,Unknown,,"0.001 V, 0.001 V, 0.001 V",47 µbar,73 °C,,20.633 V,9.5205 kV,98 µbar,Carbon Dioxide: 0.0205 kV,86 µbar,14.541 V,24.986 V,132 µbar/min,2.058 V,1.37E-007 mbar,10 %,"1,029 µbar",µ-Volume,18.082 V,Pre,18.105207352545825,19.632943168400512,15.090696707485902,25.818977603847017,20.14100934022092,14.1420945214301,-2.3654100079213425,-3.645459143723828,-2.5316819257680394,0.1025988039080553,0.0362741549925073,-4.072234539303068,0.2702090629502354,0.095533330375087,-2.5582723623103902,0.09986220585583083,-4.070889690069717,0.2702696227024773,4c0283d537ed__Natan Pereira BTS coral series 1.xlsx,2026-01-26 21:23:37.055,739642.0,132.0,86.0,98.0,1029.0,15.318207979615938,,BTS,952,BTS,952,,OK,8.0,7.0,7.0,0.0,0.0,11.49517518153485,3.9619356393814105,18.65711082529901,14.132268920658817,4.524841904640196,24.53273917191648,18.86074627392911,5.671992897987369,6.459984660412466,0.2991938749705359,0.260259805167035,15.22300240269002,7.0,True,-2.5554350568889963,-4.133202452957246,0.0837553705867874,0.2246974707482226,17.203970222380725,13.242034582999317,,3.823032798081087
13.0,GIRMS\IRMS-operator,2026-01-26 21:52:22.865,2026-01-26 22:56:23.774,Success,False,BTS,989,13.0,1.0,8.0,True,Unknown,,"0.002 V, 0.002 V, 0.002 V",47 µbar,72 °C,,27.640 V,9.5198 kV,101 µbar,Carbon Dioxide: 0.0198 kV,"1,344 µbar",13.548 V,34.320 V,"1,458 µbar/min",13.605 V,1.31E-007 mbar,10 %,"1,046 µbar",µ-Volume,24.483 V,Pre,24.74384249083808,26.837055699229342,14.064167754054171,35.31006601191065,18.76921084261437,13.18112254969886,-2.088934149698796,-2.80997016749851,-2.302822797938739,0.1333841186096574,0.0471584073857397,-3.5395633059942115,0.4873356502613014,0.1722991715068609,-2.3331138418225814,0.12498786277236179,-3.5381627362524593,0.4875625095591109,4c0283d537ed__Natan Pereira BTS coral series 1.xlsx,2026-01-26 21:52:22.865,739642.0,1458.0,1344.0,101.0,1046.0,20.681733795331027,,BTS,989,BTS,989,,OK,8.0,7.0,7.0,0.0,0.0,10.791263299556585,11.048704385757446,25.404994503855807,13.203730003237826,12.20126450061798,33.419764307503904,17.620420721535883,15.79934358596802,26.248539461542908,0.8929697901324032,0.6173377912055794,17.897340067551642,7.0,True,-2.333378319115874,-3.643790897207883,0.1097386506767872,0.4191504043852279,23.421692260430365,12.37298787467292,,9.890470495774442
14.0,GIRMS\IRMS-operator,2026-01-26 22:22:29.943,2026-01-26 23:34:52.769,Success,False,BTS,873,14.0,2.0,8.0,True,Unknown,,"0.001 V, 0.001 V, 0.002 V",49 µbar,72 °C,,9.801 V,9.5207 kV,137 µbar,Carbon Dioxide: 0.0207 kV,89 µbar,8.845 V,11.303 V,95 µbar/min,2.313 V,9.58E-008 mbar,20 %,973 µbar,µ-Volume,,Pre,8.026610476370776,8.717044624136394,8.955135377691692,11.457896967978472,11.950648566336628,8.384723314946243,-1.6799361102090016,-3.376548191289075,-1.695978392123307,0.0167951225777619,0.0059379725327973,-3.365788019937671,0.0153331102069031,0.0054210731019909,-1.6902111800330273,0.017669637609835462,-3.3655699246444013,0.015329040068419576,4c0283d537ed__Natan Pereira BTS coral series 1.xlsx,2026-01-26 22:22:29.943,739642.0,95.0,89.0,137.0,973.0,7.240526426460298,,BTS,873,BTS,873,,OK,8.0,7.0,7.0,0.0,0.0,7.2726366009174095,-0.2470312146842772,8.446639619857988,8.570536407278484,-0.1238967874204952,11.102697988600726,11.437571784110066,-0.3348737955093401,-0.3004847641894824,-0.0307841304893458,-0.0312653690902822,7.901113016479893,7.0,True,-1.6982701466824932,-3.3642508526017565,0.0167352582645117,0.0158818995971171,7.777597409137755,8.024628623822032,,-0.032110174457111285
15.0,GIRMS\IRMS-operator,2026-01-26 22:56:23.947,2026-01-27 00:03:15.832,Success,False,BTS,893,15.0,1.0,9.0,True,Unknown,,"0.002 V, 0.002 V, 0.002 V",49 µbar,73 °C,,28.085 V,9.5202 kV,101 µbar,Carbon Dioxide: 0.0202 kV,"1,339 µbar",14.519 V,34.764 V,"1,099 µbar/min",8.590 V,1.36E-007 mbar,10 %,"1,056 µbar",µ-Volume,24.800 V,Pre,25.05168215978415,27.16760720031098,15.077564966843871,35.748256737730486,20.12282460405586,14.132111236932587,-2.1224489813386205,-2.8021832575426675,-2.3557673323792443,0.1499330716660604,0.0530093458495999,-3.5398575251441025,0.5027494817470666,0.1777487838906865,-2.389754861439733,0.14190733181153237,-3.538337844462211,0.5029525602343586,4c0283d537ed__Natan Pereira BTS coral series 1.xlsx,2026-01-26 22:56:23.947,739642.0,1099.0,1339.0,101.0,1056.0,20.93945899653704,,BTS,893,BTS,893,,OK,8.0,7.0,7.0,0.0,0.0,11.491681986126885,10.480359196662898,25.718990814851075,14.121372354195865,11.597618460655212,33.83640795423745,18.84579508974312,14.99061286449433,23.56920727541949,0.7919203520863247,0.5672943724877714,18.474287257078004,7.0,True,-2.389098525385047,-3.645239563372879,0.1259267312976704,0.4373020212676316,23.71446685540945,13.234107658746554,,9.447777010410157
16.0,GIRMS\IRMS-operator,2026-01-26 23:34:52.892,2026-01-27 00:38:05.477,Success,False,SHP2L,<Comment>,16.0,2.0,9.0,True,QC Standard,SHP2L,"0.002 V, 0.002 V, 0.002 V",49 µbar,73 °C,,5.721 V,9.5200 kV,49 µbar,Carbon Dioxide: 0.0200 kV,135 µbar,5.462 V,6.420 V,139 µbar/min,13.676 V,6.43E-008 mbar,33 %,885 µbar,µ-Volume,,Pre,4.993239221327123,5.428804445597589,5.538873562503119,7.107916776162798,7.389354739230841,5.185294681134432,-0.7259285361947976,-5.976408976690939,-0.7546392027374949,0.0177687118072099,0.0062821883059138,-5.97601570429561,0.0236202466978747,0.0083510183066831,-0.586241858427372,0.01889223282328733,-5.9807173491349666,0.023639139680466673,4c0283d537ed__Natan Pereira BTS coral series 1.xlsx,2026-01-26 23:34:52.892,739642.0,139.0,135.0,49.0,885.0,4.565044768739892,,SHP2L,<Comment>,SHP2L,<Comment>,,OK,8.0,7.0,7.0,0.0,0.0,4.580922037970153,-0.1352128787748725,5.2870386578306325,5.339064082607985,-0.0520254247773523,6.922285367728011,7.122437764883772,-0.2001523971557608,-0.1651039505695749,-0.0270527391856662,-0.0274236820445978,4.930515112995487,7.0,True,-0.7587407265293088,-5.975959522524846,0.0145374801793164,0.0255122049895168,4.86290867360805,4.998121552382923,,-0.01587726923026178
17.0,GIRMS\IRMS-operator,2026-01-27 00:03:15.984,2026-01-27 01:07:55.584,Success,False,BTS,953,17.0,1.0,10.0,True,Unknown,,"0.001 V, 0.001 V, 0.002 V",52 µbar,73 °C,,24.234 V,9.5206 kV,169 µbar,Carbon Dioxide: 0.0206 kV,"1,341 µbar",13.323 V,29.789 V,"1,385 µbar/min",5.376 V,1.27E-007 mbar,10 %,"1,046 µbar",µ-Volume,21.557 V,Pre,21.66782319545746,23.49805975350295,13.83097613247786,30.9047938911875,18.456885370488948,12.95998692512512,-2.3940898385138576,-3.450813285033938,-2.566281551543009,0.0914317540212086,0.0323260066420884,-4.063499220635716,0.377692737783209,0.1335345480457098,-2.5956178898877136,0.08556486992913107,-4.062066949040959,0.37791401619761256,4c0283d537ed__Natan Pereira BTS coral series 1.xlsx,2026-01-27 00:03:15.984,739643.0,1385.0,1341.0,169.0,1046.0,18.237443640828133,,BTS,953,BTS,953,,OK,8.0,7.0,7.0,0.0,0.0,10.615023621464537,8.400976657867428,22.305698637093645,12.98590351755386,9.319795119539783,29.331857117887328,17.328912171598265,12.002944946289062,17.82346730180781,0.6904888462131991,0.5132813296624857,16.367197036743164,7.0,True,-2.5908803676900307,-4.151025782864542,0.0640737350987192,0.3080996267080475,20.56768536567688,12.166708707809448,,7.622420019363595
18.0,GIRMS\IRMS-operator,2026-01-27 00:38:05.603,2026-01-27 01:51:00.526,Success,False,BTS,371,18.0,2.0,10.0,True,Unknown,,"0.001 V, 0.001 V, 0.001 V",52 µbar,72 °C,,15.075 V,9.5210 kV,74 µbar,Carbon Dioxide: 0.0210 kV,103 µbar,13.134 V,17.947 V,73 µbar/min,2.316 V,1.26E-007 mbar,12 %,"1,021 µbar",µ-Volume,,Pre,11.769147161057152,12.766944293438868,13.50422394698806,16.778062852410226,18.021728666809945,12.65265426608484,-2.2120902950253374,-4.072271174875852,-2.293535592744367,0.0477345083760336,0.0168766972846497,-4.144633057606928,0.042217162068431,0.0149260207905195,-2.300768394560532,0.049671808399276214,-4.143902977376073,0.042165442308817,4c0283d537ed__Natan Pereira BTS coral series 1.xlsx,2026-01-27 00:38:05.603,739643.0,73.0,103.0,74.0,1021.0,10.236685113074607,,BTS,371,BTS,371,,OK,8.0,7.0,7.0,0.0,0.0,10.389174671642072,-0.6128698587417603,12.229548816143945,12.68749130195327,-0.4579424858093244,16.07118156769648,16.93074015000239,-0.8595585823059082,-0.7295020998908455,-0.0515636789235211,-0.0529282670064711,11.579254213383354,7.0,True,-2.305170635275657,-4.1549704694256535,0.037347750949322,0.0328931217673994,11.272819284012474,11.885689142754234,,-0.15248955856746527
19.0,GIRMS\IRMS-operator,2026-01-27 01:07:55.771,2026-01-27 02:17:33.703,Success,False,BTS,992,19.0,1.0,11.0,True,Unknown,,"0.002 V, 0.002 V, 0.002 V",52 µbar,73 °C,,26.814 V,9.5204 kV,96 µbar,Carbon Dioxide: 0.0204 kV,"1,341 µbar",14.274 V,33.082 V,"1,289 µbar/min",12.442 V,1.34E-007 mbar,10 %,"1,058 µbar",µ-Volume,23.771 V,Pre,23.98137023930897,26.00043191994963,14.832980180638412,34.22075217748818,19.795578775655592,13.90268790768373,-2.377991268930568,-2.751750286053456,-2.581066327951173,0.1188797576285192,0.0420303413824695,-3.406051102309057,0.440967348503159,0.1559055012042176,-2.6357859717311,0.11116824312985536,-3.4038794561700585,0.44117697604565204,4c0283d537ed__Natan Pereira BTS coral series 1.xlsx,2026-01-27 01:07:55.771,739643.0,1289.0,1341.0,96.0,1058.0,20.102106242231024,,BTS,992,BTS,992,,OK,8.0,7.0,7.0,0.0,0.0,11.313583153204519,9.69828465055591,24.63623061265288,13.89706804837523,10.739162564277647,32.42020016695198,18.54484981084999,13.87535035610199,21.235113754486523,0.7446549981985331,0.5426219314903263,17.87300528734491,7.0,True,-2.6100770506684023,-3.4995226474884293,0.092912094290297,0.3812036530651003,22.722147612622862,13.023862962066955,,8.788523089026505
20.0,GIRMS\IRMS-operator,2026-01-27 01:51:00.643,2026-01-27 02:50:20.692,Success,False,BTS,1001,20.0,2.0,11.0,True,Unknown,,"0.002 V, 0.002 V, 0.002 V",49 µbar,72 °C,,11.307 V,9.5204 kV,855 µbar,Carbon Dioxide: 0.0204 kV,89 µbar,10.875 V,13.195 V,73 µbar/min,13.425 V,1.11E-007 mbar,13 %,"1,041 µbar",µ-Volume,,Pre,9.895966414232356,10.743358884218496,11.1676843503745,14.121294021606449,14.900848269462587,10.461271766443351,-1.625217565407122,-3.142985622061389,-1.6934946325093263,0.0430483900135552,0.015219904248874,-3.173638912392501,0.0221531832988643,0.0078323330677477,-1.6946681036040525,0.04564474103295358,-3.1732202230425473,0.02212695499227891,4c0283d537ed__Natan Pereira BTS coral series 1.xlsx,2026-01-27 01:51:00.643,739643.0,73.0,89.0,855.0,1041.0,8.761687959614548,,BTS,1001,BTS,1001,,OK,8.0,7.0,7.0,0.0,0.0,8.799260298016849,-0.3632605075836181,10.337108526590626,10.553041253450672,-0.2159327268600464,13.587698340415956,14.08044993877411,-0.4927515983581561,-0.4391438577821131,-0.0367511010995511,-0.0374390645222154,9.702713254709344,7.0,True,-1.703248499238213,-3.178017953868374,0.0356941262069852,0.0198388863685112,9.521083000917535,9.884343508501154,,-0.03757233840230079
21.0,GIRMS\IRMS-operator,2026-01-27 02:17:33.883,2026-01-27 03:21:39.455,Success,False,SHP2L,<Comment>,21.0,1.0,12.0,True,QC Standard,SHP2L,"0.002 V, 0.002 V, 0.002 V",52 µbar,72 °C,,9.669 V,9.5207 kV,93 µbar,Carbon Dioxide: 0.0207 kV,"1,344 µbar",9.597 V,11.155 V,"1,297 µbar/min",10.377 V,1.02E-007 mbar,15 %,980 µbar,µ-Volume,,Pre,8.741509343248396,9.499042679480862,9.839285932226897,12.442136449793995,13.12983994005126,9.215187003544203,-0.8256509797098799,-5.9536992216445705,-0.8821311816623323,0.0303243264928074,0.0107212684489895,-6.005786908396191,0.0281780861403093,0.0099624578953357,-0.7215578490674251,0.03157727060524207,-6.010233197688189,0.02815101163489249,4c0283d537ed__Natan Pereira BTS coral series 1.xlsx,2026-01-27 02:17:33.883,739643.0,1297.0,1344.0,93.0,980.0,7.86091516818929,,SHP2L,<Comment>,SHP2L,<Comment>,,OK,8.0,7.0,7.0,0.0,0.0,7.904710539862563,-0.3026188498238404,9.190579399468692,9.353821464667528,-0.1632420651988351,12.037823243121329,12.482146067599478,-0.4443228244781494,-0.3666723596312094,-0.0345448778433956,-0.0351520392950933,8.608856154359199,7.0,True,-0.890199781941254,-6.013228006503565,0.021568588482945,0.0202374037830735,8.457546729447278,8.760165579271119,,-0.043795371673272854
22.0,GIRMS\IRMS-operator,2026-01-27 02:50:20.865,2026-01-27 04:01:32.043,Success,False,BTS,641,22.0,2.0,12.0,True,Unknown,,"0.001 V, 0.001 V, 0.001 V",52 µbar,72 °C,,7.506 V,9.5212 kV,52 µbar,Carbon Dioxide: 0.0212 kV,103 µbar,7.093 V,8.432 V,103 µbar/min,2.337 V,8.10E-008 mbar,27 %,943 µbar,µ-Volume,,Pre,6.501241478361296,7.061905398610893,7.186978413759085,9.277401843389152,9.588463583310723,6.728313379205798,-1.6207452669145803,-3.5627231059720543,-1.6502318254630055,0.0195088868638915,0.0068974330974294,-3.55698031837251,0.0159078541441903,0.0056242757697417,-1.6341813326736925,0.020988182349220744,-3.5570705694938782,0.01593283661473192,4c0283d537ed__Natan Pereira BTS coral series 1.xlsx,2026-01-27 02:50:20.865,739643.0,103.0,103.0,52.0,943.0,5.915648768293584,,BTS,641,BTS,641,,OK,8.0,7.0,7.0,0.0,0.0,5.901217446947965,-0.1462845599321731,6.867497822443425,6.909526124242608,-0.0420283017991831,9.02186183007586,9.218115754868874,-0.1962539247930141,-0.1794378832635619,-0.0226152874974303,-0.0228739378376285,6.395250392415129,7.0,True,-1.6544441909699237,-3.556159920144004,0.0166858791072973,0.0169986655462666,6.322108112449042,6.468392672381215,,0.01443132134561953
23.0,GIRMS\IRMS-operator,2026-01-27 03:21:39.702,2026-01-27 04:28:49.571,Success,False,BTS,1002,23.0,1.0,13.0,True,Unknown,,"0.002 V, 0.002 V, 0.002 V",54 µbar,73 °C,,11.187 V,9.5211 kV,802 µbar,Carbon Dioxide: 0.0211 kV,"1,353 µbar",10.026 V,13.055 V,"1,355 µbar/min",6.957 V,1.04E-007 mbar,17 %,"1,041 µbar",µ-Volume,,Pre,9.034498497086965,9.803092258883025,10.22075690598538,12.89693239273178,13.637341290131683,9.572311206895316,-2.317382841969584,-2.9636336060981927,-2.3688924071996467,0.0287503915263428,0.0101647984050226,-2.9936582289587235,0.0182640860962412,0.0064573295654135,-2.424024804417502,0.03049242170673565,-2.991522348308212,0.018257175261006727,4c0283d537ed__Natan Pereira BTS coral series 1.xlsx,2026-01-27 03:21:39.702,739643.0,1355.0,1353.0,802.0,1041.0,8.091421466845086,,BTS,1002,BTS,1002,,OK,8.0,7.0,7.0,0.0,0.0,8.158785887238992,-0.3541257580511505,9.464031237078215,9.69130374760678,-0.2272725105285644,12.450985341683502,12.9312795692836,-0.4802942276000976,-0.4270930467606981,-0.0390188304152293,-0.0397952117240283,8.898702700891251,7.0,True,-2.376250916518227,-2.9979474607959418,0.0214236091127467,0.0147466230050896,8.721639821865676,9.075765579916826,,-0.06736442039390589
24.0,GIRMS\IRMS-operator,2026-01-27 04:01:32.261,2026-01-27 04:59:00.788,Success,False,BTS,401,24.0,2.0,13.0,True,Unknown,,"0.002 V, 0.002 V, 0.002 V",54 µbar,73 °C,,6.193 V,9.5209 kV,765 µbar,Carbon Dioxide: 0.0209 kV,169 µbar,6.182 V,6.926 V,73 µbar/min,9.640 V,6.96E-008 mbar,30 %,985 µbar,µ-Volume,,Pre,5.658348219082953,6.142920828794733,6.270189418975736,8.070335715813524,8.36429909805358,5.870036863007332,-2.1670972429894686,-3.958586394891883,-2.1504628996012465,0.018086068335429,0.0063943907824925,-3.949741221092748,0.0210879979863485,0.0074557331888976,-2.1548957189091307,0.019703923804850716,-3.949124623951403,0.02112835636394783,4c0283d537ed__Natan Pereira BTS coral series 1.xlsx,2026-01-27 04:01:32.261,739643.0,73.0,169.0,765.0,985.0,5.166613948489156,,BTS,401,BTS,401,,OK,8.0,7.0,7.0,0.0,0.0,5.1734223788535,-0.1436321557692004,5.981390013877776,6.03841675776663,-0.057026743888854,7.857919865570769,8.054987534421027,-0.1970676688502584,-0.1756808788229809,-0.0254082956139162,-0.0257352399055235,5.581146952446805,7.0,True,-2.148086564831501,-3.948477624835729,0.0181361100492638,0.0224481320138353,5.509330874562205,5.652963030331406,,-0.006808430364344531
25.0,GIRMS\IRMS-operator,2026-01-27 04:28:49.787,2026-01-27 05:31:18.337,Success,False,BTS,879,25.0,1.0,14.0,True,Unknown,,"0.001 V, 0.001 V, 0.002 V",54 µbar,73 °C,,9.469 V,9.5213 kV,81 µbar,Carbon Dioxide: 0.0213 kV,"1,310 µbar",9.428 V,10.930 V,"1,004 µbar/min",6.064 V,9.91E-008 mbar,17 %,985 µbar,µ-Volume,,Pre,8.570435488779465,9.310418033800303,9.62225988059019,12.227262655194044,12.839387455876114,9.010898492450153,-1.219893221485524,-3.659364988775393,-1.233820379846387,0.012098694145443,0.0042775343368723,-3.648496528695436,0.0235401957123808,0.0083227160093414,-1.185221166792136,0.013334829048973255,-3.6496242674487616,0.023576891216435386,4c0283d537ed__Natan Pereira BTS coral series 1.xlsx,2026-01-27 04:28:49.787,739643.0,1004.0,1310.0,81.0,985.0,7.718377748664507,,BTS,879,BTS,879,,OK,8.0,7.0,7.0,0.0,0.0,7.751654744697099,-0.2799776506637084,9.014829524974916,9.160154724321544,-0.1453251993466278,11.839027801449538,12.222956219609022,-0.3839284181594848,-0.3399085303546851,-0.0326389592272372,-0.0331804468532293,8.438031347261962,7.0,True,-1.235809973897939,-3.646943891541156,0.011568446083611,0.0249799502928539,8.298042521930107,8.578020172593815,,-0.033276996032592265
26.0,GIRMS\IRMS-operator,2026-01-27 04:59:00.940,2026-01-27 06:10:16.557,Success,False,SHP2L,<Comment>,26.0,2.0,14.0,True,QC Standard,SHP2L,"0.001 V, 0.001 V, 0.001 V",54 µbar,72 °C,,7.753 V,9.5215 kV,118 µbar,Carbon Dioxide: 0.0215 kV,108 µbar,7.317 V,8.718 V,388 µbar/min,2.331 V,8.22E-008 mbar,26 %,958 µbar,µ-Volume,,Pre,6.704824094405905,7.288058627762271,7.401896026412967,9.542261375611233,9.875585450356407,6.930182169227273,-0.8598980948600898,-6.180243373929195,-0.881236807997246,0.0225415391915916,0.0079696376103783,-6.1843114545618585,0.0194510048824655,0.006876968726642,-0.7139818456559088,0.0236613183751383,-6.188950872121831,0.019439115806694596,4c0283d537ed__Natan Pereira BTS coral series 1.xlsx,2026-01-27 04:59:00.940,739643.0,388.0,108.0,118.0,958.0,6.086010152239929,,SHP2L,<Comment>,SHP2L,<Comment>,,OK,8.0,7.0,7.0,0.0,0.0,6.075006195255784,-0.1463741064071655,7.081804182807926,7.1151606193184485,-0.0333564365105223,9.27170099181454,9.49243726285588,-0.2207362710413409,-0.1796655284979333,-0.0219740087440508,-0.0222181193181374,6.588051144710317,7.0,True,-0.8842851955882683,-6.184892608937953,0.0224961388435026,0.0209343325411793,6.514864091506734,6.6612381979139,,0.011003956984144914
27.0,GIRMS\IRMS-operator,2026-01-27 05:31:18.483,2026-01-27 06:39:06.248,Success,False,BTS,393,27.0,1.0,15.0,True,Unknown,,"0.002 V, 0.002 V, 0.002 V",52 µbar,73 °C,,6.245 V,9.5214 kV,79 µbar,Carbon Dioxide: 0.0214 kV,84 µbar,6.243 V,6.985 V,117 µbar/min,7.167 V,7.42E-008 mbar,30 %,916 µbar,µ-Volume,,Pre,5.710790553809904,6.200482089588634,6.328542546760591,8.14548171850254,8.442685095078604,5.924934937102689,-2.025724924491712,-3.930845369559899,-2.015437235033557,0.0102657134968929,0.0036294778136856,-3.948708106053148,0.0109900772563462,0.0038855790768632,-2.0104530054860374,0.011089463052263533,-3.948394930716484,0.011007458882670415,4c0283d537ed__Natan Pereira BTS coral series 1.xlsx,2026-01-27 05:31:18.483,739643.0,117.0,84.0,79.0,916.0,5.213192339439546,,BTS,393,BTS,393,,OK,8.0,7.0,7.0,0.0,0.0,5.219938305303615,-0.1456497291430336,6.035728774160912,6.093244823987066,-0.0575160498261535,7.9286482676876435,8.12850264161953,-0.1998543739318865,-0.1781259386386914,-0.0255324569266627,-0.0258626251074458,5.631668422595702,7.0,True,-2.0139675651109634,-3.951259925552183,0.0101385243259309,0.0089518410805298,5.5588435580241855,5.704493287167219,,-0.00674596586406917
28.0,GIRMS\IRMS-operator,2026-01-27 06:10:16.737,2026-01-27 07:13:27.005,Success,False,BTS,389,28.0,2.0,15.0,True,Unknown,,"0.001 V, 0.001 V, 0.002 V",54 µbar,72 °C,,8.050 V,9.5215 kV,54 µbar,Carbon Dioxide: 0.0215 kV,115 µbar,8.053 V,9.084 V,117 µbar/min,6.125 V,8.94E-008 mbar,22 %,960 µbar,µ-Volume,,Pre,7.343230410535555,7.964537503907418,8.161813976952766,10.47325852135506,10.89016320923653,7.642534848836223,-2.9189366163699937,-3.988291508151276,-2.989632757038785,0.0381480886861804,0.0134873860996519,-4.006695477141609,0.0308999013813802,0.0109247649023847,-3.0507198114849423,0.04090780889288329,-4.004247439166718,0.03093865836130761,4c0283d537ed__Natan Pereira BTS coral series 1.xlsx,2026-01-27 06:10:16.737,739643.0,117.0,115.0,54.0,960.0,6.6618025768945,,BTS,389,BTS,389,,OK,8.0,7.0,7.0,0.0,0.0,6.669239385507337,-0.199474224693736,7.736586584817911,7.831261518189643,-0.0946749333717313,10.17377498368111,10.448527051870467,-0.2747520681893576,-0.2435336201710234,-0.027203425024995,-0.0275785404030719,7.23295075730393,7.0,True,-2.9997322057057545,-4.009324615568799,0.0273099503959085,0.0323947904272964,7.133213644957062,7.332687869650797,,-0.007436808612837353
29.0,GIRMS\IRMS-operator,2026-01-27 06:39:06.370,2026-01-27 07:45:53.858,Success,False,BTS,883,29.0,1.0,16.0,True,Unknown,,"0.002 V, 0.002 V, 0.002 V",54 µbar,73 °C,,3.300 V,9.5215 kV,841 µbar,Carbon Dioxide: 0.0215 kV,242 µbar,3.215 V,3.753 V,132 µbar/min,7.850 V,4.86E-008 mbar,61 %,963 µbar,µ-Volume,,Pre,2.938981175565902,3.193541531082952,3.296806381194245,4.196803851627422,4.396633981034754,3.0851085245371683,-1.6699324154199058,-2.870939320651744,-1.667750278359906,0.0063821784953069,0.0024122367316295,-2.872854774656361,0.0305270486031386,0.0107929415384453,-1.6782239172678595,0.006562200030653464,-2.8721591385600096,0.030558627084423546,4c0283d537ed__Natan Pereira BTS coral series 1.xlsx,2026-01-27 06:39:06.370,739643.0,132.0,242.0,841.0,963.0,2.668912672909422,,BTS,883,BTS,883,,OK,8.0,7.0,7.0,0.0,0.0,2.705280417943353,-0.1107633234618306,3.105136549902547,3.172005890898669,-0.0668693409961225,4.08064930012138,4.230009514376099,-0.1493602142547185,-0.1338229656522412,-0.0373142003380997,-0.0380236106508006,2.9130143499272947,7.0,True,-1.6736291961646974,-2.873128410942735,0.0176804223517134,0.032962382026497,2.857632688196379,2.9683960116582098,,-0.03636774503393081
30.0,GIRMS\IRMS-operator,2026-01-27 07:13:27.209,2026-01-27 08:21:58.843,Success,False,BTS,919,30.0,2.0,16.0,True,Unknown,,"0.001 V, 0.001 V, 0.001 V",54 µbar,73 °C,,22.119 V,9.5219 kV,865 µbar,Carbon Dioxide: 0.0219 kV,250 µbar,15.484 V,26.931 V,132 µbar/min,2.357 V,1.39E-007 mbar,10 %,"1,075 µbar",µ-Volume,19.487 V,Pre,19.521600259019763,21.17105927104093,16.089673896971714,27.85492277954558,21.474081643566883,15.079996240808397,-2.131986204046532,-2.931189832700465,-2.3196995618241925,0.0982475785097565,0.0347357644997032,-3.316826075584631,0.2491770099310253,0.0880973767190078,-2.3594215697952117,0.09702642404018666,-3.3151482649333293,0.24924773893241695,4c0283d537ed__Natan Pereira BTS coral series 1.xlsx,2026-01-27 07:13:27.209,739643.0,132.0,250.0,865.0,1075.0,16.493555781914623,,BTS,919,BTS,919,,OK,8.0,7.0,7.0,0.0,0.0,12.178531867060144,4.465967416763307,20.119260808173188,15.030007620993628,5.08925318717956,26.46760977123717,20.058709748730458,6.408900022506714,7.38198858199016,0.3170665285358814,0.2736792618002478,16.31825293369475,7.0,True,-2.3465157557924305,-3.371916967425226,0.0674512716465947,0.2100253633789674,18.551236642076404,14.085269225313096,,4.3150239148544784
31.0,GIRMS\IRMS-operator,2026-01-27 07:45:54.088,2026-01-27 08:49:27.484,Success,False,SHP2L,<Comment>,31.0,1.0,17.0,True,QC Standard,SHP2L,"0.002 V, 0.002 V, 0.002 V",54 µbar,72 °C,,13.830 V,9.5212 kV,67 µbar,Carbon Dioxide: 0.0212 kV,"1,158 µbar",13.577 V,16.434 V,689 µbar/min,14.558 V,1.29E-007 mbar,11 %,"1,019 µbar",µ-Volume,,Pre,12.29727268218994,13.35640778177255,14.045631190471584,17.49570279805806,18.74258726327565,13.163760304450989,-0.6750546755558418,-5.692510249673988,-0.7654077992634012,0.0577523371118694,0.0204185346005871,-5.786240291622849,0.066659899266789,0.0235678334023793,-0.6047999350348305,0.05951554068914941,-5.790714523458391,0.06661078388744744,4c0283d537ed__Natan Pereira BTS coral series 1.xlsx,2026-01-27 07:45:54.088,739643.0,689.0,1158.0,67.0,1019.0,10.668087060905709,,SHP2L,<Comment>,SHP2L,<Comment>,,OK,8.0,7.0,7.0,0.0,0.0,10.768667598284065,-0.5828589200973493,12.789150377445155,13.18628307149068,-0.397132694045526,16.752045447517897,17.594870025803115,-0.8428245782852173,-0.6969943687554639,-0.0471693562585769,-0.0483087014327113,12.065298855304718,7.0,True,-0.7783153883644811,-5.799630297615543,0.0483345961926708,0.0592514818445963,11.773869395256042,12.356728315353392,,-0.10058053737835593
32.0,GIRMS\IRMS-operator,2026-01-27 08:21:58.959,2026-01-27 09:22:50.662,Success,False,BTS,875,32.0,2.0,17.0,True,Unknown,,"0.002 V, 0.002 V, 0.002 V",54 µbar,73 °C,,14.622 V,9.5213 kV,54 µbar,Carbon Dioxide: 0.0213 kV,377 µbar,13.649 V,17.418 V,125 µbar/min,12.817 V,1.29E-007 mbar,10 %,"1,019 µbar",µ-Volume,,Pre,12.49063493572732,13.547510865803808,14.14039826738462,17.81199920402753,18.869013073313116,13.25238229595681,-2.0850152945900424,-3.410321890487622,-2.177186074187529,0.0595343710953154,0.0210485787575869,-3.5124384357196057,0.0588096369191761,0.0207923465323341,-2.1996855296483875,0.06159193252230043,-3.5112921580110066,0.05874243251466373,4c0283d537ed__Natan Pereira BTS coral series 1.xlsx,2026-01-27 08:21:58.959,739643.0,125.0,377.0,54.0,1019.0,10.82264589553202,,BTS,875,BTS,875,,OK,8.0,7.0,7.0,0.0,0.0,10.835423672938813,-0.4818409266420449,12.96725964891538,13.271660569783302,-0.3044009208679217,17.04868722187268,17.70903218017804,-0.6603449583053589,-0.5812899455523738,-0.0387440971915915,-0.0395094766941041,12.195578553789044,7.0,True,-2.1903533284157413,-3.527026513609889,0.05016855039601,0.0452631948277896,11.954658090468024,12.436499017110068,,-0.012777777406792978
33.0,GIRMS\IRMS-operator,2026-01-27 08:49:27.648,2026-01-27 09:55:23.216,Success,False,BTS,861,33.0,1.0,18.0,True,Unknown,,"0.002 V, 0.002 V, 0.002 V",54 µbar,73 °C,,8.084 V,9.5214 kV,54 µbar,Carbon Dioxide: 0.0214 kV,511 µbar,7.803 V,9.101 V,183 µbar/min,12.828 V,8.72E-008 mbar,20 %,951 µbar,µ-Volume,,Pre,7.126864324766767,7.739402561011524,7.918395309272022,10.16992665962028,10.565388576543803,7.414635275302586,-1.7097922088221695,-3.4941001192185794,-1.734431044906906,0.0171912860323054,0.0060780374653803,-3.514463801809045,0.0197054260016868,0.0069669201759812,-1.7258511285034583,0.018226707455776155,-3.5143184941741343,0.019716927215619465,4c0283d537ed__Natan Pereira BTS coral series 1.xlsx,2026-01-27 08:49:27.648,739643.0,183.0,511.0,54.0,951.0,6.47575564419038,,BTS,861,BTS,861,,OK,8.0,7.0,7.0,0.0,0.0,6.486138139066449,-0.1935588150912508,7.522039322676868,7.604509519045114,-0.0824701963682459,9.883720056570048,10.145980493581764,-0.2622604370117187,-0.2363160863008814,-0.0271850756428717,-0.0275596816581569,7.023260191902925,7.0,True,-1.7379508786332971,-3.517372899321969,0.0151381711702084,0.019339972381627,6.9264807843573,7.120039599448551,,-0.010382494876069792
34.0,GIRMS\IRMS-operator,2026-01-27 09:22:50.855,2026-01-27 10:33:10.052,Success,False,BTS,942,34.0,2.0,18.0,True,Unknown,,"0.001 V, 0.001 V, 0.001 V",54 µbar,72 °C,,51.828 V,9.5222 kV,54 µbar,Carbon Dioxide: 0.0222 kV,150 µbar,15.507 V,52.351 V,132 µbar/min,2.358 V,1.41E-007 mbar,10 %,"1,092 µbar",µ-Volume,51.833 V,Pre,52.42190720894044,52.35095417711295,16.115442874164955,52.357962027643865,21.509563222979253,15.10461630680268,-81.10893071788638,-302.0878556685241,-30.86397835899388,38.66145201604475,13.66888744553178,-195.74400018181944,108.49751726585473,38.35966510029519,-25.296499494770707,37.9262039561033,-195.8797482479992,108.54435894704737,4c0283d537ed__Natan Pereira BTS coral series 1.xlsx,2026-01-27 09:22:50.855,739643.0,132.0,150.0,54.0,1092.0,46.18023174264138,,BTS,942,BTS,942,,Fully Saturated Collectors,8.0,3.0,0.0,4.0,7.0,12.194502614998992,33.53455662727356,45.90892887327231,11.704311730595006,34.20461714267731,52.35700835332746,20.09547282800549,32.26153552532196,163.23404484325894,2.8785381492671136,1.180082254639967,28.417134903451853,0.0,True,,,,,45.18441321708863,11.64985658981507,,33.98572912764239
35.0,GIRMS\IRMS-operator,2026-01-27 09:55:23.363,2026-01-27 11:00:31.253,Success,False,BTS,976,35.0,1.0,19.0,True,Unknown,,"0.002 V, 0.002 V, 0.003 V",52 µbar,72 °C,,51.827 V,9.5214 kV,52 µbar,Carbon Dioxide: 0.0214 kV,147 µbar,14.514 V,52.351 V,132 µbar/min,14.579 V,1.36E-007 mbar,10 %,"1,073 µbar",µ-Volume,51.830 V,Pre,44.715876501823416,48.47793903555796,15.078774358891698,52.35702854213893,20.1230303627032,14.133075994277949,-2.3111482737497857,-181.69962174038852,-2.9586290521830816,0.3271831252093229,0.1156767032626597,-50.0585658521563,69.59423392306799,24.60527736924212,-1.251360931905157,2.993093826583679,-50.103663488136476,69.66613965572708,4c0283d537ed__Natan Pereira BTS coral series 1.xlsx,2026-01-27 09:55:23.363,739643.0,132.0,147.0,52.0,1073.0,36.271377277399054,,BTS,976,BTS,976,,Partially Saturated Collectors,8.0,7.0,3.0,0.0,4.0,11.48326327153094,28.66394637413977,45.39395001139567,14.114773537778111,31.279176473617557,46.65563565311611,14.756794391252392,31.89884126186372,113.9074793954023,2.1664027420525422,1.0399391879169524,27.563098599596977,3.0,True,-2.889717097344757,-3.3623734845433795,0.2122184524841671,0.2229150266447299,41.89507178666686,13.231125412527092,,24.788114005868113
36.0,GIRMS\IRMS-operator,2026-01-27 10:33:10.251,2026-01-27 11:34:35.600,Success,False,SHP2L,<Comment>,36.0,2.0,19.0,True,QC Standard,SHP2L,"0.002 V, 0.002 V, 0.003 V",52 µbar,72 °C,,5.984 V,9.5215 kV,49 µbar,Carbon Dioxide: 0.0215 kV,125 µbar,5.743 V,6.707 V,125 µbar/min,13.668 V,7.16E-008 mbar,31 %,885 µbar,µ-Volume,,Pre,5.24155753276888,5.69850476759353,5.818220582455004,7.461921892426875,7.762686643131878,5.446865340104148,-0.7844214292331841,-5.991831135160775,-0.7918554509206421,0.0212265209829552,0.007504708464023,-6.022194156470665,0.0299581022930661,0.0105917886414536,-0.624352169773884,0.022780535584877856,-6.026861388550117,0.029991955230534217,4c0283d537ed__Natan Pereira BTS coral series 1.xlsx,2026-01-27 10:33:10.251,739643.0,125.0,125.0,49.0,885.0,4.794213679860901,,SHP2L,<Comment>,SHP2L,<Comment>,,OK,8.0,7.0,7.0,0.0,0.0,4.814643105341408,-0.1437865163457594,5.552303840732134,5.609097885695491,-0.0567940449633574,7.269734310929542,7.483170928024642,-0.2134366170951001,-0.1755131641102866,-0.027383959275804,-0.0277641048338537,5.178863759743318,7.0,True,-0.7929174540188504,-6.026531730943505,0.0226965368825475,0.0295206151748111,5.106970501570438,5.2507570179161975,,-0.020429425480506858
37.0,GIRMS\IRMS-operator,2026-01-27 11:00:31.516,2026-01-27 12:05:54.096,Success,False,BTS,399,37.0,1.0,20.0,True,Unknown,,"0.002 V, 0.001 V, 0.002 V",49 µbar,72 °C,,6.747 V,9.5221 kV,54 µbar,Carbon Dioxide: 0.0221 kV,941 µbar,6.754 V,7.562 V,322 µbar/min,5.642 V,7.94E-008 mbar,25 %,904 µbar,µ-Volume,,Pre,6.169808903999304,6.693612351014677,6.836685124975355,8.806809521547448,9.12251440009857,6.400121251411413,-2.9088072095880824,-3.4853054737713496,-2.9354304560270386,0.0241594299349635,0.008541648368307,-3.490760662511472,0.0122226314176831,0.0043213527796937,-3.0118295516400884,0.025579499932911896,-3.487880584028255,0.012202816565900132,4c0283d537ed__Natan Pereira BTS coral series 1.xlsx,2026-01-27 11:00:31.516,739643.0,322.0,941.0,54.0,904.0,5.621623684612561,,BTS,399,BTS,399,,OK,8.0,7.0,7.0,0.0,0.0,5.624336401994714,-0.1548441687558535,6.51218953588514,6.57779934862165,-0.0656098127365103,8.568003739997787,8.776604896612893,-0.2086011566151064,-0.189445294316871,-0.0251476091637134,-0.0254678367663359,6.079989053508097,7.0,True,-2.9392337769468893,-3.4915399751886325,0.0233655457971485,0.0129854960723872,6.00256696913017,6.157411137886023,,-0.0027127173821535067
38.0,GIRMS\IRMS-operator,2026-01-27 11:34:35.768,2026-01-27 12:44:37.126,Success,False,BTS,971,38.0,2.0,20.0,True,Unknown,,"0.001 V, 0.001 V, 0.001 V",49 µbar,72 °C,,38.324 V,9.5222 kV,47 µbar,Carbon Dioxide: 0.0222 kV,157 µbar,15.443 V,48.985 V,103 µbar/min,2.339 V,1.42E-007 mbar,10 %,"1,043 µbar",µ-Volume,32.870 V,Pre,33.82483793859185,36.66987433019277,16.045013209015096,48.32002273685003,21.417376910510303,15.037111178681265,-2.52661565565937,-1.9728267844807408,-2.98038854196811,0.2762559488813653,0.0976712273985688,-2.829407268328574,0.5610077555233369,0.1983461941143981,-3.084419812860159,0.2750427281810317,-2.825715082245883,0.5609931797283486,4c0283d537ed__Natan Pereira BTS coral series 1.xlsx,2026-01-27 11:34:35.768,739643.0,103.0,157.0,47.0,1043.0,27.902140454098593,,BTS,971,BTS,971,,OK,8.0,7.0,7.0,0.0,0.0,12.144184528244175,17.825201153755195,34.54905166211721,14.987746019989215,19.56130564212799,45.51808289176488,20.00598362571264,25.512099266052243,50.76215093767311,1.26910958632936,0.7764252331194249,22.958039478108297,7.0,True,-3.045213240012216,-2.951775908878264,0.2231949530350368,0.4768925800887946,31.87064005498589,14.0454389012307,,15.757955925854418
39.0,GIRMS\IRMS-operator,2026-01-27 12:05:54.258,2026-01-27 13:14:15.428,Success,False,BTS,644,39.0,1.0,21.0,True,Unknown,,"0.002 V, 0.002 V, 0.003 V",47 µbar,72 °C,,7.692 V,9.5213 kV,62 µbar,Carbon Dioxide: 0.0213 kV,"1,190 µbar",7.292 V,8.649 V,645 µbar/min,14.522 V,8.59E-008 mbar,25 %,919 µbar,µ-Volume,,Pre,6.588448841809902,7.154667472210021,7.394404655467365,9.413602975227588,9.867134284802376,6.92273335285867,-1.871656942680322,-2.4870506468726017,-1.926025711611934,0.0332594771838112,0.0117590009276961,-2.4894313366038148,0.0109640140763089,0.0038763643511914,-1.968810996762868,0.035580835906238895,-2.4877533971666006,0.010974197153447598,4c0283d537ed__Natan Pereira BTS coral series 1.xlsx,2026-01-27 12:05:54.258,739643.0,645.0,1190.0,62.0,919.0,6.0008150173997326,,BTS,644,BTS,644,,OK,8.0,7.0,7.0,0.0,0.0,6.075341135671374,-0.2481705290130893,6.959373039850735,7.110679286316186,-0.1513062464654506,9.156662497799609,9.48829705203383,-0.331634554234224,-0.2998471648197923,-0.037280797829722,-0.0379889265754355,6.532707064525526,7.0,True,-1.9337926786021644,-2.489771435136845,0.0269725363071802,0.0117968207579911,6.408621800018981,6.65679232903207,,-0.07452611827164102
40.0,GIRMS\IRMS-operator,2026-01-27 12:44:37.261,2026-01-27 13:46:44.415,Success,False,BTS,965,40.0,2.0,21.0,True,Unknown,,"0.002 V, 0.002 V, 0.002 V",47 µbar,72 °C,,51.839 V,9.5217 kV,47 µbar,Carbon Dioxide: 0.0217 kV,132 µbar,14.037 V,52.362 V,95 µbar/min,7.146 V,1.35E-007 mbar,10 %,"1,060 µbar",µ-Volume,51.845 V,Pre,52.43160213259935,52.36203626426331,14.582198417507328,52.367767476928485,19.463529968154678,13.664130223076333,-81.31170086038608,-302.28659765305923,-76.570029686783,13.260585555754426,5.012030231374492,-298.6205770543184,10.095205946923096,3.815629195648404,-69.9721763701925,13.750713532023838,-298.76761442115185,10.079791676873185,4c0283d537ed__Natan Pereira BTS coral series 1.xlsx,2026-01-27 12:44:37.261,739643.0,95.0,132.0,47.0,1060.0,51.525961709301455,,BTS,965,BTS,965,,Fully Saturated Collectors,8.0,0.0,0.0,7.0,7.0,11.12912864853252,38.121700286865234,52.361127293430485,13.668712532840884,38.6924147605896,52.36691811074043,18.243273877990493,34.12364423274994,249.9684319968284,4.224717309404102,1.3574005370562083,28.084341538231364,0.0,True,,,,,47.14519168166398,9.023491394798748,,40.396833060768934
41.0,GIRMS\IRMS-operator,2026-01-27 13:14:15.614,2026-01-27 14:20:46.490,Success,False,SHP2L,<Comment>,41.0,1.0,22.0,True,QC Standard,SHP2L,"0.002 V, 0.002 V, 0.003 V",45 µbar,73 °C,,7.280 V,9.5211 kV,69 µbar,Carbon Dioxide: 0.0211 kV,"1,095 µbar",7.001 V,8.156 V,484 µbar/min,13.204 V,8.34E-008 mbar,24 %,899 µbar,µ-Volume,,Pre,6.383278838845406,6.9416227588529065,7.079801226603456,9.095007348156331,9.44761352548635,6.6275235390438665,-0.5975445418756609,-5.379827822234673,-0.5786409196174014,0.0198682378830717,0.0070244828686737,-5.376478229085449,0.012876082468826,0.004552382614412,-0.42014323622785454,0.02115768217160063,-5.380934640555918,0.012879905311646973,4c0283d537ed__Natan Pereira BTS coral series 1.xlsx,2026-01-27 13:14:15.614,739643.0,484.0,1095.0,69.0,899.0,5.816337165995014,,SHP2L,<Comment>,SHP2L,<Comment>,,OK,8.0,7.0,7.0,0.0,0.0,5.823265457788336,-0.1642255408997144,6.755202311311376,6.811156118232567,-0.0559538069211908,8.849793839550374,9.0879648537623,-0.2381710142119271,-0.2007969149984139,-0.0257593889361542,-0.0260954908857573,6.293253559347573,7.0,True,-0.5759404021519358,-5.375999715778417,0.0198109045708684,0.0138307140033071,6.211140788897716,6.37536632979743,,-0.0069282917933222166
42.0,GIRMS\IRMS-operator,2026-01-27 13:46:44.553,2026-01-27 14:58:40.240,Success,False,BTS,969,42.0,2.0,22.0,True,Unknown,,"0.001 V, 0.001 V, 0.002 V",45 µbar,72 °C,,51.839 V,9.5217 kV,62 µbar,Carbon Dioxide: 0.0217 kV,267 µbar,15.440 V,52.363 V,132 µbar/min,2.322 V,1.43E-007 mbar,10 %,"1,043 µbar",µ-Volume,51.843 V,Pre,48.20604813561839,52.25987150389842,16.046369216033746,52.36933735328394,21.420683536107124,15.036659364561256,-2.695330565713916,-241.17066017242493,-2.460712287325417,0.4148492465313051,0.1466713576962078,-83.34822112391707,94.56917333292704,33.43525187745936,0.5917921047679522,3.9487535485457252,-83.42762894392328,94.66471265877443,4c0283d537ed__Natan Pereira BTS coral series 1.xlsx,2026-01-27 13:46:44.553,739643.0,132.0,267.0,62.0,1043.0,38.93414703474444,,BTS,969,BTS,969,,Fully Saturated Collectors,8.0,6.0,2.0,1.0,5.0,12.133874177446955,31.0589958838544,45.8405853720396,14.032805106231493,31.807780265808105,47.10527864413935,14.660145911747993,32.44513273239136,125.19909145716171,2.2119121635181744,1.050312579011896,29.57119290437692,2.0,True,,,,,45.10069084630412,14.041694962449716,,26.800272857297486
43.0,GIRMS\IRMS-operator,2026-01-27 14:20:46.698,2026-01-27 15:28:15.676,Success,False,BTS,390,43.0,1.0,23.0,True,Unknown,,"0.002 V, 0.002 V, 0.003 V",45 µbar,72 °C,,4.035 V,9.5209 kV,86 µbar,Carbon Dioxide: 0.0209 kV,938 µbar,3.923 V,4.640 V,315 µbar/min,14.512 V,6.09E-008 mbar,51 %,777 µbar,µ-Volume,,Pre,3.604697901714348,3.926881575958699,3.987846392046965,5.154461986152446,5.3203918112059965,3.731410308382236,0.7268233832307125,-2.057610813340771,0.7109321982775307,0.0095540080556536,0.0033778519418317,-2.0083922911952183,0.035975822652822,0.0127193740782875,0.8350001378273629,0.010353258882935442,-2.01215110136721,0.036015076337112095,4c0283d537ed__Natan Pereira BTS coral series 1.xlsx,2026-01-27 14:20:46.698,739643.0,315.0,938.0,86.0,777.0,3.2761758805898116,,BTS,390,BTS,390,,OK,8.0,7.0,7.0,0.0,0.0,3.2765045421005237,-0.0868400612327797,3.8205470924963336,3.8411147977053,-0.0205677052089661,5.014853140068658,5.124361669246771,-0.1095085291781137,-0.1063524202752796,-0.024163292762927,-0.0244587952783972,3.550463554902862,7.0,True,0.7086620289985047,-2.001361073745854,0.0076414227557023,0.0323812951534707,3.507043524286472,3.593883585519252,,-0.0003286615107120916
44.0,GIRMS\IRMS-operator,2026-01-27 14:58:40.469,2026-01-27 16:01:21.463,Success,False,BTS,637,44.0,2.0,23.0,True,Unknown,,"0.001 V, 0.001 V, 0.002 V",42 µbar,72 °C,,9.051 V,9.5214 kV,89 µbar,Carbon Dioxide: 0.0214 kV,255 µbar,9.116 V,10.426 V,117 µbar/min,3.878 V,1.02E-007 mbar,18 %,911 µbar,µ-Volume,,Pre,8.219795351514655,8.921020409868103,9.280397286976749,11.732456130259964,12.38743667053554,8.688541179189523,-2.443614023055485,-3.790700784909729,-2.4960405411804945,0.03282588433292,0.0116057027051265,-3.783263563971337,0.0159964361649696,0.0056555942435338,-2.530838636980906,0.03539008006123002,-3.781688815000017,0.016046435943254285,4c0283d537ed__Natan Pereira BTS coral series 1.xlsx,2026-01-27 14:58:40.469,739643.0,117.0,255.0,89.0,911.0,7.419296619459063,,BTS,637,BTS,637,,OK,8.0,7.0,7.0,0.0,0.0,7.506655841678216,-0.325307250022889,8.647971532152038,8.858754431945595,-0.210782899793557,11.37338284897182,11.824336690181228,-0.450953841209408,-0.3922522475827066,-0.0392252247582706,-0.0400099238867808,8.130664055833657,7.0,True,-2.5035300437697816,-3.7822011038372807,0.0270849971685163,0.0169705027612521,7.968010430822212,8.293317680845101,,-0.08735922221915349
45.0,GIRMS\IRMS-operator,2026-01-27 15:28:15.865,2026-01-27 16:34:55.943,Success,False,BTS,870,45.0,1.0,24.0,True,Unknown,,"0.002 V, 0.002 V, 0.002 V",42 µbar,72 °C,,15.791 V,9.5207 kV,89 µbar,Carbon Dioxide: 0.0207 kV,887 µbar,13.659 V,18.890 V,315 µbar/min,8.811 V,1.33E-007 mbar,10 %,980 µbar,µ-Volume,14.219 V,Pre,14.111515440923576,15.316405562879224,14.191740421773574,20.133722200546703,18.944013490829903,13.297256388646966,-1.6160544576135916,-3.4609458327432563,-1.6994574524176742,0.0490426040688242,0.0173391789520563,-3.619777111965053,0.089210052096343,0.0315405163936646,-1.684528479912517,0.049363209159414494,-3.619823698524163,0.08920111815951862,4c0283d537ed__Natan Pereira BTS coral series 1.xlsx,2026-01-27 15:28:15.865,739643.0,315.0,887.0,89.0,980.0,12.13782926502871,,BTS,870,BTS,870,,OK,8.0,7.0,7.0,0.0,0.0,10.858492943013701,0.997838832264641,14.624023108007094,13.315581945897716,1.3084411621093768,19.22223307148024,17.773020639572586,1.4492124319076505,1.3524767336725785,0.0799889093201141,0.0769128229114068,12.97363423279907,7.0,True,-1.7113721659611147,-3.642467294711023,0.0384847518785356,0.0669299979514347,13.47255364893139,12.474714816666747,,1.2793363220150091
46.0,GIRMS\IRMS-operator,2026-01-27 16:01:21.632,2026-01-27 17:15:19.064,Success,False,SHP2L,<Comment>,46.0,2.0,24.0,True,QC Standard,SHP2L,"0.001 V, 0.001 V, 0.002 V",47 µbar,72 °C,,6.015 V,9.5208 kV,103 µbar,Carbon Dioxide: 0.0208 kV,328 µbar,5.730 V,6.743 V,161 µbar/min,2.330 V,7.31E-008 mbar,35 %,875 µbar,µ-Volume,,Pre,5.257803567792905,5.717390610996246,5.808606462192994,7.488402614126874,7.751020679007245,5.436403223254275,-0.8397792205734333,-5.93949460021681,-0.8565069329771191,0.0248791106231001,0.0087960939157421,-5.965382484401455,0.0141031220838833,0.0049862066307078,-0.6956372026157565,0.026418407198507417,-5.969843246581952,0.014096096928585001,4c0283d537ed__Natan Pereira BTS coral series 1.xlsx,2026-01-27 16:01:21.632,739643.0,161.0,328.0,103.0,875.0,4.807175811675108,,SHP2L,<Comment>,SHP2L,<Comment>,,OK,8.0,7.0,7.0,0.0,0.0,4.801693969307787,-0.1177286007186833,5.568385071679948,5.597516814031724,-0.029131742351776,7.293167600165082,7.4684797616107,-0.1753121614456176,-0.1444310373890183,-0.0224737188543366,-0.0227291228122811,5.179636789813624,7.0,True,-0.8588966061776456,-5.969080753570689,0.025861815125385,0.0102173337691073,5.120772489454282,5.238501090172965,,0.005481842367321299
1.0,GIRMS\IRMS-operator,2026-02-25 13:24:42.402,2026-02-25 14:24:04.560,Running,False,SHP2L,,1.0,1.0,2.0,True,QC Standard,SHP2L,"0.001 V, 0.001 V, 0.001 V",49 µbar,73 °C,,14.721 V,9.5220 kV,67 µbar,Carbon Dioxide: 0.0220 kV,"1,161 µbar",13.317 V,16.884 V,728 µbar/min,3.327 V,1.18E-007 mbar,17 %,924 µbar,µ-Volume,,Pre,13.012743729798768,14.128875763602586,14.287573130317066,18.51986826833909,19.08284903940385,13.392037886826964,-0.8633839484455397,-6.126361375201728,-0.9724875565584252,0.0443460823456382,0.0114501092262799,-6.157448728535229,0.0178995554056562,0.004474888851414,-0.8125416851704205,0.04724676348794158,-6.161869191183417,0.017861289315605888,cb758247a117__Natan Pereira BTS coral series 10.xlsx,2026-02-25 13:24:42.402,739672.0,728.0,1161.0,67.0,924.0,10.041472039943372,,SHP2L,,SHP2L,,,OK,16.0,15.0,15.0,0.0,0.0,9.327790738557507,-0.1397430896759033,13.607245714850755,13.519790799804069,0.0874549150466901,17.83495129522508,18.05633784708207,-0.221386551856991,-0.1364494671035535,-0.0110282904914894,-0.0110894392703198,12.601456779687378,15.0,True,-0.9724875565584248,-6.159521218757462,0.0443460823456382,0.0164209349888266,12.531585234849429,12.67132832452533,,0.7136813013858649
2.0,GIRMS\IRMS-operator,2026-02-25 13:55:18.459,2026-02-25 14:54:09.340,Running,False,BTS,1042,2.0,2.0,2.0,True,Unknown,,"0.002 V, 0.002 V, 0.002 V",40 µbar,73 °C,,17.702 V,9.5218 kV,69 µbar,Carbon Dioxide: 0.0218 kV,"1,126 µbar",16.945 V,20.473 V,645 µbar/min,12.946 V,1.39E-007 mbar,10 %,926 µbar,µ-Volume,,Pre,16.721966754074113,18.135123161866,18.27786138494187,23.856778282754437,24.419013995759496,17.139378081436174,-1.6116289304074494,-3.569958688832031,-1.769302524014016,0.0634499143036081,0.0163826974277441,-3.6325739476282295,0.0171468478056005,0.0044272970660695,-1.758874428974148,0.0672618929437916,-3.6324926983983152,0.017044715905485112,cb758247a117__Natan Pereira BTS coral series 10.xlsx,2026-02-25 13:55:18.459,739672.0,645.0,1126.0,69.0,926.0,12.829077832682636,,BTS,1042,BTS,1042,,OK,16.0,15.0,15.0,0.0,0.0,11.670676835142002,-0.049680471420288,17.45618155439072,17.21610894639664,0.2400726079940796,22.95917703592063,22.99941017114402,-0.0402331352233922,-0.0488995287823332,-0.0030776524974318,-0.00308239576895,16.11748624908449,15.0,True,-1.7622151408601316,-3.63257394762823,0.0846993792690085,0.0171468478056004,16.092646013374345,16.142326484794634,,1.1584009975406335
3.0,GIRMS\IRMS-operator,2026-02-25 14:24:04.655,2026-02-25 15:25:19.450,Running,False,BTS,1041,3.0,1.0,3.0,True,Unknown,,"0.002 V, 0.002 V, 0.002 V",49 µbar,73 °C,,19.383 V,9.5220 kV,118 µbar,Carbon Dioxide: 0.0220 kV,"1,300 µbar",16.695 V,22.596 V,"1,382 µbar/min",16.286 V,1.40E-007 mbar,10 %,975 µbar,µ-Volume,17.657 V,Pre,18.82236184611638,20.408040548496874,18.02355673425737,26.84991205427012,24.07920504304728,16.90064849391301,-1.884103637598944,-3.7102240669102393,-1.921617201309456,0.02691772876924,0.00672943219231,-3.741485128438367,0.0192550008995507,0.0048137502248876,-1.917737959101558,0.02849320682715691,-3.74116118832752,0.019248781423973342,cb758247a117__Natan Pereira BTS coral series 10.xlsx,2026-02-25 14:24:04.655,739672.0,1382.0,1300.0,118.0,975.0,14.224365482325393,,BTS,1041,BTS,1041,,OK,16.0,15.0,15.0,0.0,0.0,11.522877455753889,2.130523324012753,19.57841839902941,16.98451366537157,2.593904733657837,25.756002909868563,22.68932903501352,3.066673874855041,2.38493290532118,0.1337889976044707,0.1254004006531769,16.989764888432816,15.0,True,-1.924118105556823,-3.743569199206908,0.0258669349588778,0.0179660824536437,18.05502655043919,15.924503226426438,,2.7014880265715036
4.0,GIRMS\IRMS-operator,2026-02-25 14:54:09.514,2026-02-25 16:04:45.846,Running,False,BTS,847,4.0,2.0,3.0,True,Unknown,,"0.002 V, 0.002 V, 0.002 V",45 µbar,72 °C,,8.693 V,9.5222 kV,64 µbar,Carbon Dioxide: 0.0222 kV,"1,090 µbar",7.970 V,9.674 V,498 µbar/min,16.010 V,8.43E-008 mbar,29 %,880 µbar,µ-Volume,,Pre,7.83354331183039,8.496393580014507,8.566101212079325,11.176443777210782,11.43505318310086,8.024046526662534,-2.537988441783434,-3.780611708500636,-2.5803196830981974,0.0132953305201164,0.0034328395791156,-3.8297925762501057,0.015152846866016,0.003912448237314,-2.6192962702053775,0.014185331791457366,-3.828077697553519,0.015166367978567193,cb758247a117__Natan Pereira BTS coral series 10.xlsx,2026-02-25 14:54:09.514,739672.0,498.0,1090.0,64.0,880.0,6.262557865702597,,BTS,847,BTS,847,,OK,16.0,15.0,15.0,0.0,0.0,5.8036231293635,-0.0540316104888898,8.233090061719217,8.161362510909129,0.0717275508100883,10.830002917186372,10.89494217766916,-0.064939260482788,-0.0529694079939187,-0.0070678514730399,-0.0070929173160902,7.617685090776312,15.0,True,-2.5803196830981974,-3.829792576250105,0.013295330520116,0.0151528468660159,7.590669285531868,7.644700896020757,,0.45893473633909654
5.0,GIRMS\IRMS-operator,2026-02-25 15:25:19.570,2026-02-25 16:41:37.020,Running,False,BTS,1096,5.0,1.0,4.0,True,Unknown,,"0.001 V, 0.001 V, 0.001 V",52 µbar,73 °C,,24.056 V,9.5227 kV,74 µbar,Carbon Dioxide: 0.0227 kV,"1,229 µbar",18.072 V,28.625 V,796 µbar/min,3.342 V,1.45E-007 mbar,10 %,"1,002 µbar",µ-Volume,21.515 V,Pre,23.127238059940016,25.051737450143747,19.50749220707124,32.98753300578899,26.06107095153637,18.29324176401106,-2.781678119825437,-3.72456607743088,-2.699874272308736,0.0610082307479811,0.0152520576869952,-3.683918033036325,0.0264795701824295,0.0066198925456073,-2.752625267219734,0.0645176208586435,-3.681776825409412,0.026400701028465885,cb758247a117__Natan Pereira BTS coral series 10.xlsx,2026-02-25 15:25:19.570,739672.0,796.0,1229.0,74.0,1002.0,17.148942480387362,,BTS,1096,BTS,1096,,OK,16.0,15.0,15.0,0.0,0.0,12.37409700953934,4.897639155387878,23.95049693443482,18.35496189453309,5.595535039901726,31.5347889986784,24.519113692358207,7.01567530632019,6.211622756828461,0.2845785138363197,0.2491299923489594,19.658970440330183,15.0,True,-2.694420682474289,-3.681208163410021,0.0589746126888588,0.0250072848553576,22.10779001802412,17.210150862636244,,4.774845470848021
6.0,GIRMS\IRMS-operator,2026-02-25 16:04:45.958,2026-02-25 17:16:53.326,Running,False,SHP2L,,6.0,2.0,4.0,True,QC Standard,SHP2L,"0.002 V, 0.002 V, 0.002 V",45 µbar,72 °C,,12.019 V,9.5222 kV,64 µbar,Carbon Dioxide: 0.0222 kV,"1,104 µbar",11.019 V,13.560 V,469 µbar/min,17.337 V,1.02E-007 mbar,21 %,929 µbar,µ-Volume,,Pre,10.81121063623231,11.742311608669002,11.85426403271838,15.387903264730149,15.827770642011336,11.10759473237794,-0.8617758539896103,-6.057182588459331,-0.946216362925039,0.0228716987133842,0.0061127186027858,-6.101610184999911,0.027684722573691,0.0069211806434227,-0.7863497495899493,0.02418669460269183,-6.106038726882493,0.02766145738195247,cb758247a117__Natan Pereira BTS coral series 10.xlsx,2026-02-25 16:04:45.958,739672.0,469.0,1104.0,64.0,929.0,8.5285897469611,,SHP2L,,SHP2L,,,OK,16.0,15.0,15.0,0.0,0.0,7.849325350940069,-0.0838190317153966,11.354333668686,11.24647546994372,0.1078581987422779,14.879118016927412,15.01577656623619,-0.1366585493087768,-0.082097868357224,-0.0079544643835513,-0.007986227464514,10.495447579954082,15.0,True,-0.940463660749136,-6.1045720247692845,0.0313393204806456,0.0258998885864531,10.453538064096383,10.53735709581178,,0.6792643960210301
7.0,GIRMS\IRMS-operator,2026-02-25 16:41:37.116,2026-02-25 17:48:41.127,Running,False,BTS,1018,7.0,1.0,5.0,True,Unknown,,"0.002 V, 0.002 V, 0.002 V",54 µbar,72 °C,,8.283 V,9.5227 kV,84 µbar,Carbon Dioxide: 0.0227 kV,"1,285 µbar",7.606 V,9.213 V,933 µbar/min,10.746 V,8.06E-008 mbar,32 %,919 µbar,µ-Volume,,Pre,7.476483650546549,8.119145646210704,8.158171750159196,10.6667442424229,10.890764050172844,7.641916184351886,-1.334468224951646,-3.818082913104148,-1.3578522301177856,0.0155472648248304,0.0038868162062076,-3.826479410142455,0.0160662841160906,0.004148296721137,-1.3112258923883708,0.016245730779937514,-3.8275213949094793,0.01606909891530913,cb758247a117__Natan Pereira BTS coral series 10.xlsx,2026-02-25 16:41:37.116,739672.0,933.0,1285.0,84.0,919.0,5.955246117508967,,BTS,1018,BTS,1018,,OK,16.0,15.0,15.0,0.0,0.0,5.544496473019496,-0.0455453302024659,7.860588918800372,7.776553375924402,0.0840355428759691,10.326814703630482,10.38063769786266,-0.0538229942321777,-0.0446866037742052,-0.0062529334534706,-0.0062725443546875,7.261061481124424,15.0,True,-1.3594111637955284,-3.830525243439098,0.0147418157493212,0.0207572243170745,7.23828881602319,7.283834146225656,,0.4107496444894707
8.0,GIRMS\IRMS-operator,2026-02-25 17:16:53.477,2026-02-25 18:26:53.763,Running,False,BTS,1025,8.0,2.0,5.0,True,Unknown,,"0.002 V, 0.002 V, 0.002 V",47 µbar,73 °C,,10.560 V,9.5225 kV,74 µbar,Carbon Dioxide: 0.0225 kV,"1,170 µbar",9.733 V,11.862 V,586 µbar/min,7.469 V,9.39E-008 mbar,23 %,926 µbar,µ-Volume,,Pre,9.542294588903916,10.347135089812936,10.434411190925305,13.614988587826426,13.930520676106148,9.775954375056193,-2.615957039914352,-3.643869534682209,-2.692341986351139,0.0252013587674418,0.0065069628538733,-3.676570337980384,0.0217308091500094,0.0054327022875023,-2.74475690429851,0.026776734736315873,-3.6744489964840796,0.021723802190479247,cb758247a117__Natan Pereira BTS coral series 10.xlsx,2026-02-25 17:16:53.477,739672.0,586.0,1170.0,74.0,926.0,7.57408627904527,,BTS,1025,BTS,1025,,OK,16.0,15.0,15.0,0.0,0.0,6.973351348022373,-0.054329581900042,10.013587497649851,9.915150426803296,0.0984370708465558,13.176015280216866,13.236901424854928,-0.0608861446380615,-0.0533269100181447,-0.0058488429220074,-0.0058659975711948,9.261780496948816,15.0,True,-2.69234198635114,-3.678750391533596,0.0252013587674416,0.0206030319473736,9.234615705998795,9.288945287898835,,0.6007349310228971
9.0,GIRMS\IRMS-operator,2026-02-25 17:48:41.223,2026-02-25 19:07:40.352,Running,False,BTS,1028,9.0,1.0,6.0,True,Unknown,,"0.001 V, 0.001 V, 0.001 V",57 µbar,73 °C,,7.961 V,9.5227 kV,84 µbar,Carbon Dioxide: 0.0227 kV,"1,275 µbar",7.242 V,8.846 V,938 µbar/min,3.342 V,7.75E-008 mbar,37 %,921 µbar,µ-Volume,,Pre,7.096823608470019,7.707757742758974,7.766855748053774,10.125842243234052,10.367404967347516,7.275100930974708,-1.2264871016854917,-3.685510095492339,-1.255430085485551,0.0249163207665224,0.0062290801916306,-3.680321169833893,0.0071117797022397,0.0018362536232447,-1.2070767247880645,0.02650910883724345,-3.6814358277570918,0.007093000757341046,cb758247a117__Natan Pereira BTS coral series 10.xlsx,2026-02-25 17:48:41.223,739672.0,938.0,1275.0,84.0,921.0,5.65038883513529,,BTS,1028,BTS,1028,,OK,16.0,15.0,15.0,0.0,0.0,5.290859917503186,-0.0689696025876891,7.460145147200808,7.40688085534375,0.053264291857058,9.800510267484407,9.886768013039962,-0.0862577455555531,-0.0674180695807293,-0.0099412758011047,-0.0099909371318744,6.9032165528949845,15.0,True,-1.2573596177388884,-3.6825334135400194,0.0245222972532914,0.012189584126743,6.86873175160114,6.937701354188829,,0.3595289176321046
10.0,GIRMS\IRMS-operator,2026-02-25 18:26:53.968,2026-02-25 19:38:13.856,Running,False,BTS,1023,10.0,2.0,6.0,True,Unknown,,"0.002 V, 0.002 V, 0.002 V",49 µbar,72 °C,,13.380 V,9.5225 kV,76 µbar,Carbon Dioxide: 0.0225 kV,"1,187 µbar",13.275 V,15.207 V,615 µbar/min,7.117 V,1.15E-007 mbar,17 %,960 µbar,µ-Volume,,Pre,13.029563878697234,14.123189339171123,14.262306580076888,18.590890556008603,19.045107751519463,13.367119561303278,-2.636502439364974,-3.487315458079676,-2.745279805229546,0.0408757690548454,0.0105540781875224,-3.521463143960492,0.0232088465562902,0.0058022116390725,-2.8071421602871234,0.04344701500273339,-3.5190603460161785,0.023180076034481707,cb758247a117__Natan Pereira BTS coral series 10.xlsx,2026-02-25 18:26:53.968,739672.0,615.0,1187.0,76.0,960.0,10.20044945933459,,BTS,1023,BTS,1023,,OK,16.0,15.0,15.0,0.0,0.0,9.303738327739413,-0.0618398189544695,13.637813815603923,13.490381726751997,0.1474320888519287,17.95079627576568,18.013708978326104,-0.0629127025604248,-0.0607570073827487,-0.0048912832948147,-0.0049032749482368,12.611941938256322,15.0,True,-2.745279805229546,-3.523739656352546,0.0408757690548454,0.0220971172910128,12.581022028779088,12.642861847733558,,0.8967111315951772
11.0,GIRMS\IRMS-operator,2026-02-25 19:07:40.450,2026-02-25 20:11:20.217,Running,False,SHP2L,,11.0,1.0,7.0,True,QC Standard,SHP2L,"0.002 V, 0.002 V, 0.002 V",62 µbar,73 °C,,5.031 V,9.5226 kV,79 µbar,Carbon Dioxide: 0.0226 kV,"1,263 µbar",4.631 V,5.475 V,801 µbar/min,12.868 V,6.09E-008 mbar,58 %,848 µbar,µ-Volume,,Pre,4.608518993148811,5.007746728867731,5.018758665986381,6.55953681896721,6.6982001581597554,4.700235465361655,-0.8882595234654955,-6.089536919297034,-0.8922746824789737,0.0161376569980089,0.0041667251200064,-6.113020067653404,0.0299820935405648,0.0077413432644693,-0.7283543123440225,0.017122000267641557,-6.117550006641234,0.029993843118204324,cb758247a117__Natan Pereira BTS coral series 10.xlsx,2026-02-25 19:07:40.450,739672.0,801.0,1263.0,79.0,848.0,3.736699665649071,,SHP2L,,SHP2L,,,OK,16.0,15.0,15.0,0.0,0.0,3.4987519330182426,-0.0260025014853475,4.863215974109161,4.806457451121795,0.0567585229873657,6.369845036969529,6.414384607777939,-0.0445395708084097,-0.0255244683750772,-0.005776690115506,-0.0057934235217024,4.488279061239175,15.0,True,-0.896225327489956,-6.119952656867919,0.0214603567242293,0.0356508455200459,4.475277810496501,4.501280311981849,,0.23794773263082858
12.0,GIRMS\IRMS-operator,2026-02-25 19:38:14.030,2026-02-25 20:48:39.419,Running,False,BTS,1068,12.0,2.0,7.0,True,Unknown,,"0.001 V, 0.001 V, 0.002 V",49 µbar,72 °C,,33.626 V,9.5229 kV,69 µbar,Carbon Dioxide: 0.0229 kV,"1,048 µbar",16.607 V,41.037 V,357 µbar/min,4.575 V,1.36E-007 mbar,10 %,"1,026 µbar",µ-Volume,30.242 V,Pre,32.7861058848781,35.48302712697427,17.933333542532132,46.7254470893841,23.954774052808784,16.81529463705247,-3.7805345339169127,-4.532274177900919,-3.539027406281308,0.185362639241689,0.0463406598104222,-4.334005849853176,0.1175560644881173,0.0293890161220293,-3.6264619620158256,0.19407826932761676,-4.3306705848710845,0.11727294195300228,cb758247a117__Natan Pereira BTS coral series 10.xlsx,2026-02-25 19:38:14.030,739672.0,357.0,1048.0,69.0,1026.0,23.883521682290485,,BTS,1068,BTS,1068,,OK,16.0,15.0,15.0,0.0,0.0,11.471856269617142,15.407338738441467,33.82981779832284,16.903544094747712,16.92627370357513,44.54601815433313,22.576908380697272,21.96910977363586,30.00175633114561,0.97224749994912,0.6542170528973534,23.55080576118654,15.0,True,-3.5229269311056006,-4.320787961316659,0.1799157636601111,0.1086805298312817,31.254475130407272,15.847136391965805,,12.411665412673344
13.0,GIRMS\IRMS-operator,2026-02-25 20:11:20.322,2026-02-25 21:30:41.768,Running,False,BTS,813,13.0,1.0,8.0,True,Unknown,,"0.001 V, 0.001 V, 0.001 V",59 µbar,73 °C,,7.546 V,9.5230 kV,71 µbar,Carbon Dioxide: 0.0230 kV,"1,207 µbar",6.893 V,8.353 V,620 µbar/min,3.338 V,7.53E-008 mbar,39 %,921 µbar,µ-Volume,,Pre,6.76029817107368,7.329223548404811,7.412029301159023,9.642968684145307,9.89315918059001,6.94250957015205,-3.018215350076181,-3.9430765236126986,-3.0391922837636067,0.026350331847387,0.0068036264274646,-3.952790722144904,0.0234321007596801,0.00585802518992,-3.105675041449526,0.028032246563798175,-3.9501585813130764,0.023465158209080843,cb758247a117__Natan Pereira BTS coral series 10.xlsx,2026-02-25 20:11:20.322,739672.0,620.0,1207.0,71.0,921.0,5.4059660164174215,,BTS,813,BTS,813,,OK,16.0,15.0,15.0,0.0,0.0,5.0657225861043464,-0.0762423734012864,7.099350987233713,7.072461639873623,0.0268893473600897,9.340370803781845,9.440193682619428,-0.0998228788375854,-0.0744092030573336,-0.0115092459160786,-0.0115758606294157,6.586324407495445,15.0,True,-3.047411167351469,-3.9534383353803846,0.0365806940873794,0.0241058580513895,6.548203220794802,6.6244455941960885,,0.340243430313075
14.0,GIRMS\IRMS-operator,2026-02-25 20:48:39.524,2026-02-25 22:01:14.651,Running,False,BTS,1040,14.0,2.0,8.0,True,Unknown,,"0.002 V, 0.002 V, 0.002 V",52 µbar,72 °C,,20.809 V,9.5228 kV,71 µbar,Carbon Dioxide: 0.0228 kV,"1,112 µbar",17.396 V,24.267 V,562 µbar/min,6.774 V,1.41E-007 mbar,10 %,"1,002 µbar",µ-Volume,19.033 V,Pre,20.25119474829526,21.954175868528623,18.777039685743592,28.87984625251982,25.08337310703489,17.608354601276826,-1.96458805832922,-3.838150336272439,-1.9829735367779264,0.0232198256134081,0.005804956403352,-3.848578252158362,0.0146347622861009,0.0036586905715252,-1.9794245661464913,0.024629207706807186,-3.848230844670883,0.014629135687340108,cb758247a117__Natan Pereira BTS coral series 10.xlsx,2026-02-25 20:48:39.524,739672.0,562.0,1112.0,71.0,1002.0,15.41154998095126,,BTS,1040,BTS,1040,,OK,16.0,15.0,15.0,0.0,0.0,11.952025790141793,2.88267433643341,21.095496454733155,17.676648536222718,3.418847918510437,27.74814776333067,23.611585415918565,4.136562347412106,3.341129534845865,0.1739243130250048,0.1600095384949166,18.015640589607667,15.0,True,-1.9841992353411733,-3.849273446550756,0.0234929224151341,0.0148724413146024,19.45697775782437,16.57430342139096,,3.459524190809468
15.0,GIRMS\IRMS-operator,2026-02-25 21:30:41.883,2026-02-25 22:34:42.837,Running,False,BTS,1026,15.0,1.0,9.0,True,Unknown,,"0.002 V, 0.002 V, 0.003 V",59 µbar,72 °C,,10.759 V,9.5227 kV,71 µbar,Carbon Dioxide: 0.0227 kV,"1,197 µbar",9.847 V,12.130 V,620 µbar/min,16.718 V,9.53E-008 mbar,23 %,951 µbar,µ-Volume,,Pre,9.667777214981935,10.49236133541884,10.597384719513078,13.792804632653546,14.148733768929793,9.929118733159903,-1.7159111840300278,-3.7285751228209874,-1.7850502702345448,0.0232973325935333,0.0060153454097206,-3.754084723070192,0.0181867727383761,0.004546693184594,-1.7710781752420321,0.025058182756987225,-3.754092088527984,0.018200653302162625,cb758247a117__Natan Pereira BTS coral series 10.xlsx,2026-02-25 21:30:41.883,739672.0,620.0,1197.0,71.0,951.0,7.615872528993288,,BTS,1026,BTS,1026,,OK,16.0,15.0,15.0,0.0,0.0,7.080289606650032,-0.0901127471399245,10.1410217567903,10.069824008606096,0.0711977481842041,13.330570612420392,13.443461809624983,-0.1128911972045898,-0.0881202162627307,-0.0095519750377653,-0.0095978140780105,9.38888234419765,15.0,True,-1.785050270234545,-3.755785363086805,0.0232973325935332,0.0174586413063525,9.34382597062769,9.433938717767614,,0.5355829223432558
16.0,GIRMS\IRMS-operator,2026-02-25 22:01:14.780,2026-02-25 23:11:40.934,Running,False,SHP2L,,16.0,2.0,9.0,True,QC Standard,SHP2L,"0.002 V, 0.002 V, 0.002 V",49 µbar,72 °C,,8.946 V,9.5230 kV,67 µbar,Carbon Dioxide: 0.0230 kV,"1,031 µbar",8.922 V,9.931 V,371 µbar/min,9.620 V,8.90E-008 mbar,26 %,899 µbar,µ-Volume,,Pre,8.677536879292152,9.426933569541925,9.615185191770708,12.351820987189363,12.837122004950595,9.007767344652434,-0.8259098001764942,-6.077482477766849,-0.8798760525433255,0.0369047401649021,0.0092261850412255,-6.0859045119980095,0.016373516358219,0.0040933790895547,-0.716174422878052,0.039452762341712584,-6.090441650702688,0.016385650344620473,cb758247a117__Natan Pereira BTS coral series 10.xlsx,2026-02-25 22:01:14.780,739672.0,371.0,1031.0,67.0,899.0,6.942529723495721,,SHP2L,,SHP2L,,,OK,16.0,15.0,15.0,0.0,0.0,6.463972150894488,-0.1586760635551272,9.136888175910164,9.147080560446543,-0.0101923845363796,11.971439045394018,12.21145204874332,-0.2400130033493024,-0.1537628940917176,-0.0185176541051639,-0.0186907081393162,8.489569382411439,15.0,True,-0.8834738027011143,-6.0864659809467545,0.0351759700973908,0.0167880084705382,8.410231350633875,8.568907414189002,,0.47855757260123255
17.0,GIRMS\IRMS-operator,2026-02-25 22:34:42.966,2026-02-25 23:50:16.702,Running,False,BTS,1035,17.0,1.0,10.0,True,Unknown,,"0.001 V, 0.001 V, 0.001 V",59 µbar,72 °C,,35.880 V,9.5231 kV,67 µbar,Carbon Dioxide: 0.0231 kV,"1,100 µbar",17.627 V,44.409 V,606 µbar/min,3.338 V,1.44E-007 mbar,10 %,"1,056 µbar",µ-Volume,31.547 V,Pre,34.55147481813623,37.386097211194,19.027106661152803,48.96078900051776,25.419263994223503,17.842489847089777,-3.8821790785467103,-10.240470312772976,-3.606171226013192,0.1892649407393594,0.0473162351848398,-4.456554410270524,0.1202093165237917,0.031037912063708,-3.680356796252414,0.18410355721612873,-4.453240941313045,0.11994154252913802,cb758247a117__Natan Pereira BTS coral series 10.xlsx,2026-02-25 22:34:42.966,739672.0,606.0,1100.0,67.0,1056.0,24.71830751105739,,BTS,1035,BTS,1035,,OK,16.0,15.0,15.0,0.0,0.0,12.106716165999513,16.01359248161316,35.51036884243484,17.917640704464876,17.592728137969967,46.762003457075984,23.9345718975133,22.827431559562683,30.881271298849413,0.9532092129526236,0.6455412700000372,24.80645812406732,15.0,True,-3.5877707025109578,-4.456554410270523,0.180487285515508,0.1202093165237915,32.8132543648739,16.79966188326074,,12.611591345057876
18.0,GIRMS\IRMS-operator,2026-02-25 23:11:41.081,2026-02-26 00:24:13.083,Running,False,BTS,1024,18.0,2.0,10.0,True,Unknown,,"0.002 V, 0.002 V, 0.003 V",49 µbar,72 °C,,23.027 V,9.5228 kV,71 µbar,Carbon Dioxide: 0.0228 kV,"1,139 µbar",16.882 V,27.034 V,454 µbar/min,16.924 V,1.41E-007 mbar,10 %,997 µbar,µ-Volume,21.060 V,Pre,22.47154036735866,24.326678205170506,18.21119694773184,32.05214488760032,24.328351500187296,17.075770294421652,-3.4915696547548336,-3.798639472764487,-3.5210949974282686,0.0247503752366406,0.0063905194069262,-3.7589529988619543,0.0254436109295507,0.0063609027323876,-3.6285010880680555,0.02644919212307936,-3.7550584418150765,0.025445555233433403,cb758247a117__Natan Pereira BTS coral series 10.xlsx,2026-02-25 23:11:41.081,739672.0,454.0,1139.0,71.0,997.0,16.934007264954225,,BTS,1024,BTS,1024,,OK,16.0,15.0,15.0,0.0,0.0,11.627311096808501,5.47029078006744,23.335914898552765,17.15623943869101,6.179675459861755,30.74616241708793,22.917151930485144,7.829010486602787,7.237749972709418,0.340094823398302,0.2906675575688116,18.819750046485403,15.0,True,-3.514365522966149,-3.756307233935119,0.0414443342662141,0.0239503098182729,21.55489543651912,16.08460465645168,,5.306696168145724
19.0,GIRMS\IRMS-operator,2026-02-25 23:50:16.825,2026-02-26 00:57:27.569,Running,False,BTS,1071,19.0,1.0,11.0,True,Unknown,,"0.002 V, 0.002 V, 0.003 V",57 µbar,72 °C,,3.068 V,9.5229 kV,67 µbar,Carbon Dioxide: 0.0229 kV,"1,124 µbar",3.096 V,3.291 V,518 µbar/min,16.249 V,5.08E-008 mbar,95 %,748 µbar,µ-Volume,2.647 V,Pre,2.8001545066053213,3.040461722524108,3.3767765899114863,3.995586775565049,4.507258070826693,3.16231513223829,-1.6833295966723891,-3.768762461039854,-1.645019085152525,0.0247931245834966,0.0064015572408218,-3.731982458620268,0.0389685073430984,0.0097421268357746,-1.6220236574721416,0.02594973389036823,-3.7322635908496737,0.03899769673422119,cb758247a117__Natan Pereira BTS coral series 10.xlsx,2026-02-25 23:50:16.825,739672.0,518.0,1124.0,67.0,748.0,2.3018655234848997,,BTS,1071,BTS,1071,,OK,16.0,15.0,15.0,0.0,0.0,2.390988736772505,-0.3110943231860155,2.9588780205963543,3.242044246666328,-0.2831662260699734,4.327167414450548,3.888194106840989,0.4389733076095585,-0.275676586698905,-0.1024675438594508,-0.1080008339544956,2.8804807499643017,15.0,True,-1.6465448602374235,-3.7295304584589615,0.0278365906543593,0.0390377247199848,2.724933588371294,3.036027911557309,,-0.0891232132876052
20.0,GIRMS\IRMS-operator,2026-02-26 00:24:13.231,2026-02-26 01:34:49.452,Running,False,BTS,1056,20.0,2.0,11.0,True,Unknown,,"0.001 V, 0.001 V, 0.001 V",49 µbar,72 °C,,29.574 V,9.5230 kV,96 µbar,Carbon Dioxide: 0.0230 kV,"1,258 µbar",15.998 V,35.610 V,889 µbar/min,3.074 V,1.34E-007 mbar,10 %,"1,019 µbar",µ-Volume,26.470 V,Pre,28.58296801775545,30.932254332351924,17.262525099563835,40.74078893941464,23.064882519660607,16.188316247163716,-3.687965613811017,-4.519401453560668,-3.578132426035545,0.0986998360693765,0.0246749590173441,-4.364569381325885,0.0891892311239851,0.0222973077809962,-3.667173160336497,0.10264284991993851,-4.361178773328673,0.08908451466578955,cb758247a117__Natan Pereira BTS coral series 10.xlsx,2026-02-26 00:24:13.231,739673.0,889.0,1258.0,96.0,1019.0,21.069195321498814,,BTS,1056,BTS,1056,,OK,16.0,15.0,15.0,0.0,0.0,11.079479856267998,12.039899826049805,29.552526015091185,16.28032996063256,13.272196054458622,38.9224151400906,21.750719311652794,17.171695828437805,21.26256936444609,0.7886906445241776,0.5656350919187371,21.28563096254915,15.0,True,-3.57081021351718,-4.354247243176901,0.0975621829261591,0.0818315410703585,27.30558087557405,15.265681049524249,,9.989715465230816
21.0,GIRMS\IRMS-operator,2026-02-26 00:57:27.710,2026-02-26 02:13:34.570,Running,False,SHP2L,,21.0,1.0,12.0,True,QC Standard,SHP2L,"0.001 V, 0.001 V, 0.001 V",64 µbar,72 °C,,15.685 V,9.5232 kV,76 µbar,Carbon Dioxide: 0.0232 kV,"1,231 µbar",15.374 V,18.019 V,684 µbar/min,3.332 V,1.30E-007 mbar,13 %,"1,007 µbar",µ-Volume,,Pre,15.037968754768372,16.324831999526396,16.539662040458097,21.400226154051488,22.092250981054967,15.50529897212982,-0.8998731361827828,-6.131215181501171,-1.0271436977456585,0.0383475740279851,0.0099013010385228,-6.169848306190551,0.0208851856665544,0.0052212964166386,-0.87054678374708,0.040643668790633775,-6.17416147861296,0.020831389203835423,cb758247a117__Natan Pereira BTS coral series 10.xlsx,2026-02-26 00:57:27.710,739673.0,684.0,1231.0,76.0,1007.0,11.540782858887832,,SHP2L,,SHP2L,,,OK,16.0,15.0,15.0,0.0,0.0,10.649458654224588,-0.163123011589052,15.701605833754911,15.603630698905365,0.0979751348495483,20.58274845095701,20.84049383612699,-0.2577453851699829,-0.1592583243698428,-0.011152598146837,-0.0112151371054866,14.54489678144455,15.0,True,-1.0271436977456585,-6.172423847836509,0.0383475740279851,0.0188051002961596,14.463335275650024,14.626458287239076,,0.8913242046632437
22.0,GIRMS\IRMS-operator,2026-02-26 01:34:49.582,2026-02-26 02:48:46.255,Running,False,BTS,1015,22.0,2.0,12.0,True,Unknown,,"0.002 V, 0.002 V, 0.002 V",54 µbar,72 °C,,13.381 V,9.5227 kV,76 µbar,Carbon Dioxide: 0.0227 kV,"1,151 µbar",12.412 V,15.174 V,498 µbar/min,14.819 V,1.11E-007 mbar,17 %,960 µbar,µ-Volume,,Pre,12.153194790893606,13.166168966778686,13.339366864315624,17.337520741489023,17.813314818408582,12.500823980384876,-3.2790198636671875,-3.7908765574411474,-3.381002134505732,0.0281903880952101,0.0072787269077248,-3.807554089494062,0.0177396657397865,0.0045803619984986,-3.476687906426079,0.029615393796463444,-3.8040273296388776,0.0176987387405846,cb758247a117__Natan Pereira BTS coral series 10.xlsx,2026-02-26 01:34:49.582,739673.0,498.0,1151.0,76.0,960.0,9.538086565595137,,BTS,1015,BTS,1015,,OK,16.0,15.0,15.0,0.0,0.0,8.74953010226465,-0.0949651002883911,12.719834485539367,12.630353012570314,0.0894814729690534,16.749193095233533,16.865675472285837,-0.1164823770523035,-0.0930085689798498,-0.0080236987160759,-0.0080560182477113,11.788093989902547,15.0,True,-3.381002134505732,-3.812497522818537,0.02819038809521,0.0224631353129964,11.740611439758352,11.835576540046745,,0.7885564633304867
23.0,GIRMS\IRMS-operator,2026-02-26 02:13:34.710,2026-02-26 03:20:44.550,Running,False,BTS,816,23.0,1.0,13.0,True,Unknown,,"0.002 V, 0.002 V, 0.002 V",67 µbar,73 °C,,9.944 V,9.5226 kV,67 µbar,Carbon Dioxide: 0.0226 kV,"1,087 µbar",9.182 V,11.146 V,444 µbar/min,12.070 V,9.16E-008 mbar,25 %,965 µbar,µ-Volume,,Pre,9.007279440018882,9.777862683079432,9.884813312518885,12.849220795095478,13.196447653234513,9.260191016534415,-1.593162796863501,-3.904904891431138,-1.6613850556152978,0.0233310568679505,0.0060240529799327,-3.931649844301728,0.0189330279368524,0.0047332569842131,-1.6321737122570272,0.024819777636994417,-3.932126499366341,0.01892817325871789,cb758247a117__Natan Pereira BTS coral series 10.xlsx,2026-02-26 02:13:34.710,739673.0,444.0,1087.0,67.0,965.0,7.126031648010821,,BTS,816,BTS,816,,OK,16.0,15.0,15.0,0.0,0.0,6.630383311282207,-0.091514056401758,9.458724513790797,9.399164572498988,0.059559941291809,12.429991526067768,12.54805342620662,-0.1180619001388532,-0.0894144934623327,-0.0103936346006174,-0.0104479305870446,8.759060527759893,15.0,True,-1.661385055615298,-3.933432841159767,0.0233310568679505,0.0181539341109731,8.713303499559014,8.804817555960772,,0.49564833672861397
24.0,GIRMS\IRMS-operator,2026-02-26 02:48:46.377,2026-02-26 03:57:16.092,Running,False,BTS,1053,24.0,2.0,13.0,True,Unknown,,"0.002 V, 0.002 V, 0.002 V",52 µbar,73 °C,,29.260 V,9.5227 kV,86 µbar,Carbon Dioxide: 0.0227 kV,"1,226 µbar",15.750 V,35.179 V,747 µbar/min,8.964 V,1.33E-007 mbar,10 %,"1,021 µbar",µ-Volume,26.580 V,Pre,28.62937454592796,30.993928329774985,17.024074809381617,40.8241171913273,22.74023187924692,15.96049670588584,-3.581906960296699,-4.116222230204136,-3.4061637081495846,0.1480764833108576,0.0370191208277144,-3.964886400750725,0.0845680394299993,0.0211420098574998,-3.4979673056655183,0.1554750520217852,-3.9614540425036564,0.08434193825251782,cb758247a117__Natan Pereira BTS coral series 10.xlsx,2026-02-26 02:48:46.377,739673.0,747.0,1226.0,86.0,1021.0,21.153076407428692,,BTS,1053,BTS,1053,,OK,16.0,15.0,15.0,0.0,0.0,10.943273540197065,12.308672070503237,29.628356115648405,16.061817424127714,13.566538691520693,39.02407182027171,21.45388913918802,17.570182681083686,22.08710014283092,0.8174809378432645,0.580292080676175,21.21116672169776,15.0,True,-3.3944474913397764,-3.954797345453831,0.145394767277967,0.0769261847336225,27.36550275694938,15.056830686446142,,10.209802867231627
25.0,GIRMS\IRMS-operator,2026-02-26 03:20:44.664,2026-02-26 04:40:04.744,Running,False,BTS,333,25.0,1.0,14.0,True,Unknown,,"0.001 V, 0.001 V, 0.002 V",64 µbar,72 °C,,8.457 V,9.5229 kV,71 µbar,Carbon Dioxide: 0.0229 kV,"1,197 µbar",7.701 V,9.433 V,611 µbar/min,3.343 V,8.14E-008 mbar,34 %,936 µbar,µ-Volume,,Pre,7.542113150133112,8.182502048165606,8.289805309922503,10.761971384892565,11.06620839298735,7.764714366945182,-2.322865535249852,-3.689290664214085,-2.355466682404529,0.0193091398346418,0.0048272849586604,-3.7211800738445886,0.0275404025613363,0.006885100640334,-2.3827202005123067,0.020265029310098118,-3.7198557421542766,0.027552165883394802,cb758247a117__Natan Pereira BTS coral series 10.xlsx,2026-02-26 03:20:44.664,739673.0,611.0,1197.0,71.0,936.0,5.994527493370901,,BTS,333,BTS,333,,OK,16.0,15.0,15.0,0.0,0.0,5.624222822969085,-0.0984816804106918,7.919973390252399,7.898954741806321,0.0210186484460779,10.416373242372062,10.544195281192293,-0.1278220388202289,-0.0959386157212465,-0.0133108262853553,-0.0134000088805711,7.349374264481414,15.0,True,-2.3576400922148406,-3.7233060344866216,0.0178464737782564,0.0271140139335638,7.300133424276068,7.39861510468676,,0.3703046704018158
26.0,GIRMS\IRMS-operator,2026-02-26 03:57:16.236,2026-02-26 05:10:40.178,Running,False,SHP2L,,26.0,2.0,14.0,True,QC Standard,SHP2L,"0.002 V, 0.002 V, 0.002 V",52 µbar,72 °C,,5.486 V,9.5227 kV,79 µbar,Carbon Dioxide: 0.0227 kV,"1,183 µbar",5.457 V,5.980 V,581 µbar/min,7.560 V,6.75E-008 mbar,49 %,843 µbar,µ-Volume,,Pre,5.299156694504906,5.75847518119427,5.872611888081537,7.54385078046498,7.8389312474981825,5.499865775346825,-0.8436101929757411,-6.079429765527333,-0.8642947105839496,0.0197419265559145,0.0050973435182071,-6.064759781668214,0.0271107412426197,0.0069999632890669,-0.7003944189368561,0.020706106166857776,-6.069313355429336,0.027122643529763325,cb758247a117__Natan Pereira BTS coral series 10.xlsx,2026-02-26 03:57:16.236,739673.0,581.0,1183.0,79.0,843.0,4.311475602252316,,SHP2L,,SHP2L,,,OK,16.0,15.0,15.0,0.0,0.0,4.060729751434001,-0.108396332634042,5.596127184814415,5.614431626092457,-0.0183044412780422,7.331047500400665,7.493961740365874,-0.1629142399652092,-0.1048154744104866,-0.0206156026275638,-0.0208303174006325,5.203777290054659,15.0,True,-0.861935876989898,-6.058717736713685,0.0240365963427306,0.0330552735475013,5.149579123737638,5.25797545637168,,0.2507458508183156
27.0,GIRMS\IRMS-operator,2026-02-26 04:40:04.915,2026-02-26 05:44:08.535,Running,False,BTS,397,27.0,1.0,15.0,True,Unknown,,"0.002 V, 0.002 V, 0.002 V",64 µbar,72 °C,,9.379 V,9.5229 kV,71 µbar,Carbon Dioxide: 0.0229 kV,"1,148 µbar",8.596 V,10.476 V,669 µbar/min,5.390 V,8.68E-008 mbar,28 %,958 µbar,µ-Volume,,Pre,8.423711622924248,9.132638499183868,9.223392197622749,12.018997414311247,12.312979463016967,8.640091178264486,-2.9156876016301903,-3.735117770973684,-2.9586619478473923,0.0242482351518548,0.0060620587879637,-3.736937994036328,0.0180723876909312,0.0045180969227328,-3.0275712746192296,0.026025827281440088,-3.7342700080493856,0.01809769356775712,cb758247a117__Natan Pereira BTS coral series 10.xlsx,2026-02-26 04:40:04.915,739673.0,669.0,1148.0,71.0,958.0,6.679963931286108,,BTS,397,BTS,397,,OK,16.0,15.0,15.0,0.0,0.0,6.214733596268344,-0.0726729631423968,8.835747763557647,8.777594583332142,0.0581531802255046,11.628036020918104,11.718110206997377,-0.0900741860792724,-0.0711172452524792,-0.0088385027756946,-0.0088777357216032,8.185979558453482,15.0,True,-2.961526904261872,-3.7370593422405047,0.0221193831579676,0.0186999500762744,8.149643076882285,8.222316040024682,,0.4652303350177638
28.0,GIRMS\IRMS-operator,2026-02-26 05:10:40.364,2026-02-26 06:20:58.244,Running,False,BTS,402,28.0,2.0,15.0,True,Unknown,,"0.002 V, 0.002 V, 0.002 V",54 µbar,72 °C,,10.429 V,9.5226 kV,81 µbar,Carbon Dioxide: 0.0226 kV,"1,205 µbar",10.407 V,11.669 V,816 µbar/min,8.411 V,9.86E-008 mbar,22 %,943 µbar,µ-Volume,,Pre,10.128351936385288,10.989099192089286,11.178627061313836,14.446850698590318,14.925490897297898,10.474029073760166,-1.948075832554408,-3.963011434798936,-1.9951447313453428,0.0300355077775419,0.0075088769443854,-3.972571831010476,0.0220177169445951,0.0055044292361487,-1.9878556145335318,0.0317812032084452,-3.972330030327785,0.022011031190709164,cb758247a117__Natan Pereira BTS coral series 10.xlsx,2026-02-26 05:10:40.364,739673.0,816.0,1205.0,81.0,943.0,8.04414057200324,,BTS,402,BTS,402,,OK,16.0,15.0,15.0,0.0,0.0,7.430403920324963,-0.1400658416818654,10.63699965423986,10.612859773105829,0.0241398811340332,13.983737509846728,14.169882815480271,-0.1861453056335431,-0.1363417188686844,-0.0140863145062022,-0.0141862303574384,9.87336580280632,15.0,True,-1.998282657931405,-3.973209190757913,0.0282448426765687,0.0226372059487855,9.803332881965384,9.94339872364725,,0.613736651678277
29.0,GIRMS\IRMS-operator,2026-02-26 05:44:08.724,2026-02-26 06:59:44.291,Running,False,BTS,348,29.0,1.0,16.0,True,Unknown,,"0.001 V, 0.001 V, 0.001 V",64 µbar,72 °C,,14.793 V,9.5229 kV,79 µbar,Carbon Dioxide: 0.0229 kV,"1,268 µbar",14.500 V,16.995 V,791 µbar/min,3.338 V,1.24E-007 mbar,14 %,999 µbar,µ-Volume,,Pre,14.232966191895642,15.423632399485324,15.593386427805637,20.305313369018823,20.82631756900052,14.616700894959608,-2.761054137730423,-3.651078633885696,-2.866023150085622,0.0228449443339262,0.0061055681941053,-3.6693256775854746,0.0126155627148773,0.003257324286517,-2.930915563938914,0.02426187587936735,-3.666820166037291,0.012563853770720959,cb758247a117__Natan Pereira BTS coral series 10.xlsx,2026-02-26 05:44:08.724,739673.0,791.0,1268.0,79.0,999.0,10.952306970711179,,BTS,348,BTS,348,,OK,16.0,15.0,15.0,0.0,0.0,10.09281139403296,-0.1044124364852923,14.846629635737155,14.727390543863986,0.1192390918731707,19.544847508652005,19.66852714656094,-0.1236796379089355,-0.1023086551719685,-0.0075639960879415,-0.0075927117087725,13.751666135914965,15.0,True,-2.859484683418175,-3.668367431291057,0.0335542354117483,0.0145049704008759,13.699459917672316,13.803872354157608,,0.8594955766782189
30.0,GIRMS\IRMS-operator,2026-02-26 06:20:58.366,2026-02-26 07:35:09.631,Running,False,BTS,346,30.0,2.0,16.0,True,Unknown,,"0.002 V, 0.002 V, 0.002 V",52 µbar,72 °C,,9.663 V,9.5226 kV,84 µbar,Carbon Dioxide: 0.0226 kV,"1,229 µbar",8.916 V,10.773 V,650 µbar/min,14.012 V,8.94E-008 mbar,27 %,929 µbar,µ-Volume,,Pre,8.759367357880073,9.505356561766522,9.585986668091568,12.500629308049838,12.79775846225516,8.980491546842734,-1.93255633931122,-3.4746522648340106,-1.9666821256703937,0.0161421528011097,0.0041678859313755,-3.5064461973196157,0.0172172933780967,0.0043043233445241,-1.9747034818403453,0.016962165910719786,-3.505762663613882,0.017212964176834832,cb758247a117__Natan Pereira BTS coral series 10.xlsx,2026-02-26 06:20:58.366,739673.0,650.0,1229.0,84.0,929.0,6.979531447697475,,BTS,346,BTS,346,,OK,16.0,15.0,15.0,0.0,0.0,6.4436842742558245,-0.0600006444305005,9.206454454434397,9.120474836342444,0.0859796180919509,12.106928604194067,12.175500871961276,-0.0685722677672089,-0.0588237709350592,-0.0070227180872847,-0.0070474642646651,8.513791936673428,15.0,True,-1.971648774004368,-3.508565792818656,0.0163520183358381,0.015511017858098,8.483791614458179,8.54379225888868,,0.5358471734416508
31.0,GIRMS\IRMS-operator,2026-02-26 06:59:44.443,2026-02-26 08:07:14.555,Running,False,SHP2L,,31.0,1.0,17.0,True,QC Standard,SHP2L,"0.002 V, 0.002 V, 0.002 V",67 µbar,72 °C,,8.297 V,9.5228 kV,81 µbar,Carbon Dioxide: 0.0228 kV,"1,290 µbar",7.640 V,9.237 V,889 µbar/min,8.738 V,8.18E-008 mbar,32 %,953 µbar,µ-Volume,,Pre,7.503906132157548,8.152400750519668,8.236905235649976,10.680362582206726,10.995492339134216,7.715472617022272,-0.895853289882953,-6.185127325517681,-0.9162280497545824,0.0191635360045974,0.0049480037200168,-6.172965773993503,0.0164665374425371,0.0042516416856431,-0.7519176198966212,0.02050208208040175,-6.177507349165874,0.016485761483014113,cb758247a117__Natan Pereira BTS coral series 10.xlsx,2026-02-26 06:59:44.443,739673.0,889.0,1290.0,81.0,953.0,5.975981089682078,,SHP2L,,SHP2L,,,OK,16.0,15.0,15.0,0.0,0.0,5.589655838179944,-0.0866800546646127,7.894223231675062,7.849660795168473,0.0445624365065882,10.341852903366089,10.47872006893158,-0.1368671655654907,-0.0845719875714811,-0.0117889031588049,-0.0118588043065796,7.309341854685929,15.0,True,-0.9211856548269652,-6.169419869750494,0.0227916389359723,0.0191661286228709,7.266001827353622,7.352681882018235,,0.38632525150213404
32.0,GIRMS\IRMS-operator,2026-02-26 07:35:09.782,2026-02-26 08:44:20.981,Running,False,BTS,342,32.0,2.0,17.0,True,Unknown,,"0.002 V, 0.002 V, 0.002 V",57 µbar,73 °C,,15.007 V,9.5227 kV,81 µbar,Carbon Dioxide: 0.0227 kV,"1,178 µbar",14.303 V,17.156 V,591 µbar/min,7.495 V,1.23E-007 mbar,12 %,990 µbar,µ-Volume,,Pre,14.111694732561867,15.304827359864232,15.407675174424169,20.12975268130346,20.57873956923528,14.4431859644802,-1.929041822365973,-3.762240709399678,-2.047530464927509,0.0389705127955463,0.0100621431366875,-3.785423055918523,0.018818046253774,0.0047045115634435,-2.050783946559154,0.041230268736921004,-3.784878966505971,0.01876086766369115,cb758247a117__Natan Pereira BTS coral series 10.xlsx,2026-02-26 07:35:09.782,739673.0,591.0,1178.0,81.0,990.0,10.961643287459687,,BTS,342,BTS,342,,OK,16.0,15.0,15.0,0.0,0.0,9.982812915294986,-0.0389963388443028,14.757537511536595,14.558279184052465,0.1992583274841308,19.408953712034663,19.442034289885,-0.0330805778503382,-0.0383918041892584,-0.0028579016695312,-0.002861991314409,13.625596502676766,15.0,True,-2.047530464927509,-3.7869685456864457,0.0389705127955461,0.0183974643102884,13.606098333254614,13.645094672098915,,0.9788303721647011
33.0,GIRMS\IRMS-operator,2026-02-26 08:07:14.708,2026-02-26 09:22:37.204,Running,False,BTS,364,33.0,1.0,18.0,True,Unknown,,"0.001 V, 0.001 V, 0.001 V",67 µbar,73 °C,,13.543 V,9.5230 kV,81 µbar,Carbon Dioxide: 0.0230 kV,"1,263 µbar",13.381 V,15.485 V,718 µbar/min,3.328 V,1.17E-007 mbar,16 %,"1,007 µbar",µ-Volume,,Pre,13.037347936807713,14.135967281482529,14.36435737910063,18.598075299685053,19.18334820789581,13.46346154230698,-2.290064528784219,-3.750461316583742,-2.390492032493537,0.036845784623119,0.0095135406815523,-3.797434786776573,0.0131864711633975,0.0034047322140722,-2.417374141210489,0.039057431124538626,-3.796113323572977,0.013137807408043605,cb758247a117__Natan Pereira BTS coral series 10.xlsx,2026-02-26 08:07:14.708,739673.0,718.0,1263.0,81.0,1007.0,10.095235719405174,,BTS,364,BTS,364,,OK,16.0,15.0,15.0,0.0,0.0,9.363277677708464,-0.1700222492218035,13.62008908095152,13.583970134638063,0.0361189463134579,17.918641953890376,18.140207319681696,-0.2215653657913208,-0.1656243892918403,-0.0133550477184084,-0.0134448258638974,12.64592423456772,15.0,True,-2.3904920324935377,-3.797434786776572,0.0368457846231189,0.0131864711633975,12.560913109956818,12.730935359178622,,0.7319580416967106
34.0,GIRMS\IRMS-operator,2026-02-26 08:44:21.165,2026-02-26 09:57:44.865,Running,False,BTS,335,34.0,2.0,18.0,True,Unknown,,"0.002 V, 0.002 V, 0.002 V",54 µbar,73 °C,,6.102 V,9.5226 kV,86 µbar,Carbon Dioxide: 0.0226 kV,"1,214 µbar",5.653 V,6.693 V,601 µbar/min,12.967 V,6.92E-008 mbar,46 %,875 µbar,µ-Volume,,Pre,5.635101822196398,6.1123312832534005,6.085702933594768,8.042539330474652,8.123050227623834,5.699632775523206,-2.675142882834325,-3.469486716934589,-2.6421880268791065,0.0221357640308567,0.0055339410077141,-3.442062159825017,0.0122765105201376,0.0032810354479629,-2.6998581022797814,0.023815879384161614,-3.439785375016784,0.012280881578587565,cb758247a117__Natan Pereira BTS coral series 10.xlsx,2026-02-26 08:44:21.165,739673.0,601.0,1214.0,86.0,875.0,4.5681618493886935,,BTS,335,BTS,335,,OK,16.0,15.0,15.0,0.0,0.0,4.203081656144189,0.0232400919933946,5.935669423976263,5.818534241691764,0.1171351822844988,7.810051635245786,7.76544548586493,0.044606149380856,0.0230432561635395,0.0042651001866399,0.0042560240022567,5.460517135493447,15.0,True,-2.639991036482092,-3.4401678202225243,0.0210296673184554,0.0193502240312612,5.472137181490144,5.448897089496749,,0.3650801932445047
35.0,GIRMS\IRMS-operator,2026-02-26 09:22:37.338,2026-02-26 10:29:31.214,Running,False,BTS,363,35.0,1.0,19.0,True,Unknown,,"0.002 V, 0.002 V, 0.002 V",71 µbar,72 °C,,13.863 V,9.5228 kV,84 µbar,Carbon Dioxide: 0.0228 kV,"1,288 µbar",13.424 V,15.847 V,777 µbar/min,5.583 V,1.18E-007 mbar,15 %,"1,012 µbar",µ-Volume,,Pre,13.209427985862918,14.32480252827058,14.448079834827286,18.84158769145073,19.29513433470787,13.542112818731226,-2.1333061703303624,-3.8402135984781927,-2.2010022268245404,0.0345782595357472,0.0089280682215191,-3.874859676038109,0.0181039876733968,0.0045259969183492,-2.2116729088797062,0.036630793471220224,-3.874061595872419,0.018060195319927076,cb758247a117__Natan Pereira BTS coral series 10.xlsx,2026-02-26 09:22:37.338,739673.0,777.0,1288.0,84.0,1012.0,10.238185559619126,,BTS,363,BTS,363,,OK,16.0,15.0,15.0,0.0,0.0,9.417243082440251,-0.0772923231124895,13.803872834094864,13.663325081714492,0.1405477523803711,18.155046491766587,18.24567535414757,-0.0906288623809814,-0.0758515799131847,-0.0060360437607351,-0.0060543158183455,12.7664835187952,15.0,True,-2.1994265497324563,-3.877169414542103,0.0382291749670508,0.0161155237394109,12.727837357238956,12.805129680351444,,0.8209424771788747
36.0,GIRMS\IRMS-operator,2026-02-26 09:57:45.049,2026-02-26 11:09:05.543,Running,False,SHP2L,,36.0,2.0,19.0,True,QC Standard,SHP2L,"0.002 V, 0.002 V, 0.002 V",54 µbar,72 °C,,6.423 V,9.5226 kV,79 µbar,Carbon Dioxide: 0.0226 kV,"1,168 µbar",5.950 V,7.067 V,513 µbar/min,12.971 V,6.65E-008 mbar,41 %,880 µbar,µ-Volume,,Pre,5.929098011832933,6.442896271603684,6.4250082722047095,8.440253668855387,8.576167160104472,6.017664296470358,-0.7724572666175655,-6.04339641358298,-0.7995899638612978,0.0138756464281169,0.0037084224967162,-6.057383878329874,0.0258379353933638,0.0064594838483409,-0.6313519014110591,0.014701178005595786,-6.062072537259038,0.025883840073026278,cb758247a117__Natan Pereira BTS coral series 10.xlsx,2026-02-26 09:57:45.049,739673.0,513.0,1168.0,79.0,880.0,4.793456570226607,,SHP2L,,SHP2L,,,OK,16.0,15.0,15.0,0.0,0.0,4.423948790014569,0.0048935386274688,6.253832354096776,6.139389420407396,0.1144429336893804,8.192319857213182,8.19492095095988,-0.0026010937466978,0.0048355969136304,0.000851020943627,0.0008506589793234,5.752644416169067,15.0,True,-0.8008387348418466,-6.0583163759796665,0.0222319279436874,0.0264646545048108,5.755091185482802,5.750197646855333,,0.36950778021203856
37.0,GIRMS\IRMS-operator,2026-02-26 10:29:31.369,2026-02-26 11:48:38.111,Running,False,BTS,367,37.0,1.0,20.0,True,Unknown,,"0.001 V, 0.001 V, 0.001 V",67 µbar,72 °C,,6.589 V,9.5231 kV,79 µbar,Carbon Dioxide: 0.0231 kV,"1,266 µbar",6.006 V,7.259 V,742 µbar/min,3.328 V,7.16E-008 mbar,45 %,909 µbar,µ-Volume,,Pre,5.891778367506207,6.388195739410789,6.477185389193303,8.406766148273185,8.646042588888907,6.066575085144591,-2.992805569206891,-3.740745065090034,-3.0077549884100017,0.0201119282856868,0.0051928775540388,-3.7373357767926056,0.0170171489446728,0.0043938089641765,-3.080160363972547,0.02174504024529757,-3.7345519939699847,0.01705050175815252,cb758247a117__Natan Pereira BTS coral series 10.xlsx,2026-02-26 10:29:31.369,739673.0,742.0,1266.0,79.0,909.0,4.724120425491465,,BTS,367,BTS,367,,OK,16.0,15.0,15.0,0.0,0.0,4.45705160021665,-0.0857561826705932,6.190821528434753,6.187820015930302,0.0030015125044515,8.146749380766654,8.25955117100408,-0.1128017902374267,-0.0834158627540853,-0.0147973510233333,-0.0149076478725847,5.752495860081266,15.0,True,-3.0123386539785937,-3.734271180991375,0.0239333285226058,0.0202007624609674,5.70961776874597,5.795373951416563,,0.2670688252748157
38.0,GIRMS\IRMS-operator,2026-02-26 11:09:05.694,2026-02-26 12:23:10.648,Running,False,BTS,336,38.0,2.0,20.0,True,Unknown,,"0.002 V, 0.002 V, 0.002 V",54 µbar,72 °C,,14.281 V,9.5228 kV,71 µbar,Carbon Dioxide: 0.0228 kV,"1,092 µbar",13.816 V,16.274 V,347 µbar/min,5.915 V,1.20E-007 mbar,15 %,965 µbar,µ-Volume,,Pre,13.59575359893029,14.730783229872008,14.866905337377808,19.40293268236113,19.85510841878844,13.935275099794035,-2.9669940978769294,-3.2953173822533044,-3.0455719233636254,0.0396222921516145,0.0099055730379036,-3.340773656706021,0.0244498276499387,0.0061124569124846,-3.1352376714454264,0.04180873163146948,-3.337483926417188,0.024417570305827516,cb758247a117__Natan Pereira BTS coral series 10.xlsx,2026-02-26 11:09:05.694,739673.0,347.0,1092.0,71.0,965.0,10.595167897547993,,BTS,336,BTS,336,,OK,16.0,15.0,15.0,0.0,0.0,9.665695799993934,-0.0563561916351318,14.211596971555968,14.054017191931033,0.1575797796249372,18.71785179647398,18.76784519227934,-0.0499933958053588,-0.0554034928759529,-0.0042785250506517,-0.0042876975613647,13.143695614854462,15.0,True,-3.0508104450627385,-3.343804075002869,0.0348084392764984,0.02197870181521,13.115517519036896,13.171873710672028,,0.9294720975540596
39.0,GIRMS\IRMS-operator,2026-02-26 11:48:38.279,2026-02-26 12:55:28.556,Running,False,BTS,340,39.0,1.0,21.0,True,Unknown,,"0.002 V, 0.002 V, 0.002 V",69 µbar,72 °C,,13.624 V,9.5228 kV,81 µbar,Carbon Dioxide: 0.0228 kV,"1,263 µbar",13.590 V,15.574 V,713 µbar/min,13.379 V,1.18E-007 mbar,14 %,"1,012 µbar",µ-Volume,,Pre,13.26205937304802,14.378102069652398,14.613555317676385,18.916989491015443,19.51698474648572,13.697471303132245,-2.370873456274958,-3.8407790100968286,-2.472973847185856,0.0406128078014368,0.0104861818838458,-3.8853790185010215,0.025790637900548,0.006447659475137,-2.5022645543995026,0.04320280630556118,-3.8839803347648774,0.02576849249972574,cb758247a117__Natan Pereira BTS coral series 10.xlsx,2026-02-26 11:48:38.279,739673.0,713.0,1263.0,81.0,1012.0,10.290855636322,,BTS,340,BTS,340,,OK,16.0,15.0,15.0,0.0,0.0,9.511710489154058,-0.1637637615203857,13.862700706279597,13.817043548381646,0.0456571578979492,18.237854168444645,18.45170073273755,-0.2138465642929041,-0.1596423880987607,-0.0126462584840102,-0.0127267312505356,12.86770014205284,15.0,True,-2.472973847185856,-3.8883523523946346,0.040612807801437,0.0236878262638067,12.785818261292649,12.949582022813033,,0.7791451471679416
40.0,GIRMS\IRMS-operator,2026-02-26 12:23:10.776,2026-02-26 13:36:03.282,Running,False,BTS,327,40.0,2.0,21.0,True,Unknown,,"0.002 V, 0.002 V, 0.002 V",57 µbar,72 °C,,8.014 V,9.5226 kV,74 µbar,Carbon Dioxide: 0.0226 kV,"1,109 µbar",7.396 V,8.880 V,430 µbar/min,13.133 V,8.10E-008 mbar,32 %,904 µbar,µ-Volume,,Pre,7.276453589006815,7.882568271974516,7.980483708799852,10.382912307046878,10.652802138589848,7.475085878290292,-3.799664323460683,-3.651487338105164,-3.783525001645943,0.0193076358916684,0.0048269089729171,-3.7145893949264943,0.0143244112442715,0.0038283599388083,-3.911325251154632,0.020955819903257303,-3.710042562808166,0.014337758519545805,cb758247a117__Natan Pereira BTS coral series 10.xlsx,2026-02-26 12:23:10.776,739673.0,430.0,1109.0,74.0,904.0,5.838711413631703,,BTS,327,BTS,327,,OK,16.0,15.0,15.0,0.0,0.0,5.427709722794847,-0.0723152663085313,7.641192357809374,7.607590239317247,0.0336021184921273,10.064057259820926,10.155063388870404,-0.091006129049477,-0.0706736699865692,-0.0101485583317302,-0.0102003175907662,7.0895112495315065,15.0,True,-3.7824490468582943,-3.710116990198794,0.0194824631155137,0.0221487805172059,7.053353616377241,7.125668882685773,,0.4110016908368559
41.0,GIRMS\IRMS-operator,2026-02-26 12:55:28.685,2026-02-26 14:14:17.621,Running,False,SHP2L,,41.0,1.0,22.0,True,QC Standard,SHP2L,"0.001 V, 0.001 V, 0.001 V",64 µbar,72 °C,,15.681 V,9.5232 kV,98 µbar,Carbon Dioxide: 0.0232 kV,"1,339 µbar",15.106 V,18.067 V,"1,070 µbar/min",3.343 V,1.28E-007 mbar,13 %,"1,014 µbar",µ-Volume,,Pre,14.863595844502242,16.13585307935529,16.26772835592084,21.15285874610311,21.72829688792592,15.250370384449749,-0.872650861276747,-6.066995327239311,-1.0025820083453096,0.042999860797528,0.0111025163172042,-6.112126032655361,0.026367181635751,0.0065917954089377,-0.8463892428499209,0.045289936772902196,-6.116433110804003,0.026295113055082028,cb758247a117__Natan Pereira BTS coral series 10.xlsx,2026-02-26 12:55:28.685,739673.0,1070.0,1339.0,98.0,1014.0,11.406462801725704,,SHP2L,,SHP2L,,,OK,16.0,15.0,15.0,0.0,0.0,10.489223020418361,-0.0941455364227277,15.522044447458311,15.352767256296206,0.1692771911621076,20.34745098357564,20.50529898410207,-0.1578480005264282,-0.092343641474359,-0.0065417336217403,-0.0065632009779923,14.34445428966978,15.0,True,-1.0025820083453096,-6.115134746349764,0.042999860797528,0.024283824817027,14.297381521458416,14.391527057881143,,0.9172397813073427
42.0,GIRMS\IRMS-operator,2026-02-26 13:36:03.413,2026-02-26 14:49:35.676,Running,False,BTS,350,42.0,2.0,22.0,True,Unknown,,"0.002 V, 0.002 V, 0.002 V",54 µbar,72 °C,,7.640 V,9.5228 kV,74 µbar,Carbon Dioxide: 0.0228 kV,"1,078 µbar",7.097 V,8.494 V,366 µbar/min,14.573 V,7.90E-008 mbar,35 %,904 µbar,µ-Volume,,Pre,6.982093833405741,7.572824894870115,7.611456405397284,9.960001149176458,10.160565855343403,7.129481218774089,-2.599651032659689,-3.956912718541483,-2.632268192732525,0.0239452357873262,0.0059863089468315,-3.932107880297431,0.0169030520508261,0.0043643492728617,-2.6709715296791208,0.025749204238231002,-3.9303885484403667,0.016941432519256294,cb758247a117__Natan Pereira BTS coral series 10.xlsx,2026-02-26 13:36:03.413,739673.0,366.0,1078.0,74.0,904.0,5.612643543463811,,BTS,350,BTS,350,,OK,16.0,15.0,15.0,0.0,0.0,5.192165443643212,-0.0297575905250644,7.344405212767607,7.261152504573548,0.0832527081940588,9.65943980439431,9.692540461978474,-0.0331006575841641,-0.0292516930721355,-0.004375419748848,-0.0043850128848357,6.7862036684025,15.0,True,-2.634442670070713,-3.933953926266461,0.023092686453613,0.0208555688205466,6.771324873139968,6.801082463665033,,0.420478099820599
43.0,GIRMS\IRMS-operator,2026-02-26 14:14:17.751,2026-02-26 15:20:35.328,Running,False,BTS,349,43.0,1.0,23.0,True,Unknown,,"0.002 V, 0.002 V, 0.002 V",71 µbar,72 °C,,9.925 V,9.5229 kV,84 µbar,Carbon Dioxide: 0.0229 kV,"1,290 µbar",9.893 V,11.156 V,923 µbar/min,6.983 V,9.53E-008 mbar,23 %,977 µbar,µ-Volume,,Pre,9.621110104507434,10.428870830549512,10.633780979696237,13.724213621676636,14.197385094226073,9.962862989163654,-2.9529903551589465,-3.906938565356621,-2.999014138304722,0.0215722261562651,0.0055699248429223,-3.916555810903548,0.0133358798045588,0.0034433093593386,-3.063962527069323,0.023074367275594865,-3.9139983934095723,0.013331152007395724,cb758247a117__Natan Pereira BTS coral series 10.xlsx,2026-02-26 14:14:17.751,739673.0,923.0,1290.0,84.0,977.0,7.582948701805927,,BTS,349,BTS,349,,OK,16.0,15.0,15.0,0.0,0.0,7.096047630915633,-0.1672301757533443,10.078440222753798,10.102088365568434,-0.0236481428146362,13.262160190127126,13.487106344760129,-0.2249461546330025,-0.1621921757230023,-0.017669521280723,-0.0178270187240815,9.380714652385612,15.0,True,-2.9975482170058414,-3.9198051690308993,0.0253410237717742,0.016409040067681,9.29709956450894,9.464329740262285,,0.4869010708902941
44.0,GIRMS\IRMS-operator,2026-02-26 14:49:35.816,2026-02-26 15:59:26.365,Running,False,BTS,357,44.0,2.0,23.0,True,Unknown,,"0.002 V, 0.002 V, 0.002 V",57 µbar,72 °C,,13.499 V,9.5228 kV,76 µbar,Carbon Dioxide: 0.0228 kV,"1,080 µbar",13.036 V,15.414 V,381 µbar/min,9.641 V,1.14E-007 mbar,14 %,980 µbar,µ-Volume,,Pre,12.854453962090869,13.932717065428882,14.018726485814796,18.34542037921647,18.721227664525312,13.13891712928142,-2.6714960965112944,-3.3097364891184755,-2.756825251780352,0.0342601197639984,0.0088459248856691,-3.325778577270753,0.0212363051547785,0.0053090762886946,-2.8267868386868154,0.03648912236965597,-3.3231362054798876,0.021233230630931285,cb758247a117__Natan Pereira BTS coral series 10.xlsx,2026-02-26 14:49:35.816,739673.0,381.0,1080.0,76.0,980.0,10.044996731239163,,BTS,357,BTS,357,,OK,16.0,15.0,15.0,0.0,0.0,9.160401624768078,-0.0263899564743024,13.44546286011926,13.263683594715513,0.1817792654037475,17.703105825955667,17.712284941251077,-0.0091791152954101,-0.0259999989784533,-0.0021229773206934,-0.0021252332316694,12.417440157178298,15.0,True,-2.756825251780352,-3.326848049814239,0.0342601197639985,0.0215310484853496,12.404245178941148,12.43063513541545,,0.8845951064710853
45.0,GIRMS\IRMS-operator,2026-02-26 15:20:35.484,2026-02-26 16:39:15.391,Running,False,BTS,328,45.0,1.0,24.0,True,Unknown,,"0.001 V, 0.001 V, 0.001 V",64 µbar,72 °C,,9.687 V,9.5231 kV,84 µbar,Carbon Dioxide: 0.0231 kV,"1,288 µbar",8.831 V,10.859 V,952 µbar/min,3.339 V,8.85E-008 mbar,28 %,955 µbar,µ-Volume,,Pre,8.639750840491395,9.356820488663104,9.479993369624635,12.325308460442995,12.656263250558352,8.881232875235575,-3.9204962555217104,-3.848411104310889,-3.980602647639331,0.0227144191957888,0.0058648378176042,-3.874996700460549,0.0226868606545564,0.0056717151636391,-4.115895685438901,0.024082663597588417,-3.8701805733946175,0.02268734167990104,cb758247a117__Natan Pereira BTS coral series 10.xlsx,2026-02-26 15:20:35.484,739673.0,952.0,1288.0,84.0,955.0,6.8276333972477845,,BTS,328,BTS,328,,OK,16.0,15.0,15.0,0.0,0.0,6.378746936238484,-0.0974982976913452,9.045624935069997,9.020033844754892,0.0255910903151033,11.915139097421145,12.041575450150942,-0.1264363527297991,-0.0951512270356993,-0.0115385744869859,-0.0116055301238836,8.401020604022044,15.0,True,-3.9806026476393312,-3.876769073537194,0.0227144191957888,0.0223070955686332,8.352271455176371,8.449769752867716,,0.44888646100930085
46.0,GIRMS\IRMS-operator,2026-02-26 15:59:26.504,2026-02-26 17:13:29.313,Running,False,SHP2L,,46.0,2.0,24.0,True,QC Standard,SHP2L,"0.002 V, 0.002 V, 0.002 V",52 µbar,73 °C,,23.180 V,9.5229 kV,84 µbar,Carbon Dioxide: 0.0229 kV,"1,222 µbar",16.579 V,27.403 V,625 µbar/min,8.639 V,1.38E-007 mbar,10 %,"1,007 µbar",µ-Volume,21.226 V,Pre,22.669634961143096,24.58937801068013,17.881530892302447,32.25278321649441,23.8861388340176,16.76628663446005,-1.5474330683450388,-6.267182674889349,-1.5307017991303813,0.0506229039215542,0.0130707775883225,-6.227287427401772,0.0307528503551722,0.007688212588793,-1.4072264102778178,0.05340235409728985,-6.230528671986931,0.030685842165460192,cb758247a117__Natan Pereira BTS coral series 10.xlsx,2026-02-26 15:59:26.504,739673.0,625.0,1222.0,84.0,1007.0,17.067198820963462,,SHP2L,,SHP2L,,,OK,16.0,15.0,15.0,0.0,0.0,11.43517933286747,5.936533212661741,23.57833422367757,16.851815950323992,6.726518273353577,30.92570070173153,22.509033121126976,8.416667580604553,8.06363259341599,0.3757521347046174,0.3163226745885555,18.767333768859466,15.0,True,-1.5206760078936732,-6.224627744235934,0.0609177631470755,0.0298667607697437,21.735600375190334,15.799067162528592,,5.632019488095992
1.0,GIRMS\IRMS-operator,2026-03-05 14:45:51.598,2026-03-05 15:50:08.269,Running,False,SHP2L,,,1.0,2.0,True,QC Standard,SHP2L,"0.001 V, 0.001 V, 0.001 V",25 µbar,72 °C,,7.771 V,9.5218 kV,71 µbar,Carbon Dioxide: 0.0218 kV,"1,068 µbar",7.576 V,8.691 V,664 µbar/min,3.286 V,8.98E-008 mbar,31 %,799 µbar,µ-Volume,,Pre,7.491326586611223,8.140688432506497,8.130785829318238,10.668926140735174,10.857694050738836,7.614633695490311,-0.8505377494586464,-6.100685806915807,-0.9202713719191458,0.0244983957207289,0.0063254585756788,-6.104367150706717,0.0143885463288008,0.0037151066871719,-0.7585934962980544,0.026401176512921936,-6.108841136861527,0.014411744637015214,b788d374aa4d__Natan Pereira BTS coral series 12.xlsx,2026-03-05 14:45:51.598,739680.0,664.0,1068.0,71.0,799.0,5.94526165257288,,SHP2L,,SHP2L,,,OK,16.0,15.0,15.0,0.0,0.0,5.513397082130892,-0.0094697407106494,7.87440468197244,7.7478561541489395,0.126548527823501,10.320045253703618,10.345898768374944,-0.0258535146713256,-0.03104521006771,-0.0013051151699797,-0.0013059673889051,7.251131070423272,15.0,True,-0.9202713719191457,-6.10761576285132,0.0244983957207289,0.0184311013426219,7.246396200067948,7.255865940778597,,0.4318645704419879
2.0,GIRMS\IRMS-operator,2026-03-05 15:21:06.681,2026-03-05 16:15:59.856,Running,False,BTS,258,,2.0,2.0,True,Unknown,,"0.002 V, 0.002 V, 0.002 V",62 µbar,72 °C,,2.001 V,9.5216 kV,64 µbar,Carbon Dioxide: 0.0216 kV,"1,163 µbar",3.231 V,2.133 V,527 µbar/min,7.452 V,6.21E-008 mbar,100 %,633 µbar,µ-Volume,1.863 V,Pre,1.91119319922791,2.0728853155994638,3.539562622681039,2.728658596859384,4.725710315521914,3.313879472205558,-3.012901122948386,-3.698566857508245,-2.9923254073015286,0.0364668882446696,0.0094157100573074,-3.69067149697827,0.0346874477657723,0.008671861941443,-3.065392284760653,0.038741223706738034,-3.6878627917462663,0.034690656740882286,b788d374aa4d__Natan Pereira BTS coral series 12.xlsx,2026-03-05 15:21:06.681,739680.0,527.0,1163.0,64.0,633.0,1.5780830335553993,,BTS,258,BTS,258,,OK,16.0,15.0,15.0,0.0,0.0,2.4929164914908912,-1.315759628660693,3.392678537507773,2.0183694364502127,1.3743091010575608,4.529675624260318,2.656730760372412,1.8729448638879065,-2.5301486175008963,-0.4142048314878106,-0.5223938623503592,2.51871188290922,15.0,True,-2.998084095970688,-3.690145139609605,0.0456199152483192,0.0358387190743437,1.8608320685788733,3.1765916972395662,,-0.914833457935492
3.0,GIRMS\IRMS-operator,2026-03-05 15:50:08.362,2026-03-05 16:51:45.137,Running,False,BTS,259,,1.0,3.0,True,Unknown,,"0.001 V, 0.001 V, 0.001 V",42 µbar,72 °C,,2.707 V,9.5213 kV,76 µbar,Carbon Dioxide: 0.0213 kV,"1,129 µbar",3.207 V,2.907 V,733 µbar/min,3.207 V,6.21E-008 mbar,98 %,662 µbar,µ-Volume,2.524 V,Pre,2.606136115280048,2.8259612090303285,3.49696175089993,3.7215162774269617,4.669164689962082,3.274073464883702,-3.2690940520702094,-3.570373421748596,-3.2717369434774883,0.0189122352593999,0.0048831181466141,-3.5235490912857754,0.0188086980723738,0.0048563849598764,-3.3703916479529346,0.020160238450693476,-3.5199331174450883,0.01881247691249486,b788d374aa4d__Natan Pereira BTS coral series 12.xlsx,2026-03-05 15:50:08.362,739680.0,733.0,1129.0,76.0,662.0,2.143832658851915,,BTS,259,BTS,259,,OK,16.0,15.0,15.0,0.0,0.0,2.4668553560598068,-0.6048319216809319,3.3548199809426835,2.750108988906537,0.6047109920361464,4.479065537452698,3.621633889199869,0.8574316482528288,-1.6031198054078248,-0.1925649722773159,-0.213080934389041,2.83850792852558,15.0,True,-3.27726150060453,-3.5235490912857745,0.0280035029221903,0.0188086980723738,2.5360919676851137,3.1409238893660456,,-0.3230226972078918
4.0,GIRMS\IRMS-operator,2026-03-05 16:16:00.014,2026-03-05 17:25:06.015,Running,False,BTS,260,,2.0,3.0,True,Unknown,,"0.001 V, 0.001 V, 0.001 V",57 µbar,72 °C,,2.169 V,9.5212 kV,74 µbar,Carbon Dioxide: 0.0212 kV,"1,219 µbar",3.187 V,2.317 V,752 µbar/min,3.187 V,6.09E-008 mbar,100 %,658 µbar,µ-Volume,2.018 V,Pre,2.081847444821654,2.2562761322879368,3.4885232750570387,2.9723750917026903,4.657703048241017,3.26613625443526,-3.77363671085218,-3.679437775678141,-3.758103521627184,0.0262556464374048,0.0067791787597319,-3.680979219782543,0.0281440031872236,0.0072667503759817,-3.8853742894927974,0.028187682131338876,-3.6764383665188305,0.02814944140688918,b788d374aa4d__Natan Pereira BTS coral series 12.xlsx,2026-03-05 16:16:00.014,739680.0,752.0,1219.0,74.0,658.0,1.715816384559965,,BTS,260,BTS,260,,OK,16.0,15.0,15.0,0.0,0.0,2.4577307787846907,-1.104922762011261,3.344201861616532,2.1959641785470003,1.1482376830695316,4.46477297824566,2.8929999944781337,1.5717729837675258,-2.3471253240911056,-0.3528861882437015,-0.4284903516987973,2.5786409370261723,15.0,True,-3.7622314988584367,-3.6762308788356246,0.0328992903591474,0.0338521825077168,2.026179556020542,3.131102318031803,,-0.7419143942247257
5.0,GIRMS\IRMS-operator,2026-03-05 16:51:45.304,2026-03-05 18:11:01.174,Running,False,BTS,261,,1.0,4.0,True,Unknown,,"0.001 V, 0.001 V, 0.001 V",45 µbar,72 °C,,3.055 V,9.5207 kV,84 µbar,Carbon Dioxide: 0.0207 kV,"1,153 µbar",3.286 V,3.294 V,694 µbar/min,3.286 V,5.71E-008 mbar,88 %,728 µbar,µ-Volume,2.844 V,Pre,2.9408034131316465,3.1867569869515253,3.58894642784296,4.197496655273337,4.790884756748809,3.3604825991464504,-3.812195774394511,-3.724834596558813,-3.866820393971008,0.0360986645218345,0.0090246661304586,-3.699206221434818,0.0289934034646301,0.0074860645845589,-4.000887920103731,0.03912049585997382,-3.6944473078060294,0.0290684915927301,b788d374aa4d__Natan Pereira BTS coral series 12.xlsx,2026-03-05 16:51:45.304,739680.0,694.0,1153.0,84.0,728.0,2.4154753862059786,,BTS,261,BTS,261,,OK,16.0,15.0,15.0,0.0,0.0,2.5283095252415917,-0.3624878168963961,3.100796784455183,3.4430754778106665,-0.3422786933554835,4.596221165991662,4.084028901781101,0.5121922642105607,-1.0561311557958328,-0.1124338100871292,-0.1191309853799819,3.0427668816823727,15.0,True,-3.870462035276108,-3.6927145551606175,0.0341884811105991,0.0334100946914707,2.8615229732341745,3.2240107901305706,,-0.11283413903561312
6.0,GIRMS\IRMS-operator,2026-03-05 17:25:06.171,2026-03-05 18:38:02.437,Running,False,SHP2L,,,2.0,4.0,True,QC Standard,SHP2L,"0.001 V, 0.001 V, 0.001 V",71 µbar,72 °C,,13.002 V,9.5206 kV,71 µbar,Carbon Dioxide: 0.0206 kV,"1,119 µbar",11.770 V,14.875 V,410 µbar/min,3.260 V,1.10E-007 mbar,15 %,990 µbar,µ-Volume,,Pre,11.701019530327796,12.708092354886974,12.604618691556896,16.65516341101226,16.832338217607106,11.81125832083988,-0.8601949305047096,-6.09366910102993,-0.960393594708912,0.0192540901552558,0.0049713847011788,-6.116346158644641,0.0170133006314216,0.0042533251578554,-0.8011455761609702,0.02036419000303642,-6.120748607744677,0.01699578669720725,b788d374aa4d__Natan Pereira BTS coral series 12.xlsx,2026-03-05 17:25:06.171,739680.0,410.0,1119.0,71.0,990.0,9.083459164987122,,SHP2L,,SHP2L,,,OK,16.0,15.0,15.0,0.0,0.0,8.2776252677771,0.0939480673061385,12.25232543861195,11.939523299587982,0.312802139023967,16.05788016687926,15.942902807107531,0.1149773597717302,0.310987822520219,0.0083976936758156,0.0083625804812053,11.23433939048881,15.0,True,-0.9603935947089118,-6.117857962485624,0.0192540901552558,0.0164604586178994,11.28131342414188,11.18736535683574,,0.8058338972100216
7.0,GIRMS\IRMS-operator,2026-03-05 18:11:01.293,2026-03-05 19:13:52.207,Running,False,BTS,262,,1.0,5.0,True,Unknown,,"0.002 V, 0.002 V, 0.002 V",54 µbar,72 °C,,2.366 V,9.5207 kV,96 µbar,Carbon Dioxide: 0.0207 kV,"1,258 µbar",3.154 V,2.530 V,855 µbar/min,11.384 V,5.39E-008 mbar,100 %,699 µbar,µ-Volume,2.059 V,Pre,2.1808818863688524,2.3635271089562506,3.4326136512836,3.111278315715724,4.581134061871444,3.2142919180271363,-3.655534396530991,-3.9155807272011063,-3.701283575567461,0.0245843433693371,0.0061460858423342,-3.9266261409146064,0.0266280540144542,0.0068753339826595,-3.815000082065083,0.02652922061294806,-3.9224869639565694,0.026668455299362393,b788d374aa4d__Natan Pereira BTS coral series 12.xlsx,2026-03-05 18:11:01.293,739680.0,855.0,1258.0,96.0,699.0,1.807764264099739,,BTS,262,BTS,262,,OK,16.0,15.0,15.0,0.0,0.0,2.422687287354454,-0.9576412078932351,3.2914590001967907,2.3024541859343266,0.989004814262464,4.392584463291102,3.030841847591334,1.3617426156997676,-2.166872264840282,-0.3107023537478581,-0.3678479685769753,2.6033614147656783,15.0,True,-3.704333520836559,-3.932267689427723,0.0220928708747601,0.0324488973513058,2.124540810819061,3.082182018712296,,-0.6149230232547149
8.0,GIRMS\IRMS-operator,2026-03-05 18:38:02.542,2026-03-05 19:45:47.646,Running,False,BTS,263,,2.0,5.0,True,Unknown,,"0.001 V, 0.001 V, 0.001 V",69 µbar,73 °C,,2.300 V,9.5210 kV,79 µbar,Carbon Dioxide: 0.0210 kV,"1,258 µbar",3.127 V,2.459 V,650 µbar/min,3.127 V,4.79E-008 mbar,100 %,704 µbar,µ-Volume,2.144 V,Pre,2.2105581112556028,2.3969499974877952,3.4194285029674503,3.153363830479071,4.563722759743074,3.201876042467357,-3.160016321001158,-4.029397810266899,-3.2119767240972465,0.0227648084073115,0.0058778482560746,-4.00550750429559,0.0441516403392951,0.0110379100848237,-3.288822115964648,0.024594254752032155,-4.002564844920495,0.04421599480021421,b788d374aa4d__Natan Pereira BTS coral series 12.xlsx,2026-03-05 18:38:02.542,739680.0,650.0,1258.0,79.0,704.0,1.822387287058593,,BTS,263,BTS,263,,OK,16.0,15.0,15.0,0.0,0.0,2.414060741750971,-0.919372619938292,3.279812311974653,2.3331433469572675,0.9466689650173854,4.376911910400717,3.069612573453687,1.3072993369470305,-2.114522781060124,-0.299356474533644,-0.3520508208227276,2.6114769958205395,15.0,True,-3.211607236978842,-4.003914817230836,0.0236943956111333,0.0452230295859634,2.151790685851393,3.071163305789685,,-0.5916734546923779
9.0,GIRMS\IRMS-operator,2026-03-05 19:13:52.327,2026-03-05 20:31:24.831,Running,False,BTS,264,,1.0,6.0,True,Unknown,,"0.001 V, 0.001 V, 0.001 V",54 µbar,72 °C,,2.807 V,9.5214 kV,84 µbar,Carbon Dioxide: 0.0214 kV,"1,168 µbar",3.297 V,3.006 V,674 µbar/min,3.297 V,4.88E-008 mbar,97 %,733 µbar,µ-Volume,2.613 V,Pre,2.696242677354578,2.924339817859441,3.58688051638078,3.845488797642577,4.787172494143547,3.358806644937342,-2.8574849068661035,-4.208576753214399,-2.879875694207848,0.0304278220288292,0.0076069555072073,-4.186963640967386,0.0267351495297307,0.0069029859258008,-2.9264231280234436,0.03248363264227831,-4.184960407211999,0.026767938244447446,b788d374aa4d__Natan Pereira BTS coral series 12.xlsx,2026-03-05 19:13:52.327,739680.0,674.0,1168.0,84.0,733.0,2.223274671860181,,BTS,264,BTS,264,,OK,16.0,15.0,15.0,0.0,0.0,2.529381385328551,-0.5984974670375411,3.440949963863752,2.8457396840469715,0.5952102798167807,4.5923797001618025,3.742000233151305,0.850379467010498,-1.5997374111148428,-0.1857407610215531,-0.2047565827760513,2.922970577664585,15.0,True,-2.881368413363964,-4.190603592612889,0.0308834384492756,0.0328950904565812,2.6237218441458143,3.2222193111833555,,-0.3061067134683704
10.0,GIRMS\IRMS-operator,2026-03-05 19:45:47.794,2026-03-05 20:57:05.087,Running,False,BTS,265,,2.0,6.0,True,Unknown,,"0.001 V, 0.001 V, 0.001 V",71 µbar,72 °C,,2.541 V,9.5214 kV,69 µbar,Carbon Dioxide: 0.0214 kV,"1,036 µbar",3.271 V,2.723 V,322 µbar/min,3.271 V,4.88E-008 mbar,100 %,726 µbar,µ-Volume,2.367 V,Pre,2.442379666930714,2.6502776660244427,3.581388745161338,3.4845842392744037,4.779756069183351,3.353655634338879,-2.372819354381828,-3.860892072204858,-2.3673238654898854,0.0282332168958523,0.007058304223963,-3.887664922997088,0.0397426683117891,0.0099356670779472,-2.3892417720910095,0.03033635354394181,-3.886492585951973,0.03978930018676717,b788d374aa4d__Natan Pereira BTS coral series 12.xlsx,2026-03-05 19:45:47.794,739680.0,322.0,1036.0,69.0,726.0,2.010254582097226,,BTS,265,BTS,265,,OK,16.0,15.0,15.0,0.0,0.0,2.5250345371351264,-0.8387937992650083,3.4343552344221737,2.5797773931944805,0.8545778412276932,4.583562531626136,3.391619784455445,1.1919427471706905,-2.0353232095564087,-0.2608127211807624,-0.2999248262186373,2.7966801209498726,15.0,True,-2.3669574995637563,-3.8894497797165695,0.0291847615402832,0.0404683509723817,2.377283221317368,3.2160770205823765,,-0.5147799550379002
11.0,GIRMS\IRMS-operator,2026-03-05 20:31:24.951,2026-03-05 21:33:18.981,Running,False,SHP2L,,,1.0,7.0,True,QC Standard,SHP2L,"0.001 V, 0.001 V, 0.001 V",54 µbar,72 °C,,21.545 V,9.5216 kV,91 µbar,Carbon Dioxide: 0.0216 kV,"1,212 µbar",14.367 V,25.382 V,698 µbar/min,3.245 V,1.27E-007 mbar,10 %,"1,012 µbar",µ-Volume,19.505 V,Pre,20.83604133360768,22.6032247797723,15.479620362925072,29.643527405109364,20.674503581371265,14.510185482434276,-1.7092083167036254,-6.380426384558047,-1.5569000790646228,0.0967124221717866,0.0241781055429466,-6.325397408159662,0.0395026582024815,0.0098756645506203,-1.4317278194922387,0.10226153104684167,-6.328665920486157,0.03936275463330771,b788d374aa4d__Natan Pereira BTS coral series 12.xlsx,2026-03-05 20:31:24.951,739680.0,698.0,1212.0,91.0,1012.0,15.68913575311613,,SHP2L,,SHP2L,,,OK,16.0,15.0,15.0,0.0,0.0,10.009117073674778,6.27980990815176,21.67938258807613,14.620344902681849,7.059037685394285,28.430721895542103,19.524148838367417,8.906573057174686,30.06150584994866,0.4582787400981542,0.3728452210263642,16.842940593055662,15.0,True,-1.546746196555356,-6.321728809733104,0.0908511615745105,0.0379631707017727,19.982845547131543,13.703035638979784,,5.680018679441352
12.0,GIRMS\IRMS-operator,2026-03-05 20:57:05.180,2026-03-05 22:07:25.409,Running,False,BTS,266,,2.0,7.0,True,Unknown,,"0.002 V, 0.002 V, 0.002 V",71 µbar,72 °C,,2.902 V,9.5215 kV,71 µbar,Carbon Dioxide: 0.0215 kV,"1,129 µbar",3.138 V,3.118 V,391 µbar/min,13.890 V,5.31E-008 mbar,97 %,760 µbar,µ-Volume,2.503 V,Pre,2.6495647441034755,2.874975830008146,3.414963594378335,3.779816267879359,4.557576809347048,3.19789362245218,-2.39330810081817,-3.91767902404816,-2.402416570374596,0.0202570129169591,0.0052303382447527,-3.908973557778306,0.0288466820560248,0.0074481812797549,-2.4257400806515803,0.021677655842713695,-3.9077584606342555,0.02887702531300139,b788d374aa4d__Natan Pereira BTS coral series 12.xlsx,2026-03-05 20:57:05.180,739680.0,391.0,1129.0,71.0,760.0,2.1720238554464175,,BTS,266,BTS,266,,OK,16.0,15.0,15.0,0.0,0.0,2.413418688917536,-0.4920290630801061,3.2769419636163506,2.795856205963378,0.4810857576529725,4.37339320645977,3.676021809953169,0.6973713965066017,-1.356187404341127,-0.1603365275775452,-0.1743107149552905,2.822712666896628,15.0,True,-2.398772743347078,-3.913526502366168,0.0260888762204998,0.035042885984129,2.5766981353565743,3.0687271984366804,,-0.24139483347111845
13.0,GIRMS\IRMS-operator,2026-03-05 21:33:19.088,2026-03-05 22:51:12.681,Running,False,BTS,267,,1.0,8.0,True,Unknown,,"0.001 V, 0.001 V, 0.001 V",57 µbar,72 °C,,2.688 V,9.5219 kV,84 µbar,Carbon Dioxide: 0.0219 kV,"1,124 µbar",3.306 V,2.872 V,503 µbar/min,3.305 V,4.86E-008 mbar,100 %,726 µbar,µ-Volume,2.497 V,Pre,2.576977765357151,2.79611492444632,3.61934758849834,3.676887658648868,4.8306376658014125,3.389338275371366,-2.42849157873648,-3.777862717954661,-2.48523951939731,0.0316605215297549,0.0079151303824387,-3.780041017582958,0.0248222152468091,0.0064090684177911,-2.5192026099008853,0.033554229071448914,-3.778489373822487,0.024828578928502834,b788d374aa4d__Natan Pereira BTS coral series 12.xlsx,2026-03-05 21:33:19.088,739680.0,503.0,1124.0,84.0,726.0,2.125850990541933,,BTS,267,BTS,267,,OK,16.0,15.0,15.0,0.0,0.0,2.550270354341439,-0.7409780112625333,3.46954664360053,2.7213049491839505,0.7482416944165795,4.630430939623849,3.578402181698725,1.052028757925124,-1.8776401778561784,-0.228060330093802,-0.2574131997461009,2.878554837100024,15.0,True,-2.489022715441365,-3.785888706802484,0.028785924138593,0.033193051265867,2.508065831468757,3.2490438427312904,,-0.42441936379950596
14.0,GIRMS\IRMS-operator,2026-03-05 22:07:25.603,2026-03-05 23:16:56.295,Running,False,BTS,268,,2.0,8.0,True,Unknown,,"0.001 V, 0.001 V, 0.001 V",74 µbar,73 °C,,3.126 V,9.5220 kV,79 µbar,Carbon Dioxide: 0.0220 kV,"1,229 µbar",3.281 V,3.355 V,718 µbar/min,3.281 V,4.86E-008 mbar,86 %,777 µbar,µ-Volume,2.893 V,Pre,2.9930372540577284,3.2473235407879364,3.583247567417697,4.270259205767194,4.782366163072962,3.355558677020772,-2.503441164876885,-3.815360468114704,-2.503456136884158,0.0128401876351649,0.0032100469087912,-3.774766134712104,0.0306866494155214,0.0079232588091479,-2.539272585757743,0.013904653772101245,-3.773162322711743,0.030731345731261402,b788d374aa4d__Natan Pereira BTS coral series 12.xlsx,2026-03-05 22:07:25.603,739680.0,718.0,1229.0,79.0,777.0,2.450828244345716,,BTS,268,BTS,268,,OK,16.0,15.0,15.0,0.0,0.0,2.527848274677595,-0.3090747451044948,3.1575854299029555,3.437976146938876,-0.2803907170359201,4.152216982509873,4.588109772051377,-0.4358927895415041,-0.917179234287526,-0.096002969077123,-0.1008436121673886,3.0648916521501306,15.0,True,-2.503457135017976,-3.766749734707061,0.0132908562512743,0.0347603369997395,2.9103542795978834,3.2194290247023782,,-0.07702003033187887
15.0,GIRMS\IRMS-operator,2026-03-05 22:51:12.840,2026-03-05 23:53:21.040,Running,False,BTS,269,,1.0,9.0,True,Unknown,,"0.001 V, 0.001 V, 0.001 V",57 µbar,73 °C,,2.391 V,9.5222 kV,93 µbar,Carbon Dioxide: 0.0222 kV,"1,231 µbar",3.251 V,2.550 V,737 µbar/min,3.250 V,4.74E-008 mbar,100 %,701 µbar,µ-Volume,2.237 V,Pre,2.301561349655233,2.4972659401589583,3.555004080598793,3.283756810415947,4.744559559472288,3.3289597293513933,-2.4500761368270174,-3.830210090997044,-2.4986046375206,0.0253360434522627,0.00654173828996,-3.777636531712207,0.0258373504866148,0.0066711752096522,-2.5337906832613246,0.027599209543685867,-3.7760499568263444,0.02589359833703128,b788d374aa4d__Natan Pereira BTS coral series 12.xlsx,2026-03-05 22:51:12.840,739680.0,737.0,1231.0,93.0,701.0,1.9066677922433346,,BTS,269,BTS,269,,OK,16.0,15.0,15.0,0.0,0.0,2.5074591062811313,-0.9500120519893476,3.4091556612860474,2.433110966888939,0.9760446943971086,4.549906062069139,3.199572468998507,1.3503335930706322,-2.1905449768249614,-0.2975759540616378,-0.3495908728164332,2.717496725059495,15.0,True,-2.50634637104008,-3.7685773754765193,0.027126952479454,0.0296312387729499,2.242490699064821,3.192502751054169,,-0.6007913140377967
16.0,GIRMS\IRMS-operator,2026-03-05 23:16:56.402,2026-03-06 00:26:34.598,Running,False,SHP2L,,,2.0,9.0,True,QC Standard,SHP2L,"0.001 V, 0.001 V, 0.001 V",74 µbar,73 °C,,17.736 V,9.5224 kV,79 µbar,Carbon Dioxide: 0.0224 kV,"1,192 µbar",14.190 V,20.678 V,508 µbar/min,3.228 V,1.26E-007 mbar,10 %,"1,034 µbar",µ-Volume,16.036 V,Pre,17.081502923900118,18.53858221254037,15.287640578362204,24.30483985658108,20.41749943013607,14.330390939647184,-1.2379829263762243,-6.238408103303672,-1.2427923347395695,0.0357931613029681,0.0092417545089674,-6.206569060395146,0.0173925602169375,0.0044907397378739,-1.0999326279908626,0.03787391955965976,-6.2104339707547815,0.017367966056774792,b788d374aa4d__Natan Pereira BTS coral series 12.xlsx,2026-03-05 23:16:56.402,739680.0,508.0,1192.0,79.0,1034.0,12.950918762420935,,SHP2L,,SHP2L,,,OK,16.0,15.0,15.0,0.0,0.0,9.894145144379076,2.865970134735109,17.80215192517922,14.44119501790688,3.3609569072723406,23.33738196607052,19.285443313078265,4.051938652992252,11.399961575535407,0.2117360747602344,0.1914659503694969,14.968562970096102,15.0,True,-1.2365276909559169,-6.207577431964489,0.0439818082649847,0.019660901118547,16.401548037463655,13.535577902728546,,3.056773618041859
17.0,GIRMS\IRMS-operator,2026-03-05 23:53:21.244,2026-03-06 01:11:06.837,Running,False,BTS,270,,1.0,10.0,True,Unknown,,"0.001 V, 0.001 V, 0.001 V",57 µbar,72 °C,,1.861 V,9.5224 kV,79 µbar,Carbon Dioxide: 0.0224 kV,"1,063 µbar",3.296 V,1.980 V,532 µbar/min,3.295 V,4.81E-008 mbar,100 %,645 µbar,µ-Volume,1.747 V,Pre,1.7929452930396257,1.9447622171545829,3.6071702274499455,2.55801299502159,4.8140593978642965,3.3778915670854395,-2.7566439309546498,-3.802917025506836,-2.785584421142504,0.0320850731670301,0.0080212682917575,-3.822793795029255,0.0277904875262916,0.0071754730248208,-2.8390359119941575,0.033837401522627056,-3.8206120595086914,0.027791489594417306,b788d374aa4d__Natan Pereira BTS coral series 12.xlsx,2026-03-05 23:53:21.244,739680.0,532.0,1063.0,79.0,645.0,1.4889748400350478,,BTS,270,BTS,270,,OK,16.0,15.0,15.0,0.0,0.0,2.5407047492082597,-1.4904532404367068,3.4563442525551253,1.8941258836959356,1.56221836885919,4.612675465414761,2.491369421393524,2.121306044021237,-2.639679016197356,-0.4604781038497545,-0.5982092297631283,2.491524982031585,15.0,True,-2.787513787155027,-3.8286746275792174,0.0322361709348122,0.0322581975986207,1.746298361813232,3.2367516022499387,,-1.051729909173212
18.0,GIRMS\IRMS-operator,2026-03-06 00:26:34.729,2026-03-06 01:37:38.223,Running,False,BTS,271,,2.0,10.0,True,Unknown,,"0.001 V, 0.001 V, 0.001 V",71 µbar,73 °C,,2.286 V,9.5227 kV,74 µbar,Carbon Dioxide: 0.0227 kV,"1,202 µbar",3.272 V,2.437 V,518 µbar/min,3.272 V,4.83E-008 mbar,100 %,697 µbar,µ-Volume,2.124 V,Pre,2.1902713171199344,2.374347577805457,3.5585212827241994,3.125243454487514,4.7490313352350135,3.332313078530397,-3.335541949624377,-3.6820570972128097,-3.338832255334635,0.0182780733059416,0.0045695183264854,-3.65576112108504,0.0427432267676762,0.0110362536956251,-3.4371223695268474,0.020106857515937354,-3.652147569324112,0.04280022076712235,b788d374aa4d__Natan Pereira BTS coral series 12.xlsx,2026-03-06 00:26:34.729,739681.0,518.0,1202.0,74.0,697.0,1.8050051078250111,,BTS,271,BTS,271,,OK,16.0,15.0,15.0,0.0,0.0,2.5092997128353915,-1.0634367520968593,3.411487793741833,2.31051386739284,1.1009739263489933,4.552877643488418,3.041278869737861,1.5115987737505563,-2.328883406220392,-0.3328670493982745,-0.3993287389324665,2.6630609030037906,15.0,True,-3.3390516090486524,-3.6611319448061663,0.0188977920180713,0.0506192415539867,2.1313425269553607,3.19477927905222,,-0.7042946050103804
19.0,GIRMS\IRMS-operator,2026-03-06 01:11:07.053,2026-03-06 02:15:41.365,Running,False,BTS,272,,1.0,11.0,True,Unknown,,"0.001 V, 0.001 V, 0.001 V",54 µbar,72 °C,,6.001 V,9.5227 kV,76 µbar,Carbon Dioxide: 0.0227 kV,"1,021 µbar",5.933 V,6.601 V,376 µbar/min,3.246 V,6.85E-008 mbar,41 %,855 µbar,µ-Volume,,Pre,5.791275472407092,6.277763505858158,6.385984071514607,8.264545693903031,8.523521333960332,5.980960891611908,-3.269309885004179,-3.532148069579022,-3.275689887904649,0.0197449106806234,0.0052770493499533,-3.5692063891134294,0.0265999894347007,0.0068680877393259,-3.3730500571787423,0.02100306547546243,-3.5656312031309,0.026615402038278373,b788d374aa4d__Natan Pereira BTS coral series 12.xlsx,2026-03-06 01:11:07.053,739681.0,376.0,1021.0,76.0,855.0,4.67476028999333,,BTS,272,BTS,272,,OK,16.0,15.0,15.0,0.0,0.0,4.392364789026594,-0.0922977044127417,6.093093415182805,6.100388688438307,-0.0072952732555018,8.021060952200706,8.141790045057025,-0.1207290928563189,-0.2980857070864668,-0.0161552705132901,-0.0162868295821418,5.667014807715801,15.0,True,-3.274265073833631,-3.5768514684950827,0.0401022392166514,0.0312596709962404,5.62086595550943,5.713163659922172,,0.2823955009667358
20.0,GIRMS\IRMS-operator,2026-03-06 01:37:38.343,2026-03-06 02:48:10.557,Running,False,BTS,273,,2.0,11.0,True,Unknown,,"0.001 V, 0.001 V, 0.002 V",74 µbar,72 °C,,2.497 V,9.5226 kV,74 µbar,Carbon Dioxide: 0.0226 kV,"1,119 µbar",3.197 V,2.680 V,405 µbar/min,5.844 V,4.79E-008 mbar,100 %,733 µbar,µ-Volume,2.325 V,Pre,2.3919923064381523,2.592601875561384,3.496158051098368,3.412918972058112,4.665948987009887,3.273971853575414,-3.4937469748572703,-3.7541779707083167,-3.510307868577557,0.0274462522712657,0.0073353194678601,-3.7636478921724503,0.0160225208801999,0.0041369971022183,-3.6238816967170573,0.038653556430040974,-3.7597378585531547,0.0160325762944376,b788d374aa4d__Natan Pereira BTS coral series 12.xlsx,2026-03-06 01:37:38.343,739681.0,405.0,1119.0,74.0,733.0,1.9686071550228315,,BTS,273,BTS,273,,OK,16.0,15.0,15.0,0.0,0.0,2.468166059161006,-0.8118489128042174,3.3530775106717527,2.523469751142447,0.8296077595293059,4.475055801996535,3.321846981699782,1.153208820296753,-1.9759799851228148,-0.2585469802330181,-0.2969324779919856,2.734119616332875,15.0,True,-3.524156614507949,-3.757947181756564,0.0421859175529848,0.0293236322229477,2.3281951599307664,3.140044072734984,,-0.4995589041381745
21.0,GIRMS\IRMS-operator,2026-03-06 02:15:41.486,2026-03-06 03:28:24.330,Running,False,SHP2L,,,1.0,12.0,True,QC Standard,SHP2L,"0.001 V, 0.001 V, 0.001 V",59 µbar,72 °C,,0.249 V,9.5228 kV,936 µbar,Carbon Dioxide: 0.0228 kV,"1,009 µbar",3.308 V,0.236 V,469 µbar/min,3.306 V,4.86E-008 mbar,100 %,907 µbar,µ-Volume,0.233 V,Pre,0.2283135474510569,0.2475445649353484,3.6158870943409855,0.323845001301094,4.825765031504052,3.385981170708168,-3.172599638979312,-9.614019807759778,-3.1904543426120853,0.0524255139957388,0.013536209508124,-9.791752973914445,0.1276594397170981,0.0319148599292745,-3.051204413836824,0.055557348275993186,-9.795027750626703,0.12776135645957817,b788d374aa4d__Natan Pereira BTS coral series 12.xlsx,2026-03-06 02:15:41.486,739681.0,469.0,1009.0,936.0,907.0,0.20011976695320666,,SHP2L,,SHP2L,,,OK,16.0,15.0,15.0,0.0,0.0,2.5388992082679374,-3.0122611171881184,3.455554831854204,0.2426208416330498,3.212933990221154,4.611704975115353,0.3173756423757604,4.294329332739593,-0.6837630910541729,-0.9308504514958532,-1.7412913895875684,1.7299006560306855,15.0,True,-3.20617214651624,-9.803601851658083,0.0765036632379822,0.1226956080612074,0.2237700974366262,3.2360312146247447,,-2.3387794413147307
22.0,GIRMS\IRMS-operator,2026-03-06 02:48:10.685,2026-03-06 04:01:33.603,Running,False,BTS,274,,2.0,12.0,True,Unknown,,"0.001 V, 0.001 V, 0.001 V",64 µbar,72 °C,,4.250 V,9.5228 kV,89 µbar,Carbon Dioxide: 0.0228 kV,"1,246 µbar",4.229 V,4.612 V,586 µbar/min,3.287 V,5.60E-008 mbar,61 %,824 µbar,µ-Volume,,Pre,4.097699389375923,4.440999350085649,4.599150087046166,5.845912637092513,6.138011251907898,4.306890462453667,-3.576213931694716,-3.8710251794173978,-3.567038318028695,0.022321690408006,0.0055804226020015,-3.930466417252816,0.0313501577258601,0.007837539431465,-3.6713822445395565,0.02416478267096355,-3.926634219784168,0.03139488422962025,b788d374aa4d__Natan Pereira BTS coral series 12.xlsx,2026-03-06 02:48:10.685,739681.0,586.0,1246.0,89.0,824.0,3.344452842951129,,BTS,274,BTS,274,,OK,16.0,15.0,15.0,0.0,0.0,3.2140035407731116,-0.1419272136168365,4.317558248478423,4.40561934768324,-0.0880610992048174,5.683072902862218,5.879678636156007,-0.1966057332937891,-0.4498691520253907,-0.0344009094020509,-0.0350029765139807,4.054718419736352,15.0,True,-3.5664266104509603,-3.934429166441844,0.0229659114800067,0.0279970334769223,3.9837548129279337,4.12568202654477,,0.1304493021780173
23.0,GIRMS\IRMS-operator,2026-03-06 03:28:24.535,2026-03-06 04:33:19.129,Running,False,BTS,275,,1.0,13.0,True,Unknown,,"0.001 V, 0.001 V, 0.001 V",74 µbar,72 °C,,3.559 V,9.5227 kV,71 µbar,Carbon Dioxide: 0.0227 kV,"1,107 µbar",3.563 V,3.853 V,557 µbar/min,4.184 V,5.03E-008 mbar,73 %,797 µbar,µ-Volume,,Pre,3.4246686966879976,3.713749716282432,3.868219025635984,4.885123381468709,5.162891300038803,3.622481234238852,-2.974978725985067,-4.030894306979338,-2.995107239916391,0.0178612998533584,0.0046117677915782,-3.96792876104287,0.0369104573963876,0.0092276143490969,-3.0580845332619364,0.01945983913722949,-3.9654347702101287,0.03696509422843699,b788d374aa4d__Natan Pereira BTS coral series 12.xlsx,2026-03-06 03:28:24.535,739681.0,557.0,1107.0,71.0,797.0,2.791349737913274,,BTS,275,BTS,275,,OK,16.0,15.0,15.0,0.0,0.0,2.7217156338957547,-0.1454314026684171,3.610499767303911,3.710467450478882,-0.0999676831749716,4.749056251363265,4.952099473790633,-0.2030432224273681,-0.4574185412342736,-0.041853578025175,-0.0427481597448314,3.4020506037339,15.0,True,-2.992646787111508,-3.9637310579804392,0.0227147310480564,0.034023896369291,3.329334902399691,3.4747663050681084,,0.06963410401751924
24.0,GIRMS\IRMS-operator,2026-03-06 04:01:33.792,2026-03-06 05:09:16.911,Running,False,BTS,276,,2.0,13.0,True,Unknown,,"0.001 V, 0.001 V, 0.001 V",57 µbar,72 °C,,3.280 V,9.5228 kV,76 µbar,Carbon Dioxide: 0.0228 kV,"1,080 µbar",3.289 V,3.528 V,571 µbar/min,3.529 V,4.86E-008 mbar,79 %,760 µbar,µ-Volume,,Pre,3.1554020810590413,3.424307957197628,3.5871510510351925,4.501915719172327,4.7873471896318165,3.358959481356301,-2.3149046040730203,-3.8496116740392994,-2.3232620690980825,0.0134738513911995,0.0034789334698259,-3.823588596665488,0.0320644578270835,0.0082790074112976,-2.3441719762380333,0.014726879534249006,-3.822438655225261,0.03210608390921667,b788d374aa4d__Natan Pereira BTS coral series 12.xlsx,2026-03-06 04:01:33.792,739681.0,571.0,1080.0,76.0,760.0,2.5901558604255337,,BTS,276,BTS,276,,OK,16.0,15.0,15.0,0.0,0.0,2.531594048509211,-0.1529003775585815,3.3320773591833643,3.442282376381208,-0.1102050171978437,4.380769394200484,4.593925442646108,-0.213156048445624,-0.4781089750364222,-0.0474349369723303,-0.0485873048437906,3.146920333411368,15.0,True,-2.326687465844516,-3.8279158102795257,0.0172104586060159,0.0393738837756331,3.070470144632077,3.223370522190659,,0.058561811916322704
25.0,GIRMS\IRMS-operator,2026-03-06 04:33:19.265,2026-03-06 05:48:38.681,Running,False,BTS,277,,1.0,14.0,True,Unknown,,"0.001 V, 0.001 V, 0.001 V",69 µbar,72 °C,,5.957 V,9.5228 kV,71 µbar,Carbon Dioxide: 0.0228 kV,"1,102 µbar",5.888 V,6.556 V,449 µbar/min,3.299 V,6.79E-008 mbar,42 %,882 µbar,µ-Volume,,Pre,5.719511656849819,6.205839897186068,6.340918923408296,8.161219363020656,8.463167944594435,5.938388672510716,-2.3724115503386267,-3.691504620080832,-2.4193685684999355,0.0215136355729456,0.0055547968193595,-3.701582044697869,0.0087436205810873,0.0023368308953124,-2.4518273439794624,0.02317324219057505,-3.700110205715645,0.008761124630955417,b788d374aa4d__Natan Pereira BTS coral series 12.xlsx,2026-03-06 04:33:19.265,739681.0,449.0,1102.0,71.0,882.0,4.58366796000292,,BTS,277,BTS,277,,OK,16.0,15.0,15.0,0.0,0.0,4.361655234993148,-0.1312045991853727,6.012333417922761,6.057090251901041,-0.0447568339782797,7.9067820356357075,8.084216875669597,-0.1774348400338894,-0.420735758999475,-0.0231302157572575,-0.0234008491015686,5.606830701565329,15.0,True,-2.416853047629752,-3.702232961805489,0.0284758036330299,0.0176616307293859,5.541228401972643,5.672433001158016,,0.22201272500977165
26.0,GIRMS\IRMS-operator,2026-03-06 05:09:17.068,2026-03-06 06:23:04.855,Running,False,SHP2L,,,2.0,14.0,True,QC Standard,SHP2L,"0.001 V, 0.001 V, 0.002 V",54 µbar,72 °C,,10.643 V,9.5229 kV,79 µbar,Carbon Dioxide: 0.0229 kV,997 µbar,10.038 V,11.984 V,283 µbar/min,5.805 V,9.86E-008 mbar,20 %,938 µbar,µ-Volume,,Pre,9.922224172141297,10.777876259197226,10.771532515017972,14.12968138820646,14.38161532051084,10.091968097818308,-0.8692951143827177,-5.634472636850241,-0.9150202447853056,0.0262147199272212,0.0065536799818053,-5.621963597368745,0.0190550551626567,0.0047637637906641,-0.7709787993296149,0.027806779183932213,-5.625924823768862,0.019054508080111974,b788d374aa4d__Natan Pereira BTS coral series 12.xlsx,2026-03-06 05:09:17.068,739681.0,283.0,997.0,79.0,938.0,7.835784055477942,,SHP2L,,SHP2L,,,OK,16.0,15.0,15.0,0.0,0.0,7.168592954546277,0.015964414666973,10.424659134258263,10.226428986896508,0.1982301473617553,13.666180769271827,13.653410474128702,0.0127702951431256,0.0524928035482425,0.0016663375714948,0.0016649503868026,9.588522753299852,15.0,True,-0.9180685868121448,-5.621129661403312,0.0240208238914208,0.0194192818428932,9.59650496063334,9.580540545966366,,0.6671911009316647
27.0,GIRMS\IRMS-operator,2026-03-06 05:48:38.842,2026-03-06 06:54:06.738,Running,False,BTS,278,,1.0,15.0,True,Unknown,,"0.002 V, 0.002 V, 0.002 V",74 µbar,72 °C,,21.804 V,9.5228 kV,76 µbar,Carbon Dioxide: 0.0228 kV,"1,102 µbar",13.906 V,25.794 V,576 µbar/min,9.792 V,1.22E-007 mbar,10 %,"1,056 µbar",µ-Volume,19.879 V,Pre,21.26427808154177,23.01974204857537,14.986093915297484,30.325981866935244,20.014214408019534,14.04697516310763,-3.8165300115377,-4.002333223291688,-3.6409627604784767,0.1215211640985367,0.0303802910246341,-3.9192814037865142,0.0478055865836296,0.0119513966459074,-3.7508975850505246,0.1283539427204035,-3.915270459743665,0.04759730388483918,b788d374aa4d__Natan Pereira BTS coral series 12.xlsx,2026-03-06 05:48:38.842,739681.0,576.0,1102.0,76.0,1056.0,15.88173299783718,,BTS,278,BTS,278,,OK,16.0,15.0,15.0,0.0,0.0,9.721159108884205,7.081508636474606,22.04323915322015,14.167781747176146,7.875457406044003,29.03813410959577,18.920782100776183,10.117352008819587,35.64318215602852,0.5332994906475431,0.4210315382104506,16.81942561019015,15.0,True,-3.629258277074528,-3.9137446158195033,0.1160763653306244,0.0438529739918997,20.360179928427453,13.278671291952849,,6.160573888952975
28.0,GIRMS\IRMS-operator,2026-03-06 06:23:05.121,2026-03-06 07:28:39.205,Running,False,BTS,279,,2.0,15.0,True,Unknown,,"0.002 V, 0.002 V, 0.002 V",59 µbar,72 °C,,0.007 V,9.5227 kV,772 µbar,Carbon Dioxide: 0.0227 kV,936 µbar,3.071 V,0.007 V,317 µbar/min,13.445 V,5.28E-008 mbar,100 %,748 µbar,µ-Volume,0.012 V,Pre,0.0075557883416566,0.0081575594996384,3.3434673221845346,0.0108291265153276,4.462127706898197,3.130873906890598,-7.414625116658136,0.7254148969542129,-8.83086312463864,1.247014315853011,0.3117535789632527,-2.124974397049534,1.4407198329562807,0.3601799582390702,-9.370638482749001,1.315292899709483,-2.1073172087085474,1.4412267131634868,b788d374aa4d__Natan Pereira BTS coral series 12.xlsx,2026-03-06 06:23:05.121,739681.0,317.0,936.0,772.0,748.0,0.006148527587097231,,BTS,279,BTS,279,,Failed Sample,16.0,15.0,15.0,0.0,0.0,2.3529331815008163,-2.985366004504343,3.195607048893328,0.0076355419017183,3.1879715069916097,4.264588822110313,0.0101370906949463,4.254451731415367,-0.0232187090155694,-0.997630717774848,-1.9905452720183423,1.4997729750086457,15.0,True,,,,,0.0070899727564742,2.992455977260817,,-2.346784653913719
29.0,GIRMS\IRMS-operator,2026-03-06 06:54:06.875,2026-03-06 08:13:02.499,Running,False,BTS,280,,1.0,16.0,True,Unknown,,"0.001 V, 0.001 V, 0.001 V",64 µbar,72 °C,,3.529 V,9.5230 kV,79 µbar,Carbon Dioxide: 0.0230 kV,"1,085 µbar",3.536 V,3.805 V,435 µbar/min,3.299 V,5.10E-008 mbar,75 %,792 µbar,µ-Volume,,Pre,3.392336583148625,3.6810947218610255,3.865858207875592,4.842201174078034,5.158716437144075,3.619530224817327,-2.534994083343012,-3.400134222151463,-2.535773623853665,0.0219475151911014,0.0056668240550513,-3.421415384289661,0.0238393394778459,0.0061552909854854,-2.587075654571635,0.02346450052560993,-3.419352209721353,0.02381865800388798,b788d374aa4d__Natan Pereira BTS coral series 12.xlsx,2026-03-06 06:54:06.875,739681.0,435.0,1085.0,79.0,792.0,2.7786556777322073,,BTS,280,BTS,280,,OK,16.0,15.0,15.0,0.0,0.0,2.7216895307025224,-0.1734266309530037,3.5796963083089417,3.70861714033864,-0.1289208320296979,4.708532917397762,4.948779374659855,-0.240246457262093,-0.5408634820015493,-0.049946236261857,-0.0512254966407828,3.385552943862163,15.0,True,-2.541926034875449,-3.4175198952906216,0.0322366032019531,0.0312022535106353,3.2988396283856614,3.472266259338665,,0.056966147029684944
30.0,GIRMS\IRMS-operator,2026-03-06 07:28:39.377,2026-03-06 08:39:52.344,Running,False,BTS,281,,2.0,16.0,True,Unknown,,"0.001 V, 0.001 V, 0.001 V",71 µbar,72 °C,,2.598 V,9.5229 kV,62 µbar,Carbon Dioxide: 0.0229 kV,"1,058 µbar",3.273 V,2.798 V,484 µbar/min,3.507 V,5.03E-008 mbar,100 %,709 µbar,µ-Volume,2.419 V,Pre,2.5002865792952136,2.711567648694712,3.57023929672764,3.568360320123936,4.7651995473001785,3.343104040303671,-2.953283240427096,-3.584533106652632,-2.9672316205054283,0.0190323672375413,0.0049141360899934,-3.5894989080176374,0.0328158403690346,0.0084730135494048,-3.0425589363063312,0.020438695620269887,-3.586640183505837,0.03286155870544227,b788d374aa4d__Natan Pereira BTS coral series 12.xlsx,2026-03-06 07:28:39.377,739681.0,484.0,1058.0,62.0,709.0,2.0589628424584974,,BTS,281,BTS,281,,OK,16.0,15.0,15.0,0.0,0.0,2.518136481146246,-0.7734099584181484,3.4238878572442117,2.638474458757813,0.7854133984863982,4.569606905469734,3.4721139035483453,1.0974930019213889,-1.926424381241744,-0.2412153845852706,-0.2742978105120518,2.819599460069941,15.0,True,-2.973062286086669,-3.579910060411858,0.0264179088112831,0.0505777056681046,2.4328944808608672,3.206304439279016,,-0.45917363868774874
31.0,GIRMS\IRMS-operator,2026-03-06 08:13:02.708,2026-03-06 09:18:28.192,Running,False,SHP2L,,,1.0,17.0,True,QC Standard,SHP2L,"0.001 V, 0.001 V, 0.001 V",47 µbar,72 °C,,6.245 V,9.5227 kV,69 µbar,Carbon Dioxide: 0.0227 kV,980 µbar,6.132 V,6.882 V,513 µbar/min,3.244 V,7.56E-008 mbar,39 %,853 µbar,µ-Volume,,Pre,6.031868369153623,6.554782390594482,6.608590483665466,8.587900584500058,8.821872384491968,6.189173547408343,-0.8263055810736608,-6.047453601961239,-0.8726680029998574,0.0249368509206614,0.0062342127301653,-6.086761889360963,0.0213694300855327,0.0053423575213831,-0.7084298323647431,0.0265477113021224,-6.091316184090061,0.021381969344089712,b788d374aa4d__Natan Pereira BTS coral series 12.xlsx,2026-03-06 08:13:02.708,739681.0,513.0,980.0,69.0,853.0,4.865275490237794,,SHP2L,,SHP2L,,,OK,16.0,15.0,15.0,0.0,0.0,4.537882963082436,-0.0576945129804107,6.359383463859558,6.310418248176574,0.0489652156829842,8.331579477730799,8.423853857364142,-0.0922743796333431,-0.1875415716526182,-0.0097625431360862,-0.0098104305116128,5.880935899002223,15.0,True,-0.8757588311282706,-6.089382441854279,0.0224163931770222,0.0192755160091287,5.852088642512018,5.909783155492429,,0.32739252715535816
32.0,GIRMS\IRMS-operator,2026-03-06 08:39:52.550,2026-03-06 09:50:58.783,Running,False,BTS,282,,2.0,17.0,True,Unknown,,"0.001 V, 0.001 V, 0.002 V",67 µbar,72 °C,,6.812 V,9.5228 kV,64 µbar,Carbon Dioxide: 0.0228 kV,"1,107 µbar",6.777 V,7.552 V,654 µbar/min,6.050 V,8.06E-008 mbar,34 %,877 µbar,µ-Volume,,Pre,6.5983105953291465,7.14989341253766,7.315087685532654,9.417595499672087,9.765800392948304,6.851191189923001,-3.61619199616392,-3.615164590147546,-3.641673327585651,0.0234969751785558,0.0058742437946389,-3.621116802053827,0.0228310164142145,0.0057077541035536,-3.762700542876814,0.024848525327330128,-3.616783675032618,0.022836413905244112,b788d374aa4d__Natan Pereira BTS coral series 12.xlsx,2026-03-06 08:39:52.550,739681.0,654.0,1107.0,64.0,877.0,5.267470228070007,,BTS,282,BTS,282,,OK,16.0,15.0,15.0,0.0,0.0,4.9905050142739675,-0.1437199464680141,6.926301488823975,6.978172430939758,-0.0518709421157836,9.12274078162781,9.316008842312014,-0.1932680606842041,-0.46140663120981,-0.0219904502082967,-0.0222349282495754,6.463701832307846,15.0,True,-3.6433720830137655,-3.621513616180912,0.0232824778336362,0.0235751668820678,6.391841859073839,6.535561805541853,,0.2769652137960392
33.0,GIRMS\IRMS-operator,2026-03-06 09:18:28.395,2026-03-06 10:34:28.051,Running,False,BTS,283,,1.0,18.0,True,Unknown,,"0.001 V, 0.001 V, 0.001 V",47 µbar,72 °C,,0.007 V,9.5228 kV,723 µbar,Carbon Dioxide: 0.0228 kV,924 µbar,3.286 V,0.007 V,361 µbar/min,3.284 V,5.91E-008 mbar,100 %,704 µbar,µ-Volume,0.010 V,Pre,0.007713345788292,0.0083051166321012,3.598985101776495,0.0110203839492845,4.803782475724202,3.369920151837241,-10.154089084821294,-2.607112506373244,-8.411353307534016,1.3712139467250368,0.3428034866812592,-3.284173314843623,1.3243931282628691,0.3419568353062424,-8.869234962412369,1.450509562502395,-3.2689289939058286,1.3253307443771805,b788d374aa4d__Natan Pereira BTS coral series 12.xlsx,2026-03-06 09:18:28.395,739681.0,361.0,924.0,723.0,704.0,0.006650055045900846,,BTS,283,BTS,283,,Failed Sample,16.0,15.0,15.0,0.0,0.0,2.5241143862387823,-3.2115447507592907,3.437579633837682,0.0079508942463002,3.4296287395913816,4.5882870764541615,0.0105176598288607,4.5777694166253005,-0.0241650940696929,-0.9977078088967378,-1.9908522040833656,1.6131507623580523,15.0,True,,,,,0.0073783869784072,3.218923137737698,,-2.5174643311928815
34.0,GIRMS\IRMS-operator,2026-03-06 09:50:58.955,2026-03-06 11:02:08.051,Running,False,BTS,284,,2.0,18.0,True,Unknown,,"0.001 V, 0.001 V, 0.001 V",52 µbar,72 °C,,3.346 V,9.5227 kV,67 µbar,Carbon Dioxide: 0.0227 kV,"1,068 µbar",3.265 V,3.604 V,454 µbar/min,3.265 V,6.00E-008 mbar,81 %,726 µbar,µ-Volume,,Pre,3.3623237910861854,3.6453426167632936,3.5651406892641924,4.7986915504898136,4.758781448466872,3.3381690548624614,-3.3337797931159985,-3.789763945868052,-3.33173557736451,0.0146589010714546,0.003784911981563,-3.770952383537598,0.0298020013989204,0.0074505003497301,-3.4254285320354017,0.015853642713747215,-3.767472310575754,0.029846161422135274,b788d374aa4d__Natan Pereira BTS coral series 12.xlsx,2026-03-06 09:50:58.955,739681.0,454.0,1068.0,67.0,726.0,2.76389318630173,,BTS,284,BTS,284,,OK,16.0,15.0,15.0,0.0,0.0,2.515253879666256,0.0691596912905629,3.549296907180936,3.4223653164419328,0.1269315907390034,4.672061724191721,4.568463817699049,0.1035979064926717,0.2319262460216954,0.0215818371583955,0.0213514355557642,3.239112007711904,15.0,True,-3.334974030606519,-3.769698279382235,0.0196566272297535,0.0304078499908432,3.2736918533571853,3.2045321620666223,,0.24863930663547418
35.0,GIRMS\IRMS-operator,2026-03-06 10:34:28.277,2026-03-06 11:36:00.044,Running,False,BTS,285,,1.0,19.0,True,Unknown,,"0.001 V, 0.001 V, 0.001 V",57 µbar,72 °C,,6.093 V,9.5225 kV,52 µbar,Carbon Dioxide: 0.0225 kV,"1,007 µbar",6.011 V,6.731 V,405 µbar/min,3.243 V,7.94E-008 mbar,40 %,828 µbar,µ-Volume,,Pre,5.870246909270943,6.367375884812428,6.496471194594067,8.376848947633398,8.673107400161658,6.083911911113356,-2.708887502573143,-3.9240936545048566,-2.7345782781614045,0.018466320651008,0.004616580162752,-3.902664366831925,0.0186852028223963,0.0048244986234432,-2.7788384092826655,0.017352619733455532,-3.9006814770941993,0.018720899032119764,b788d374aa4d__Natan Pereira BTS coral series 12.xlsx,2026-03-06 10:34:28.277,739681.0,405.0,1007.0,52.0,828.0,4.702021980222556,,BTS,285,BTS,285,,OK,16.0,15.0,15.0,0.0,0.0,4.458978008410213,-0.1197456171554387,6.172468882274703,6.204253028789456,-0.0317841465147532,8.120489614937755,8.28300990126792,-0.1625202863301655,-0.384980836812102,-0.0206097054118767,-0.0208242967223048,5.750283851227476,15.0,True,-2.7362909965339552,-3.904688666046437,0.0177503681291927,0.022440125579589,5.690411042649757,5.810156659805196,,0.24304397181234272
36.0,GIRMS\IRMS-operator,2026-03-06 11:02:08.176,2026-03-06 12:15:16.936,Running,False,SHP2L,,,2.0,19.0,True,QC Standard,SHP2L,"0.001 V, 0.001 V, 0.002 V",40 µbar,72 °C,,14.171 V,9.5221 kV,74 µbar,Carbon Dioxide: 0.0221 kV,"1,031 µbar",12.934 V,16.298 V,449 µbar/min,5.942 V,1.22E-007 mbar,12 %,889 µbar,µ-Volume,,Pre,12.635063202381843,13.72157563220522,13.908824782291726,17.98841158592665,18.57940654003584,13.034786851406809,-0.8509443400220862,-6.0954316647262585,-0.9455390700345032,0.0336639144837329,0.0086919853442432,-6.104227462952398,0.0140374068129719,0.0036244428540386,-0.7855785448827998,0.03577559402331732,-6.108650463742211,0.014006026185623261,b788d374aa4d__Natan Pereira BTS coral series 12.xlsx,2026-03-06 11:02:08.176,739681.0,449.0,1031.0,74.0,889.0,9.78623979045355,,SHP2L,,SHP2L,,,OK,16.0,15.0,15.0,0.0,0.0,9.060710758502655,-0.1476527972412835,13.226022615542623,13.153813466956754,0.0722091485858715,17.338393132328623,17.569346229672067,-0.2309530973434448,-0.4788852427063024,-0.0119792044988171,-0.0120513875165949,12.251933400860509,15.0,True,-0.9455390700345032,-6.1090195103738365,0.0336639144837329,0.0212410779201611,12.178107002239866,12.32575979948115,,0.7255290319508951
37.0,GIRMS\IRMS-operator,2026-03-06 11:36:00.209,2026-03-06 12:52:38.237,Running,False,BTS,286,,1.0,20.0,True,Unknown,,"0.001 V, 0.001 V, 0.001 V",69 µbar,72 °C,,3.406 V,9.5216 kV,71 µbar,Carbon Dioxide: 0.0216 kV,"1,187 µbar",3.417 V,3.687 V,620 µbar/min,3.298 V,5.49E-008 mbar,79 %,760 µbar,µ-Volume,,Pre,3.2733495517834754,3.552824694276941,3.715447769875349,4.67133227128539,4.9598634554818615,3.4787357708952267,-2.273592530007029,-3.9640958938256254,-2.2759757407312478,0.0212560030504945,0.0054882763880999,-3.971911073214514,0.0241009555478136,0.0062228399642911,-2.2886331504554733,0.0227109404786406,-3.97104189150479,0.02415437054340229,b788d374aa4d__Natan Pereira BTS coral series 12.xlsx,2026-03-06 11:36:00.209,739681.0,620.0,1187.0,71.0,760.0,2.664008900152918,,BTS,286,BTS,286,,OK,16.0,15.0,15.0,0.0,0.0,2.6133384763816965,-0.1557022333145141,3.4521563154527524,3.5631848675081117,-0.1110285520553588,4.5390349553609655,4.756452576803747,-0.2174176214427818,-0.487261115583801,-0.0466700793645748,-0.0477851476819572,3.258381335364255,15.0,True,-2.2714276526167345,-3.96825624199512,0.028023575591532,0.0290246395643826,3.180530218706998,3.336232452021512,,0.05067042377122144
38.0,GIRMS\IRMS-operator,2026-03-06 12:15:17.080,2026-03-06 13:24:48.989,Running,False,BTS,287,,2.0,20.0,True,Unknown,,"0.001 V, 0.001 V, 0.001 V",47 µbar,72 °C,,4.167 V,9.5214 kV,71 µbar,Carbon Dioxide: 0.0214 kV,977 µbar,4.142 V,4.526 V,322 µbar/min,3.387 V,5.94E-008 mbar,63 %,753 µbar,µ-Volume,,Pre,4.01187899227532,4.354542269927895,4.50564004443351,5.726138735060292,6.014908062443975,4.218751813129507,-2.204508870873756,-3.818834305308494,-2.225633675818384,0.0259562356051453,0.0067018712152642,-3.802517079054067,0.0202854259392041,0.005071356484801,-2.240799717093722,0.027754766106001718,-3.8016014264338485,0.02031547146202189,b788d374aa4d__Natan Pereira BTS coral series 12.xlsx,2026-03-06 12:15:17.080,739681.0,322.0,977.0,71.0,753.0,3.264714813894966,,BTS,287,BTS,287,,OK,16.0,15.0,15.0,0.0,0.0,3.1438102982402287,-0.1416844369219689,4.2316925833416015,4.315203204376137,-0.0835106210345353,5.564887638306353,5.760634890325952,-0.1957472520195988,-0.4487902715045425,-0.0350660295377377,-0.0356918146511439,3.969661904467717,15.0,True,-2.2135583793069973,-3.801429263970439,0.0583741013173786,0.0205086664356165,3.898819686006732,4.040504122928701,,0.12090451565473748
39.0,GIRMS\IRMS-operator,2026-03-06 12:52:38.460,2026-03-06 13:58:35.769,Running,False,BTS,288,,1.0,21.0,True,Unknown,,"0.001 V, 0.001 V, 0.001 V",64 µbar,72 °C,,1.854 V,9.5211 kV,57 µbar,Carbon Dioxide: 0.0211 kV,914 µbar,3.235 V,1.987 V,327 µbar/min,4.097 V,5.13E-008 mbar,100 %,628 µbar,µ-Volume,1.744 V,Pre,1.7899885922784091,1.9427803666379893,3.543638862620168,2.554324303317556,4.730296168971549,3.317960944621555,-2.2601777879459606,-3.9319353552232927,-2.282334321830233,0.0355985010979263,0.0088996252744815,-3.962125115512617,0.05207211739932,0.01301802934983,-2.295542877743854,0.03746333774914981,-3.9612243954475073,0.052100107942697635,b788d374aa4d__Natan Pereira BTS coral series 12.xlsx,2026-03-06 12:52:38.460,739681.0,327.0,914.0,57.0,628.0,1.4859318291705077,,BTS,288,BTS,288,,OK,16.0,15.0,15.0,0.0,0.0,2.491672585964335,-1.4350549601984406,3.3950596677486367,1.8927469290405168,1.50231273870812,4.531753097224722,2.488416467357168,2.043336629867554,-2.5842051346921617,-0.4514265794151211,-0.5830225075729666,2.4614057631708843,15.0,True,-2.2838114240891847,-3.964137766198572,0.0363368759431106,0.0532516921854847,1.743878283071664,3.1789332432701047,,-1.0057407567938275
40.0,GIRMS\IRMS-operator,2026-03-06 13:24:49.135,2026-03-06 14:36:52.142,Running,False,BTS,289,,2.0,21.0,True,Unknown,,"0.001 V, 0.001 V, 0.001 V",47 µbar,72 °C,,5.149 V,9.5210 kV,79 µbar,Carbon Dioxide: 0.0210 kV,"1,082 µbar",5.096 V,5.638 V,547 µbar/min,3.203 V,6.43E-008 mbar,48 %,821 µbar,µ-Volume,,Pre,4.9596415031813965,5.381224753226714,5.50694573032234,7.079538732369183,7.351313522611538,5.15687308464847,-2.480720201233355,-3.573354990243472,-2.4778195420857227,0.016484136664056,0.004121034166014,-3.551662729638923,0.0171083551470833,0.004417358304377,-2.5200241883130694,0.017605095206295197,-3.5498788106487207,0.017128169838293697,b788d374aa4d__Natan Pereira BTS coral series 12.xlsx,2026-03-06 13:24:49.135,739681.0,547.0,1082.0,79.0,821.0,4.01407308979133,,BTS,289,BTS,289,,OK,16.0,15.0,15.0,0.0,0.0,3.8087740710170523,-0.115597917088202,5.225492866107313,5.266495322152648,-0.0410024560453345,6.874700336360076,7.030134200539816,-0.1554338641797406,-0.3705720784212978,-0.0234398573293763,-0.023717828588515,4.873882811691213,15.0,True,-2.477626164809214,-3.547177515592156,0.0170439069094507,0.0196459899982705,4.816083853147112,4.931681770235314,,0.20529901877427736
41.0,GIRMS\IRMS-operator,2026-03-06 13:58:36.021,2026-03-06 15:16:14.644,Running,False,SHP2L,,,1.0,22.0,True,QC Standard,SHP2L,"0.001 V, 0.001 V, 0.001 V",67 µbar,73 °C,,21.623 V,9.5208 kV,64 µbar,Carbon Dioxide: 0.0208 kV,"1,078 µbar",14.619 V,25.672 V,459 µbar/min,3.303 V,1.29E-007 mbar,10 %,999 µbar,µ-Volume,19.414 V,Pre,20.844060069533235,22.61214770505736,15.742652790048815,29.658423307519563,21.02835619745792,14.756980425330047,-1.6754600031848588,-6.378071409455566,-1.5265777732303352,0.1014612363679529,0.0253653090919882,-6.3352144807901,0.036250365273064,0.009062591318266,-1.398918144209317,0.10737780910280156,-6.338561809854648,0.036086993311989855,b788d374aa4d__Natan Pereira BTS coral series 12.xlsx,2026-03-06 13:58:36.021,739681.0,459.0,1078.0,64.0,999.0,15.513689753380143,,SHP2L,,SHP2L,,,OK,16.0,15.0,15.0,0.0,0.0,10.146512082157969,6.00843131542206,21.63256026933501,14.862009064653614,6.770551204681395,28.370739462953217,19.84998727140964,8.520752191543579,28.23090758117622,0.4313309089999046,0.3548105339370088,16.934196537943727,15.0,True,-1.516652291233367,-6.332357352212403,0.0966481435009008,0.0356091587799099,19.93841219565476,13.929980880232696,,5.367177671222175
42.0,GIRMS\IRMS-operator,2026-03-06 14:36:52.305,2026-03-06 15:50:05.134,Running,False,BTS,290,,2.0,22.0,True,Unknown,,"0.002 V, 0.002 V, 0.002 V",47 µbar,73 °C,,2.859 V,9.5207 kV,67 µbar,Carbon Dioxide: 0.0207 kV,"1,048 µbar",3.189 V,3.079 V,386 µbar/min,14.112 V,5.41E-008 mbar,100 %,687 µbar,µ-Volume,2.482 V,Pre,2.625581508875205,2.849642274394871,3.475101824891305,3.7472556039899416,4.638179431306555,3.25409997002288,-2.188586612750343,-3.586782769267049,-2.211978312841513,0.0240601967448742,0.0060150491862185,-3.5507534224404007,0.0258604244608467,0.0066771328841809,-2.2353172480028896,0.025934684731607052,-3.549568914375626,0.025895409529732998,b788d374aa4d__Natan Pereira BTS coral series 12.xlsx,2026-03-06 14:36:52.305,739681.0,386.0,1048.0,67.0,687.0,2.15820557858133,,BTS,290,BTS,290,,OK,16.0,15.0,15.0,0.0,0.0,2.4516111085227212,-0.5665232519580155,3.333086578437363,2.772576811930449,0.5605097665069136,4.448637022444267,3.645998450818232,0.8026385716260345,-1.5221418119184982,-0.1815094174236539,-0.1996264585175916,2.8379166577665456,15.0,True,-2.2135377595142574,-3.553480237301154,0.0240531350332648,0.0314772951579516,2.554655031787538,3.1211782837455533,,-0.29340552994139113
43.0,GIRMS\IRMS-operator,2026-03-06 15:16:14.885,2026-03-06 16:20:51.360,Running,False,BTS,291,,1.0,23.0,True,Unknown,,"0.001 V, 0.001 V, 0.001 V",59 µbar,72 °C,,3.095 V,9.5210 kV,62 µbar,Carbon Dioxide: 0.0210 kV,"1,097 µbar",3.165 V,3.346 V,615 µbar/min,3.165 V,4.76E-008 mbar,81 %,726 µbar,µ-Volume,,Pre,3.109602588988277,3.372728947624168,3.464158567968721,4.438525286528048,4.62348833655967,3.2437427141293025,-2.875793565289886,-3.4849439105612,-2.8584956242162205,0.0157328546724009,0.0040622056089673,-3.4670122257286278,0.021270577701169,0.0054920395467225,-2.9302167520276923,0.0170771990046763,-3.4642703836521496,0.02129837077366706,b788d374aa4d__Natan Pereira BTS coral series 12.xlsx,2026-03-06 15:16:14.885,739681.0,615.0,1097.0,62.0,726.0,2.5374429245401435,,BTS,291,BTS,291,,OK,16.0,15.0,15.0,0.0,0.0,2.4456734586530975,-0.0909314457982475,3.2779985387100203,3.324527523605578,-0.0465289848955574,4.313628464479801,4.437104967845087,-0.1234765033652856,-0.2897766909476442,-0.0292091756147309,-0.0296420860634379,3.0676466428051814,15.0,True,-2.861272119027314,-3.4705953149253586,0.0215887226787078,0.0279766999569379,3.0221809199060576,3.113112365704305,,0.09176946588704604
44.0,GIRMS\IRMS-operator,2026-03-06 15:50:05.366,2026-03-06 16:59:21.907,Running,False,BTS,292,,2.0,23.0,True,Unknown,,"0.001 V, 0.001 V, 0.001 V",45 µbar,72 °C,,2.206 V,9.5210 kV,71 µbar,Carbon Dioxide: 0.0210 kV,848 µbar,3.135 V,2.351 V,225 µbar/min,3.135 V,4.69E-008 mbar,100 %,638 µbar,µ-Volume,2.058 V,Pre,2.119802368291028,2.297190262177595,3.4310712456997146,3.0254918112635902,4.57930222031453,3.2128994476603325,-3.7175469943006014,-3.518828015105502,-3.693808864549412,0.0190696952043766,0.0049237741295868,-3.483437740326152,0.0253751958616034,0.0067818063597431,-3.823506408113072,0.02069834205654299,-3.478830612285425,0.02540549988755894,b788d374aa4d__Natan Pereira BTS coral series 12.xlsx,2026-03-06 15:50:05.366,739681.0,225.0,848.0,71.0,638.0,1.7538935477410433,,BTS,292,BTS,292,,OK,16.0,15.0,15.0,0.0,0.0,2.421522417048587,-1.016465140237638,3.2896259433627644,2.2366820994141023,1.052943843948662,4.390340595215348,2.945845256596221,1.4444953386191268,-2.23566109024576,-0.3299768785849432,-0.3951764192406445,2.572180653367014,15.0,True,-3.6960821874126792,-3.4817030685750194,0.0235968493387255,0.0430242188509875,2.063948083248195,3.080413223485833,,-0.6676288693075438
45.0,GIRMS\IRMS-operator,2026-03-06 16:20:51.505,2026-03-06 17:38:56.397,Running,False,BTS,293,,1.0,24.0,True,Unknown,,"0.001 V, 0.001 V, 0.001 V",67 µbar,72 °C,,6.283 V,9.5210 kV,64 µbar,Carbon Dioxide: 0.0210 kV,"1,095 µbar",6.210 V,6.948 V,469 µbar/min,3.311 V,7.45E-008 mbar,40 %,863 µbar,µ-Volume,,Pre,6.036667971699673,6.540452702245319,6.699969480698403,8.613013402434918,8.94309491863991,6.274818329899746,-3.7704762483695697,-3.8114563660632816,-3.773975112290932,0.0121601297264785,0.0031397319945582,-3.813429861080028,0.0194795682027958,0.0050296028827159,-3.8970400986307068,0.012909376223095516,-3.809011355843143,0.019494571638691408,b788d374aa4d__Natan Pereira BTS coral series 12.xlsx,2026-03-06 16:20:51.505,739681.0,469.0,1095.0,64.0,863.0,4.8191739721263325,,BTS,293,BTS,293,,OK,16.0,15.0,15.0,0.0,0.0,4.592978041995485,-0.1432000225066936,6.336000584723839,6.396663211943993,-0.0606626272201538,8.343227879020306,8.538179770919415,-0.1949518918991089,-0.4588384056593536,-0.0239029813836904,-0.0241921131994092,5.9192854020785015,15.0,True,-3.7707023962073376,-3.816934382885314,0.0182501018290734,0.0234277258532369,5.847685390825155,5.990885413331848,,0.2261959301308476
46.0,GIRMS\IRMS-operator,2026-03-06 16:59:22.172,2026-03-06 18:02:31.335,Running,False,SHP2L,,,2.0,24.0,True,QC Standard,SHP2L,"0.001 V, 0.001 V, 0.002 V",47 µbar,72 °C,,14.090 V,9.5211 kV,74 µbar,Carbon Dioxide: 0.0211 kV,"1,121 µbar",12.881 V,16.188 V,542 µbar/min,6.117 V,1.17E-007 mbar,13 %,914 µbar,µ-Volume,,Pre,12.587862617738176,13.670821321147752,13.849814069408248,17.923643007787717,18.496324434789678,12.98073173261397,-0.7192858097744281,-5.634072764390541,-0.7173564830395274,0.0134640853756116,0.0067320426878058,-5.644153352921399,0.0072186338773963,0.0036093169386981,-0.5586508955404967,0.014528521870667891,-5.648583738804113,0.007239976390499002,b788d374aa4d__Natan Pereira BTS coral series 12.xlsx,2026-03-06 16:59:22.172,739681.0,542.0,1121.0,74.0,914.0,11.925879446957826,,SHP2L,,SHP2L,,,OK,4.0,3.0,3.0,0.0,0.0,11.977269744799083,-0.1464188098907453,13.177995216983629,13.103265893596484,0.074729323387146,17.276351466688173,17.497678413900392,-0.2213269472122192,-0.4749096567908841,-0.0119237998978887,-0.01199531476437,12.2063332865309,3.0,True,-0.7167133741278938,-5.647513549098353,0.0164146537602625,0.0032276156057037,12.133123881585528,12.279542691476273,,-0.05139029784125704
1.0,GIRMS\IRMS-operator,2026-03-06 18:13:04.930,2026-03-06 19:14:36.124,Success,False,SHP2L,,1.0,1.0,2.0,True,QC Standard,SHP2L,"0.001 V, 0.001 V, 0.002 V",40 µbar,72 °C,,3.751 V,9.5216 kV,52 µbar,Carbon Dioxide: 0.0216 kV,"1,051 µbar",3.747 V,4.045 V,440 µbar/min,3.305 V,5.28E-008 mbar,71 %,743 µbar,µ-Volume,,Pre,3.60126880325216,3.913656448220219,4.083306006621749,5.126686339063882,5.449961355354447,3.8236303702814505,-0.8812370161217498,-6.099572952262933,-0.8856712779174852,0.024482298392273,0.0061205745980682,-6.127628331651406,0.0251714090673349,0.0064992298745575,-0.7210049979502058,0.025716320508315786,-6.132192107778644,0.02518280874351279,42242e113b06__Natan Pereira BTS coral series 13.xlsx,2026-03-06 18:13:04.930,739681.0,440.0,1051.0,52.0,743.0,2.9411828822335795,,SHP2L,,SHP2L,,,OK,16.0,15.0,15.0,0.0,0.0,2.8653763991163026,-0.165395463752723,3.804479850668814,3.9148527516316434,-0.1103729009628295,4.983217959089517,5.225008179226297,-0.2417902201367798,-0.3194574002097074,-0.0451153307103883,-0.0461565139050201,3.5833612584579093,15.0,True,-0.8859668953705345,-6.124420755537127,0.0253120108357292,0.0313171392796639,3.500663526581548,3.666058990334271,,0.07580648311727689
2.0,GIRMS\IRMS-operator,2026-03-06 18:48:11.653,2026-03-06 19:46:47.655,Success,False,BTS,294,2.0,2.0,2.0,True,Unknown,,"0.001 V, 0.001 V, 0.002 V",40 µbar,72 °C,,5.766 V,9.5214 kV,79 µbar,Carbon Dioxide: 0.0214 kV,"1,156 µbar",5.721 V,6.327 V,484 µbar/min,3.717 V,6.82E-008 mbar,43 %,833 µbar,µ-Volume,,Pre,5.566003233021851,6.036395934527402,6.1898268101327565,7.941280218714197,8.26251260224783,5.79690829839325,-2.836633032497593,-3.9019592237786727,-2.839128886233966,0.0148481023539471,0.0038337635426413,-3.8562047029609454,0.0154886339117717,0.0039991480797197,-2.8951280513748774,0.015934554556097172,-3.8539417447505553,0.015503861423205608,42242e113b06__Natan Pereira BTS coral series 13.xlsx,2026-03-06 18:48:11.653,739681.0,484.0,1156.0,79.0,833.0,4.496750619437737,,BTS,294,BTS,294,,OK,16.0,15.0,15.0,0.0,0.0,4.259911498102683,-0.1353769203406134,5.859742668574338,5.913923290675168,-0.05418062210083,7.7092246567478355,7.893917478956815,-0.1846928222089792,-0.2671380264790659,-0.0244430102165655,-0.0247454366975716,5.470783239557796,15.0,True,-2.835895281021409,-3.856204702960945,0.0198646253058382,0.0154886339117717,5.403094779387489,5.538471699728103,,0.2368391213350538
3.0,GIRMS\IRMS-operator,2026-03-06 19:14:36.239,2026-03-06 20:19:29.262,Success,False,BTS,295,3.0,1.0,3.0,True,Unknown,,"0.002 V, 0.001 V, 0.002 V",67 µbar,73 °C,,2.360 V,9.5215 kV,67 µbar,Carbon Dioxide: 0.0215 kV,"1,139 µbar",3.230 V,2.522 V,615 µbar/min,5.641 V,4.83E-008 mbar,100 %,684 µbar,µ-Volume,2.193 V,Pre,2.254037061229069,2.445751632892699,3.519740735455084,3.214861546531172,4.697949301569685,3.296049497475755,-2.4168771451589244,-4.234288922869367,-2.423077298208254,0.0129707473117736,0.0033490325550909,-4.209016491412099,0.0214178083361417,0.0055300543332092,-2.4368315635117397,0.014363237001843408,-4.208052366488942,0.021445070017152706,42242e113b06__Natan Pereira BTS coral series 13.xlsx,2026-03-06 19:14:36.239,739681.0,615.0,1139.0,67.0,684.0,1.8545540789945676,,BTS,295,BTS,295,,OK,16.0,15.0,15.0,0.0,0.0,2.480582116150244,-0.9664523212854844,3.374156390591192,2.3798477696395803,0.9943086209516117,4.503474617759801,3.1281413046649518,1.37533331309485,-1.3569401408056416,-0.3058683961659972,-0.3610916595544101,2.676473675626,15.0,True,-2.426711577490208,-4.211781328445108,0.0178346540821887,0.0268908479242069,2.193247514983258,3.1596998362687425,,-0.6260280371556766
4.0,GIRMS\IRMS-operator,2026-03-06 19:46:47.744,2026-03-06 20:56:15.025,Success,False,BTS,296,4.0,2.0,3.0,True,Unknown,,"0.001 V, 0.001 V, 0.001 V",49 µbar,72 °C,,4.762 V,9.5215 kV,89 µbar,Carbon Dioxide: 0.0215 kV,"1,183 µbar",4.740 V,5.186 V,713 µbar/min,3.203 V,6.00E-008 mbar,53 %,792 µbar,µ-Volume,,Pre,4.579008103632531,4.96807368236578,5.124267356083902,6.533393884853446,6.840044881061638,4.798785330080589,-2.463970527948889,-3.872754186363125,-2.4887357084787127,0.0154619726807341,0.0038654931701835,-3.83605773379514,0.0255667576545362,0.0066013084408359,-2.521239506998882,0.016498735814957505,-3.834554431744667,0.025596221286767033,42242e113b06__Natan Pereira BTS coral series 13.xlsx,2026-03-06 19:46:47.744,739681.0,713.0,1183.0,89.0,792.0,3.712729813924522,,BTS,296,BTS,296,,OK,16.0,15.0,15.0,0.0,0.0,3.5584664883487918,-0.1453654073495052,4.824098937520858,4.903358062736149,-0.079259125215291,6.344500236886639,6.544735130418221,-0.200234893531582,-0.2847269360416758,-0.0316573801180212,-0.0321665342184375,4.519150442579647,15.0,True,-2.490386720514033,-3.828642588017976,0.0144713688016575,0.0299221158616277,4.446467738904895,4.5918331462544,,0.1542633255757302
5.0,GIRMS\IRMS-operator,2026-03-06 20:19:29.341,2026-03-06 21:35:45.847,Success,False,BTS,297,5.0,1.0,4.0,True,Unknown,,"0.001 V, 0.001 V, 0.001 V",71 µbar,72 °C,,5.308 V,9.5215 kV,64 µbar,Carbon Dioxide: 0.0215 kV,990 µbar,5.256 V,5.810 V,352 µbar/min,3.302 V,6.30E-008 mbar,48 %,853 µbar,µ-Volume,,Pre,5.085142856162836,5.51595176054246,5.662469000588177,7.255647906708909,7.5578953747583215,5.302550797981073,-2.73522063124898,-3.8586555550578217,-2.7325501797329435,0.0135742074425908,0.0033935518606477,-3.845570452825646,0.0213903395329106,0.0055229619187123,-2.781743260313704,0.01421443852736203,-3.843525690086709,0.02140991518567639,42242e113b06__Natan Pereira BTS coral series 13.xlsx,2026-03-06 20:19:29.341,739681.0,352.0,990.0,64.0,853.0,4.089338963273077,,BTS,297,BTS,297,,OK,16.0,15.0,15.0,0.0,0.0,3.9144770297318754,-0.1391967940942047,5.348382624480367,5.41401653591524,-0.0656339114348725,7.035476062681097,7.226225645210564,-0.1907495825294676,-0.2738274714429984,-0.0274558069510286,-0.0278379638314618,5.00025055485156,15.0,True,-2.732372149631874,-3.84064443528657,0.0140312912636734,0.0261420784352193,4.930652157804457,5.069848951898662,,0.1748619335412016
6.0,GIRMS\IRMS-operator,2026-03-06 20:56:15.178,2026-03-06 22:09:23.683,Success,False,SHP2L,,6.0,2.0,4.0,True,QC Standard,SHP2L,"0.001 V, 0.001 V, 0.002 V",52 µbar,73 °C,,9.673 V,9.5214 kV,89 µbar,Carbon Dioxide: 0.0214 kV,"1,168 µbar",9.230 V,10.865 V,601 µbar/min,5.188 V,9.30E-008 mbar,23 %,897 µbar,µ-Volume,,Pre,9.099376242292452,9.89343417216285,9.901167874822455,12.982853915298175,13.218307163322164,9.275219100410604,-0.0370634651379875,-3.7682646208987434,-0.1031957327265316,0.0185852549111461,0.0047986921837258,-3.778384177660875,0.0217389754960888,0.0054347438740222,0.02941196263808917,0.019713746960455757,-3.7822106976842793,0.021748488317150472,42242e113b06__Natan Pereira BTS coral series 13.xlsx,2026-03-06 20:56:15.178,739681.0,601.0,1168.0,89.0,897.0,7.201903789443156,,SHP2L,,SHP2L,,,OK,16.0,15.0,15.0,0.0,0.0,6.623532152746829,-0.0101178884506207,9.57273138094886,9.40941465426429,0.1633167266845703,12.561866309249591,12.562119628989889,-0.0002533197402971,-0.0204422886686332,-0.001147889371659,-0.0011485485750101,8.809282141620777,15.0,True,-0.1031957327265316,-3.779058814778351,0.0185852549111461,0.0223279347401205,8.804223197395467,8.814341085846088,,0.5783716366963265
7.0,GIRMS\IRMS-operator,2026-03-06 21:35:45.961,2026-03-06 22:41:50.286,Success,False,BTS,298,7.0,1.0,5.0,True,Unknown,,"0.002 V, 0.002 V, 0.002 V",76 µbar,73 °C,,3.282 V,9.5214 kV,69 µbar,Carbon Dioxide: 0.0214 kV,"1,038 µbar",3.185 V,3.535 V,386 µbar/min,9.023 V,5.31E-008 mbar,86 %,775 µbar,µ-Volume,2.836 V,Pre,2.992252143246181,3.246577281662941,3.4879124534816235,4.269245637110347,4.655265282519087,3.266239794117457,-2.4825513248351028,-3.8552781601493,-2.48437880251149,0.0215998953416238,0.0053999738354059,-3.7782045244651714,0.0291773204210042,0.0075335517385004,-2.51836922525224,0.023125554211975517,-3.776650372227253,0.029206877523887842,42242e113b06__Natan Pereira BTS coral series 13.xlsx,2026-03-06 21:35:45.961,739681.0,386.0,1038.0,69.0,775.0,2.442259852521245,,BTS,298,BTS,298,,OK,16.0,15.0,15.0,0.0,0.0,2.4614725278924494,-0.2263715056035784,3.1552218369500253,3.347212287313999,-0.1919904503639737,4.149182545770086,4.467327456997175,-0.3181449112270895,-0.4248195172638747,-0.0722215864346498,-0.0749272695725219,3.0212165329803438,15.0,True,-2.484500634356583,-3.7782045244651714,0.0223523246823962,0.0291773204210042,2.908030780178554,3.1344022857821323,,-0.019212675371204302
8.0,GIRMS\IRMS-operator,2026-03-06 22:09:23.784,2026-03-06 23:16:55.394,Success,False,BTS,299,8.0,2.0,5.0,True,Unknown,,"0.001 V, 0.001 V, 0.001 V",54 µbar,73 °C,,4.823 V,9.5215 kV,79 µbar,Carbon Dioxide: 0.0215 kV,"1,038 µbar",4.786 V,5.281 V,366 µbar/min,3.161 V,6.00E-008 mbar,51 %,811 µbar,µ-Volume,,Pre,4.659692828346909,5.055801472765158,5.195255874798064,6.65000355287224,6.934622551727411,4.865253954939304,-2.421151488008477,-3.623128987832347,-2.439210130221466,0.031842643484162,0.0082217351942253,-3.620165987860878,0.033818514862128,0.008454628715532,-2.4760787615137674,0.03434270690926126,-3.618531099594445,0.03386646304702559,42242e113b06__Natan Pereira BTS coral series 13.xlsx,2026-03-06 22:09:23.784,739681.0,366.0,1038.0,79.0,811.0,3.775882518316955,,BTS,299,BTS,299,,OK,16.0,15.0,15.0,0.0,0.0,3.607364132998592,-0.1305139577526839,4.910470586239897,4.971928135997141,-0.061457549757244,6.458604957389947,6.636152293014642,-0.1775473356246948,-0.2565948618672207,-0.0280306770937523,-0.0284291208470133,4.590854513406292,15.0,True,-2.4466537375340254,-3.619968454529447,0.0394590591108954,0.0349959329801471,4.52559753452995,4.656111492282634,,0.16851838531836272
9.0,GIRMS\IRMS-operator,2026-03-06 22:41:50.424,2026-03-06 23:56:24.706,Success,False,BTS,300,9.0,1.0,6.0,True,Unknown,,"0.001 V, 0.001 V, 0.001 V",67 µbar,73 °C,,8.147 V,9.5216 kV,64 µbar,Carbon Dioxide: 0.0216 kV,"1,070 µbar",7.894 V,9.117 V,547 µbar/min,3.312 V,8.39E-008 mbar,29 %,911 µbar,µ-Volume,,Pre,7.835727478401501,8.497851018084459,8.502938628354617,11.180495033852273,11.351158033005408,7.964711929695446,-2.669174872172775,-3.72473235259696,-2.689926614632895,0.0208379587467351,0.0052094896866837,-3.739736467568728,0.0155155951033819,0.0038788987758454,-2.739913822457661,0.02233557752387679,-3.7376776493124524,0.015534870072956933,42242e113b06__Natan Pereira BTS coral series 13.xlsx,2026-03-06 22:41:50.424,739681.0,547.0,1070.0,64.0,911.0,6.193425009760209,,BTS,300,BTS,300,,OK,16.0,15.0,15.0,0.0,0.0,5.745539472741321,-0.0065338984216722,8.218907865711529,8.097665433062486,0.1212424326490424,10.813062201134375,10.80957944390828,0.0034827572260951,-0.0132049431360339,-0.0008614430851375,-0.0008618142871166,7.581561966827425,15.0,True,-2.6913100641302368,-3.740736741900178,0.0207948552499907,0.0155169807308521,7.578295017616589,7.584828916038261,,0.44788553701888834
10.0,GIRMS\IRMS-operator,2026-03-06 23:16:55.541,2026-03-07 00:30:18.747,Success,False,BTS,301,10.0,2.0,6.0,True,Unknown,,"0.002 V, 0.002 V, 0.002 V",49 µbar,72 °C,,5.333 V,9.5215 kV,76 µbar,Carbon Dioxide: 0.0215 kV,"1,121 µbar",4.958 V,5.837 V,493 µbar/min,7.750 V,6.62E-008 mbar,50 %,806 µbar,µ-Volume,,Pre,4.9199074857298655,5.336934413884516,5.341460601728671,7.029068574821635,7.129554286697711,5.002370354491178,-2.6135287048235645,-2.480008822752344,-2.627980470933752,0.0334705868113271,0.0083676467028317,-2.4913054261251344,0.0232576102570973,0.0058144025642743,-2.719851523426596,0.035714985396122105,-2.4880451181066507,0.023273105278859185,42242e113b06__Natan Pereira BTS coral series 13.xlsx,2026-03-06 23:16:55.541,739681.0,493.0,1121.0,76.0,806.0,3.981128363477621,,BTS,301,BTS,301,,OK,16.0,15.0,15.0,0.0,0.0,3.703600707301584,-0.0097006374346975,5.18038853167695,5.109662336843038,0.0707261948339121,6.8228068982828605,6.819960779209106,0.0028461190737543,-0.0195820164641953,-0.0020272098767337,-0.0020292667515343,4.780365827884669,15.0,True,-2.628943922007765,-2.492058533016654,0.0344149319846726,0.0238711208149282,4.77551550916732,4.785216146602018,,0.2775276561760367
11.0,GIRMS\IRMS-operator,2026-03-06 23:56:24.859,2026-03-07 01:01:45.055,Success,False,SHP2L,,11.0,1.0,7.0,True,QC Standard,SHP2L,"0.001 V, 0.001 V, 0.002 V",64 µbar,72 °C,,10.376 V,9.5216 kV,62 µbar,Carbon Dioxide: 0.0216 kV,987 µbar,9.835 V,11.715 V,474 µbar/min,4.902 V,9.62E-008 mbar,20 %,941 µbar,µ-Volume,,Pre,9.698272229627037,10.534867644309998,10.554671287536625,13.803455601680913,14.091629158008727,9.88860476155605,-0.8574416418951625,-6.142580483426197,-0.9135103843337516,0.0304965489410722,0.007624137235268,-6.167064731412381,0.0137131519141273,0.0034282879785318,-0.7491548812901747,0.03254013014617375,-6.17161298444236,0.01371505330010017,42242e113b06__Natan Pereira BTS coral series 13.xlsx,2026-03-06 23:56:24.859,739681.0,474.0,987.0,62.0,941.0,7.595415784367512,,SHP2L,,SHP2L,,,OK,16.0,15.0,15.0,0.0,0.0,7.028328466969448,-0.025346851018094,10.173678398132324,10.02371311187744,0.1499652862548828,13.329419861782227,13.382363687503974,-0.052943825721746,-0.0511315108572716,-0.0026991816766662,-0.0027028293904492,9.3778952928588,15.0,True,-0.9172483004963244,-6.168697014611461,0.0275127351323853,0.0124823143607837,9.365221867349751,9.390568718367843,,0.5670873173980642
12.0,GIRMS\IRMS-operator,2026-03-07 00:30:18.845,2026-03-07 01:38:47.684,Success,False,BTS,302,12.0,2.0,7.0,True,Unknown,,"0.002 V, 0.002 V, 0.002 V",49 µbar,72 °C,,2.862 V,9.5214 kV,84 µbar,Carbon Dioxide: 0.0214 kV,"1,165 µbar",3.133 V,3.077 V,611 µbar/min,9.589 V,5.23E-008 mbar,100 %,706 µbar,µ-Volume,2.481 V,Pre,2.621859790479673,2.843672732116808,3.421597714402359,3.7403809122484746,4.566589119935458,3.2039140478725567,-2.8676245714023274,-3.963156101066123,-2.8670170965634805,0.0240997736943586,0.0062225348110412,-3.941519991765896,0.0440008088979954,0.0110002022244988,-2.921818814903217,0.026211577567743054,-3.939288225757523,0.04404903157066374,42242e113b06__Natan Pereira BTS coral series 13.xlsx,2026-03-07 00:30:18.845,739682.0,611.0,1165.0,84.0,706.0,2.152981114726723,,BTS,302,BTS,302,,OK,16.0,15.0,15.0,0.0,0.0,2.4155532228629784,-0.5233013907776387,3.282715215354409,2.7665625603423827,0.5161526550120259,4.381208783971955,3.6389120959646615,0.7422966880072934,-0.8783100169478069,-0.170230420828105,-0.1860676041025306,2.8124261249114544,15.0,True,-2.862367869187817,-3.9400775844792135,0.0299829413645456,0.0451519169406439,2.550775429522635,3.0740768203002737,,-0.26257210813625553
13.0,GIRMS\IRMS-operator,2026-03-07 01:01:45.189,2026-03-07 02:16:58.012,Success,False,BTS,303,13.0,1.0,8.0,True,Unknown,,"0.001 V, 0.001 V, 0.001 V",62 µbar,73 °C,,5.326 V,9.5216 kV,59 µbar,Carbon Dioxide: 0.0216 kV,990 µbar,5.270 V,5.846 V,454 µbar/min,3.306 V,6.34E-008 mbar,48 %,831 µbar,µ-Volume,,Pre,5.113419905620128,5.549819637255003,5.690855767861426,7.294731263350044,7.596137050818001,5.329555482073415,-2.1031081139331054,-4.001439949469665,-2.09235628600198,0.0103165223204283,0.0026637146091864,-3.94407546413742,0.0189387354756477,0.0048899604730274,-2.092691962301352,0.010807684478625987,-3.9435905835569547,0.01894450011561415,42242e113b06__Natan Pereira BTS coral series 13.xlsx,2026-03-07 01:01:45.189,739682.0,454.0,990.0,59.0,831.0,4.104703621783108,,BTS,303,BTS,303,,OK,16.0,15.0,15.0,0.0,0.0,3.9321732510583263,-0.1391363674291712,5.380274548572997,5.44185169674456,-0.0615771481715627,7.071809891890084,7.263446321203787,-0.1916364293137036,-0.2737517401295996,-0.0273025220966949,-0.0276803943863847,5.026531251216889,15.0,True,-2.089365211484417,-3.94407546413742,0.0131040177164681,0.0189387354756477,4.956963067502304,5.096099434931475,,0.17253037072478206
14.0,GIRMS\IRMS-operator,2026-03-07 01:38:47.810,2026-03-07 03:20:47.481,Success,False,BTS,304,14.0,2.0,8.0,True,Unknown,,"0.001 V, 0.001 V, 0.002 V",47 µbar,72 °C,,4.944 V,9.5217 kV,76 µbar,Carbon Dioxide: 0.0217 kV,"1,173 µbar",4.937 V,5.414 V,635 µbar/min,5.206 V,6.06E-008 mbar,51 %,792 µbar,µ-Volume,,Pre,4.7853196808604,5.194430098291408,5.351320387262148,6.83186366953823,7.142448572301598,5.0115138345159815,-1.9628503591545556,-3.2055067752865263,-2.034665655116008,0.0177451284441551,0.0045817724627016,-3.194820903396025,0.0256394822009683,0.006409870550242,-2.058972103323353,0.019234596885865003,-3.1936653037084732,0.025680359240355933,42242e113b06__Natan Pereira BTS coral series 13.xlsx,2026-03-07 01:38:47.810,739682.0,635.0,1173.0,76.0,792.0,3.871880475248707,,BTS,304,BTS,304,,OK,16.0,15.0,15.0,0.0,0.0,3.7087385351194566,-0.1481074080519038,5.042200125890688,5.118400336641115,-0.0762002107504269,6.631860283994407,6.831707664401875,-0.1998473804074674,-0.2903249163647896,-0.0308988925360149,-0.0313837541595919,4.719238090470356,15.0,True,-2.0346656551160085,-3.1941085119366592,0.0177451284441551,0.0263749682885059,4.645184386444403,4.793291794496307,,0.16314194012925043
15.0,GIRMS\IRMS-operator,2026-03-07 02:16:58.149,2026-03-07 04:23:59.794,Error,False,BTS,305,15.0,1.0,9.0,True,Unknown,,"0.001 V, 0.001 V, 0.002 V",59 µbar,72 °C,,,,,,"1,187 µbar",,,420 µbar/min,,,,,,,Pre,,,,,,,,,,,,,,,,,,,42242e113b06__Natan Pereira BTS coral series 13.xlsx,2026-03-07 02:16:58.149,739682.0,420.0,1187.0,,,,,BTS,305,BTS,305,,Failed Sample,0.0,0.0,0.0,0.0,0.0,,,,,,,,,,,,,0.0,True,,,,,,,,
16.0,GIRMS\IRMS-operator,2026-03-07 03:20:47.692,2026-03-07 04:23:59.809,Error,False,SHP2L,,16.0,2.0,9.0,True,QC Standard,SHP2L,"0.001 V, 0.001 V, 0.002 V",,,,,,,,,,,,,,,,,,Pre,,,,,,,,,,,,,,,,,,,42242e113b06__Natan Pereira BTS coral series 13.xlsx,2026-03-07 03:20:47.692,739682.0,,,,,,,SHP2L,,SHP2L,,,Failed Sample,0.0,0.0,0.0,0.0,0.0,,,,,,,,,,,,,0.0,True,,,,,,,,
17.0,GIRMS\IRMS-operator,2026-03-09 13:54:19.975,2026-03-09 14:57:26.211,Success,False,BTS,306,17.0,1.0,10.0,True,Unknown,,"0.001 V, 0.001 V, 0.000 V",52 µbar,72 °C,,1.851 V,9.5218 kV,59 µbar,Carbon Dioxide: 0.0218 kV,775 µbar,3.246 V,1.955 V,239 µbar/min,3.244 V,4.98E-008 mbar,100 %,618 µbar,µ-Volume,1.731 V,Pre,1.7733101798247022,1.9231091841884524,3.5531394754416263,2.530441165319075,4.742543346840529,3.327082170223046,-3.0254071759499013,-3.830708882159972,-3.087493418575512,0.0388575373124393,0.0100329729923807,-3.797879142637198,0.0308994429790203,0.007724860744755,-3.1632772275739613,0.04140021880162998,-3.794971829485898,0.030897199858613937,42242e113b06__Natan Pereira BTS coral series 13.xlsx,2026-03-09 13:54:19.975,739684.0,239.0,775.0,59.0,618.0,1.4746809440569555,,BTS,306,BTS,306,,OK,16.0,15.0,15.0,0.0,0.0,2.504096041957992,-1.460868728434822,3.4050929966742127,1.8734264487964265,1.5316665478777864,4.5447801355034025,2.465225199311422,2.0795549361919807,-1.6010505048799115,-0.4581795393246387,-0.5943357881292392,2.4579854648045427,15.0,True,-3.098354976614348,-3.795690493335679,0.042830678332241,0.030673381972226,1.7275511005871318,3.188419829021954,,-1.0294150979010364
18.0,GIRMS\IRMS-operator,2026-03-09 14:30:57.237,2026-03-09 15:30:19.240,Success,False,BTS,307,18.0,2.0,10.0,True,Unknown,,"0.001 V, 0.001 V, 0.001 V",59 µbar,73 °C,,3.966 V,9.5219 kV,71 µbar,Carbon Dioxide: 0.0219 kV,"1,075 µbar",3.956 V,4.260 V,381 µbar/min,3.230 V,5.55E-008 mbar,65 %,806 µbar,µ-Volume,,Pre,3.8025424136362647,4.123541854286092,4.304152748360428,5.4276363979368245,5.744533436984423,4.030380951006436,-3.058400191968569,-3.4824026527865426,-3.0927169592855352,0.0202648407377661,0.0050662101844415,-3.482525665769655,0.0253984166507121,0.006349604162678,-3.1804351510721016,0.022070342631106885,-3.4792819133732045,0.025443705303357992,42242e113b06__Natan Pereira BTS coral series 13.xlsx,2026-03-09 14:30:57.237,739684.0,381.0,1075.0,71.0,806.0,3.1237175008805567,,BTS,307,BTS,307,,OK,16.0,15.0,15.0,0.0,0.0,3.0144508079952645,-0.1619671454910234,4.01260292079712,4.124644538111234,-0.1120416173141141,5.281441105463984,5.50511098068301,-0.2236698752190253,-0.3138773808860462,-0.0419357084056648,-0.0428338421630876,3.78128921693137,15.0,True,-3.095004743773333,-3.4825338666351957,0.0187155524800698,0.026289836961458,3.700305644185858,3.8622727896768816,,0.10926669288529212
19.0,GIRMS\IRMS-operator,2026-03-09 14:57:26.319,2026-03-09 16:02:10.967,Success,False,BTS,308,19.0,1.0,11.0,True,Unknown,,"0.001 V, 0.001 V, 0.001 V",64 µbar,72 °C,,5.029 V,9.5222 kV,62 µbar,Carbon Dioxide: 0.0222 kV,980 µbar,4.992 V,5.489 V,347 µbar/min,3.923 V,6.34E-008 mbar,49 %,855 µbar,µ-Volume,,Pre,4.837699429910319,5.245276586220964,5.405281314173787,6.903520000028357,7.214164507436498,5.06162877531077,-3.171909818640684,-3.671809828609263,-3.165028778772642,0.0120194383116788,0.0031034056274599,-3.656170095980703,0.0203374234820036,0.0050843558705009,-3.2514733712184123,0.012741606847780262,-3.652956719939572,0.020368333341083532,42242e113b06__Natan Pereira BTS coral series 13.xlsx,2026-03-09 14:57:26.319,739684.0,347.0,980.0,62.0,855.0,3.912612715099355,,BTS,308,BTS,308,,OK,16.0,15.0,15.0,0.0,0.0,3.744485338789972,-0.146011385031981,5.089341563145815,5.168367752352802,-0.0790261892069876,6.69835394682882,6.897984612960158,-0.1996306661313385,-0.2864318992135388,-0.0301686382000306,-0.0306306811690352,4.766834411099709,15.0,True,-3.161312387392293,-3.6551274471387982,0.017229099288906,0.020603837926966,4.693828718583719,4.8398401036157,,0.1681273763093829
20.0,GIRMS\IRMS-operator,2026-03-09 15:30:19.383,2026-03-09 16:39:58.511,Success,False,BTS,309,20.0,2.0,11.0,True,Unknown,,"0.001 V, 0.001 V, 0.001 V",52 µbar,72 °C,,6.048 V,9.5220 kV,71 µbar,Carbon Dioxide: 0.0220 kV,"1,165 µbar",6.008 V,6.628 V,552 µbar/min,4.935 V,7.49E-008 mbar,39 %,858 µbar,µ-Volume,,Pre,5.852534241294319,6.344919377056116,6.450091672462177,8.352551229640829,8.609259746308048,6.04073554820711,-3.1821429039951,-3.5337425720843862,-3.1957248320535925,0.0184318774675368,0.0047590902980737,-3.527195136839907,0.0184672376565599,0.0047682202596207,-3.288876626498868,0.019762858735763045,-3.523775375086679,0.018493187768848746,42242e113b06__Natan Pereira BTS coral series 13.xlsx,2026-03-09 15:30:19.383,739684.0,552.0,1165.0,71.0,858.0,4.744429713494153,,BTS,309,BTS,309,,OK,16.0,15.0,15.0,0.0,0.0,4.429464042000506,-0.0845789102755469,6.163483011391031,6.1605687396525886,0.002914271738442,8.113319772419626,8.222613104030478,-0.1092933316108517,-0.1685724888237152,-0.0146598592775251,-0.0147681084735337,5.727132247648553,15.0,True,-3.193519755743239,-3.530249439597432,0.0218368120617114,0.0228871772259727,5.684842792510779,5.769421702786326,,0.3149656714936473
21.0,GIRMS\IRMS-operator,2026-03-09 16:02:11.085,2026-03-09 17:18:27.394,Success,False,SHP2L,,21.0,1.0,12.0,True,QC Standard,SHP2L,"0.001 V, 0.001 V, 0.001 V",59 µbar,72 °C,,23.600 V,9.5223 kV,62 µbar,Carbon Dioxide: 0.0223 kV,919 µbar,14.403 V,28.081 V,303 µbar/min,3.275 V,1.28E-007 mbar,10 %,"1,036 µbar",µ-Volume,21.125 V,Pre,22.721698653063285,24.64213145995184,15.506527555227716,32.324919239434685,20.710924402627427,14.535879861673816,-1.9428211212585424,-6.439436482501892,-1.7190902058160231,0.1479894061382463,0.0369973515345615,-6.357767255388711,0.0479676658636835,0.0119919164659208,-1.6040751849848849,0.1567232748066438,-6.360705118322464,0.047713608673271124,42242e113b06__Natan Pereira BTS coral series 13.xlsx,2026-03-09 16:02:11.085,739684.0,303.0,919.0,62.0,1036.0,16.869234343907486,,SHP2L,,SHP2L,,,OK,16.0,15.0,15.0,0.0,0.0,10.010889100787814,8.000671863555908,23.566580546141108,14.644510281324822,8.922070264816286,30.91103746071764,19.5581109680266,11.352926492691044,25.615989452434853,0.5828736113708153,0.4513373080314721,17.72659100230645,15.0,True,-1.7041748114531892,-6.3523226402478326,0.140183656979369,0.0442387470424486,21.726926934084403,13.726255070528495,,6.858345243119672
22.0,GIRMS\IRMS-operator,2026-03-09 16:39:58.608,2026-03-09 17:53:20.818,Success,False,BTS,310,22.0,2.0,12.0,True,Unknown,,"0.002 V, 0.002 V, 0.002 V",52 µbar,72 °C,,8.056 V,9.5220 kV,84 µbar,Carbon Dioxide: 0.0220 kV,"1,253 µbar",7.451 V,8.901 V,742 µbar/min,13.924 V,8.30E-008 mbar,29 %,907 µbar,µ-Volume,,Pre,7.329917400276958,7.94779577601504,8.017838009937835,10.458250800847242,10.70274460499786,7.510065006769594,-2.9024556718798555,-3.744809037279917,-2.927737634905902,0.0176865944980513,0.0045666590628051,-3.7472381892482702,0.0172222833045941,0.0044467744281572,-2.994017771013032,0.018930911785417583,-3.7446445792809793,0.017236189377216417,42242e113b06__Natan Pereira BTS coral series 13.xlsx,2026-03-09 16:39:58.608,739684.0,742.0,1253.0,84.0,907.0,5.895327357359368,,BTS,310,BTS,310,,OK,16.0,15.0,15.0,0.0,0.0,5.441007579071871,-0.0488234612918301,7.70760395873141,7.641189483290431,0.0664144754409781,10.141551973276362,10.199487687998044,-0.0579357147216814,-0.098083088820341,-0.006821908253971,-0.0068452571119673,7.132451052345908,15.0,True,-2.932381382373624,-3.7503748540851,0.0196138602777575,0.0206847691498659,7.108039321699993,7.156862782991823,,0.4543197782874966
23.0,GIRMS\IRMS-operator,2026-03-09 17:18:27.489,2026-03-09 18:24:35.917,Success,False,BTS,311,23.0,1.0,13.0,True,Unknown,,"0.002 V, 0.001 V, 0.002 V",64 µbar,73 °C,,5.601 V,9.5222 kV,69 µbar,Carbon Dioxide: 0.0222 kV,"1,121 µbar",5.171 V,6.120 V,625 µbar/min,7.325 V,6.85E-008 mbar,45 %,877 µbar,µ-Volume,,Pre,5.140471108863386,5.577701656016477,5.592489391366798,7.333874884555519,7.46404400012723,5.2373841213414485,-2.3744140802879343,-3.836458140952237,-2.386439145852001,0.0236529198912946,0.0059132299728236,-3.823420860000352,0.0135861520718183,0.0035079293808795,-2.411989995748404,0.025629160747820564,-3.822134318546433,0.013630459544821519,42242e113b06__Natan Pereira BTS coral series 13.xlsx,2026-03-09 17:18:27.489,739684.0,625.0,1121.0,69.0,877.0,4.150226791581913,,BTS,311,BTS,311,,OK,16.0,15.0,15.0,0.0,0.0,3.8715777371534363,-0.0210351840245364,5.412593483924866,5.349252389485995,0.0633410944388703,7.117100264050875,7.139221201516505,-0.0221209374656297,-0.0423698801607682,-0.0041991748601586,-0.0042080099449446,4.998843705159748,15.0,True,-2.387240816889606,-3.825000623583826,0.0242570563255782,0.0163141725626392,4.98832611314748,5.009361297172016,,0.27864905442847654
24.0,GIRMS\IRMS-operator,2026-03-09 17:53:20.959,2026-03-09 19:01:00.873,Success,False,BTS,312,24.0,2.0,13.0,True,Unknown,,"0.001 V, 0.001 V, 0.001 V",54 µbar,72 °C,,6.691 V,9.5223 kV,81 µbar,Carbon Dioxide: 0.0223 kV,"1,214 µbar",6.602 V,7.341 V,718 µbar/min,5.104 V,7.67E-008 mbar,33 %,885 µbar,µ-Volume,,Pre,6.471933368682574,7.023077354090072,7.083896168714829,9.232827089005308,9.455450224931427,6.63474474605917,-2.16645815550609,-3.873723069535817,-2.2038482540971183,0.0210874797406978,0.0054447638566139,-3.9104415422226007,0.0261496662140575,0.0065374165535143,-2.213459732666845,0.02236702926749486,-3.9096549955832045,0.026169638490479756,42242e113b06__Natan Pereira BTS coral series 13.xlsx,2026-03-09 17:53:20.959,739684.0,718.0,1214.0,81.0,885.0,5.232324015268803,,BTS,312,BTS,312,,OK,16.0,15.0,15.0,0.0,0.0,4.841924981573805,-0.0495249441803089,6.816152104383774,6.759476063960685,0.0566760404230892,8.960702342801644,9.021970040211585,-0.0612676974099386,-0.0993920502988,-0.0078228596978304,-0.0078535784188788,6.306035483297448,15.0,True,-2.2098240316799744,-3.91288944040172,0.0223951215304971,0.025098301490225,6.281273011207293,6.330797955387602,,0.3903990336949983
25.0,GIRMS\IRMS-operator,2026-03-09 18:24:36.097,2026-03-09 19:43:04.669,Success,False,BTS,313,25.0,1.0,14.0,True,Unknown,,"0.001 V, 0.001 V, 0.001 V",64 µbar,72 °C,,9.741 V,9.5224 kV,79 µbar,Carbon Dioxide: 0.0224 kV,"1,244 µbar",9.159 V,10.940 V,689 µbar/min,3.275 V,9.39E-008 mbar,23 %,963 µbar,µ-Volume,,Pre,9.038535263816836,9.802389509224396,9.833537981493953,12.892291905442788,13.127909066239908,9.212452353735664,-2.525622931987326,-3.9595804928098666,-2.5663309405174752,0.0234943153842947,0.0058735788460736,-3.980388433150605,0.0133572629796192,0.0034488304713985,-2.598828554661099,0.025040802374421602,-3.978871071983152,0.013348081014318931,42242e113b06__Natan Pereira BTS coral series 13.xlsx,2026-03-09 18:24:36.097,739684.0,689.0,1244.0,79.0,963.0,7.120529280933432,,BTS,313,BTS,313,,OK,16.0,15.0,15.0,0.0,0.0,6.579145853806111,-0.0245957208222922,9.469622169874969,9.346985730204825,0.1226364396701455,12.454182865182473,12.477518083612036,-0.0233352184295636,-0.0496108135608413,-0.0028089864732937,-0.0028129372246007,8.743785892976309,15.0,True,-2.5690448077528183,-3.979520032892792,0.0215673773847612,0.0151145253094504,8.731488032565162,8.756083753387454,,0.5413834271273217
26.0,GIRMS\IRMS-operator,2026-03-09 19:01:01.001,2026-03-09 20:14:26.121,Success,False,SHP2L,,26.0,2.0,14.0,True,QC Standard,SHP2L,"0.002 V, 0.002 V, 0.002 V",54 µbar,72 °C,,3.590 V,9.5223 kV,76 µbar,Carbon Dioxide: 0.0223 kV,"1,183 µbar",3.338 V,3.843 V,542 µbar/min,8.949 V,5.41E-008 mbar,77 %,782 µbar,µ-Volume,,Pre,3.293824711765578,3.5794857844198744,3.6365046355866544,4.688604642168924,4.853406377880784,3.4055424400428134,-0.8280609555968432,-6.072770372013814,-0.8377054319014254,0.0226957538641986,0.0056739384660496,-6.024483085740905,0.0289205452290695,0.0072301363072673,-0.6733279823712969,0.02435295593018024,-6.029049474560509,0.028953663890726972,42242e113b06__Natan Pereira BTS coral series 13.xlsx,2026-03-09 19:01:01.001,739684.0,542.0,1183.0,76.0,782.0,2.7189414049121594,,SHP2L,,SHP2L,,,OK,16.0,15.0,15.0,0.0,0.0,2.5647805310507072,-0.0600736557181909,3.4860031945875103,3.489396846798712,-0.0033936522112014,4.56613199831669,4.656949656056827,-0.0908176577401365,-0.1192791017569678,-0.0183834756738633,-0.0185540193556014,3.237770456462025,15.0,True,-0.8383483969883976,-6.021263933322711,0.0233410148929008,0.0268046676308761,3.207733628602929,3.2678072843211203,,0.15416087386145216
27.0,GIRMS\IRMS-operator,2026-03-09 19:43:04.861,2026-03-09 20:45:21.437,Success,False,BTS,314,27.0,1.0,15.0,True,Unknown,,"0.001 V, 0.001 V, 0.001 V",69 µbar,72 °C,,4.480 V,9.5224 kV,76 µbar,Carbon Dioxide: 0.0224 kV,"1,224 µbar",4.470 V,4.864 V,615 µbar/min,3.309 V,5.77E-008 mbar,55 %,853 µbar,µ-Volume,,Pre,4.302737905838759,4.669331538507693,4.831927768307487,6.139252912240086,6.449026523950553,4.525192335542054,-2.2204975678243866,-3.727533987209708,-2.211395278988104,0.0217228366899218,0.0056088123154967,-3.745911833205192,0.017933872794313,0.0046305060443584,-2.2277854094391016,0.023402295826052914,-3.744947755874254,0.01796469382188092,42242e113b06__Natan Pereira BTS coral series 13.xlsx,2026-03-09 19:43:04.861,739684.0,615.0,1224.0,76.0,853.0,3.4974163139427397,,BTS,314,BTS,314,,OK,16.0,15.0,15.0,0.0,0.0,3.367944551845828,-0.1533567774856941,4.535553844329104,4.62659504896043,-0.0910412046313267,5.9631833627102,6.174741111434352,-0.211557748724152,-0.2992202442453608,-0.0353948839996888,-0.0360325682870543,4.256060136040632,15.0,True,-2.2068573038618307,-3.7433809262273097,0.0263109698684564,0.0227459016640275,4.179381747297785,4.332738524783479,,0.12947176209691147
28.0,GIRMS\IRMS-operator,2026-03-09 20:14:26.251,2026-03-09 21:23:46.364,Success,False,BTS,315,28.0,2.0,15.0,True,Unknown,,"0.001 V, 0.001 V, 0.001 V",57 µbar,73 °C,,8.144 V,9.5225 kV,81 µbar,Carbon Dioxide: 0.0225 kV,"1,207 µbar",7.825 V,9.001 V,625 µbar/min,4.423 V,8.43E-008 mbar,27 %,919 µbar,µ-Volume,,Pre,7.702500887446369,8.355861677833058,8.406898154921986,10.991926099959691,11.222912719711104,7.87538399474321,-2.308796628655907,-3.5184163267547586,-2.3874558400321564,0.0185535895460477,0.004790516221614,-3.5204251666211483,0.0270399358670332,0.0067599839667583,-2.424378966188071,0.019464246747442394,-3.518824210286882,0.027052087502184904,42242e113b06__Natan Pereira BTS coral series 13.xlsx,2026-03-09 20:14:26.251,739684.0,625.0,1207.0,81.0,919.0,6.1887143852229105,,BTS,315,BTS,315,,OK,16.0,15.0,15.0,0.0,0.0,5.688129104523636,-0.0318364810637197,8.101892983034011,8.007300501985885,0.0945924810481262,10.658259298507057,10.688866283599218,-0.030606985092163,-0.0641233467042985,-0.00424456788729,-0.004253595224137,7.484605230667872,15.0,True,-2.387455840032156,-3.520559089278908,0.0185535895460477,0.0279834996134409,7.468686990136012,7.500523471199732,,0.5005852806992745
29.0,GIRMS\IRMS-operator,2026-03-09 20:45:21.592,2026-03-09 22:01:52.297,Success,False,BTS,316,29.0,1.0,16.0,True,Unknown,,"0.001 V, 0.001 V, 0.001 V",69 µbar,72 °C,,4.908 V,9.5225 kV,76 µbar,Carbon Dioxide: 0.0225 kV,"1,229 µbar",4.873 V,5.351 V,630 µbar/min,3.273 V,6.06E-008 mbar,52 %,865 µbar,µ-Volume,,Pre,4.709399182602358,5.107646379191629,5.26639914707334,6.720081055887021,7.028966637121798,4.932295508283731,-2.764034630693968,-3.5956967820275354,-2.748573367030138,0.0115434960220236,0.0029805178566872,-3.6024039151809357,0.0392839255530106,0.0098209813882526,-2.8078509023057756,0.012377999423047447,-3.6000609062801847,0.039320435265660515,42242e113b06__Natan Pereira BTS coral series 13.xlsx,2026-03-09 20:45:21.592,739684.0,630.0,1229.0,76.0,865.0,3.80941936518362,,BTS,316,BTS,316,,OK,16.0,15.0,15.0,0.0,0.0,3.654895493446155,-0.1491157778589444,4.957021238366676,5.039350153962683,-0.0823289155960074,6.522006995645042,6.72551195999196,-0.2035049643469175,-0.292091315710391,-0.0315959243662595,-0.0321030877322148,4.644904536995977,15.0,True,-2.749618966803835,-3.6028510573911623,0.013575475749633,0.0406205590322871,4.570346648066504,4.719462425925449,,0.15452387173746507
30.0,GIRMS\IRMS-operator,2026-03-09 21:23:46.496,2026-03-09 22:35:53.991,Success,False,BTS,317,30.0,2.0,16.0,True,Unknown,,"0.001 V, 0.001 V, 0.001 V",57 µbar,73 °C,,3.948 V,9.5225 kV,96 µbar,Carbon Dioxide: 0.0225 kV,"1,307 µbar",3.939 V,4.233 V,894 µbar/min,4.813 V,5.28E-008 mbar,65 %,811 µbar,µ-Volume,,Pre,3.790275161016378,4.1091296935759205,4.258538955042613,5.408272829945651,5.683493647864331,3.9882367098949536,-3.183998054967496,-3.647083567993592,-3.1942722951726066,0.0211205672118716,0.0052801418029679,-3.6260480042451047,0.0234086398801176,0.0058521599700294,-3.2837871586461964,0.02210391537167662,-3.622729402516185,0.023405974505762837,42242e113b06__Natan Pereira BTS coral series 13.xlsx,2026-03-09 21:23:46.496,739684.0,894.0,1307.0,96.0,811.0,3.1223837326166892,,BTS,317,BTS,317,,OK,16.0,15.0,15.0,0.0,0.0,2.983615598758111,-0.1327650956545585,4.000670559014238,4.082060468596634,-0.0813899095823957,5.265635285666456,5.448064528299658,-0.1824292426332023,-0.2592220103704405,-0.0347284111697957,-0.0353420986363185,3.756570797358516,15.0,True,-3.194957244519614,-3.6246456333285377,0.0216771407648637,0.0235242605933963,3.6901882495312366,3.822953345185795,,0.13876813385857822
31.0,GIRMS\IRMS-operator,2026-03-09 22:01:52.524,2026-03-09 23:09:19.674,Success,False,SHP2L,,31.0,1.0,17.0,True,QC Standard,SHP2L,"0.001 V, 0.001 V, 0.001 V",71 µbar,73 °C,,12.843 V,9.5227 kV,81 µbar,Carbon Dioxide: 0.0227 kV,"1,244 µbar",11.548 V,14.586 V,640 µbar/min,3.902 V,1.09E-007 mbar,15 %,"1,012 µbar",µ-Volume,,Pre,11.483367955342704,12.47017659175328,12.337198629259388,16.341794381872127,16.474057088628722,11.562132021704883,-0.8798956641289379,-6.123987181599899,0.5852498311897194,4.276627767820697,1.104220541513184,-3.820600497279435,7.326029999125389,1.891572812028571,0.7680398963588075,4.310497777132635,-3.826035737272292,7.324306028280766,42242e113b06__Natan Pereira BTS coral series 13.xlsx,2026-03-09 22:01:52.524,739684.0,640.0,1244.0,81.0,1012.0,7.652962171901079,,SHP2L,,SHP2L,,,OK,16.0,15.0,15.0,0.0,0.0,8.119127818041994,0.1242270055039771,12.031844034075055,11.690860762476245,0.3409832715988141,15.767101298109004,15.609327803388547,0.1577734947204554,0.2541273608940542,0.0113395040592165,0.0112755743486682,11.01735500672298,15.0,True,2.2456144911065548,0.1351786635194708,7.377589742205708,16.397210102010355,11.079468509474967,10.95524150397099,,-0.46616564614091516
32.0,GIRMS\IRMS-operator,2026-03-09 22:35:54.199,2026-03-09 23:04:26.707,Error,False,BTS,318,32.0,2.0,17.0,True,Unknown,,"0.001 V, 0.001 V, 0.001 V",59 µbar,72 °C,,,,,,,,,845 µbar/min,,,,,,,Pre,,,,,,,,,,,,,,,,,,,42242e113b06__Natan Pereira BTS coral series 13.xlsx,2026-03-09 22:35:54.199,739684.0,845.0,,,,,,BTS,318,BTS,318,,Failed Sample,0.0,0.0,0.0,0.0,0.0,,,,,,,,,,,,,0.0,True,,,,,,,,
33.0,GIRMS\IRMS-operator,2026-03-10 11:21:44.133,2026-03-10 11:34:59.814,Error,False,BTS,319,33.0,1.0,18.0,True,Unknown,,"0.001 V, 0.001 V, 0.001 V",52 µbar,72 °C,,,,,,,,,669 µbar/min,,,,,,,Pre,,,,,,,,,,,,,,,,,,,42242e113b06__Natan Pereira BTS coral series 13.xlsx,2026-03-10 11:21:44.133,739685.0,669.0,,,,,,BTS,319,BTS,319,,Failed Sample,0.0,0.0,0.0,0.0,0.0,,,,,,,,,,,,,0.0,True,,,,,,,,
34.0,GIRMS\IRMS-operator,2026-03-10 14:32:50.153,2026-03-10 15:35:29.595,Success,False,BTS,320,34.0,2.0,18.0,True,Unknown,,"0.001 V, 0.001 V, 0.000 V",,72 °C,,5.418 V,9.5229 kV,79 µbar,Carbon Dioxide: 0.0229 kV,"1,229 µbar",5.354 V,5.891 V,816 µbar/min,3.254 V,6.56E-008 mbar,46 %,838 µbar,µ-Volume,,Pre,5.189973781224865,5.632937668166172,5.77478753568164,7.405373337389378,7.708507659555821,5.408623946471376,-1.992118557387568,-3.764981243945753,-1.9941268242321453,0.0171252023599677,0.0044217082360391,-3.777699409480001,0.0321898408460715,0.0080474602115178,-1.9939985518748906,0.018351675032188236,-3.7772434543986777,0.03222255632236451,42242e113b06__Natan Pereira BTS coral series 13.xlsx,2026-03-10 14:32:50.153,739685.0,816.0,1229.0,79.0,838.0,4.2075462700373505,,BTS,320,BTS,320,,OK,16.0,15.0,15.0,0.0,0.0,3.9916706203959076,-0.1329086123994463,5.468515053171676,5.521432491631856,-0.05291743846018,7.1890011436343455,7.37025130045548,-0.1812501568211342,-0.2619290511643964,-0.025701334365135,-0.0260359132207288,5.104818535561469,15.0,True,-1.997725604176385,-3.7785472871822834,0.0217267972414129,0.0331341996625673,5.038364229361745,5.171272841761192,,0.2158756496414429
35.0,GIRMS\IRMS-operator,2026-03-10 15:06:32.534,2026-03-10 16:01:41.482,Success,False,BTS,321,35.0,1.0,19.0,True,Unknown,,"0.001 V, 0.001 V, 0.001 V",47 µbar,72 °C,,9.904 V,9.5229 kV,59 µbar,Carbon Dioxide: 0.0229 kV,"1,134 µbar",9.383 V,11.161 V,576 µbar/min,5.306 V,9.62E-008 mbar,21 %,933 µbar,µ-Volume,,Pre,9.260107886842546,10.046372436635938,10.074937962644542,13.20919968167374,13.451879992876744,9.439756286195577,-2.0361227576094487,-3.922337354636096,-2.078182614808681,0.022514096025925,0.0056285240064812,-3.9387610478736144,0.0119935668125842,0.0030967256351176,-2.0780287882380053,0.023732721218105865,-3.9382910040969197,0.011974638873224575,42242e113b06__Natan Pereira BTS coral series 13.xlsx,2026-03-10 15:06:32.534,739685.0,576.0,1134.0,59.0,933.0,7.299945868859947,,BTS,321,BTS,321,,OK,16.0,15.0,15.0,0.0,0.0,6.732452787578605,-0.0215023756027203,9.709045113436654,9.574482463949169,0.1345626494874849,12.765294089709018,12.783473506365512,-0.0181794166564941,-0.0433892960139316,-0.0023970564712517,-0.0023999328585463,8.959573817304431,15.0,True,-2.0809866052886297,-3.93789276276939,0.0202066127280403,0.0136276385883636,8.94882262950307,8.97032500510579,,0.5674930812813415
36.0,GIRMS\IRMS-operator,2026-03-10 15:35:29.745,2026-03-10 16:37:28.623,Success,False,SHP2L,,36.0,2.0,19.0,True,QC Standard,SHP2L,"0.001 V, 0.001 V, 0.002 V",45 µbar,73 °C,,15.669 V,9.5228 kV,74 µbar,Carbon Dioxide: 0.0228 kV,"1,197 µbar",13.665 V,18.002 V,718 µbar/min,9.168 V,1.23E-007 mbar,10 %,965 µbar,µ-Volume,14.406 V,Pre,15.233017705778929,16.534160168084586,14.675642640504329,21.677870883613075,19.600902332931007,13.756536148886534,-1.1421338323061023,-6.156233320062765,-1.1761523922917196,0.0273101978440572,0.0068275494610143,-6.159556273180197,0.0124748270048572,0.0031187067512143,-1.0304670675042524,0.028971909016372078,-6.163504835789585,0.01245460032545898,42242e113b06__Natan Pereira BTS coral series 13.xlsx,2026-03-10 15:35:29.745,739685.0,718.0,1197.0,74.0,965.0,11.745640871286067,,SHP2L,,SHP2L,,,OK,16.0,15.0,15.0,0.0,0.0,9.525072834253901,1.6647577285766602,15.91780343762347,13.869281203660456,2.0485222339630145,20.868469609885658,18.523011936812843,2.345457673072815,3.798595882789054,0.1280636767959317,0.120356997013123,13.831831716399046,15.0,True,-1.1784202962907608,-6.1597778033880255,0.0266636327265852,0.0128800551243868,14.664210580687376,12.999452852110716,,2.220568037032166
37.0,GIRMS\IRMS-operator,2026-03-10 16:01:41.640,2026-03-10 17:10:48.769,Success,False,BTS,322,37.0,1.0,20.0,True,Unknown,,"0.002 V, 0.002 V, 0.002 V",52 µbar,73 °C,,4.633 V,9.5227 kV,59 µbar,Carbon Dioxide: 0.0227 kV,"1,114 µbar",4.254 V,5.049 V,674 µbar/min,13.232 V,6.27E-008 mbar,56 %,821 µbar,µ-Volume,,Pre,4.242557656417412,4.605454536685349,4.580226581338303,6.053155896221095,6.113207518562612,4.289312931145633,-1.925710463347441,-3.811557612395045,-1.9438854137911357,0.0292152706237755,0.0075433504387216,-3.832053372865956,0.0237141774924383,0.0059285443731095,-1.9382715997879514,0.030855411200603693,-3.83176291387944,0.02369583731916339,42242e113b06__Natan Pereira BTS coral series 13.xlsx,2026-03-10 16:01:41.640,739685.0,674.0,1114.0,59.0,821.0,3.4391074524187966,,BTS,322,BTS,322,,OK,16.0,15.0,15.0,0.0,0.0,3.19854096788606,0.0106692314147949,4.472446482423203,4.387956898454087,0.0844895839691162,5.87822251529646,5.856499395547259,0.0217231197492004,0.021637032761374,0.0025963738360574,0.002593007627477,4.114616286407035,15.0,True,-1.951472640813767,-3.833419756897349,0.0377031518102407,0.0238856680504729,4.119950902114432,4.109281670699637,,0.24056648453273644
38.0,GIRMS\IRMS-operator,2026-03-10 16:37:28.838,2026-03-10 17:55:06.914,Success,False,BTS,323,38.0,2.0,20.0,True,Unknown,,"0.001 V, 0.001 V, 0.001 V",47 µbar,72 °C,,12.248 V,9.5229 kV,74 µbar,Carbon Dioxide: 0.0229 kV,"1,207 µbar",11.072 V,13.906 V,723 µbar/min,3.259 V,1.06E-007 mbar,17 %,941 µbar,µ-Volume,,Pre,11.006674899700142,11.939594286338115,11.816942828551555,15.70482017455071,15.780473369931872,11.073998345973946,-2.0060341271423976,-3.621151994632643,-2.106638620983762,0.0335831649195947,0.0086711358964351,-3.6463205123417817,0.0203226498261573,0.0050806624565393,-2.11917788608685,0.035830795986746496,-3.6454912749887476,0.02031544823774859,42242e113b06__Natan Pereira BTS coral series 13.xlsx,2026-03-10 16:37:28.838,739685.0,723.0,1207.0,74.0,941.0,8.627770214800844,,BTS,323,BTS,323,,OK,16.0,15.0,15.0,0.0,0.0,7.802273807140303,0.1258147936583817,11.5269547609983,11.205577987090374,0.3213767739079269,15.161687750196156,14.962682742452325,0.1990050077438319,0.2575390318241142,0.0119822868720454,0.0119109268011239,10.5629726182609,15.0,True,-2.106638620983762,-3.6479984135223913,0.0335831649195947,0.0198556700611755,10.625880015090091,10.50006522143171,,0.8254964076605411
39.0,GIRMS\IRMS-operator,2026-03-10 17:10:48.893,2026-03-10 18:21:48.877,Success,False,BTS,324,39.0,1.0,21.0,True,Unknown,,"0.002 V, 0.002 V, 0.002 V",54 µbar,72 °C,,13.908 V,9.5227 kV,69 µbar,Carbon Dioxide: 0.0227 kV,"1,187 µbar",12.991 V,15.938 V,625 µbar/min,10.790 V,1.19E-007 mbar,11 %,977 µbar,µ-Volume,,Pre,12.845001363213356,13.929072870126118,13.907108558526389,18.327181358341523,18.574779052738496,13.035619008129691,-2.130402686166488,-3.61027557057958,-2.2303280412887685,0.0320650859270757,0.0082791695860182,-3.6300356810001415,0.0204897444515377,0.0051224361128844,-2.2521452190554347,0.033741633367905324,-3.628909857849548,0.0204464046960904,42242e113b06__Natan Pereira BTS coral series 13.xlsx,2026-03-10 17:10:48.893,739685.0,625.0,1187.0,69.0,977.0,9.945087366472587,,BTS,324,BTS,324,,OK,16.0,15.0,15.0,0.0,0.0,9.065127123881993,0.0491738319396954,13.423791015950377,13.154912842622153,0.2688781733282237,17.66157629013474,17.568458933834382,0.0931173563003575,0.0998622153336666,0.0039884241449045,0.0039804862112478,12.353724979813393,15.0,True,-2.2303280412887694,-3.631353021694846,0.0320650859270756,0.0204955598918365,12.37831189578324,12.329138063843546,,0.8799602425905935
40.0,GIRMS\IRMS-operator,2026-03-10 17:55:07.135,2026-03-10 18:59:11.162,Success,False,BTS,487,40.0,2.0,21.0,True,Unknown,,"0.002 V, 0.002 V, 0.002 V",49 µbar,72 °C,,6.472 V,9.5227 kV,84 µbar,Carbon Dioxide: 0.0227 kV,"1,244 µbar",5.957 V,7.113 V,869 µbar/min,12.562 V,7.38E-008 mbar,37 %,868 µbar,µ-Volume,,Pre,5.94712499987693,6.453016685203988,6.428853634302408,8.485016753756447,8.581671923534795,6.021407288428262,-2.2124085882059275,-3.8390927288788346,-2.2149513390170084,0.0190220405709113,0.0047555101427278,-3.809616453135711,0.0219914106937826,0.0054978526734456,-2.2290898617762993,0.020510943392069787,-3.8087040036172417,0.02202249416209453,42242e113b06__Natan Pereira BTS coral series 13.xlsx,2026-03-10 17:55:07.135,739685.0,869.0,1244.0,84.0,868.0,4.79223998544254,,BTS,487,BTS,487,,OK,16.0,15.0,15.0,0.0,0.0,4.415257060609321,0.0176757185330025,6.259518843614876,6.140041561047439,0.1194772825674368,8.23062412985508,8.196462372877095,0.0341617569779852,0.0358631378190669,0.0030735295569512,0.0030688135124336,5.759789072026428,15.0,True,-2.215120855737746,-3.80765136808617,0.0196771691339308,0.0212595490210124,5.768626931292929,5.750951212759927,,0.3769829248332197
41.0,GIRMS\IRMS-operator,2026-03-10 18:21:49.041,2026-03-10 19:30:22.863,Success,False,SHP2L,,41.0,1.0,22.0,True,QC Standard,SHP2L,"0.001 V, 0.001 V, 0.002 V",54 µbar,72 °C,,6.286 V,9.5227 kV,62 µbar,Carbon Dioxide: 0.0227 kV,"1,104 µbar",6.269 V,6.922 V,606 µbar/min,5.875 V,7.42E-008 mbar,34 %,877 µbar,µ-Volume,,Pre,6.066844252064871,6.591822297174116,6.736550373147027,8.635555418556105,8.992849274404051,6.309843519958329,-0.844869456072872,-6.15911013003112,-0.8760112052612105,0.0220268846711369,0.0056873171666763,-6.152604963697539,0.0166201385775776,0.0042913013281745,-0.7097031605136934,0.023596899005338474,-6.157208201099543,0.016638565069417105,42242e113b06__Natan Pereira BTS coral series 13.xlsx,2026-03-10 18:21:49.041,739685.0,606.0,1104.0,62.0,877.0,4.866177086027358,,SHP2L,,SHP2L,,,OK,16.0,15.0,15.0,0.0,0.0,4.6151796536902,-0.142848617096428,6.388808877069136,6.4303831167999705,-0.0415742397308349,8.369593306310179,8.583714328202227,-0.2141210218920477,-0.2820914467235859,-0.0237176459082839,-0.0240022847536726,5.951459144928704,15.0,True,-0.8829828776190616,-6.149317514550123,0.0273680655461939,0.0198119400895261,5.8800348363804895,6.022883453476918,,0.250997432337158
42.0,GIRMS\IRMS-operator,2026-03-10 18:59:11.403,2026-03-10 20:16:21.992,Running,False,BTS,488,42.0,2.0,22.0,True,Unknown,,"0.001 V, 0.001 V, 0.001 V",49 µbar,72 °C,,5.318 V,9.5228 kV,79 µbar,Carbon Dioxide: 0.0228 kV,"1,217 µbar",5.242 V,5.824 V,703 µbar/min,3.273 V,6.43E-008 mbar,47 %,838 µbar,µ-Volume,,Pre,5.120436929594211,5.557355786554642,5.641869314540563,7.306778091214175,7.531062709491103,5.284159854311943,-2.0261004351649348,-3.671185728934212,-2.03934890116304,0.0122016203565562,0.0031504448291791,-3.661084692029262,0.0256563141766818,0.0064140785441704,-2.046617298320963,0.0136268081643191,-3.660402346360538,0.025706926604576096,42242e113b06__Natan Pereira BTS coral series 13.xlsx,2026-03-10 18:59:11.403,739685.0,703.0,1217.0,79.0,838.0,4.143227669027082,,BTS,488,BTS,488,,OK,16.0,15.0,15.0,0.0,0.0,3.8987017888401567,-0.0818765089586444,5.392027403108902,5.391893292658158,0.0001341104507446,7.089027422688479,7.197023697573046,-0.1079962748845675,-0.1629290208148122,-0.0162138766403926,-0.0163463958634148,5.008841682458806,15.0,True,-2.0433328382480904,-3.660411289568932,0.0165485225641037,0.0264100411739418,4.9679034279794845,5.049779936938129,,0.24452588018692545
43.0,GIRMS\IRMS-operator,2026-03-10 19:30:23.009,2026-03-10 20:43:11.297,Running,False,BTS,489,43.0,1.0,23.0,True,Unknown,,"0.001 V, 0.001 V, 0.002 V",57 µbar,72 °C,,3.438 V,9.5228 kV,69 µbar,Carbon Dioxide: 0.0228 kV,"1,175 µbar",3.233 V,3.697 V,591 µbar/min,5.176 V,4.88E-008 mbar,82 %,775 µbar,µ-Volume,,Pre,3.143924583451697,3.4129785724397483,3.517912249349166,4.486258898012638,4.695366893045902,3.2944481656023767,-1.889909937829226,-3.680455549798456,-1.92560015035443,0.0252190539062584,0.0063047634765646,-3.6573595538943393,0.0221333970690084,0.0055333492672521,-1.9251153288760288,0.027202030744328306,-3.6569363504138086,0.0221714739118696,42242e113b06__Natan Pereira BTS coral series 13.xlsx,2026-03-10 19:30:23.009,739685.0,591.0,1175.0,69.0,775.0,2.5731543929984957,,BTS,489,BTS,489,,OK,16.0,15.0,15.0,0.0,0.0,2.483746327831328,-0.1044386458873702,3.31862833275785,3.3759976939307914,-0.0573693611729413,4.362470313300997,4.505834248424501,-0.1433639351235038,-0.2042730605856558,-0.0330335065120799,-0.0335882757753573,3.109378003975832,15.0,True,-1.92797949785611,-3.655819820834064,0.0241739226540871,0.0220053926701735,3.057158681032147,3.161597326919517,,0.08940806516716782
44.0,GIRMS\IRMS-operator,2026-03-10 20:16:22.152,2026-03-10 21:20:16.882,Running,False,BTS,490,44.0,2.0,23.0,True,Unknown,,"0.001 V, 0.001 V, 0.001 V",52 µbar,72 °C,,5.274 V,9.5228 kV,79 µbar,Carbon Dioxide: 0.0228 kV,"1,209 µbar",5.198 V,5.740 V,689 µbar/min,3.209 V,6.34E-008 mbar,46 %,836 µbar,µ-Volume,,Pre,5.06714701228746,5.499215367758997,5.620033982718713,7.232154990368757,7.502007387145501,5.263743154830736,-2.064097920466024,-3.464101940517605,-2.1196570320897403,0.0183706085774748,0.0049097516631029,-3.47110821324665,0.020116699668159,0.0050291749170397,-2.1396658545215774,0.019867311298651748,-3.470047467985356,0.02014089199551437,42242e113b06__Natan Pereira BTS coral series 13.xlsx,2026-03-10 20:16:22.152,739685.0,689.0,1209.0,79.0,836.0,4.114149476540814,,BTS,490,BTS,490,,OK,16.0,15.0,15.0,0.0,0.0,3.8874981769942805,-0.1129506941311904,5.340283341968284,5.374606254293999,-0.0343229123257149,7.023270512753401,7.17394373516763,-0.1506732224142295,-0.2233424680056927,-0.0224387711394928,-0.0226933768846412,4.977253702935455,15.0,True,-2.1233019567265496,-3.471575298095253,0.0226419021337364,0.0207327616892633,4.920778355869859,5.03372905000105,,0.22665129954653374
45.0,GIRMS\IRMS-operator,2026-03-10 20:43:11.427,2026-03-10 21:53:01.518,Running,False,BTS,491,45.0,1.0,24.0,True,Unknown,,"0.001 V, 0.001 V, 0.001 V",59 µbar,72 °C,,5.392 V,9.5227 kV,64 µbar,Carbon Dioxide: 0.0227 kV,"1,131 µbar",4.988 V,5.901 V,513 µbar/min,5.131 V,6.15E-008 mbar,48 %,858 µbar,µ-Volume,,Pre,4.964863553000747,5.386533387325632,5.393468042367807,7.084722443717101,7.198872573215421,5.051419102833746,-2.389634265107521,-3.611280181548104,-2.3959153447686634,0.0228439214776797,0.0057109803694199,-3.6093804414943222,0.0177087192212109,0.0044271798053027,-2.4301416547551216,0.024681024103817565,-3.607844830007201,0.017745855922806263,42242e113b06__Natan Pereira BTS coral series 13.xlsx,2026-03-10 20:43:11.427,739685.0,513.0,1131.0,64.0,858.0,4.012518007597677,,BTS,491,BTS,491,,OK,16.0,15.0,15.0,0.0,0.0,3.739722550232177,-0.0140019912610256,5.227901240342965,5.159941147315349,0.067960093027616,6.876143224079068,6.887095577556545,-0.0109523534774771,-0.028240221628896,-0.0028973731717051,-0.0029015766468713,4.825649281442714,15.0,True,-2.39633408341274,-3.609253792157404,0.0235820590623552,0.0183227638155095,4.818648285812201,4.832650277073227,,0.27279545736550004
46.0,GIRMS\IRMS-operator,2026-03-10 21:20:17.094,2026-03-10 22:34:53.484,Running,False,SHP2L,,46.0,2.0,24.0,True,QC Standard,SHP2L,"0.001 V, 0.001 V, 0.001 V",49 µbar,73 °C,,4.082 V,9.5227 kV,69 µbar,Carbon Dioxide: 0.0227 kV,"1,087 µbar",4.063 V,4.407 V,444 µbar/min,3.279 V,5.44E-008 mbar,63 %,792 µbar,µ-Volume,,Pre,3.91917912185932,4.259174355530068,4.416172690417888,5.578793739430802,5.894054301853702,4.135935421327382,-0.7541132449407906,-6.048091474590733,-0.8087688410015023,0.0174156649720877,0.0044967053600015,-6.016156818744768,0.0272680819686667,0.0068170204921666,-0.6427527033655418,0.018588401919137916,-6.02078718020741,0.027304274211666694,42242e113b06__Natan Pereira BTS coral series 13.xlsx,2026-03-10 21:20:17.094,739685.0,444.0,1087.0,69.0,792.0,3.2018686101126725,,SHP2L,,SHP2L,,,OK,16.0,15.0,15.0,0.0,0.0,3.0884451036725107,-0.1531135421362828,4.139869837120268,4.231149837685373,-0.0912800005651046,5.422927890633669,5.647165999886236,-0.2242381092525676,-0.2977407981118472,-0.0386394281227755,-0.0394006371666721,3.886067666585784,15.0,True,-0.8087688410015021,-6.014027841688371,0.0174156649720877,0.0268133948670497,3.809510895517642,3.962624437653925,,0.11342350644016186
1.0,GIRMS\IRMS-operator,2026-03-11 13:06:41.192,2026-03-11 14:06:04.935,Running,False,SHP2L,,1.0,1.0,2.0,True,QC Standard,SHP2L,"0.001 V, 0.001 V, 0.001 V",13 µbar,72 °C,,11.025 V,9.5215 kV,20 µbar,Carbon Dioxide: 0.0215 kV,631 µbar,10.105 V,12.514 V,176 µbar/min,3.251 V,1.05E-007 mbar,19 %,797 µbar,µ-Volume,,Pre,10.013913021107228,10.877222300521336,10.830849886886083,14.25848701252085,14.46676054252726,10.147154331207275,-0.92645066055419,-6.166156596380423,-0.9546511029555128,0.0206588001661764,0.0051647000415441,-6.167033610847612,0.0226203531250528,0.0056550882812632,-0.7931776734163912,0.02229831451371271,-6.171489153135208,0.022654480472244207,c82295ddefec__Natan Pereira BTS coral series 14.1.xlsx,2026-03-11 13:06:41.192,739686.0,176.0,631.0,20.0,797.0,7.8213763798045655,,SHP2L,,SHP2L,,,OK,16.0,15.0,15.0,0.0,0.0,7.197451281738082,0.0286400318145734,10.49649763201853,10.2841560850062,0.2123415470123291,13.758911984162651,13.735188033715309,0.0237239504473443,0.0423219903066585,0.0029727058583338,0.0029682939259623,9.648650884628296,15.0,True,-0.9565311324489344,-6.167092078478756,0.0199168050893098,0.0234130384938412,9.662970900535582,9.634330868721008,,0.6239250980664837
2.0,GIRMS\IRMS-operator,2026-03-11 13:37:23.271,2026-03-11 14:37:05.528,Running,False,BTS,492,2.0,2.0,2.0,True,Unknown,,"0.002 V, 0.002 V, 0.002 V",13 µbar,72 °C,,6.570 V,9.5212 kV,32 µbar,Carbon Dioxide: 0.0212 kV,504 µbar,6.100 V,7.253 V,112 µbar/min,9.850 V,8.10E-008 mbar,37 %,733 µbar,µ-Volume,,Pre,6.057836318060799,6.571972995447491,6.530190139459943,8.648421444931572,8.719604291954582,6.115667724654121,-2.53453351806876,-3.605001479575876,-2.522112033835892,0.016108240670283,0.0041591298568471,-3.5950050164667777,0.0179736148580159,0.0044934037145039,-2.5657410385452772,0.017248426245195406,-3.593179608631931,0.018001193626210315,c82295ddefec__Natan Pereira BTS coral series 14.1.xlsx,2026-03-11 13:37:23.271,739686.0,112.0,504.0,32.0,733.0,4.874285627699914,,BTS,492,BTS,492,,OK,16.0,15.0,15.0,0.0,0.0,4.4828931269198335,0.0337511301040658,6.373668342279768,6.237471728968,0.1361966133117675,8.387001897142197,8.328157267706306,0.0588446294358906,0.0500142772979678,0.0057781715757305,0.0057615260327529,5.858019197031899,15.0,True,-2.5164082457440173,-3.594338585592838,0.0244060035569874,0.0183987018944791,5.874894762083931,5.8411436319798655,,0.39139250078008025
3.0,GIRMS\IRMS-operator,2026-03-11 14:06:05.042,2026-03-11 15:09:01.354,Running,False,BTS,493,3.0,1.0,3.0,True,Unknown,,"0.001 V, 0.001 V, 0.002 V",32 µbar,72 °C,,4.996 V,9.5211 kV,30 µbar,Carbon Dioxide: 0.0211 kV,748 µbar,4.624 V,5.464 V,259 µbar/min,6.014 V,7.16E-008 mbar,51 %,736 µbar,µ-Volume,,Pre,4.592551269053632,4.981140990469479,5.010287633968238,6.555544228832164,6.689296924151631,4.691634086045875,-2.864205536345588,-3.766972662117452,-2.86538821157476,0.0164326311427347,0.0042428871166787,-3.807449203725976,0.0205613493674972,0.0053089175783912,-2.925205562047769,0.017363243576979052,-3.8050720153152877,0.020564090306158946,c82295ddefec__Natan Pereira BTS coral series 14.1.xlsx,2026-03-11 14:06:05.042,739686.0,259.0,748.0,30.0,736.0,3.7099899804553123,,BTS,493,BTS,493,,OK,16.0,15.0,15.0,0.0,0.0,3.485991104452369,-0.0356930083382112,4.832531851607953,4.796187954116401,0.0363438974915526,6.359555985790173,6.4035591147956055,-0.0440031290054321,-0.052170062303162,-0.0079473324355821,-0.0079790384712056,4.473347066443976,15.0,True,-2.862611749744292,-3.8061426896228334,0.0198166311266609,0.0237001024929522,4.45550056227487,4.491193570613081,,0.22399887600294344
4.0,GIRMS\IRMS-operator,2026-03-11 14:37:05.679,2026-03-11 15:45:39.217,Running,False,BTS,494,4.0,2.0,3.0,True,Unknown,,"0.001 V, 0.001 V, 0.001 V",23 µbar,72 °C,,4.111 V,9.5210 kV,30 µbar,Carbon Dioxide: 0.0210 kV,357 µbar,4.119 V,4.449 V,103 µbar/min,4.569 V,6.69E-008 mbar,58 %,677 µbar,µ-Volume,,Pre,3.957945096241565,4.292537998173275,4.423736964684081,5.649538760557769,5.906026337639457,4.142208075737067,-2.9639227859489248,-3.8175395923870648,-2.935881436432475,0.0217716527987605,0.0054429131996901,-3.824611710337574,0.0166053059788713,0.0042874715676564,-3.000045950132667,0.0231708537386457,-3.822084523898768,0.016624552344704117,c82295ddefec__Natan Pereira BTS coral series 14.1.xlsx,2026-03-11 14:37:05.679,739686.0,103.0,357.0,30.0,677.0,3.2305694154760713,,BTS,494,BTS,494,,OK,16.0,15.0,15.0,0.0,0.0,3.0933734635558716,-0.1215445087763975,4.172673286153759,4.238481208594654,-0.0658079224408947,5.4915899224428815,5.659033951404008,-0.1674440289611265,-0.1735924887873238,-0.0306243325103298,-0.0311005492917114,3.908114536381844,15.0,True,-2.9340120131313783,-3.822276391073058,0.021164887615649,0.0198225279236352,3.847342281993645,3.9688867907700422,,0.13719595192019973
5.0,GIRMS\IRMS-operator,2026-03-11 15:09:01.443,2026-03-11 16:24:02.627,Running,False,BTS,495,5.0,1.0,4.0,True,Unknown,,"0.001 V, 0.001 V, 0.001 V",32 µbar,72 °C,,4.500 V,9.5208 kV,27 µbar,Carbon Dioxide: 0.0208 kV,550 µbar,4.478 V,4.901 V,293 µbar/min,3.240 V,7.02E-008 mbar,56 %,719 µbar,µ-Volume,,Pre,4.321302046316152,4.6852792715630684,4.807021758516804,6.166975074370968,6.417878643485638,4.501277927938692,-3.2335306684374565,-3.9901681406194767,-3.253791810391804,0.0182071334177023,0.0047010616339291,-4.000978956719507,0.0207617641826898,0.0053606644611628,-3.333494216036992,0.01971805005402092,-3.997941206507693,0.02080810483176251,c82295ddefec__Natan Pereira BTS coral series 14.1.xlsx,2026-03-11 15:09:01.443,739686.0,293.0,550.0,27.0,719.0,3.497061435875432,,BTS,495,BTS,495,,OK,16.0,15.0,15.0,0.0,0.0,3.3501560991710555,-0.1147180964096277,4.548571203185598,4.602851214298769,-0.0542800111131711,5.987363007678672,6.145270462257591,-0.1579074545789192,-0.1645202530091612,-0.0266165358615539,-0.0269755334887985,4.252672016932079,15.0,True,-3.250570813968082,-4.005174110560916,0.0250393114454417,0.0244510840179087,4.195312968727266,4.310031065136894,,0.14690533670437667
6.0,GIRMS\IRMS-operator,2026-03-11 15:45:39.333,2026-03-11 16:57:34.989,Running,False,SHP2L,,6.0,2.0,4.0,True,QC Standard,SHP2L,"0.001 V, 0.001 V, 0.001 V",23 µbar,72 °C,,5.587 V,9.5207 kV,27 µbar,Carbon Dioxide: 0.0207 kV,247 µbar,5.525 V,6.118 V,112 µbar/min,4.431 V,7.75E-008 mbar,43 %,723 µbar,µ-Volume,,Pre,5.395314942599196,5.8635487591191024,5.969722091455307,7.684203235902125,7.971103098694964,5.590618466440459,-0.7831515234050235,-5.988630300635123,-0.8021853658032466,0.0162156318361657,0.0041868581366467,-6.012237791486461,0.0217701984808718,0.0056210410773364,-0.6356349121133588,0.01775522530573095,-6.016856433729401,0.021792872683440805,c82295ddefec__Natan Pereira BTS coral series 14.1.xlsx,2026-03-11 15:45:39.333,739686.0,112.0,247.0,27.0,723.0,4.3670641143465385,,SHP2L,,SHP2L,,,OK,16.0,15.0,15.0,0.0,0.0,4.117243276011315,-0.107124345660833,5.690903905527184,5.705983880655358,-0.0150799751281747,7.457780307495341,7.618616130654498,-0.1608358231591573,-0.1546666280696778,-0.0200476412704762,-0.0202506299528744,5.2899265805618825,15.0,True,-0.8088219420476846,-6.018560468275129,0.0255523802706774,0.0274542688923029,5.236364407731466,5.3434887533923,,0.24982083833522317
7.0,GIRMS\IRMS-operator,2026-03-11 16:24:02.743,2026-03-11 17:30:28.368,Running,False,BTS,496,7.0,1.0,5.0,True,Unknown,,"0.001 V, 0.001 V, 0.001 V",30 µbar,72 °C,,4.170 V,9.5206 kV,25 µbar,Carbon Dioxide: 0.0206 kV,570 µbar,3.870 V,4.532 V,195 µbar/min,5.450 V,6.75E-008 mbar,64 %,701 µbar,µ-Volume,,Pre,3.8310898420416266,4.153918716798012,4.168825857370873,5.4672519458462725,5.565784115840842,3.9034581442815193,-3.2156514251499013,-4.048792438845483,-3.2023668053712675,0.019601500275574,0.0049003750688935,-4.06082193513666,0.0204935919259569,0.0052914226822134,-3.2765153776761,0.021198670870296425,-4.057949861691243,0.020537499028946134,c82295ddefec__Natan Pereira BTS coral series 14.1.xlsx,2026-03-11 16:24:02.743,739686.0,195.0,570.0,25.0,701.0,3.111020792578217,,BTS,496,BTS,496,,OK,16.0,15.0,15.0,0.0,0.0,2.922137329125378,-0.0213614169257301,4.034192326171701,3.996204977129872,0.0379873490418294,5.309642514207011,5.335561175395896,-0.0259186611888848,-0.0312930053147453,-0.0057084589746234,-0.0057247988643509,3.73138295892809,15.0,True,-3.201481164052692,-4.056744814644027,0.0199553710366756,0.0278285630925384,3.720702250465225,3.7420636673909553,,0.18888346345283935
8.0,GIRMS\IRMS-operator,2026-03-11 16:57:35.107,2026-03-11 18:06:53.915,Running,False,BTS,497,8.0,2.0,5.0,True,Unknown,,"0.001 V, 0.001 V, 0.001 V",20 µbar,72 °C,,4.912 V,9.5204 kV,27 µbar,Carbon Dioxide: 0.0204 kV,179 µbar,4.885 V,5.380 V,93 µbar/min,3.836 V,7.42E-008 mbar,48 %,701 µbar,µ-Volume,,Pre,4.752427817563897,5.155678124896692,5.254199020006142,6.783556795346801,7.015903211337663,4.920209722318915,-2.6226605007332315,-3.870679829941381,-2.6515701697331417,0.0247888856834995,0.0064004627615488,-3.8658048081649183,0.0166150556599747,0.0042899889244927,-2.6941431340125352,0.026525960282617653,-3.8639537949856892,0.01661578490789166,c82295ddefec__Natan Pereira BTS coral series 14.1.xlsx,2026-03-11 16:57:35.107,739686.0,93.0,179.0,27.0,701.0,3.8588158149247027,,BTS,497,BTS,497,,OK,16.0,15.0,15.0,0.0,0.0,3.645970657343268,-0.0937678639543593,5.006259071809632,5.028094504428191,-0.021835432618559,6.586853513766,6.713572988558481,-0.1267194747924813,-0.1354007971093612,-0.0199150381860426,-0.0201153370386677,4.6615109542588975,15.0,True,-2.6598477147136146,-3.868314551312928,0.0336075449354989,0.0199188404346555,4.614627022281718,4.708394886236078,,0.21284515758143474
9.0,GIRMS\IRMS-operator,2026-03-11 17:30:28.505,2026-03-11 18:48:21.617,Running,False,BTS,498,9.0,1.0,6.0,True,Unknown,,"0.001 V, 0.001 V, 0.001 V",30 µbar,72 °C,,6.612 V,9.5201 kV,27 µbar,Carbon Dioxide: 0.0201 kV,677 µbar,6.405 V,7.326 V,352 µbar/min,3.246 V,8.26E-008 mbar,36 %,775 µbar,µ-Volume,,Pre,6.369602930666752,6.914024362299553,6.861304053995721,9.091762229194408,9.16188702689644,6.4254673307060415,-2.0027426775000023,-3.871275437387189,-2.0378495589865837,0.026120912802239,0.0069811075954125,-3.861966797443913,0.0188674265285167,0.0048715485820491,-2.0378091435658985,0.028008057386131775,-3.86150882928964,0.018872326170447557,c82295ddefec__Natan Pereira BTS coral series 14.1.xlsx,2026-03-11 17:30:28.505,739686.0,352.0,677.0,27.0,775.0,5.088988574365077,,BTS,498,BTS,498,,OK,16.0,15.0,15.0,0.0,0.0,4.6950450103155505,0.0370442513997524,6.697280107946632,6.548939189730802,0.1483409182158306,8.806613880527598,8.74482764148916,0.0617862390384384,0.054908511658854,0.0060402961451875,0.006022108485851,6.151375633100621,15.0,True,-2.03935093497171,-3.857408802196983,0.0440631692002517,0.0240143888648619,6.169897758800497,6.132853507400744,,0.39394356404952635
10.0,GIRMS\IRMS-operator,2026-03-11 18:06:54.046,2026-03-11 19:18:54.106,Running,False,BTS,499,10.0,2.0,6.0,True,Unknown,,"0.001 V, 0.001 V, 0.002 V",23 µbar,72 °C,,8.498 V,9.5198 kV,30 µbar,Carbon Dioxide: 0.0198 kV,145 µbar,8.259 V,9.484 V,98 µbar/min,6.309 V,9.53E-008 mbar,25 %,775 µbar,µ-Volume,,Pre,8.124959960439515,8.821891192563829,8.882717732557115,11.598431733028743,11.86203327454791,8.319458143082826,-1.6011193800251622,-3.715196840568869,-1.645111512346788,0.0252549809319666,0.0063137452329916,-3.725282628623039,0.0211204137470931,0.0054532673805001,-1.6222991752963059,0.026595378421264113,-3.725570296784072,0.021128325931160822,c82295ddefec__Natan Pereira BTS coral series 14.1.xlsx,2026-03-11 18:06:54.046,739686.0,98.0,145.0,30.0,775.0,6.468344154689847,,BTS,499,BTS,499,,OK,16.0,15.0,15.0,0.0,0.0,5.981535679658659,-0.0558564246594359,8.536048499781966,8.453340772756395,0.0827077270255713,11.222311523334838,11.288282621441034,-0.0659710981061962,-0.0817150005338304,-0.0070550259740266,-0.0070800007686862,7.889324660313669,15.0,True,-1.6480443211682296,-3.730866876195112,0.0231499501822353,0.0281627445788153,7.86139644798395,7.917252872643386,,0.4868084750311876
11.0,GIRMS\IRMS-operator,2026-03-11 18:48:21.713,2026-03-11 19:50:20.698,Running,False,SHP2L,,11.0,1.0,7.0,True,QC Standard,SHP2L,"0.002 V, 0.002 V, 0.002 V",32 µbar,72 °C,,20.080 V,9.5196 kV,32 µbar,Carbon Dioxide: 0.0196 kV,716 µbar,13.340 V,23.604 V,347 µbar/min,8.091 V,1.27E-007 mbar,10 %,889 µbar,µ-Volume,18.287 V,Pre,19.529834389686584,21.191462321682945,14.330803795262351,27.800790692492324,19.14714994542201,13.430818915367126,-1.6294888974888178,-6.383981555261875,-1.561533931461981,0.0924123838736204,0.0231030959684051,-6.323202286487071,0.0372097738581278,0.0093024434645319,-1.436767559286983,0.09767764394886339,-6.326458009481853,0.03706747621457421,c82295ddefec__Natan Pereira BTS coral series 14.1.xlsx,2026-03-11 18:48:21.713,739686.0,347.0,716.0,32.0,889.0,14.683086605214163,,SHP2L,,SHP2L,,,OK,16.0,15.0,15.0,0.0,0.0,9.318710962512615,6.019800901412964,20.31436507265188,13.552605553074851,6.761759519577028,26.64896073453029,18.106080318613845,8.542880415916446,13.073100823803813,0.4739848177306379,0.383175203286348,15.710309147834778,15.0,True,-1.5570036003935253,-6.319150335235416,0.0937987947289777,0.0346699900197857,18.72020959854126,12.700408697128296,,5.364375642701548
12.0,GIRMS\IRMS-operator,2026-03-11 19:18:54.239,2026-03-11 20:28:23.760,Running,False,BTS,500,12.0,2.0,7.0,True,Unknown,,"0.002 V, 0.002 V, 0.002 V",25 µbar,72 °C,,11.269 V,9.5199 kV,35 µbar,Carbon Dioxide: 0.0199 kV,259 µbar,10.459 V,12.745 V,132 µbar/min,12.894 V,1.09E-007 mbar,15 %,831 µbar,µ-Volume,,Pre,10.257588059192724,11.134153385560472,11.226033945481738,14.643339327613765,14.994768313209464,10.517374655694455,-1.633486129580808,-3.6069190934698847,-1.7078891007917656,0.0170699487747833,0.00456213570893,-3.636561618425391,0.0217100528370544,0.0054275132092636,-1.69280329253991,0.018592013709111628,-3.636627328527958,0.02172268050420387,c82295ddefec__Natan Pereira BTS coral series 14.1.xlsx,2026-03-11 19:18:54.239,739686.0,132.0,259.0,35.0,831.0,8.077375033694885,,BTS,500,BTS,500,,OK,16.0,15.0,15.0,0.0,0.0,7.439795840771049,-0.0698715448379534,10.75591721097704,10.651489873330554,0.1044273376464843,14.144717604715376,14.225838593284536,-0.081120988569161,-0.1022237992698627,-0.0070023977583935,-0.0070270006853171,9.943295577578295,15.0,True,-1.703327089777784,-3.638537786755757,0.0241401995916024,0.0209295382653806,9.90835980515932,9.978231349997271,,0.6375791929238357
13.0,GIRMS\IRMS-operator,2026-03-11 19:50:20.834,2026-03-11 21:08:43.181,Running,False,BTS,501,13.0,1.0,8.0,True,Unknown,,"0.001 V, 0.001 V, 0.001 V",35 µbar,72 °C,,6.779 V,9.5200 kV,35 µbar,Carbon Dioxide: 0.0200 kV,614 µbar,6.561 V,7.495 V,308 µbar/min,3.252 V,8.34E-008 mbar,35 %,797 µbar,µ-Volume,,Pre,6.511967924631168,7.068310986721724,7.051018437455187,9.297529959977934,9.414936209024262,6.603343195413103,-2.0206081348146387,-3.529140293690225,-2.052425135382737,0.0117486892671113,0.0030334985247525,-3.570690037112441,0.0217942646668797,0.0056272549398441,-2.064095248084093,0.012220821645175062,-3.5698894003157884,0.02180568472469417,c82295ddefec__Natan Pereira BTS coral series 14.1.xlsx,2026-03-11 19:50:20.834,739686.0,308.0,614.0,35.0,797.0,5.1990625093266445,,BTS,501,BTS,501,,OK,16.0,15.0,15.0,0.0,0.0,4.816981476650902,0.0058561563491812,6.84542030632931,6.728080780039469,0.1173395262898413,9.003798270524813,8.98338367968924,0.020414590835573,0.0086361386497908,0.0009294564549562,0.000929024710949,6.303552833593416,15.0,True,-2.0524251353827365,-3.568954059340701,0.0117486892671113,0.0259760913372959,6.306480911768007,6.300624755418826,,0.38208103267574245
14.0,GIRMS\IRMS-operator,2026-03-11 20:28:23.884,2026-03-11 21:37:44.716,Running,False,BTS,502,14.0,2.0,8.0,True,Unknown,,"0.001 V, 0.001 V, 0.002 V",27 µbar,72 °C,,6.547 V,9.5200 kV,32 µbar,Carbon Dioxide: 0.0200 kV,333 µbar,6.458 V,7.223 V,147 µbar/min,6.458 V,8.30E-008 mbar,35 %,758 µbar,µ-Volume,,Pre,6.654270194641524,7.221631906642532,6.902225516452409,9.500319971400442,9.215687528876368,6.463758848778181,-2.205467561622765,-3.5454080294640145,-2.186449594835743,0.0230483073350874,0.0057620768337718,-3.540413389916108,0.0169288625512945,0.0043710135154265,-2.2086713032882024,0.024803498805952496,-3.5392772112575077,0.016955803478182374,c82295ddefec__Natan Pereira BTS coral series 14.1.xlsx,2026-03-11 20:28:23.884,739686.0,147.0,333.0,32.0,758.0,5.3480511766685614,,BTS,502,BTS,502,,OK,16.0,15.0,15.0,0.0,0.0,4.721644293879878,0.2834945917129507,7.003613017215349,6.58850460833432,0.4151084088810286,9.213854686049524,8.79665800856891,0.4171966774806144,0.4368764599866141,0.0459487218989225,0.0449167874122238,6.311550937763624,15.0,True,-2.185181730383276,-3.536926807962745,0.0232725647804294,0.0207753220694822,6.4532982336201,6.169803641907149,,0.6264068827886833
15.0,GIRMS\IRMS-operator,2026-03-11 21:08:43.325,2026-03-11 22:11:44.891,Running,False,BTS,503,15.0,1.0,9.0,True,Unknown,,"0.001 V, 0.001 V, 0.002 V",35 µbar,72 °C,,4.859 V,9.5200 kV,37 µbar,Carbon Dioxide: 0.0200 kV,870 µbar,4.495 V,5.306 V,420 µbar/min,6.356 V,7.09E-008 mbar,53 %,745 µbar,µ-Volume,,Pre,4.460685634451877,4.841427116401288,4.855553417213055,6.369048984014945,6.4825064253449005,4.54654131110101,-2.224325934994331,-3.5032002185845235,-2.2576517200896404,0.0234514755898343,0.0058628688974585,-3.464612950127975,0.025347334280828,0.006336833570207,-2.287556884739618,0.02558699262117289,-3.463233800246511,0.02540167840583757,c82295ddefec__Natan Pereira BTS coral series 14.1.xlsx,2026-03-11 21:08:43.325,739686.0,420.0,870.0,37.0,745.0,3.610732849164939,,BTS,503,BTS,503,,OK,16.0,15.0,15.0,0.0,0.0,3.3808532090207293,-0.022783875465393,4.699458793754454,4.64858627795447,0.050872515799984,6.182658885174223,6.206253797972159,-0.023594912797936,-0.0333927258680236,-0.0052343018380736,-0.0052480367422567,4.341409289675724,15.0,True,-2.2598734390959936,-3.4620404655642054,0.0224641414699425,0.0239777692989633,4.330017351943027,4.3528012274084205,,0.22987964014420958
16.0,GIRMS\IRMS-operator,2026-03-11 21:37:44.919,2026-03-11 22:48:25.316,Running,False,SHP2L,,16.0,2.0,9.0,True,QC Standard,SHP2L,"0.001 V, 0.001 V, 0.001 V",27 µbar,72 °C,,8.691 V,9.5201 kV,35 µbar,Carbon Dioxide: 0.0201 kV,262 µbar,8.218 V,9.697 V,132 µbar/min,4.444 V,9.34E-008 mbar,24 %,797 µbar,µ-Volume,,Pre,8.107141616475696,8.808651230873544,8.831017873825507,11.545530282498587,11.79242421001227,8.271493058038473,-0.8591974491869436,-5.996150255605404,-0.8673332289191247,0.0326452180299979,0.0081613045074994,-6.02259663379623,0.0221473283857366,0.0055368320964341,-0.7051004400705427,0.03492661801936936,-6.027094256035245,0.022169882120831437,c82295ddefec__Natan Pereira BTS coral series 14.1.xlsx,2026-03-11 21:37:44.919,739686.0,132.0,262.0,35.0,797.0,6.4540354273887015,,SHP2L,,SHP2L,,,OK,16.0,15.0,15.0,0.0,0.0,5.952962564914515,-0.027469755743481,8.52389633454014,8.40474676326402,0.1191495712761199,11.171492823064638,11.223155148923706,-0.051662325859068,-0.0403311070156548,-0.0034895156390519,-0.0034956146400291,7.858347836434229,15.0,True,-0.8678756142346031,-6.024359725675617,0.0337163062119421,0.0217313532636032,7.844612958562489,7.87208271430597,,0.5010728624741869
17.0,GIRMS\IRMS-operator,2026-03-11 22:11:45.013,2026-03-11 23:29:38.726,Running,False,BTS,504,17.0,1.0,10.0,True,Unknown,,"0.001 V, 0.001 V, 0.001 V",35 µbar,72 °C,,8.351 V,9.5196 kV,32 µbar,Carbon Dioxide: 0.0196 kV,570 µbar,7.913 V,9.347 V,195 µbar/min,3.256 V,9.21E-008 mbar,27 %,816 µbar,µ-Volume,,Pre,7.803807758092147,8.464122574096713,8.496785888283462,11.141137133218145,11.346381929256998,7.958288096188768,-2.650903906152746,-3.562170673226839,-2.681186910800222,0.0196209527182689,0.0050661082076385,-3.567525872140087,0.0145816292647415,0.0037649604868609,-2.7368233949437735,0.020730646733626613,-3.5652874301845676,0.01457609560446686,c82295ddefec__Natan Pereira BTS coral series 14.1.xlsx,2026-03-11 22:11:45.013,739686.0,195.0,570.0,32.0,816.0,6.181685809894473,,BTS,504,BTS,504,,OK,16.0,15.0,15.0,0.0,0.0,5.740343729215912,-0.0307857696668909,8.184800573900256,8.089962966386517,0.0948376075137389,10.77325761650168,10.802627777205188,-0.0293701607035057,-0.0451736637712157,-0.0040630928587786,-0.004071364023824,7.561536990243271,15.0,True,-2.6890650107733136,-3.5707024486072214,0.0283676189696822,0.0180978151674399,7.546144105409825,7.576929875076716,,0.4413420806785613
18.0,GIRMS\IRMS-operator,2026-03-11 22:48:25.511,2026-03-12 00:00:43.368,Running,False,BTS,505,18.0,2.0,10.0,True,Unknown,,"0.002 V, 0.001 V, 0.002 V",25 µbar,72 °C,,6.303 V,9.5195 kV,35 µbar,Carbon Dioxide: 0.0195 kV,279 µbar,5.871 V,6.943 V,122 µbar/min,7.763 V,7.79E-008 mbar,39 %,745 µbar,µ-Volume,,Pre,5.8208501355541005,6.313482344641952,6.317111721779401,8.3099767018483,8.434654717557223,5.915597657564143,-2.8059234571766734,-3.629311114824452,-2.831026066684505,0.0190585149777867,0.0049208874074941,-3.6490314708671834,0.0199511730988275,0.0049877932747068,-2.894221053983566,0.020058902122276092,-3.646566096754185,0.01994756686842846,c82295ddefec__Natan Pereira BTS coral series 14.1.xlsx,2026-03-11 22:48:25.511,739686.0,122.0,279.0,35.0,745.0,4.693567253321952,,BTS,505,BTS,505,,OK,16.0,15.0,15.0,0.0,0.0,4.342698238849168,-0.0070094069941228,6.122470858569382,6.03497367387071,0.0874971846986714,8.05793846141556,8.057536130063326,0.0004023313522338,-0.0103144426250065,-0.0012402910492307,-0.0012410606874618,5.647916387117469,15.0,True,-2.8283742102949154,-3.650346161270031,0.0247256738346631,0.0199211320228554,5.644411683620407,5.65142109061453,,0.3508690144727833
19.0,GIRMS\IRMS-operator,2026-03-11 23:29:38.852,2026-03-12 00:32:03.791,Running,False,BTS,506,19.0,1.0,11.0,True,Unknown,,"0.001 V, 0.001 V, 0.002 V",37 µbar,72 °C,,8.445 V,9.5195 kV,35 µbar,Carbon Dioxide: 0.0195 kV,763 µbar,8.159 V,9.456 V,357 µbar/min,5.790 V,9.30E-008 mbar,25 %,821 µbar,µ-Volume,,Pre,8.03119039812645,8.709489743511067,8.759736459056722,11.46312249317541,11.697726375011348,8.20478062312345,-2.7776133756540755,-3.810268134905148,-2.8461914553222627,0.0246699040536538,0.0063697418368224,-3.821794831766175,0.012700307795493,0.0032792053722435,-2.9041364888295895,0.026686662045594927,-3.819485303135192,0.012728447023339185,c82295ddefec__Natan Pereira BTS coral series 14.1.xlsx,2026-03-11 23:29:38.852,739686.0,357.0,763.0,35.0,821.0,6.3636301619955,,BTS,506,BTS,506,,OK,16.0,15.0,15.0,0.0,0.0,5.906683023298121,-0.0414471042877826,8.424511424418172,8.338442399444325,0.0860690249738471,11.087930003998682,11.135028726009272,-0.04709872201059,-0.0607416628924689,-0.0053071168725478,-0.005321237086109,7.788997862166093,15.0,True,-2.8461914553222627,-3.8203291079540977,0.0246699040536537,0.0151567306993787,7.768274310022202,7.809721414309984,,0.45694713869737935
20.0,GIRMS\IRMS-operator,2026-03-12 00:00:43.470,2026-03-12 01:07:12.780,Running,False,BTS,507,20.0,2.0,11.0,True,Unknown,,"0.002 V, 0.001 V, 0.002 V",27 µbar,72 °C,,7.927 V,9.5195 kV,35 µbar,Carbon Dioxide: 0.0195 kV,306 µbar,7.988 V,8.824 V,132 µbar/min,7.988 V,9.21E-008 mbar,25 %,782 µbar,µ-Volume,,Pre,8.086209789995511,8.770987391471863,8.60123958327936,11.542976859486084,11.486143830692749,8.055990235094388,-2.600708671886776,-3.721169234543576,-2.652509040421499,0.0279590986114212,0.0072190082198003,-3.7347589002998913,0.0172376006848766,0.00445072935874,-2.699859400649459,0.029716925724479815,-3.7327610547658243,0.01725837943894869,c82295ddefec__Natan Pereira BTS coral series 14.1.xlsx,2026-03-12 00:00:43.470,739687.0,132.0,306.0,35.0,782.0,6.438154470788881,,BTS,507,BTS,507,,OK,16.0,15.0,15.0,0.0,0.0,5.806236549263398,0.1550911377991308,8.488616714381799,8.190229535102844,0.2983871792789543,11.171416405117492,10.936901930248718,0.2345144748687744,0.2331222155230636,0.0202185294747443,0.0200161806059676,7.748288289969369,15.0,True,-2.6634144790266268,-3.7393626121718553,0.0368120600528427,0.0219313463625862,7.8258338588689345,7.670742721069804,,0.6319179215254831
21.0,GIRMS\IRMS-operator,2026-03-12 00:32:03.902,2026-03-12 01:47:09.037,Running,False,SHP2L,,21.0,1.0,12.0,True,QC Standard,SHP2L,"0.001 V, 0.001 V, 0.001 V",32 µbar,72 °C,,25.908 V,9.5195 kV,32 µbar,Carbon Dioxide: 0.0195 kV,689 µbar,13.742 V,31.102 V,342 µbar/min,3.252 V,1.29E-007 mbar,10 %,907 µbar,µ-Volume,23.125 V,Pre,24.95110847426546,27.06090332614202,14.777876154053391,35.51058414864107,19.74379959988162,13.849862594138507,-2.103654193554849,-6.571941199598808,-1.8932036760557356,0.1509692847130958,0.0377423211782739,-6.4366308221888575,0.0708155807511084,0.0177038951877771,-1.7874567347539518,0.15910833996071214,-6.4392610110308866,0.0705761765284363,c82295ddefec__Natan Pereira BTS coral series 14.1.xlsx,2026-03-12 00:32:03.902,739687.0,342.0,689.0,32.0,907.0,18.351276148091678,,SHP2L,,SHP2L,,,OK,16.0,15.0,15.0,0.0,0.0,9.587880501210504,10.722681879997252,25.83158732997197,13.97123159514684,11.860355734825134,33.89644566463991,18.665581378217187,15.230864286422726,28.736408268523075,0.8189702286439212,0.5810421268889319,18.454224545489677,15.0,True,-1.8791736415557945,-6.427610130361527,0.145069890930709,0.0630720708545127,23.8155654854883,13.092883605491048,,8.763395646881174
22.0,GIRMS\IRMS-operator,2026-03-12 01:07:12.914,2026-03-12 02:20:25.257,Running,False,BTS,508,22.0,2.0,12.0,True,Unknown,,"0.002 V, 0.002 V, 0.002 V",25 µbar,72 °C,,12.906 V,9.5193 kV,35 µbar,Carbon Dioxide: 0.0193 kV,479 µbar,12.881 V,14.716 V,142 µbar/min,13.292 V,1.24E-007 mbar,10 %,821 µbar,µ-Volume,,Pre,12.589659853311709,13.649845276779676,13.809511218971757,17.96642951700029,18.45019571515855,12.941416664453676,-2.508874871710032,-3.920033231067377,-2.624848884647549,0.0353109791653668,0.0091172556163828,-3.92749370780252,0.016510499033564,0.0042629925196378,-2.6634410245105267,0.037292683826168,-3.9257909182240924,0.016490113973564216,c82295ddefec__Natan Pereira BTS coral series 14.1.xlsx,2026-03-12 01:07:12.914,739687.0,142.0,479.0,35.0,821.0,9.809232154051701,,BTS,508,BTS,508,,OK,16.0,15.0,15.0,0.0,0.0,9.006049199587462,-0.1049786806106567,13.1595672711797,13.0643786534734,0.0951886177062988,17.321179434984295,17.45260767671403,-0.1314282417297363,-0.1533431038399984,-0.0085754548089094,-0.0086123823567581,12.189273102613615,15.0,True,-2.624848884647549,-3.924363769397377,0.0353109791653669,0.0216698360211049,12.136783762308289,12.241762442918946,,0.8031829544642388
23.0,GIRMS\IRMS-operator,2026-03-12 01:47:09.197,2026-03-12 02:53:53.667,Running,False,BTS,509,23.0,1.0,13.0,True,Unknown,,"0.002 V, 0.002 V, 0.002 V",35 µbar,72 °C,,3.024 V,9.5193 kV,35 µbar,Carbon Dioxide: 0.0193 kV,863 µbar,3.057 V,3.262 V,308 µbar/min,12.499 V,6.18E-008 mbar,88 %,655 µbar,µ-Volume,2.616 V,Pre,2.7644835904697183,3.0014332593896573,3.329422092838385,3.94611970631895,4.445378393721645,3.117306382222867,-1.9750803281348703,-3.876695648141637,-1.9729201538993524,0.0367027047389797,0.0094765976143224,-3.8057875101687313,0.0400619761270787,0.0100154940317696,-1.9702497173706979,0.03853684846530731,-3.8054295722439804,0.040065218465909595,c82295ddefec__Natan Pereira BTS coral series 14.1.xlsx,2026-03-12 01:47:09.197,739687.0,308.0,863.0,35.0,655.0,2.2667174752797528,,BTS,509,BTS,509,,OK,16.0,15.0,15.0,0.0,0.0,2.353189486103127,-0.3039213508590928,2.918410671205524,3.1955020865489683,-0.2770914153434445,4.266142850349545,3.8368561163154538,0.4292867340340911,-0.4022941831360221,-0.1015807071914298,-0.1070160923629771,2.8399593383418686,15.0,True,-1.9667634414889537,-3.8010603009705375,0.0434415247071745,0.0365584339841835,2.6879986629123223,2.991920013771415,,-0.0864720108233743
24.0,GIRMS\IRMS-operator,2026-03-12 02:20:25.406,2026-03-12 03:30:18.798,Running,False,BTS,510,24.0,2.0,13.0,True,Unknown,,"0.001 V, 0.001 V, 0.001 V",25 µbar,72 °C,,4.603 V,9.5195 kV,32 µbar,Carbon Dioxide: 0.0195 kV,457 µbar,4.539 V,5.015 V,122 µbar/min,3.036 V,7.13E-008 mbar,50 %,704 µbar,µ-Volume,,Pre,4.428668455172775,4.809822218657306,4.921019642462846,6.322889006452843,6.570769822912498,4.6076212015212255,-1.6348479165441132,-3.730127357427504,-1.665248268287156,0.0193079030317099,0.0049852791261333,-3.67138233904829,0.0228337503083798,0.0058956489783875,-1.645944587859205,0.02107232036440562,-3.6715670730359897,0.022880859995489573,c82295ddefec__Natan Pereira BTS coral series 14.1.xlsx,2026-03-12 02:20:25.406,739687.0,122.0,457.0,32.0,704.0,3.6014058239472115,,BTS,510,BTS,510,,OK,16.0,15.0,15.0,0.0,0.0,3.4223066028836064,-0.1097768545150756,4.670918791500066,4.710858836054123,-0.0399400445540569,6.140850086812142,6.2897488239577255,-0.1488987371455836,-0.1577133923957875,-0.024888410548107,-0.0252020297800123,4.355873533731766,15.0,True,-1.6627578506522631,-3.6713823390482903,0.0250611774814298,0.0228337503083798,4.300985106474228,4.410761960989304,,0.1790992210636051
25.0,GIRMS\IRMS-operator,2026-03-12 02:53:53.822,2026-03-12 04:12:27.106,Running,False,BTS,511,25.0,1.0,14.0,True,Unknown,,"0.001 V, 0.001 V, 0.001 V",35 µbar,72 °C,,8.036 V,9.5193 kV,32 µbar,Carbon Dioxide: 0.0193 kV,738 µbar,7.639 V,8.987 V,254 µbar/min,3.245 V,9.07E-008 mbar,28 %,809 µbar,µ-Volume,,Pre,7.530975215089938,8.176387312003495,8.200989129134538,10.751534133218245,10.951984362433649,7.680635236944196,-1.7357155971328142,-3.709713358584055,-1.7501855973229214,0.0221345191669505,0.0055336297917376,-3.736530758917356,0.0132456387462669,0.0034200092182781,-1.7345631522868028,0.023578387957054532,-3.736585761820536,0.01325425985533587,c82295ddefec__Natan Pereira BTS coral series 14.1.xlsx,2026-03-12 02:53:53.822,739687.0,254.0,738.0,32.0,809.0,5.973468589846821,,BTS,511,BTS,511,,OK,16.0,15.0,15.0,0.0,0.0,5.549659177089925,-0.0302493283755032,7.909745933600785,7.811457874366165,0.09828805923462,10.400592716125873,10.431318910507583,-0.030726194381712,-0.0443833088936768,-0.0041350033918501,-0.0041435702303285,7.300305459792998,15.0,True,-1.7511502640022618,-3.7360722316838406,0.0225605763109429,0.0143160858819562,7.285180795605246,7.315430123980749,,0.42380941275689565
26.0,GIRMS\IRMS-operator,2026-03-12 03:30:18.965,2026-03-12 04:42:20.948,Running,False,SHP2L,,26.0,2.0,14.0,True,QC Standard,SHP2L,"0.002 V, 0.001 V, 0.002 V",25 µbar,72 °C,,21.826 V,9.5193 kV,30 µbar,Carbon Dioxide: 0.0193 kV,377 µbar,13.314 V,25.792 V,293 µbar/min,7.491 V,1.27E-007 mbar,10 %,858 µbar,µ-Volume,19.936 V,Pre,21.30122188404384,23.11173368356157,14.274570235227834,30.323249621606763,19.071740432001047,13.377320802958634,-1.870181987285724,-6.409093465624016,-1.6937591321133094,0.1151039805870004,0.0287759951467501,-6.3316684914979655,0.0429175356613039,0.0107293839153259,-1.577938036505716,0.1217723046567124,-6.3346354485285525,0.042736526614328016,c82295ddefec__Natan Pereira BTS coral series 14.1.xlsx,2026-03-12 03:30:18.965,739687.0,293.0,377.0,30.0,858.0,16.000502764749697,,SHP2L,,SHP2L,,,OK,16.0,15.0,15.0,0.0,0.0,9.287616459009326,7.755100727081299,22.14420128724505,13.504224904989492,8.639976382255554,29.05128650209992,18.03782336256593,11.01346313953399,18.429631236950048,0.6129679192829314,0.4691737045521372,16.529274023326064,15.0,True,-1.681997608435149,-6.326506826556228,0.108737518097784,0.0389454330860217,20.406824386866717,12.651723659785414,,6.712886305740371
27.0,GIRMS\IRMS-operator,2026-03-12 04:12:27.292,2026-03-12 05:15:46.658,Running,False,BTS,512,27.0,1.0,15.0,True,Unknown,,"0.002 V, 0.002 V, 0.002 V",32 µbar,72 °C,,7.942 V,9.5190 kV,35 µbar,Carbon Dioxide: 0.0190 kV,828 µbar,7.308 V,8.863 V,440 µbar/min,12.914 V,8.98E-008 mbar,27 %,809 µbar,µ-Volume,,Pre,7.178210326947855,7.79458232787877,7.835508828573422,10.250202423381069,10.46408904425513,7.338367854721207,-1.572273422403181,-3.509887829953096,-1.63205118616568,0.0148578090576992,0.0038362698027732,-3.505155645148375,0.0187497560662102,0.0046874390165525,-1.616658380797394,0.016224182405402576,-3.5052397343991113,0.018786300042990714,c82295ddefec__Natan Pereira BTS coral series 14.1.xlsx,2026-03-12 04:12:27.292,739687.0,440.0,828.0,35.0,809.0,5.7144185865272945,,BTS,512,BTS,512,,OK,16.0,15.0,15.0,0.0,0.0,5.320433988179586,-0.0454413919112521,7.546686846669475,7.469387298040586,0.0772995486288889,9.924041160267704,9.975018032711857,-0.0509768724441528,-0.0665157797257589,-0.0064960731976798,-0.0065172414363886,6.972488644893926,15.0,True,-1.63205118616568,-3.5048401661613933,0.0148578090576992,0.0193638356041089,6.9497679489383,6.995209340849552,,0.3939845983477088
28.0,GIRMS\IRMS-operator,2026-03-12 04:42:21.147,2026-03-12 05:53:14.888,Running,False,BTS,513,28.0,2.0,15.0,True,Unknown,,"0.002 V, 0.002 V, 0.002 V",25 µbar,72 °C,,13.807 V,9.5191 kV,35 µbar,Carbon Dioxide: 0.0191 kV,411 µbar,12.596 V,15.761 V,317 µbar/min,7.173 V,1.22E-007 mbar,10 %,838 µbar,µ-Volume,,Pre,12.33555998342091,13.385861559315696,13.539522333546651,17.612588925577096,18.088681025720525,12.687182684112134,-1.7311694180489612,-3.486165589635548,-1.817539129867559,0.0457517867524242,0.0118130605434248,-3.5363345949992326,0.0307434298440666,0.0076858574610166,-1.8140220970154812,0.048187787236912485,-3.536006389792908,0.03069687311051987,c82295ddefec__Natan Pereira BTS coral series 14.1.xlsx,2026-03-12 04:42:21.147,739687.0,317.0,411.0,35.0,838.0,9.624657648127963,,BTS,513,BTS,513,,OK,16.0,15.0,15.0,0.0,0.0,8.841189223346618,-0.1051604693572088,12.912871008907294,12.811630411549585,0.1012405973577106,16.98951177141755,17.115098757959302,-0.1255869865417516,-0.1535799957906148,-0.0087603564521151,-0.00879889719,11.951551096280973,15.0,True,-1.8322279186006636,-3.539679195356812,0.0510985591164541,0.0286514183221551,11.898970861602368,12.004131330959575,,0.7834684247813453
29.0,GIRMS\IRMS-operator,2026-03-12 05:15:46.880,2026-03-12 06:30:56.218,Running,False,BTS,514,29.0,1.0,16.0,True,Unknown,,"0.001 V, 0.001 V, 0.001 V",35 µbar,72 °C,,5.941 V,9.5193 kV,35 µbar,Carbon Dioxide: 0.0193 kV,875 µbar,5.813 V,6.549 V,327 µbar/min,3.244 V,8.02E-008 mbar,41 %,770 µbar,µ-Volume,,Pre,5.717923056988526,6.209184060827536,6.265421043173117,8.167442232853535,8.36679641116812,5.867062706090561,-1.6730669524978037,-3.2745345526500325,-1.7004957929226543,0.0201316304065234,0.0050329076016308,-3.2978336749363706,0.0220838121483409,0.0055209530370852,-1.6975611014567045,0.02158146275490388,-3.2975324670442285,0.0221089239774928,c82295ddefec__Natan Pereira BTS coral series 14.1.xlsx,2026-03-12 05:15:46.880,739687.0,327.0,875.0,35.0,770.0,4.586890772925975,,BTS,514,BTS,514,,OK,16.0,15.0,15.0,0.0,0.0,4.306391902321064,-0.0627843549752542,6.017861835201459,5.985138916426777,0.0327229187746818,7.915076166874531,7.992070466763141,-0.0769942998886099,-0.0914665163915801,-0.0112027969762724,-0.0112659017814787,5.572954228881391,15.0,True,-1.7023243822843108,-3.29938694975546,0.0194141714983033,0.0219355913427407,5.541562051393765,5.604346406369019,,0.2804988706049114
30.0,GIRMS\IRMS-operator,2026-03-12 05:53:15.072,2026-03-12 07:04:36.858,Running,False,BTS,515,30.0,2.0,16.0,True,Unknown,,"0.001 V, 0.001 V, 0.002 V",27 µbar,72 °C,,7.693 V,9.5192 kV,35 µbar,Carbon Dioxide: 0.0192 kV,665 µbar,7.471 V,8.557 V,156 µbar/min,5.733 V,9.03E-008 mbar,28 %,772 µbar,µ-Volume,,Pre,7.349478609401638,7.974081898447627,7.974245811220759,10.493902477226436,10.649153260709426,7.468039548707958,-2.4182286977225687,-3.605577143254046,-2.4566248672317488,0.0091950902981746,0.0023741621061135,-3.652780255443411,0.0261356727820193,0.0065339181955048,-2.493378666050957,0.009664105639186406,-3.6511597148629895,0.026149071334650966,c82295ddefec__Natan Pereira BTS coral series 14.1.xlsx,2026-03-12 05:53:15.072,739687.0,156.0,665.0,35.0,772.0,5.88324216727799,,BTS,515,BTS,515,,OK,16.0,15.0,15.0,0.0,0.0,5.406906277953871,0.0042246607206362,7.7257462011051645,7.599146056337543,0.1266001447676217,10.16688190553738,10.148057012082717,0.0188248934546635,0.0062280637602083,0.0005936456170205,0.0005934694617481,7.11858148217376,15.0,True,-2.4566248672317497,-3.655927129589368,0.0091950902981745,0.0237086856037622,7.120693812534078,7.116469151813442,,0.47633588932411897
31.0,GIRMS\IRMS-operator,2026-03-12 06:30:56.401,2026-03-12 07:37:33.685,Running,False,SHP2L,,31.0,1.0,17.0,True,QC Standard,SHP2L,"0.002 V, 0.002 V, 0.002 V",35 µbar,72 °C,,6.169 V,9.5190 kV,35 µbar,Carbon Dioxide: 0.0190 kV,811 µbar,5.733 V,6.811 V,283 µbar/min,7.338 V,7.87E-008 mbar,39 %,777 µbar,µ-Volume,,Pre,5.678671009877653,6.1719300577264535,6.164911617497458,8.087600864377821,8.232097424474562,5.7727658591431785,-0.816498063095028,-6.165388592377918,-0.8132382373913228,0.0132108427938323,0.0034110249419917,-6.164365616966257,0.0195074377470586,0.0050367987681024,-0.6419063296775255,0.013877761758748676,-6.169128227631426,0.019501146820224264,c82295ddefec__Natan Pereira BTS coral series 14.1.xlsx,2026-03-12 06:30:56.401,739687.0,283.0,811.0,35.0,777.0,4.561226559087387,,SHP2L,,SHP2L,,,OK,16.0,15.0,15.0,0.0,0.0,4.240216353696041,-0.0101327896118164,5.9833026224845405,5.88976803367076,0.0935345888137808,7.840039918093439,7.864492700292554,-0.0244527821991153,-0.0149016321646077,-0.0018372908192429,-0.0018389801899528,5.510004766324492,15.0,True,-0.8158050811335398,-6.1675729441695335,0.0170671306194442,0.0232782107284031,5.504938371518584,5.5150711611304,,0.32101020539134595
32.0,GIRMS\IRMS-operator,2026-03-12 07:04:37.025,2026-03-12 08:13:24.578,Running,False,BTS,516,32.0,2.0,17.0,True,Unknown,,"0.001 V, 0.001 V, 0.002 V",27 µbar,72 °C,,6.262 V,9.5195 kV,32 µbar,Carbon Dioxide: 0.0195 kV,479 µbar,6.230 V,6.906 V,176 µbar/min,5.645 V,8.26E-008 mbar,35 %,760 µbar,µ-Volume,,Pre,6.071926971867467,6.586013725162884,6.717374220160611,8.668302939087035,8.970185563713196,6.290384055483169,-2.7978181732453145,-3.792472732684904,-2.798726764010732,0.0222049064116043,0.0057332821824158,-3.775200333784357,0.0141535727288132,0.0036544367645352,-2.854955501845854,0.023569762494648032,-3.7729471544190627,0.014172240560727,c82295ddefec__Natan Pereira BTS coral series 14.1.xlsx,2026-03-12 07:04:37.025,739687.0,176.0,479.0,32.0,760.0,4.895297305658273,,BTS,516,BTS,516,,OK,16.0,15.0,15.0,0.0,0.0,4.600879046323006,-0.1161482355805789,6.387977481758727,6.412958398131497,-0.0249809163727698,8.40710688968725,8.56333051465709,-0.1562236249698401,-0.167816206599771,-0.0193414697654586,-0.0195303425302374,5.947065976992212,15.0,True,-2.795165908482137,-3.776649713609751,0.0262713944325676,0.0168961239920601,5.888991859201923,6.005140094782502,,0.29441825933526733
33.0,GIRMS\IRMS-operator,2026-03-12 07:37:33.862,2026-03-12 08:52:26.835,Running,False,BTS,517,33.0,1.0,18.0,True,Unknown,,"0.001 V, 0.001 V, 0.001 V",32 µbar,72 °C,,6.181 V,9.5195 kV,37 µbar,Carbon Dioxide: 0.0195 kV,892 µbar,6.017 V,6.817 V,454 µbar/min,3.252 V,8.02E-008 mbar,39 %,775 µbar,µ-Volume,,Pre,5.940398418138203,6.4416017713939775,6.488220839273957,8.478210810021542,8.663566354111813,6.07582631418715,-3.050499566991105,-4.007335546353241,-3.091266366069622,0.0259523403409945,0.0064880850852486,-4.021161387962293,0.0133869326941341,0.0035778082572323,-3.1589215655384724,0.0280009909791417,-4.01850153975846,0.013391638973396734,c82295ddefec__Natan Pereira BTS coral series 14.1.xlsx,2026-03-12 07:37:33.862,739687.0,454.0,892.0,37.0,775.0,4.7578558977594465,,BTS,517,BTS,517,,OK,16.0,15.0,15.0,0.0,0.0,4.451439000050624,-0.0461637533533547,6.241613287011348,6.195860335467368,0.0457529515439798,8.214802983597897,8.273356179106955,-0.0585531955090576,-0.0674738211781617,-0.0079564880321637,-0.0079882673087837,5.778944490577327,15.0,True,-3.093984152674856,-4.022458905156141,0.0243928153503681,0.0213271511234173,5.75586261390065,5.802026367254005,,0.3064168977088224
34.0,GIRMS\IRMS-operator,2026-03-12 08:13:24.690,2026-03-12 09:26:31.536,Running,False,BTS,518,34.0,2.0,18.0,True,Unknown,,"0.001 V, 0.001 V, 0.002 V",27 µbar,72 °C,,4.200 V,9.5194 kV,30 µbar,Carbon Dioxide: 0.0194 kV,533 µbar,3.911 V,4.560 V,347 µbar/min,5.925 V,6.69E-008 mbar,63 %,699 µbar,µ-Volume,,Pre,3.873885418692208,4.204053057907188,4.195917047172661,5.529192188891307,5.602049717351241,3.928879048777597,-2.375982935320597,-3.895048751744512,-2.392945219606979,0.0135239374127638,0.0033809843531909,-3.895026142833917,0.0186109486526812,0.0048053262792637,-2.4165208935773426,0.014937954933335272,-3.8938069368846215,0.01864201863573252,c82295ddefec__Natan Pereira BTS coral series 14.1.xlsx,2026-03-12 08:13:24.690,739687.0,347.0,533.0,30.0,699.0,3.1666632495690235,,BTS,518,BTS,518,,OK,16.0,15.0,15.0,0.0,0.0,2.9399458112241508,5.284341589995023e-05,4.087262466706838,4.022461754570033,0.0648007121368046,5.37576068346147,5.37005724064482,0.0057034428166504,7.785749913753847e-05,1.4030775798700664e-05,1.4030677368056436e-05,3.766276888403017,15.0,True,-2.3940760385594047,-3.891101061067892,0.0131924028094251,0.0240264698146379,3.7663033101109673,3.7662504666950674,,0.22671743834487268
35.0,GIRMS\IRMS-operator,2026-03-12 08:52:27.015,2026-03-12 09:58:34.661,Running,False,BTS,519,35.0,1.0,19.0,True,Unknown,,"0.001 V, 0.001 V, 0.001 V",30 µbar,72 °C,,9.303 V,9.5195 kV,42 µbar,Carbon Dioxide: 0.0195 kV,"1,002 µbar",8.689 V,10.448 V,547 µbar/min,3.875 V,9.82E-008 mbar,23 %,836 µbar,µ-Volume,,Pre,8.586758537197547,9.32020494275034,9.32405880883166,12.25561525158379,12.451803939861987,8.733728549890937,-1.8361135901536765,-3.832505505410144,-1.8696458257242143,0.022515380208332,0.005628845052083,-3.850411225603597,0.0240700815223049,0.0062148683251828,-1.8579354608807828,0.024211079550654147,-3.8503213146049577,0.024101571083968758,c82295ddefec__Natan Pereira BTS coral series 14.1.xlsx,2026-03-12 08:52:27.015,739687.0,547.0,1002.0,42.0,836.0,6.7847917911143005,,BTS,519,BTS,519,,OK,16.0,15.0,15.0,0.0,0.0,6.263396299076584,-0.0074738752777623,9.00931648209521,8.869102520133783,0.1402139619614271,11.845955653859155,11.84423889450524,0.0017167593539166,-0.0110016651592402,-0.0008996663785446,-0.0009000712604703,8.303648395413553,15.0,True,-1.871881308095584,-3.85614408267528,0.0213888549834413,0.0291956724370729,8.299911457774673,8.307385333052435,,0.5213954920377164
36.0,GIRMS\IRMS-operator,2026-03-12 09:26:31.707,2026-03-12 10:34:45.097,Running,False,SHP2L,,36.0,2.0,19.0,True,QC Standard,SHP2L,"0.002 V, 0.002 V, 0.002 V",27 µbar,72 °C,,22.315 V,9.5196 kV,32 µbar,Carbon Dioxide: 0.0196 kV,469 µbar,12.951 V,26.340 V,156 µbar/min,8.485 V,1.25E-007 mbar,10 %,880 µbar,µ-Volume,20.368 V,Pre,21.77386703347079,23.621410057432318,13.9441798702944,30.993026537173726,18.62798337387416,13.06777419899813,-1.8827888927883676,-6.372194486663818,-1.721469276220723,0.1311890012446569,0.0327972503111642,-6.312262535146689,0.0495959482440437,0.0123989870610109,-1.608308183445824,0.13862812367503666,-6.315146285735159,0.04936817587565879,c82295ddefec__Natan Pereira BTS coral series 14.1.xlsx,2026-03-12 09:26:31.707,739687.0,156.0,469.0,32.0,880.0,16.33302564077912,,SHP2L,,SHP2L,,,OK,16.0,15.0,15.0,0.0,0.0,9.09584207744814,8.491888642311096,22.629514262563845,13.195708320028444,9.4338059425354,29.68990508961055,17.62740020202968,12.062504887580872,21.103513865162306,0.6867355988317754,0.5112044513277572,16.611531101215995,15.0,True,-1.7107146351162137,-6.308267071712215,0.1282852172322964,0.0485982631229126,20.857475422371543,12.365586780060449,,7.23718356333098
37.0,GIRMS\IRMS-operator,2026-03-12 09:58:34.847,2026-03-12 11:13:56.847,Running,False,BTS,520,37.0,1.0,20.0,True,Unknown,,"0.001 V, 0.001 V, 0.001 V",32 µbar,72 °C,,6.048 V,9.5197 kV,35 µbar,Carbon Dioxide: 0.0197 kV,858 µbar,5.899 V,6.666 V,430 µbar/min,3.238 V,7.90E-008 mbar,40 %,777 µbar,µ-Volume,,Pre,5.812801140376425,6.311647507266972,6.362139138616729,8.298624619540002,8.494493874541028,5.957625526019429,-1.726873459755418,-3.642145993315249,-1.7370127928584485,0.0166246188960831,0.0041561547240207,-3.6510085949167976,0.0169929365928743,0.004387557361824,-1.723436491973325,0.017732338730582407,-3.6510076100883713,0.017018477323091766,c82295ddefec__Natan Pereira BTS coral series 14.1.xlsx,2026-03-12 09:58:34.847,739687.0,430.0,858.0,35.0,777.0,4.661235873734409,,BTS,520,BTS,520,,OK,16.0,15.0,15.0,0.0,0.0,4.372758742418061,-0.057414119325525,6.116955432333159,6.077088552607465,0.0398668797256931,8.042392643919689,8.114327233654178,-0.0719345897344894,-0.0837371941018032,-0.0100888317548817,-0.0101399820412877,5.662151973420417,15.0,True,-1.7376887483986505,-3.655074375159152,0.0169789985558649,0.0214360448905291,5.633444913757654,5.690859033083179,,0.28847713131634745
38.0,GIRMS\IRMS-operator,2026-03-12 10:34:45.310,2026-03-12 11:48:09.365,Running,False,BTS,521,38.0,2.0,20.0,True,Unknown,,"0.001 V, 0.001 V, 0.002 V",27 µbar,72 °C,,4.545 V,9.5198 kV,32 µbar,Carbon Dioxide: 0.0198 kV,675 µbar,4.235 V,4.939 V,166 µbar/min,5.813 V,6.89E-008 mbar,58 %,711 µbar,µ-Volume,,Pre,4.195971969337881,4.556848122287979,4.5408490991068735,5.9918866497875705,6.062547956168796,4.251800678841047,-1.6410792052626857,-3.419390879789153,-1.6298124578148163,0.0181576926239407,0.0046882960758717,-3.3815489535827115,0.0291217077203185,0.0072804269300796,-1.6189121328260188,0.019591208527796652,-3.3815198604140586,0.029186229620150803,c82295ddefec__Natan Pereira BTS coral series 14.1.xlsx,2026-03-12 10:34:45.310,739687.0,166.0,675.0,32.0,711.0,3.4235439072990266,,BTS,521,BTS,521,,OK,16.0,15.0,15.0,0.0,0.0,3.1710193098741333,0.0027865144858223,4.426622299059902,4.349990399869882,0.0766318991900201,5.820523296058322,5.8078214895668,0.0127018064915223,0.0041082965523953,0.0006841184392332,0.0006838845102313,4.074539551831105,15.0,True,-1.6182726992398868,-3.3790261585022816,0.0452613243359163,0.0282762256320615,4.075932809074016,4.073146294588193,,0.2525245974248933
39.0,GIRMS\IRMS-operator,2026-03-12 11:13:57.027,2026-03-12 12:20:14.047,Running,False,BTS,522,39.0,1.0,21.0,True,Unknown,,"0.001 V, 0.001 V, 0.001 V",35 µbar,72 °C,,8.925 V,9.5198 kV,45 µbar,Carbon Dioxide: 0.0198 kV,"1,031 µbar",8.369 V,10.013 V,498 µbar/min,4.194 V,9.48E-008 mbar,24 %,831 µbar,µ-Volume,,Pre,8.270229807635051,8.976486834886696,8.973959502312104,11.808281437014282,11.984431057170978,8.405570518851857,-1.8958632373112796,-3.4867488096174126,-1.9302304830819477,0.0219309648891632,0.0054827412222908,-3.5041496602208344,0.0171459498052658,0.0045824478387234,-1.935749643212477,0.023679610027797972,-3.5035513857561824,0.01717158580273331,c82295ddefec__Natan Pereira BTS coral series 14.1.xlsx,2026-03-12 11:13:57.027,739687.0,498.0,1031.0,45.0,831.0,6.5470774872252555,,BTS,522,BTS,522,,OK,16.0,15.0,15.0,0.0,0.0,6.043653601132333,-0.0019141426938649,8.680877599123148,8.540940794351723,0.1399368047714251,11.418928996180238,11.405517951105775,0.0134110450744628,-0.0028195113785616,-0.0002392817278886,-0.0002393103591867,7.998578500194823,15.0,True,-1.932521632799992,-3.5051347593287585,0.0206235999130447,0.0264238134529578,7.997621428847891,7.999535571541756,,0.5034238860929223
40.0,GIRMS\IRMS-operator,2026-03-12 11:48:09.585,2026-03-12 12:58:03.699,Running,False,BTS,523,40.0,2.0,21.0,True,Unknown,,"0.002 V, 0.002 V, 0.002 V",27 µbar,72 °C,,4.071 V,9.5198 kV,32 µbar,Carbon Dioxide: 0.0198 kV,687 µbar,3.766 V,4.416 V,166 µbar/min,8.183 V,6.62E-008 mbar,63 %,694 µbar,µ-Volume,,Pre,3.74048591567429,4.059439631392607,4.092211634526353,5.340994052843188,5.463129542058782,3.831497989126506,-2.3780139588218674,-3.484307188554303,-2.362514028248748,0.0134249001482038,0.0034662943132327,-3.516160315769142,0.0292044693203929,0.0075405615541804,-2.397974440296887,0.015252084336659926,-3.5146143006133648,0.02924023533071537,c82295ddefec__Natan Pereira BTS coral series 14.1.xlsx,2026-03-12 11:48:09.585,739687.0,166.0,687.0,32.0,694.0,3.054021930601051,,BTS,523,BTS,523,,OK,16.0,15.0,15.0,0.0,0.0,2.8706198687053135,-0.0379264110450336,3.945780100812709,3.923592335274777,0.0221877655379327,5.191496274656133,5.238086731778544,-0.0465904571224111,-0.0553016763680058,-0.0103239146794133,-0.0103774828029356,3.654683102370916,15.0,True,-2.356817478627578,-3.513398198712784,0.0218582279375377,0.0339981379829299,3.635719896848399,3.6736463078934327,,0.1834020618957375
41.0,GIRMS\IRMS-operator,2026-03-12 12:20:14.254,2026-03-12 13:39:51.032,Running,False,SHP2L,,41.0,1.0,22.0,True,QC Standard,SHP2L,"0.001 V, 0.001 V, 0.001 V",35 µbar,72 °C,,10.805 V,9.5197 kV,35 µbar,Carbon Dioxide: 0.0197 kV,770 µbar,9.792 V,12.245 V,269 µbar/min,3.258 V,1.04E-007 mbar,19 %,848 µbar,µ-Volume,,Pre,9.726377252938605,10.567287226239923,10.473722835103754,13.84984721391604,13.987414734057642,9.81087190381156,-0.8653490309327161,-6.1439318617572125,-0.9041983535092724,0.0196927236021437,0.0049231809005359,-6.156723120939904,0.009335863680923,0.0024105096372451,-0.7395029504223273,0.020970987082152604,-6.161281405059435,0.009331971694741483,c82295ddefec__Natan Pereira BTS coral series 14.1.xlsx,2026-03-12 12:20:14.254,739687.0,269.0,770.0,35.0,848.0,7.62697924557386,,SHP2L,,SHP2L,,,OK,16.0,15.0,15.0,0.0,0.0,6.973173278953055,0.0735763960388382,10.202809516625548,9.946936984578851,0.2558725320466966,13.371668951205471,13.28352858274386,0.0881403684616106,0.109259234579407,0.0078970402358328,0.0078659812506176,9.353746683932243,15.0,True,-0.9067883083477094,-6.1596257879182135,0.0173352707907111,0.0115749230587051,9.390534881951664,9.316958485912824,,0.6538059666208049
42.0,GIRMS\IRMS-operator,2026-03-12 12:58:03.906,2026-03-12 14:10:01.892,Running,False,BTS,524,42.0,2.0,22.0,True,Unknown,,"0.002 V, 0.002 V, 0.002 V",27 µbar,72 °C,,11.608 V,9.5197 kV,32 µbar,Carbon Dioxide: 0.0197 kV,457 µbar,11.134 V,13.140 V,103 µbar/min,9.550 V,1.12E-007 mbar,15 %,824 µbar,µ-Volume,,Pre,10.976235662787715,11.909807833743605,11.931998706297096,15.6693876240002,15.937355205749164,11.17901066431359,-1.9775066225009572,-3.580330183407088,-2.0712844857939454,0.031328655924243,0.0080890241769103,-3.606261314853872,0.0161975621800243,0.004049390545006,-2.0828296628443654,0.03311437887686993,-3.6054678664457986,0.016147340251790945,c82295ddefec__Natan Pereira BTS coral series 14.1.xlsx,2026-03-12 12:58:03.906,739687.0,103.0,457.0,32.0,824.0,8.604288084551552,,BTS,524,BTS,524,,OK,16.0,15.0,15.0,0.0,0.0,7.871572872171198,7.450580597101464e-05,11.501724633288893,11.314685257983715,0.1870393753051757,15.132230565284384,15.112158701156268,0.0200718641281145,0.0001097732803526,7.02897068406667e-06,7.02894598093905e-06,10.599854682772914,15.0,True,-2.071284485793945,-3.607990056950323,0.0313286559242431,0.0151614254229636,10.5998919356759,10.599817429869928,,0.732715212380354
43.0,GIRMS\IRMS-operator,2026-03-12 13:39:51.258,2026-03-12 14:42:09.714,Running,False,BTS,525,43.0,1.0,23.0,True,Unknown,,"0.002 V, 0.002 V, 0.002 V",35 µbar,72 °C,,12.212 V,9.5196 kV,37 µbar,Carbon Dioxide: 0.0196 kV,819 µbar,11.812 V,13.905 V,435 µbar/min,10.834 V,1.18E-007 mbar,12 %,863 µbar,µ-Volume,,Pre,11.622077954601234,12.616856382618742,12.661276744137602,16.59411622836725,16.913924949909607,11.863863965547496,-1.3508048097127243,-3.4121866801405387,-1.4412135333234417,0.024100215186753,0.0062226488038873,-3.4195087069947148,0.0201866679945196,0.0050466669986299,-1.4155988564538073,0.025611910461229213,-3.4199357492092703,0.020190831475214558,c82295ddefec__Natan Pereira BTS coral series 14.1.xlsx,2026-03-12 13:39:51.258,739687.0,435.0,819.0,37.0,863.0,9.050100197028968,,BTS,525,BTS,525,,OK,16.0,15.0,15.0,0.0,0.0,8.318297180556382,-0.028196702796654,12.16910910837948,11.993794129620392,0.1753149787590882,16.004745500828186,16.02089835956232,-0.0161528587341344,-0.0414391376009735,-0.0025091761314807,-0.0025123280682924,11.223336296130558,15.0,True,-1.4412135333234417,-3.419996842118327,0.0241002151867531,0.0207972135068234,11.20923794473223,11.237434647528884,,0.7318030164725862
44.0,GIRMS\IRMS-operator,2026-03-12 14:10:02.144,2026-03-12 15:19:19.536,Running,False,BTS,526,44.0,2.0,23.0,True,Unknown,,"0.002 V, 0.002 V, 0.002 V",30 µbar,72 °C,,11.713 V,9.5197 kV,35 µbar,Carbon Dioxide: 0.0197 kV,765 µbar,11.602 V,13.289 V,220 µbar/min,11.453 V,1.17E-007 mbar,12 %,836 µbar,µ-Volume,,Pre,11.422632142591617,12.402104743574643,12.464975277808708,16.310616310292122,16.652210529499882,11.679811283636234,-1.2314398598239906,-3.369730494047652,-1.3166991652922426,0.0516322549703662,0.0129080637425915,-3.383497406667739,0.0163213960154063,0.0042141663303016,-1.2835823373938473,0.054967971131991214,-3.384157250852045,0.016292925147119827,c82295ddefec__Natan Pereira BTS coral series 14.1.xlsx,2026-03-12 14:10:02.144,739687.0,220.0,765.0,35.0,836.0,8.961029790017662,,BTS,526,BTS,526,,OK,16.0,15.0,15.0,0.0,0.0,8.201461408918934,-0.0350215990286582,11.976542481039546,11.810233780522386,0.1663087005171597,15.75010913198554,15.775605018788214,-0.0254958868026733,-0.0514354678407331,-0.0031650638736993,-0.0031700806275347,11.047542048131644,15.0,True,-1.3223831189901265,-3.3882876869116623,0.0479840652020094,0.021662731781609,11.030031248617313,11.06505284764597,,0.7595683810987275
45.0,GIRMS\IRMS-operator,2026-03-12 14:42:09.889,2026-03-12 16:01:24.106,Running,False,BTS,527,45.0,1.0,24.0,True,Unknown,,"0.001 V, 0.001 V, 0.001 V",35 µbar,72 °C,,7.247 V,9.5199 kV,35 µbar,Carbon Dioxide: 0.0199 kV,858 µbar,6.947 V,8.053 V,488 µbar/min,3.247 V,8.59E-008 mbar,32 %,802 µbar,µ-Volume,,Pre,6.843117864869647,7.434685359604058,7.4315561157533505,9.771888746074612,9.92344845657724,6.959421427987629,-1.137545932847539,-3.457408657512317,-1.1730734937393723,0.0218597750602695,0.0054649437650673,-3.457726556846774,0.0182344387171708,0.0047081118319361,-1.127153062606308,0.02352081278517455,-3.45879123471083,0.018278081893590346,c82295ddefec__Natan Pereira BTS coral series 14.1.xlsx,2026-03-12 14:42:09.889,739687.0,488.0,858.0,35.0,802.0,5.454530968260095,,BTS,527,BTS,527,,OK,16.0,15.0,15.0,0.0,0.0,5.062738474832278,-0.0119954347610473,7.197436630262568,7.087458501465021,0.1099781287975467,9.46017675626018,9.463583720973904,-0.003406964713724,-0.0176414308895215,-0.001807409347691,-0.0018090441893802,6.630813570760303,15.0,True,-1.1754419977988282,-3.461545724261295,0.0203915103661267,0.023423998067724,6.624815853379779,6.6368112881408265,,0.3917924934278174
46.0,GIRMS\IRMS-operator,2026-03-12 15:19:19.779,2026-03-12 16:31:47.604,Running,False,SHP2L,,46.0,2.0,24.0,True,QC Standard,SHP2L,"0.002 V, 0.002 V, 0.002 V",25 µbar,72 °C,,9.299 V,9.5198 kV,35 µbar,Carbon Dioxide: 0.0198 kV,753 µbar,8.909 V,10.417 V,244 µbar/min,6.829 V,9.96E-008 mbar,22 %,804 µbar,µ-Volume,,Pre,8.777053120693829,9.536468239865128,9.566628161358738,12.500035284259528,12.77640461921692,8.96081424053636,-0.8295385911617492,-6.0654283594022695,-0.907951423467616,0.0264191705871945,0.0068214005136544,-6.064217014328967,0.0216687969558444,0.0054171992389611,-0.7470228748710137,0.028283166722096898,-6.068678727968979,0.02169289445844307,c82295ddefec__Natan Pereira BTS coral series 14.1.xlsx,2026-03-12 15:19:19.779,739687.0,244.0,753.0,35.0,804.0,6.978646401110633,,SHP2L,,SHP2L,,,OK,16.0,15.0,15.0,0.0,0.0,6.414797504969263,-0.0256746762517217,9.23042286306731,9.097331438275926,0.1330914247913845,12.099283837298552,12.149870395660402,-0.0505865583618501,-0.0377135931320595,-0.0030130751437624,-0.0030176213036341,8.508249932091136,15.0,True,-0.9079514234676158,-6.064136257990745,0.0264191705871945,0.0224268433579446,8.495412593965275,8.521087270216997,,0.5638488961413701
1.0,GIRMS\IRMS-operator,2026-03-18 18:27:11.176,2026-03-18 18:27:11.260,,False,,,,,2.0,True,,,,,,,,,,,,,,,,,,,,,,,,,,,,,,,,,,,,,,,,ad2d4a9f2ce6__Natan Pereira BTS coral series 17.4.xlsx,,,,,,,,,SHP2L,,SHP2L,,,OK,,,,,,,,,,,,,,,,,,,True,,,,,,,,
2.0,GIRMS\IRMS-operator,2026-03-18 19:23:49.597,2026-03-18 20:23:31.342,Running,False,SHP2L,,2.0,2.0,2.0,True,Unknown,,"0.001 V, 0.001 V, 0.002 V",-2 µbar,72 °C,,30.698 V,9.5184 kV,45 µbar,Carbon Dioxide: 0.0184 kV,968 µbar,12.604 V,37.728 V,752 µbar/min,3.329 V,1.21E-007 mbar,10 %,797 µbar,µ-Volume,27.027 V,Pre,29.51387479485014,32.01717951185012,13.545968316858056,42.05366770777053,18.106309576361834,12.686738516697677,-2.5445586699862632,-6.512843617408115,-2.1872783898357406,0.23143728186998,0.057859320467495,-6.384069596406997,0.051635387107015,0.0133321996226961,-2.103774968946252,0.24554243477471532,-6.386034731396857,0.05122103211079023,ad2d4a9f2ce6__Natan Pereira BTS coral series 17.4.xlsx,2026-03-18 19:23:49.597,739693.0,752.0,968.0,45.0,797.0,21.19784686298111,,SHP2L,,SHP2L,,,OK,16.0,15.0,15.0,0.0,0.0,8.895409885991338,16.032975927916464,30.43065287954116,12.830059115750878,17.60059376379028,39.9671624139244,17.147837086051165,22.819325327873237,92.69584006689313,1.334393769740882,0.8003816356966013,20.031663912381475,15.0,True,-2.163459704492373,-6.384069596406999,0.2183197338167999,0.0516353871070156,28.048151876339706,12.01517594842324,,12.302436976989771
3.0,GIRMS\IRMS-operator,2026-03-18 19:55:06.465,2026-03-18 20:53:00.208,Running,False,SHP2L,,3.0,1.0,3.0,True,Unknown,,"0.002 V, 0.002 V, 0.002 V",8 µbar,72 °C,,48.525 V,9.5182 kV,32 µbar,Carbon Dioxide: 0.0182 kV,35 µbar,12.234 V,49.039 V,24 µbar/min,12.255 V,1.19E-007 mbar,10 %,833 µbar,µ-Volume,40.345 V,Pre,40.6540185213089,44.070422649383545,13.15683126449585,49.03013951685947,17.58539624121707,12.322068214416502,-3.278117763008903,-159.09139375572013,-2.797260017640837,0.324901514526036,0.081225378631509,-17.81303594791117,29.840174066128743,7.704699813736473,-2.2897777206143015,0.9808521531781131,-17.825620526246144,29.870930438621585,ad2d4a9f2ce6__Natan Pereira BTS coral series 17.4.xlsx,2026-03-18 19:55:06.465,739693.0,24.0,35.0,32.0,833.0,28.62637396901846,,SHP2L,,SHP2L,,,Partially Saturated Collectors,16.0,15.0,12.0,0.0,3.0,8.660523489795914,26.82003378868104,41.73733294010163,12.468934059143066,29.268398880958564,46.86485178378147,14.25434596446078,32.610505819320686,218.99350651877637,2.2968556187948246,1.0690867101739123,25.08686482906342,12.0,True,-3.2296344812412503,-6.688358517609405,0.3090048307628845,0.0744807303845229,38.49688172340394,11.6768479347229,,19.965850479222546
4.0,GIRMS\IRMS-operator,2026-03-18 20:23:31.416,2026-03-18 21:25:01.278,Running,False,SHP2L,,4.0,2.0,3.0,True,Unknown,,"0.002 V, 0.002 V, 0.002 V",40 µbar,72 °C,,14.015 V,9.5182 kV,118 µbar,Carbon Dioxide: 0.0182 kV,"1,185 µbar",11.878 V,16.190 V,"1,353 µbar/min",11.898 V,1.14E-007 mbar,10 %,863 µbar,µ-Volume,12.943 V,Pre,13.702353619057902,14.885091936994884,12.781584418226572,19.532267112452107,17.083738107401448,11.97066288074456,-1.1894990497349769,-6.084679637468726,-1.1955992419170962,0.0337328610198733,0.0084332152549683,-6.107162055795321,0.0176677127868305,0.0045617838259313,-1.0533431951094059,0.0356790596456478,-6.111002840011544,0.01765992974129834,ad2d4a9f2ce6__Natan Pereira BTS coral series 17.4.xlsx,2026-03-18 20:23:31.416,739693.0,1353.0,1185.0,118.0,863.0,10.553595265097934,,SHP2L,,SHP2L,,,OK,16.0,15.0,15.0,0.0,0.0,8.429200002270825,1.8428284471650132,14.330440915037483,12.118438041616768,2.212002873420717,18.8039728591028,16.196254749018266,2.6077181100845337,5.305269992411436,0.1623865986621054,0.1501920135488963,12.2698165076871,15.0,True,-1.196005921395904,-6.105068067654318,0.0348762050699688,0.0218815246639005,13.191230731269606,11.348402284104592,,2.124395262827109
5.0,GIRMS\IRMS-operator,2026-03-18 20:53:00.308,2026-03-18 22:00:09.726,Running,False,SHP2L,,5.0,1.0,4.0,True,Unknown,,"0.002 V, 0.002 V, 0.002 V",32 µbar,72 °C,,14.703 V,9.5182 kV,42 µbar,Carbon Dioxide: 0.0182 kV,45 µbar,11.519 V,16.984 V,181 µbar/min,11.539 V,1.13E-007 mbar,10 %,826 µbar,µ-Volume,13.637 V,Pre,14.41896823239963,15.66419148980047,12.398679118213872,20.552945192007257,16.571176107076834,11.611649068123508,-1.1733895559525864,-6.136039311886443,-1.128656290362377,0.0385788818349938,0.0099610244574823,-6.103943253655015,0.0179602271768171,0.0044900567942042,-0.9816376824098194,0.04118515469806059,-6.10795470771059,0.01794184215309097,ad2d4a9f2ce6__Natan Pereira BTS coral series 17.4.xlsx,2026-03-18 20:53:00.308,739693.0,181.0,45.0,42.0,826.0,11.156871300942589,,SHP2L,,SHP2L,,,OK,16.0,15.0,15.0,0.0,0.0,8.198044563678543,2.87782753860118,15.090958719834346,11.759655123337764,3.331303596496582,19.80010872617169,15.717071349767874,4.083037376403812,8.99011419071222,0.2613292158084699,0.2311288546413969,12.451182450006996,15.0,True,-1.118359980721436,-6.101803516439586,0.0457336492909673,0.0163438767900167,13.890096219307589,11.012268680706407,,2.9588267372640455
6.0,GIRMS\IRMS-operator,2026-03-18 21:25:01.408,2026-03-18 22:42:29.428,Running,False,SHP2L,,6.0,2.0,4.0,True,QC Standard,SHP2L,"0.001 V, 0.001 V, 0.001 V",42 µbar,72 °C,,9.850 V,9.5184 kV,54 µbar,Carbon Dioxide: 0.0184 kV,"1,092 µbar",9.057 V,11.229 V,679 µbar/min,3.333 V,9.77E-008 mbar,20 %,826 µbar,µ-Volume,,Pre,8.86856177645359,9.640407592370783,9.728523303786634,12.642815155531858,12.999489349867794,9.107838657520125,-0.8810865227294462,-6.097329791088679,-0.900939723314382,0.0149667728262998,0.004000038292978,-6.083631738362572,0.0188727232465006,0.0048729161887518,-0.7390323787783069,0.015661472760321326,-6.088118822668258,0.01886720989654387,ad2d4a9f2ce6__Natan Pereira BTS coral series 17.4.xlsx,2026-03-18 21:25:01.408,739693.0,679.0,1092.0,54.0,826.0,6.982011085841327,,SHP2L,,SHP2L,,,OK,16.0,15.0,15.0,0.0,0.0,6.547872553577738,-0.0990182161331176,9.315061178449152,9.25849083097247,0.0565703474766827,12.215062422301267,12.37088386490533,-0.1558214426040631,-0.2424359764931432,-0.0114241858418886,-0.0114898167427679,8.617910829208205,15.0,True,-0.9015825178301682,-6.079083207327943,0.0241329849307633,0.0230868751837648,8.568401721141646,8.667419937274763,,0.4341385322635887
7.0,GIRMS\IRMS-operator,2026-03-18 22:00:09.872,2026-03-18 23:13:58.071,Running,False,SHP2L,,7.0,1.0,5.0,True,Unknown,,"0.002 V, 0.002 V, 0.002 V",32 µbar,72 °C,,7.809 V,9.5183 kV,35 µbar,Carbon Dioxide: 0.0183 kV,42 µbar,7.343 V,8.786 V,225 µbar/min,8.863 V,8.77E-008 mbar,27 %,748 µbar,µ-Volume,,Pre,7.196375399695345,7.824307940191106,7.9025906261039,10.259538888931274,10.557611170067217,7.397161013814493,-0.8294973108304848,-6.0136878518762815,-0.8329544586334138,0.0177350080930177,0.0047398802882668,-6.0488627437968345,0.0246520465352546,0.006365131045398,-0.6672226569492481,0.018413248143378257,-6.053465624777022,0.024622025770769402,ad2d4a9f2ce6__Natan Pereira BTS coral series 17.4.xlsx,2026-03-18 22:00:09.872,739693.0,225.0,42.0,35.0,748.0,5.784298295603968,,SHP2L,,SHP2L,,,OK,16.0,15.0,15.0,0.0,0.0,5.39196158199953,-0.0822019362164132,7.584510742604646,7.540336511319952,0.0441742312846935,9.94458794593811,10.073333978652956,-0.1287460327148455,-0.2012177280438674,-0.0116467261192439,-0.0117149465059722,7.016842644096291,15.0,True,-0.8333479452233764,-6.056136311213534,0.0365131973114245,0.0292070485220819,6.975741675988085,7.0579436122044985,,0.392336713604438
8.0,GIRMS\IRMS-operator,2026-03-18 22:42:29.547,2026-03-18 23:44:42.602,Running,False,BTS,119,8.0,2.0,5.0,True,Unknown,,"0.002 V, 0.002 V, 0.002 V",45 µbar,72 °C,,48.535 V,9.5184 kV,67 µbar,Carbon Dioxide: 0.0184 kV,"1,117 µbar",11.990 V,49.043 V,650 µbar/min,7.216 V,1.16E-007 mbar,10 %,963 µbar,µ-Volume,48.529 V,Pre,45.83850694330474,49.00355684914314,12.898132683417428,49.01757836341858,17.23770797252655,12.07952392729064,-17.081550620670626,-254.33056302564893,-3.0167275382780554,0.3550704982156221,0.0916788084212449,-41.78104626332289,66.25592262520239,17.107205661001068,-2.0531965205828735,1.6639107417796102,-41.81740662635538,66.32280154344987,ad2d4a9f2ce6__Natan Pereira BTS coral series 17.4.xlsx,2026-03-18 22:42:29.547,739693.0,650.0,1117.0,67.0,963.0,31.559201008398734,,BTS,119,BTS,119,,Partially Saturated Collectors,16.0,15.0,10.0,0.0,5.0,8.503496010114482,31.76386654376984,46.83657038368904,12.22740161575996,34.60916876792908,46.74127697944642,12.654262155292065,34.08701482415435,296.90146543169453,2.7740442670220884,1.162135963499332,27.33231527241012,10.0,True,-3.572512109641046,-6.6588457823382186,0.3550704982156222,0.0699298946008457,43.21424854429504,11.4503820005252,,23.055704998284252
9.0,GIRMS\IRMS-operator,2026-03-18 23:13:58.222,2026-03-19 00:20:44.435,Running,False,BTS,120,9.0,1.0,6.0,True,Unknown,,"0.002 V, 0.002 V, 0.002 V",40 µbar,72 °C,,2.811 V,9.5183 kV,42 µbar,Carbon Dioxide: 0.0183 kV,52 µbar,3.106 V,3.073 V,98 µbar/min,11.652 V,6.06E-008 mbar,93 %,623 µbar,µ-Volume,2.520 V,Pre,2.6162215812880203,2.8377283107802738,3.397495733261595,3.738208013187444,4.5373247169555695,3.1787756295241785,-3.557998083960179,-3.838808500305935,-3.485108039354282,0.0259233908166956,0.0066933907273525,-3.796723583308799,0.0313952427261514,0.0078488106815378,-3.588772047061398,0.027619118488481757,-3.7929221321476856,0.03140770005936192,ad2d4a9f2ce6__Natan Pereira BTS coral series 17.4.xlsx,2026-03-18 23:13:58.222,739693.0,98.0,52.0,42.0,623.0,2.163534514705156,,BTS,120,BTS,120,,OK,16.0,15.0,15.0,0.0,0.0,2.409520349873781,-0.5053994183992443,3.2631656119950887,2.7639920892113548,0.4991735227837339,4.358376672178653,3.6410010185463686,0.7173756536322844,-1.044550149189006,-0.1655072480037687,-0.1804392498402291,2.800939478781656,15.0,True,-3.4851080393542824,-3.7939179221756567,0.0259233908166956,0.0303499855647686,2.548239769582034,3.053639187981278,,-0.24598583516862504
10.0,GIRMS\IRMS-operator,2026-03-18 23:44:42.802,2026-03-19 01:02:40.662,Running,False,BTS,121,10.0,2.0,6.0,True,Unknown,,"0.001 V, 0.001 V, 0.001 V",45 µbar,72 °C,,1.806 V,9.5185 kV,62 µbar,Carbon Dioxide: 0.0185 kV,"1,126 µbar",3.318 V,1.958 V,845 µbar/min,3.320 V,6.18E-008 mbar,100 %,550 µbar,µ-Volume,1.696 V,Pre,1.7546268689729478,1.903945530532846,3.623459953715203,2.506753577021358,4.839811902691263,3.390616909111281,-3.1165776904398257,-4.018528678112254,-3.105616118679926,0.0302255620922857,0.0075563905230714,-3.983134933880353,0.0349905132996553,0.0090345116856542,-3.1754538651700344,0.03196159279849142,-3.9803975112927104,0.03499659858530927,ad2d4a9f2ce6__Natan Pereira BTS coral series 17.4.xlsx,2026-03-18 23:44:42.802,739693.0,845.0,1126.0,62.0,550.0,1.4545761210630581,,BTS,121,BTS,121,,OK,16.0,15.0,15.0,0.0,0.0,2.562924450107889,-1.5455801438274437,3.4784493020086926,1.8549507928776123,1.6234985091310803,4.645982876375241,2.442240155049936,2.203742721325305,-2.010288320955096,-0.4748361406812694,-0.6226690172075965,2.48218572165146,15.0,True,-3.1048853472292657,-3.9877970826535543,0.031139780022362,0.0436344505765517,1.7093956497377385,3.254975793565182,,-1.1083483290448308
11.0,GIRMS\IRMS-operator,2026-03-19 00:20:44.575,2026-03-19 01:33:34.497,Running,False,SHP2L,,11.0,1.0,7.0,True,QC Standard,SHP2L,"0.001 V, 0.001 V, 0.002 V",30 µbar,72 °C,,5.639 V,9.5185 kV,37 µbar,Carbon Dioxide: 0.0185 kV,40 µbar,5.410 V,6.303 V,210 µbar/min,3.292 V,7.53E-008 mbar,42 %,694 µbar,µ-Volume,,Pre,5.344351902911338,5.811295646079082,5.8422481596570535,7.619488036226374,7.804463894906141,5.467975451792141,-0.8442688480491123,-6.007587139162496,-0.8466162606023767,0.0198931470085267,0.0051363884711786,-6.032323324754563,0.0268255572320787,0.0067063893080196,-0.6826942198850123,0.021369239411984327,-6.036868840978954,0.02683898293991861,ad2d4a9f2ce6__Natan Pereira BTS coral series 17.4.xlsx,2026-03-19 00:20:44.575,739694.0,210.0,40.0,37.0,694.0,4.338432054720197,,SHP2L,,SHP2L,,,OK,16.0,15.0,15.0,0.0,0.0,4.051396722445192,-0.041961589886494,5.642960409961751,5.589655774481791,0.05330463547996,7.398526461663343,7.466624768319228,-0.0680983066558846,-0.1030923289513611,-0.0080211164812465,-0.008053415171829,5.210409371824794,15.0,True,-0.8511245238139139,-6.033972403794034,0.0260370222261896,0.0269145300765105,5.189428576881547,5.231390166768041,,0.2870353322750052
12.0,GIRMS\IRMS-operator,2026-03-19 01:02:40.828,2026-03-19 02:03:44.694,Running,False,BTS,122,12.0,2.0,7.0,True,Unknown,,"0.001 V, 0.001 V, 0.002 V",42 µbar,72 °C,,5.363 V,9.5186 kV,59 µbar,Carbon Dioxide: 0.0186 kV,"1,119 µbar",5.339 V,5.984 V,762 µbar/min,5.339 V,7.49E-008 mbar,42 %,763 µbar,µ-Volume,,Pre,5.5056252591320165,5.975711274684113,5.771708589932987,7.866246984730559,7.710142420063812,5.401913177222838,-2.679162439215621,-3.8708534773299608,-2.6635630232475016,0.0219087811019103,0.0054771952754775,-3.837073858695888,0.0271783509383726,0.0067945877345931,-2.704876307710502,0.020109642925278802,-3.8351790445649705,0.027200294164258343,ad2d4a9f2ce6__Natan Pereira BTS coral series 17.4.xlsx,2026-03-19 01:02:40.828,739694.0,762.0,1119.0,59.0,763.0,4.437656519225006,,BTS,122,BTS,122,,OK,16.0,15.0,15.0,0.0,0.0,4.005465730041869,0.1709759235382071,5.7965845868013925,5.523521068337799,0.2730635184635934,7.630294243090618,7.3781743509872735,0.2521198921033445,0.4374601420399012,0.0330742643988191,0.0325362088124205,5.254943024367918,15.0,True,-2.6625230621829608,-3.834821884120284,0.0222652127396537,0.0265421604225364,5.340430986137021,5.169455062598814,,0.4321907891831369
13.0,GIRMS\IRMS-operator,2026-03-19 01:33:34.701,2026-03-19 02:40:44.742,Running,False,BTS,123,13.0,1.0,8.0,True,Unknown,,"0.001 V, 0.001 V, 0.002 V",35 µbar,72 °C,,3.692 V,9.5187 kV,40 µbar,Carbon Dioxide: 0.0187 kV,45 µbar,3.490 V,4.076 V,98 µbar/min,5.270 V,6.21E-008 mbar,70 %,660 µbar,µ-Volume,,Pre,3.464639794802727,3.762776114714461,3.805658955424608,4.951545266885627,5.083281106791378,3.561370704534325,-2.155610536169972,-3.637298638965114,-2.148895894438926,0.0132665869626733,0.0034254180244964,-3.627011258196221,0.0332779267592794,0.0083194816898198,-2.165215974807218,0.014817385330817608,-3.6260588535563105,0.03333087945557674,ad2d4a9f2ce6__Natan Pereira BTS coral series 17.4.xlsx,2026-03-19 01:33:34.701,739694.0,98.0,45.0,40.0,660.0,2.845513931643253,,BTS,123,BTS,123,,OK,16.0,15.0,15.0,0.0,0.0,2.689252238448769,-0.0491961177290374,3.6602415178934296,3.653837999661021,0.0064035182324082,4.816580378089529,4.880754485085612,-0.0641741069960835,-0.1200906413019562,-0.0143871812554436,-0.0144914266463491,3.39484295988425,15.0,True,-2.14510755354708,-3.626325432811627,0.0183512021196621,0.0343286849972679,3.3702449010197317,3.4194410187487687,,0.15626169319448424
14.0,GIRMS\IRMS-operator,2026-03-19 02:03:44.793,2026-03-19 03:22:20.964,Running,False,BTS,124,14.0,2.0,8.0,True,Unknown,,"0.001 V, 0.001 V, 0.001 V",42 µbar,72 °C,,3.494 V,9.5186 kV,59 µbar,Carbon Dioxide: 0.0186 kV,"1,119 µbar",3.488 V,3.861 V,816 µbar/min,3.322 V,6.12E-008 mbar,73 %,675 µbar,µ-Volume,,Pre,3.4151219373190678,3.708794713020325,3.8022614892426776,4.88043903898779,5.078957440728568,3.558269824832475,-2.209220095261921,-3.695253636009976,-2.197526952574795,0.020368846197838,0.0052592134737124,-3.6600472372631736,0.0346837368336943,0.0086709342084235,-2.216001682854577,0.022067213042908748,-3.6590041973863925,0.03472681454064831,ad2d4a9f2ce6__Natan Pereira BTS coral series 17.4.xlsx,2026-03-19 02:03:44.793,739694.0,816.0,1119.0,59.0,675.0,2.7836127756001314,,BTS,124,BTS,124,,OK,16.0,15.0,15.0,0.0,0.0,2.687301188928812,-0.0973343849182133,3.6044716835021977,3.6505828587545306,-0.0461111752523328,4.74314977045103,4.876102805215735,-0.1329530347647054,-0.2341990470851768,-0.0284909597985388,-0.0289026925239231,3.3676580421581246,15.0,True,-2.201162164286193,-3.657700144013387,0.026536727234452,0.0345608167868797,3.318990849699018,3.4163252346172315,,0.09631158667131956
15.0,GIRMS\IRMS-operator,2026-03-19 02:40:44.909,2026-03-19 03:52:18.685,Running,False,BTS,125,15.0,1.0,9.0,True,Unknown,,"0.001 V, 0.001 V, 0.001 V",27 µbar,72 °C,,0.427 V,9.5187 kV,37 µbar,Carbon Dioxide: 0.0187 kV,18 µbar,3.287 V,0.448 V,225 µbar/min,3.456 V,5.94E-008 mbar,100 %,257 µbar,µ-Volume,0.414 V,Pre,0.4186689928046062,0.455464552822805,3.58970120495202,0.600356048734661,4.794921070817784,3.3593614458456287,-0.4690467121899466,-0.2697621434852859,-0.6362724824588718,0.1047391227198334,0.0261847806799583,-0.4823954159156943,0.1555438017266163,0.038885950431654,-0.6629920894066708,0.10727553276141681,-0.48147529521775506,0.1555115565693961,ad2d4a9f2ce6__Natan Pereira BTS coral series 17.4.xlsx,2026-03-19 02:40:44.909,739694.0,225.0,18.0,37.0,257.0,0.3648514214440412,,BTS,125,BTS,125,,OK,16.0,15.0,15.0,0.0,0.0,2.5389763703953294,-2.8132846981281348,3.444921522792596,0.446625460689511,2.9982960621030843,4.6013799228005885,0.5886822797017729,4.012697643098815,-0.8873333290744696,-0.8726493629920514,-1.5481418723603355,1.8172008317551225,15.0,True,-0.6474208671434667,-0.4965709674110548,0.0980981658353486,0.1499240310924421,0.4105584826910551,3.22384318081919,,-2.174124948951288
16.0,GIRMS\IRMS-operator,2026-03-19 03:22:21.058,2026-03-19 04:25:58.666,Running,False,SHP2L,,16.0,2.0,9.0,True,QC Standard,SHP2L,"0.001 V, 0.001 V, 0.001 V",45 µbar,72 °C,,6.185 V,9.5188 kV,69 µbar,Carbon Dioxide: 0.0188 kV,"1,156 µbar",5.828 V,6.934 V,825 µbar/min,3.263 V,7.67E-008 mbar,38 %,789 µbar,µ-Volume,,Pre,5.760402450920548,6.263419985771179,6.285660946949669,8.211709280783168,8.3966773946824,5.883372687393126,-0.81867222175247,-6.056309704214447,-0.8705668881600309,0.0096987565521549,0.0025921017211352,-6.0708565468969935,0.0171841919565039,0.0044369392843714,-0.7068898713973394,0.010804657800423733,-6.075416056272738,0.01721006170429028,ad2d4a9f2ce6__Natan Pereira BTS coral series 17.4.xlsx,2026-03-19 03:22:21.058,739694.0,825.0,1156.0,69.0,789.0,4.627896634354002,,SHP2L,,SHP2L,,,OK,16.0,15.0,15.0,0.0,0.0,4.344294746880194,-0.0409069017957879,6.072714924812317,6.01087510585785,0.0618398189544668,7.96199562149667,8.029468079382413,-0.067472457885743,-0.1005771394167842,-0.0072710144032586,-0.0072975446794951,5.605570584683024,15.0,True,-0.8667540990301797,-6.0685066949180095,0.0174759063157233,0.021245532412046,5.58511713378513,5.626024035580918,,0.2836018874738082
17.0,GIRMS\IRMS-operator,2026-03-19 03:52:18.808,2026-03-19 04:59:57.226,Running,False,BTS,126,17.0,1.0,10.0,True,Unknown,,"0.001 V, 0.001 V, 0.002 V",35 µbar,72 °C,,0.028 V,9.5189 kV,45 µbar,Carbon Dioxide: 0.0189 kV,37 µbar,3.215 V,0.027 V,303 µbar/min,5.746 V,5.94E-008 mbar,100 %,49 µbar,µ-Volume,0.030 V,Pre,0.0269346460620922,0.0289974937582372,3.5138082295684483,0.0379435466117032,4.69384219315677,3.288375263927698,-10.842763351617934,-17.93119516615238,-10.816652901381154,0.353725257584526,0.0884313143961315,-16.645497470677746,0.7894934098226031,0.1973733524556507,-10.956284816226173,0.3590085041944757,-16.63904715261901,0.7898011717736838,ad2d4a9f2ce6__Natan Pereira BTS coral series 17.4.xlsx,2026-03-19 03:52:18.808,739694.0,303.0,37.0,45.0,49.0,0.0240381328616225,,BTS,126,BTS,126,,Failed Sample,16.0,15.0,15.0,0.0,0.0,2.486493997636074,-3.1286861631263925,3.3713646080155324,0.028352200309792,3.3430124077057406,4.503534690228071,0.0371250119510205,4.466409678277051,-0.0646880495047505,-0.9916518534155616,-1.9668838719534871,1.5906816908407593,15.0,True,,,,,0.0263386092775629,3.1550247724039555,,-2.4624558647744514
18.0,GIRMS\IRMS-operator,2026-03-19 04:25:58.824,2026-03-19 05:40:07.869,Running,False,BTS,127,18.0,2.0,10.0,True,Unknown,,"0.001 V, 0.001 V, 0.001 V",47 µbar,72 °C,,3.688 V,9.5189 kV,54 µbar,Carbon Dioxide: 0.0189 kV,"1,100 µbar",3.677 V,4.076 V,669 µbar/min,3.334 V,6.30E-008 mbar,69 %,684 µbar,µ-Volume,,Pre,3.59859280550692,3.906553472236325,4.003553537174789,5.143959172953991,5.348075278987317,3.746639751697049,-2.5887287229097167,-3.495722276008584,-2.586241648511556,0.0172739093496048,0.004460104215661,-3.474226104180776,0.0192160663628906,0.0051357097608177,-2.6388097133792563,0.018461238232355588,-3.4721041166016247,0.019232654618854362,ad2d4a9f2ce6__Natan Pereira BTS coral series 17.4.xlsx,2026-03-19 04:25:58.824,739694.0,669.0,1100.0,54.0,684.0,2.927662580026888,,BTS,127,BTS,127,,OK,16.0,15.0,15.0,0.0,0.0,2.8232796084026237,-0.0994915884959013,3.79552922942579,3.842284886589858,-0.0467556571640677,4.997594723751312,5.132534138189581,-0.1349394144382696,-0.2395920147291075,-0.027669327506278,-0.0280574934945308,3.545989898039004,15.0,True,-2.5918835744191444,-3.473054561305525,0.0283888393214909,0.0278400199984848,3.496244103791053,3.5957356922869543,,0.10438297162426435
19.0,GIRMS\IRMS-operator,2026-03-19 04:59:57.404,2026-03-19 06:13:27.643,Running,False,BTS,128,19.0,1.0,11.0,True,Unknown,,"0.001 V, 0.001 V, 0.001 V",30 µbar,72 °C,,0.011 V,9.5190 kV,35 µbar,Carbon Dioxide: 0.0190 kV,32 µbar,3.302 V,0.012 V,576 µbar/min,3.644 V,6.03E-008 mbar,100 %,25 µbar,µ-Volume,0.014 V,Pre,0.0121309793671466,0.013088725941926,3.605856442861579,0.017341851026535,4.816744576685696,3.374358298230272,-8.697716316822145,-3.431281662111929,-7.809134756811093,1.3987753566106784,0.3496938391526696,-4.33030992342968,0.8752568940973695,0.2259903582994893,-8.20174360118705,1.4746693942991362,-4.31704274082742,0.8748246307146138,ad2d4a9f2ce6__Natan Pereira BTS coral series 17.4.xlsx,2026-03-19 04:59:57.404,739694.0,576.0,32.0,35.0,25.0,0.010727464914281119,,BTS,128,BTS,128,,Failed Sample,16.0,15.0,15.0,0.0,0.0,2.5484661692974235,-3.225905444760337,3.4597171169232745,0.0127125783958586,3.447004538527416,4.621529593823336,0.0168337356361064,4.604695858187229,-0.0290775396321696,-0.996360564440138,-1.9854950476001103,1.6247360821471324,15.0,True,,,,,0.0117833597669634,3.237688804527301,,-2.5377387043831425
20.0,GIRMS\IRMS-operator,2026-03-19 05:40:08.046,2026-03-19 06:45:36.532,Running,False,BTS,129,20.0,2.0,11.0,True,Unknown,,"0.001 V, 0.001 V, 0.001 V",45 µbar,72 °C,,3.039 V,9.5189 kV,59 µbar,Carbon Dioxide: 0.0189 kV,"1,102 µbar",3.277 V,3.339 V,611 µbar/min,3.278 V,6.00E-008 mbar,84 %,672 µbar,µ-Volume,2.857 V,Pre,2.9660378474106386,3.216878613595238,3.578343172332125,4.239278442059883,4.779688782328859,3.3486575402391856,-3.535622198255095,-3.565718212974245,-3.564284153469373,0.0247506625851575,0.0063905935999942,-3.5501851101850948,0.0299863425250272,0.0074965856312568,-3.682542307253134,0.026458821251379275,-3.545939589704193,0.030012709631699414,ad2d4a9f2ce6__Natan Pereira BTS coral series 17.4.xlsx,2026-03-19 05:40:08.046,739694.0,611.0,1102.0,59.0,672.0,2.4312696631616557,,BTS,129,BTS,129,,OK,16.0,15.0,15.0,0.0,0.0,2.5336880383329365,-0.3324627185374331,3.1276208282898064,3.436867792330844,-0.3092469640410376,4.590737229977973,4.121897586280365,0.4688396436976081,-0.7382923313128197,-0.1033696876333404,-0.1090035174059338,3.050018260413814,15.0,True,-3.571254494961806,-3.549149569999152,0.0302203980504278,0.0307412573355824,2.8837869011450983,3.2162496196825314,,-0.10241837517128083
21.0,GIRMS\IRMS-operator,2026-03-19 06:13:27.744,2026-03-19 07:22:09.165,Running,False,SHP2L,,21.0,1.0,12.0,True,QC Standard,SHP2L,"0.001 V, 0.001 V, 0.001 V",37 µbar,72 °C,,9.050 V,9.5189 kV,42 µbar,Carbon Dioxide: 0.0189 kV,47 µbar,8.441 V,10.265 V,88 µbar/min,3.250 V,9.21E-008 mbar,21 %,789 µbar,µ-Volume,,Pre,8.275764590396733,8.998676572405367,9.073137674891024,11.796167747754932,12.122354166288256,8.493977194919438,-0.6200419106685562,-6.147751432730164,-0.6731944564765946,0.0290700760148345,0.0072675190037086,-6.167711893321297,0.0174080630078767,0.0044947425412824,-0.4918545118150694,0.03069944159369317,-6.172806049494077,0.017395264002085378,ad2d4a9f2ce6__Natan Pereira BTS coral series 17.4.xlsx,2026-03-19 06:13:27.744,739694.0,88.0,47.0,42.0,789.0,6.598347005861978,,SHP2L,,SHP2L,,,OK,16.0,15.0,15.0,0.0,0.0,6.137414621794941,-0.0784329303720454,8.71255058941815,8.642634407773881,0.0699161816442686,11.420349093048412,11.546632902402758,-0.1262838093543461,-0.1923710421778806,-0.0096943247227792,-0.0097415435660946,8.05138629621596,15.0,True,-0.6767379595304639,-6.172841979565994,0.0262712505253998,0.0218719283598584,8.012169831029937,8.090602761401982,,0.4609323840670374
22.0,GIRMS\IRMS-operator,2026-03-19 06:45:36.651,2026-03-19 08:03:55.380,Running,False,BTS,130,22.0,2.0,12.0,True,Unknown,,"0.001 V, 0.001 V, 0.001 V",45 µbar,72 °C,,5.304 V,9.5189 kV,35 µbar,Carbon Dioxide: 0.0189 kV,57 µbar,5.116 V,5.926 V,88 µbar/min,3.326 V,7.34E-008 mbar,46 %,748 µbar,µ-Volume,,Pre,5.043401327906691,5.46913522155565,5.530891327230154,7.206707154822143,7.388441716742308,5.176314144547056,-3.601009722751347,-3.8010272744825047,-3.5916309476556365,0.020987512833042,0.0054189525120457,-3.747814207774325,0.0258283131764493,0.0066688417862012,-3.7046250893580046,0.02217098462819608,-3.743719153511852,0.02583877106500559,ad2d4a9f2ce6__Natan Pereira BTS coral series 17.4.xlsx,2026-03-19 06:45:36.651,739694.0,88.0,57.0,35.0,748.0,4.060764976994751,,BTS,130,BTS,130,,OK,16.0,15.0,15.0,0.0,0.0,3.846703208563702,-0.0638514757156372,5.30428383248265,5.2947824281136375,0.0095014043690122,6.989888115334957,7.072902405177287,-0.08301428984233,-0.1561027033878785,-0.0128855792062544,-0.0129691366248626,4.923340509284941,15.0,True,-3.595976341193145,-3.740062325538473,0.0284788232585453,0.0261638167368432,4.891414771427122,4.95526624714276,,0.21406176843104863
23.0,GIRMS\IRMS-operator,2026-03-19 07:22:09.291,2026-03-19 08:33:57.140,Running,False,BTS,131,23.0,1.0,13.0,True,Unknown,,"0.001 V, 0.001 V, 0.002 V",32 µbar,72 °C,,4.837 V,9.5190 kV,40 µbar,Carbon Dioxide: 0.0190 kV,42 µbar,4.831 V,5.384 V,117 µbar/min,5.053 V,7.13E-008 mbar,48 %,682 µbar,µ-Volume,,Pre,4.762119072884175,5.163715245997076,5.230168958877905,6.804353735300709,6.98707953326316,4.894947897090697,-3.671517184017148,-3.8841670593083855,-3.689906304109887,0.0190586779791804,0.004920929494273,-3.854384991917704,0.0185417113646443,0.004635427841161,-3.8056567036697095,0.020368889847553563,-3.8502034627512507,0.018556161875461726,ad2d4a9f2ce6__Natan Pereira BTS coral series 17.4.xlsx,2026-03-19 07:22:09.291,739694.0,117.0,42.0,40.0,682.0,3.884443348616343,,BTS,131,BTS,131,,OK,16.0,15.0,15.0,0.0,0.0,3.647328931956479,-0.058392645740926,5.020370444544898,5.00954257664751,0.0108278678973885,6.615466616007495,6.691895852434721,-0.0764292364272254,-0.1428193465133982,-0.0124549884703749,-0.0125330378915942,4.659097518574422,15.0,True,-3.686601158343975,-3.8523995207583246,0.0256385091957431,0.0173428102250155,4.629901195703958,4.688293841444884,,0.237114416659864
24.0,GIRMS\IRMS-operator,2026-03-19 08:03:55.508,2026-03-19 09:06:02.934,Running,False,BTS,132,24.0,2.0,13.0,True,Unknown,,"0.001 V, 0.001 V, 0.002 V",47 µbar,72 °C,,4.218 V,9.5189 kV,42 µbar,Carbon Dioxide: 0.0189 kV,59 µbar,4.273 V,4.681 V,83 µbar/min,4.779 V,6.75E-008 mbar,55 %,733 µbar,µ-Volume,,Pre,2.027495676415948,2.218783247802399,4.636876962958448,2.9206084002342654,6.193913555697336,4.339537280125355,5.497988620506655,4.2672259697194015,2.93932199972946,6.911153651556895,1.7844521997040288,23.465005479536643,10.049357441494358,2.594732934066215,2.2832107386362286,7.23689400639343,23.483604451012837,10.05301962013983,ad2d4a9f2ce6__Natan Pereira BTS coral series 17.4.xlsx,2026-03-19 08:03:55.508,739694.0,83.0,59.0,42.0,733.0,0.14107512822602197,,BTS,132,BTS,132,,OK,16.0,15.0,15.0,0.0,0.0,3.2464883442790313,-3.9802836139949385,4.444925671307842,0.1961875033270647,4.248738167980777,5.937479717266776,0.2590022506582852,5.678477466608491,-0.4253071139806468,-0.956856374279198,-1.8345630470933845,2.1696085181161564,15.0,True,4.332324302245587,26.9052841381111,9.192850945438163,11.704521342024162,0.1794667111186873,4.159750325113626,,-3.1054132160530092
25.0,GIRMS\IRMS-operator,2026-03-19 08:33:57.313,2026-03-19 08:53:08.579,,False,,,,,14.0,True,,,,40 µbar,72 °C,,,,,,,,,,,,,,,,,,,,,,,,,,,,,,,,,,,ad2d4a9f2ce6__Natan Pereira BTS coral series 17.4.xlsx,,,,,,,,,BTS,133,BTS,133,,OK,,,,,,,,,,,,,,,,,,,True,,,,,,,,
26.0,GIRMS\IRMS-operator,2026-03-19 10:33:29.857,2026-03-19 11:35:01.577,Running,False,SHP2L,,26.0,2.0,14.0,True,QC Standard,SHP2L,"0.001 V, 0.001 V, 0.001 V",23 µbar,72 °C,,12.184 V,9.5189 kV,27 µbar,Carbon Dioxide: 0.0189 kV,45 µbar,11.116 V,14.049 V,137 µbar/min,3.334 V,1.11E-007 mbar,13 %,802 µbar,µ-Volume,,Pre,10.85800744987936,11.799819310222896,11.929292329767057,15.47652044533938,15.942628767482931,11.17167689300985,-0.863058610410028,-6.087200835171225,-0.9051647515901928,0.0273616865794197,0.0068404216448549,-6.110631491049026,0.027762084450139,0.0069405211125347,-0.742317202988084,0.0285724118497491,-6.115138131535706,0.02774902875573813,ad2d4a9f2ce6__Natan Pereira BTS coral series 17.4.xlsx,2026-03-19 10:33:29.857,739694.0,137.0,45.0,27.0,802.0,8.44900428748131,,SHP2L,,SHP2L,,,OK,16.0,15.0,15.0,0.0,0.0,7.912824936373413,-0.1307023982620663,11.37902224920065,11.32081831357748,0.0582039356231689,14.924059894077477,15.12789287804812,-0.2038329839706438,-0.3197184316779133,-0.0123293944685686,-0.0124058729190415,10.535526126618118,15.0,True,-0.9079718276688704,-6.112193534774213,0.025827457869899,0.0279992406164815,10.470174927487085,10.60087732574915,,0.5361793511078972
27.0,GIRMS\IRMS-operator,2026-03-19 11:05:50.181,2026-03-19 12:03:43.176,Running,False,BTS,134,27.0,1.0,15.0,True,Unknown,,"0.002 V, 0.002 V, 0.002 V",27 µbar,72 °C,,4.571 V,9.5186 kV,35 µbar,Carbon Dioxide: 0.0186 kV,49 µbar,4.282 V,5.074 V,88 µbar/min,10.839 V,6.85E-008 mbar,55 %,689 µbar,µ-Volume,,Pre,4.269254073378426,4.634429716339858,4.647562537615423,6.099121149136909,6.208078335876654,4.3495666290447295,-2.577350008322598,-3.968296585807552,-2.6027777306953035,0.0251502787769745,0.0062875696942436,-3.9366391752333993,0.0242082751849654,0.0062505497754518,-2.6392303171811418,0.027075639016554034,-3.934992911262426,0.02425622308479764,ad2d4a9f2ce6__Natan Pereira BTS coral series 17.4.xlsx,2026-03-19 11:05:50.181,739694.0,88.0,49.0,35.0,689.0,3.476461279534418,,BTS,134,BTS,134,,OK,16.0,15.0,15.0,0.0,0.0,3.2587122390013574,-0.0236943807819205,4.501322541659003,4.455988481218355,0.0453340604406484,5.923987968645635,5.951995969829585,-0.0280080011839496,-0.0583502540797971,-0.00568177604875,-0.0056979633245219,4.1583947513225406,15.0,True,-2.6044729121868166,-3.938541449875111,0.0250690107061518,0.0277374387984673,4.14654756093158,4.170241941713501,,0.21774904053306043
28.0,GIRMS\IRMS-operator,2026-03-19 11:35:01.731,2026-03-19 12:36:55.945,Running,False,BTS,135,28.0,2.0,15.0,True,Unknown,,"0.001 V, 0.001 V, 0.002 V",42 µbar,72 °C,,4.610 V,9.5188 kV,491 µbar,Carbon Dioxide: 0.0188 kV,52 µbar,4.581 V,5.119 V,112 µbar/min,4.242 V,7.02E-008 mbar,50 %,770 µbar,µ-Volume,,Pre,4.525695548896644,4.909876553261946,4.964817029793021,6.4698434767052975,6.631863493337347,4.646250622177819,-3.2010429969090426,-3.3330679710116278,-3.2044131026311686,0.0226482411063938,0.0058477507083969,-3.355035920569571,0.0294792275037064,0.0073698068759266,-3.3048039633690443,0.024399865220066156,-3.351415543890956,0.02954098711731304,ad2d4a9f2ce6__Natan Pereira BTS coral series 17.4.xlsx,2026-03-19 11:35:01.731,739694.0,112.0,52.0,491.0,770.0,3.689444991121646,,BTS,135,BTS,135,,OK,16.0,15.0,15.0,0.0,0.0,3.4700937055229613,-0.0536088228492639,4.771966569455306,4.757353573287332,0.0146129961679744,6.288107310553224,6.354640995283754,-0.0665336847305297,-0.1311738433981745,-0.0120408589383139,-0.0121137891515047,4.425438001172791,15.0,True,-3.1987826542101714,-3.356500450540101,0.0320801063464091,0.029905337895397,4.39863358974816,4.452242412597424,,0.21935128559868478
29.0,GIRMS\IRMS-operator,2026-03-19 12:03:43.349,2026-03-19 13:09:57.839,Running,False,BTS,136,29.0,1.0,16.0,True,Unknown,,"0.001 V, 0.001 V, 0.002 V",47 µbar,72 °C,,2.789 V,9.5189 kV,35 µbar,Carbon Dioxide: 0.0189 kV,57 µbar,3.175 V,3.060 V,259 µbar/min,4.532 V,6.03E-008 mbar,85 %,640 µbar,µ-Volume,2.619 V,Pre,2.7183124142322543,2.9522926148167805,3.4696753392137496,3.883953324803263,4.634766699045292,3.246844771153287,-2.190756784465009,-3.92847550280806,-2.215377001126853,0.0236546268907045,0.0059136567226761,-3.924403084519412,0.0261472234390061,0.0065368058597515,-2.225293977203932,0.025089391416717205,-3.9236128866983186,0.026162161409893483,ad2d4a9f2ce6__Natan Pereira BTS coral series 17.4.xlsx,2026-03-19 12:03:43.349,739694.0,259.0,57.0,35.0,640.0,2.2414162303881016,,BTS,136,BTS,136,,OK,16.0,15.0,15.0,0.0,0.0,2.4594760275598126,-0.4723395589312797,3.332696683268014,2.874139318015917,0.4585573652520969,4.451397907785485,3.780922808721418,0.6704750990640669,-0.9926596695879202,-0.151456582008128,-0.1638658638298686,2.882476849612067,15.0,True,-2.21701834890431,-3.924131589966835,0.0235228691060151,0.0270415938528576,2.646307070146427,3.118646629077707,,-0.2180597971717111
30.0,GIRMS\IRMS-operator,2026-03-19 12:36:56.086,2026-03-19 13:56:41.619,Running,False,BTS,137,30.0,2.0,16.0,True,Unknown,,"0.001 V, 0.001 V, 0.001 V",32 µbar,72 °C,,4.156 V,9.5188 kV,37 µbar,Carbon Dioxide: 0.0188 kV,52 µbar,4.091 V,4.602 V,93 µbar/min,3.340 V,6.65E-008 mbar,60 %,684 µbar,µ-Volume,,Pre,4.0761846889107805,4.429790817440693,4.444210411605801,5.834008835683995,5.936066888700657,4.158951672170942,-1.546316893276889,-2.172995054122273,-1.5642203879207006,0.0163098095563068,0.0040774523890767,-2.1998584542357174,0.0264480712097729,0.0066120178024432,-1.5923870450848672,0.017544124244611953,-2.1986862914826837,0.02647893569113956,ad2d4a9f2ce6__Natan Pereira BTS coral series 17.4.xlsx,2026-03-19 12:36:56.086,739694.0,93.0,52.0,37.0,684.0,3.3344646024335365,,BTS,137,BTS,137,,OK,16.0,15.0,15.0,0.0,0.0,3.1218213513704844,-0.0253660340620491,4.3073526782781855,4.262575961355387,0.0447767169227981,5.672539852987461,5.6934759844648175,-0.0209361314773568,-0.0624243405069243,-0.0063592295446517,-0.0063795139414201,3.9761703313093273,15.0,True,-1.5654139542302878,-2.201649347576614,0.0161427652701787,0.0263530362993476,3.963487314278303,3.988853348340352,,0.21264325106305204
31.0,GIRMS\IRMS-operator,2026-03-19 13:09:58.005,2026-03-19 14:23:50.477,Running,False,SHP2L,,31.0,1.0,17.0,True,QC Standard,SHP2L,"0.001 V, 0.001 V, 0.002 V",47 µbar,72 °C,,11.434 V,9.5189 kV,42 µbar,Carbon Dioxide: 0.0189 kV,57 µbar,10.520 V,13.092 V,166 µbar/min,4.054 V,1.06E-007 mbar,14 %,860 µbar,µ-Volume,,Pre,10.304516145546406,11.198720591033542,11.295011894668184,14.68672480086149,15.093928832805766,10.577307107636663,-0.8627453013396735,-6.131104071546711,-0.9189318075356536,0.0280248765198847,0.0072359920027355,-6.157656437700297,0.0167938186911956,0.0041984546727989,-0.7552895213736402,0.029627103993669742,-6.162168102406933,0.01678305407185646,ad2d4a9f2ce6__Natan Pereira BTS coral series 17.4.xlsx,2026-03-19 13:09:58.005,739694.0,166.0,57.0,42.0,860.0,8.07747180056732,,SHP2L,,SHP2L,,,OK,16.0,15.0,15.0,0.0,0.0,7.526461436816511,-0.0993113032497383,10.811782138312902,10.72979594942435,0.0819861888885515,14.178371686733378,14.337635297573222,-0.1592636108398437,-0.243532253593189,-0.0098845945544207,-0.0099336898024842,9.997423437251117,15.0,True,-0.9294505518097368,-6.159426595443869,0.0343307475442131,0.0157626483647264,9.947767785626246,10.047079088875984,,0.5510103637508088
32.0,GIRMS\IRMS-operator,2026-03-19 13:56:41.784,2026-03-19 14:59:44.958,Running,False,BTS,138,32.0,2.0,17.0,True,Unknown,,"0.002 V, 0.002 V, 0.002 V",37 µbar,72 °C,,2.987 V,9.5188 kV,37 µbar,Carbon Dioxide: 0.0188 kV,45 µbar,3.225 V,3.273 V,107 µbar/min,10.267 V,6.06E-008 mbar,90 %,621 µbar,µ-Volume,2.678 V,Pre,2.7844753723414706,3.024088229849492,3.5230300591449346,3.978567800276544,4.705594068231814,3.29686523519396,-2.180939987553976,-3.804873939790232,-2.185992132915953,0.0272367889646771,0.0068091972411692,-3.806065981398196,0.0305063584117037,0.0076265896029259,-2.1982342477905243,0.029114134862905254,-3.805215038868139,0.03053634756151696,ad2d4a9f2ce6__Natan Pereira BTS coral series 17.4.xlsx,2026-03-19 13:56:41.784,739694.0,107.0,45.0,37.0,621.0,2.2992826695837802,,BTS,138,BTS,138,,OK,16.0,15.0,15.0,0.0,0.0,2.496637730158325,-0.4556748634841794,3.383920440870312,2.944221520619052,0.4396989202512595,4.519577904574199,3.873634023294765,0.6459438812794334,-0.9661695130260092,-0.1438965077896412,-0.1550522461635808,2.938847225750218,15.0,True,-2.1863289426067523,-3.806145450838727,0.0281582445581086,0.0315753665956268,2.7110097940081284,3.166684657492308,,-0.19735506057454488
33.0,GIRMS\IRMS-operator,2026-03-19 14:23:50.685,2026-03-19 15:31:05.645,Running,False,BTS,139,33.0,1.0,18.0,True,Unknown,,"0.001 V, 0.001 V, 0.001 V",47 µbar,72 °C,,2.550 V,9.5190 kV,37 µbar,Carbon Dioxide: 0.0190 kV,57 µbar,3.201 V,2.796 V,112 µbar/min,3.202 V,6.03E-008 mbar,98 %,621 µbar,µ-Volume,2.398 V,Pre,2.4888175098118803,2.702488269183468,3.498386411110185,3.556229363525272,4.672915221646688,3.2736586759603865,-2.4097337665238694,-3.889005210384156,-2.406897067604829,0.0267535138148995,0.0066883784537248,-3.8928112318989143,0.0172705814268958,0.0044592449497124,-2.431536755285311,0.028499618678865253,-3.891549573785813,0.01729630499611482,ad2d4a9f2ce6__Natan Pereira BTS coral series 17.4.xlsx,2026-03-19 14:23:50.685,739694.0,112.0,57.0,37.0,621.0,2.046254341334545,,BTS,139,BTS,139,,OK,16.0,15.0,15.0,0.0,0.0,2.479196178586979,-0.7227652332637473,3.360163239876054,2.6295116173035504,0.7306516225725037,4.488255273575522,3.4600089712775133,1.0282463022980086,-1.3785943546256998,-0.2298643044696802,-0.2597137666339354,2.782930002638171,15.0,True,-2.406707954343561,-3.888997800808344,0.027681445827639,0.023398894488733,2.421547386006297,3.144312619270045,,-0.43294183725243407
34.0,GIRMS\IRMS-operator,2026-03-19 14:59:45.135,2026-03-19 16:16:49.268,Running,False,BTS,140,34.0,2.0,18.0,True,Unknown,,"0.001 V, 0.001 V, 0.001 V",35 µbar,72 °C,,9.559 V,9.5190 kV,37 µbar,Carbon Dioxide: 0.0190 kV,47 µbar,8.882 V,10.867 V,78 µbar/min,3.327 V,9.58E-008 mbar,20 %,777 µbar,µ-Volume,,Pre,8.701273937311152,9.44059887145876,9.541435029257526,12.432244623838068,12.748370191604463,8.932763476457575,-2.7558151411594123,-3.7642353998792455,-2.808037040766195,0.0261736328560474,0.0065434082140118,-3.7463870395741727,0.0140122486261366,0.0036179470381296,-2.8699024586881445,0.02446017602377919,-3.74407211324231,0.014022786222819985,ad2d4a9f2ce6__Natan Pereira BTS coral series 17.4.xlsx,2026-03-19 14:59:45.135,739694.0,78.0,47.0,37.0,777.0,6.902638956488027,,BTS,140,BTS,140,,OK,16.0,15.0,15.0,0.0,0.0,6.4314342930291755,-0.0849451245191676,9.133202817190876,9.082285549391498,0.0509172677993774,12.02767848324944,12.134710571319427,-0.1070320880699871,-0.2082811196900545,-0.0099902818590658,-0.010040435248124,8.460303006788322,15.0,True,-2.811518500739981,-3.742918653756777,0.0229392841485493,0.0156248213862207,8.41783044452874,8.502775569047907,,0.4712046634588516
35.0,GIRMS\IRMS-operator,2026-03-19 15:31:05.779,2026-03-19 16:44:02.186,Running,False,BTS,141,35.0,1.0,19.0,True,Unknown,,"0.002 V, 0.002 V, 0.002 V",45 µbar,72 °C,,2.640 V,9.5189 kV,37 µbar,Carbon Dioxide: 0.0189 kV,57 µbar,3.258 V,2.888 V,117 µbar/min,8.715 V,6.09E-008 mbar,100 %,631 µbar,µ-Volume,2.353 V,Pre,2.4476696376782368,2.655238251501101,3.557610880583109,3.4969285832808734,4.751888281042697,3.3292094047497125,-3.3344626899595164,-3.940688458240693,-3.3823660898622605,0.0311085519494116,0.0077771379873529,-3.9486103478878207,0.0303690406640521,0.007592260166013,-3.473106126940614,0.033306047630074734,-3.9452141571411357,0.03040176578524912,ad2d4a9f2ce6__Natan Pereira BTS coral series 17.4.xlsx,2026-03-19 15:31:05.779,739694.0,117.0,57.0,37.0,631.0,2.013823729739809,,BTS,141,BTS,141,,OK,16.0,15.0,15.0,0.0,0.0,2.5203238258436453,-0.8155452742439571,3.416750203817667,2.5837454907591955,0.8330047130584717,4.563488248898203,3.4027682354952558,1.1607200134029476,-1.504658965998831,-0.2550656285481368,-0.2923498244073338,2.789621221416059,15.0,True,-3.385559649855778,-3.9491384738642967,0.0293603376320036,0.0313587984595074,2.3818485842940804,3.197393858538037,,-0.5065000961038364
36.0,GIRMS\IRMS-operator,2026-03-19 16:16:49.478,2026-03-19 17:20:40.358,Running,False,SHP2L,,36.0,2.0,19.0,True,QC Standard,SHP2L,"0.001 V, 0.001 V, 0.001 V",35 µbar,72 °C,,16.546 V,9.5189 kV,40 µbar,Carbon Dioxide: 0.0189 kV,47 µbar,11.877 V,19.222 V,73 µbar/min,3.233 V,1.15E-007 mbar,10 %,826 µbar,µ-Volume,15.159 V,Pre,16.061122323575493,17.44436874829379,12.770381121264371,22.888858927768624,17.06682623772041,11.960233356061456,-1.3289466060952826,-6.206139514325915,-1.2906142149138595,0.0484991480892375,0.0121247870223093,-6.204018618321871,0.0098423041507244,0.0026304664306024,-1.1513113313637648,0.05176642219610113,-6.20773517835028,0.00984111648565903,ad2d4a9f2ce6__Natan Pereira BTS coral series 17.4.xlsx,2026-03-19 16:16:49.478,739694.0,73.0,47.0,40.0,826.0,12.36130406712487,,SHP2L,,SHP2L,,,OK,16.0,15.0,15.0,0.0,0.0,8.424729237004128,4.116609692573549,16.785782127009305,12.105804233179962,4.679977893829344,22.023846520465767,16.178240193408882,5.845606327056885,13.897598178675352,0.3631011049393183,0.3073089883292508,13.395669664445396,15.0,True,-1.288058722168432,-6.203425780626292,0.0490736910308382,0.0159741403889799,15.45397451073217,11.33736481815862,,3.936574830120742
37.0,GIRMS\IRMS-operator,2026-03-19 16:44:02.405,2026-03-19 17:53:57.041,Running,False,BTS,142,37.0,1.0,20.0,True,Unknown,,"0.002 V, 0.002 V, 0.002 V",47 µbar,72 °C,,2.634 V,9.5189 kV,42 µbar,Carbon Dioxide: 0.0189 kV,59 µbar,3.142 V,2.885 V,137 µbar/min,11.551 V,5.88E-008 mbar,100 %,643 µbar,µ-Volume,2.349 V,Pre,2.4438554901094216,2.65014165583688,3.43407021404375,3.4910916899715403,4.586974359048692,3.2136841638707465,-3.665757255722935,-4.05824974897262,-3.671863162605652,0.0242652133596535,0.0062652511489405,-4.034246403872074,0.0256671575451398,0.0066272315811205,-3.779825449737547,0.026340133324204183,-4.030319679993456,0.025694941101534176,ad2d4a9f2ce6__Natan Pereira BTS coral series 17.4.xlsx,2026-03-19 16:44:02.405,739694.0,137.0,59.0,42.0,643.0,2.011227610234621,,BTS,142,BTS,142,,OK,16.0,15.0,15.0,0.0,0.0,2.436543055194239,-0.709347538578426,3.298924462784468,2.578643006912225,0.7202814558722426,4.406342655320687,3.3968272139520894,1.0095154413685976,-1.3531706821349243,-0.2297680581782255,-0.2595909075527893,2.732559261283741,15.0,True,-3.65930932289534,-4.028396702657555,0.0558304529096623,0.0295161707053003,2.3778854919945283,3.0872330305729543,,-0.4253154449596179
38.0,GIRMS\IRMS-operator,2026-03-19 17:20:40.503,2026-03-19 18:38:11.884,Running,False,BTS,143,38.0,2.0,20.0,True,Unknown,,"0.001 V, 0.001 V, 0.001 V",37 µbar,72 °C,,0.008 V,9.5190 kV,37 µbar,Carbon Dioxide: 0.0190 kV,37 µbar,3.334 V,0.008 V,459 µbar/min,3.335 V,6.03E-008 mbar,100 %,32 µbar,µ-Volume,0.010 V,Pre,0.0086420637492175,0.0092876973621446,3.6395170511474695,0.012294657227264,4.861519504251627,3.405976757307405,-12.571834677377325,-8.179504711704034,-13.35885327295659,0.949058644960601,0.2450458884337723,-10.204059233022369,1.3731256574214634,0.3545395202295625,-13.908877924377538,0.9758619670503793,-10.184657768393567,1.3731355697887841,ad2d4a9f2ce6__Natan Pereira BTS coral series 17.4.xlsx,2026-03-19 17:20:40.503,739694.0,459.0,37.0,37.0,32.0,0.007605813164684302,,BTS,143,BTS,143,,Failed Sample,16.0,15.0,15.0,0.0,0.0,2.571947005023756,-3.259059173107079,3.4914334011750427,0.0089650462150713,3.4824683549599715,4.663731719006616,0.0118276128664794,4.651904106140137,-0.0206320086705156,-0.997443903314568,-1.9898016811472885,1.6378814049588886,15.0,True,,,,,0.008351818405349,3.267410991512428,,-2.5643411918590715
39.0,GIRMS\IRMS-operator,2026-03-19 17:53:57.212,2026-03-19 19:04:22.717,Running,False,BTS,144,39.0,1.0,21.0,True,Unknown,,"0.001 V, 0.001 V, 0.001 V",45 µbar,72 °C,,4.325 V,9.5190 kV,40 µbar,Carbon Dioxide: 0.0190 kV,57 µbar,4.245 V,4.811 V,112 µbar/min,3.311 V,6.65E-008 mbar,57 %,723 µbar,µ-Volume,,Pre,4.23444286694745,4.59644437421784,4.607064030502173,6.049569564760547,6.1536753243302345,4.311595211077401,-2.6579423598175334,-3.914221821827324,-2.690854762789893,0.0181484585595504,0.0045371146398876,-3.920280780975142,0.019551193230097,0.0050480963852432,-2.734332981947307,0.01967107618267104,-3.918415092437703,0.019582972314689397,ad2d4a9f2ce6__Natan Pereira BTS coral series 17.4.xlsx,2026-03-19 17:53:57.212,739694.0,112.0,57.0,40.0,723.0,3.43498575686034,,BTS,144,BTS,144,,OK,16.0,15.0,15.0,0.0,0.0,3.231290484511394,-0.0224069257128673,4.46314401855075,4.417749649181219,0.0453943693695313,5.874263650784398,5.900474793324376,-0.026211142539978,-0.0551942752768103,-0.0054198843263152,-0.0054346118099995,4.123003904646726,15.0,True,-2.6930489229880505,-3.917438397731132,0.016442664163852,0.0232452216887825,4.111800441790292,4.134207367503159,,0.2036952723489458
40.0,GIRMS\IRMS-operator,2026-03-19 18:38:12.085,2026-03-19 19:41:36.900,Running,False,BTS,145,40.0,2.0,21.0,True,Unknown,,"0.001 V, 0.001 V, 0.001 V",35 µbar,72 °C,,2.225 V,9.5190 kV,40 µbar,Carbon Dioxide: 0.0190 kV,49 µbar,3.275 V,2.421 V,98 µbar/min,4.202 V,6.00E-008 mbar,100 %,565 µbar,µ-Volume,2.099 V,Pre,2.169145386902636,2.3557336905901654,3.576843431708581,3.099580725999311,4.776728187962103,3.346584525539872,-2.3299377051364534,-3.765471774153095,-2.407791756714861,0.0348115660728901,0.0089883077103801,-3.7544303034084128,0.0406318625113687,0.0101579656278421,-2.437628610629839,0.03714793262552853,-3.75300505531096,0.040639574316176874,ad2d4a9f2ce6__Natan Pereira BTS coral series 17.4.xlsx,2026-03-19 18:38:12.085,739694.0,98.0,49.0,40.0,565.0,1.8021023906455644,,BTS,145,BTS,145,,OK,16.0,15.0,15.0,0.0,0.0,2.531948065928813,-1.1000860403520258,3.4343958610131864,2.295155309890224,1.1392405511229624,4.586912344027886,3.020318242163999,1.566594101863887,-1.791943082322029,-0.3423034425736204,-0.4129868534022367,2.663731378588401,15.0,True,-2.421774019054028,-3.753694205358768,0.0425645117771999,0.0419474008098711,2.113688358412388,3.213774398764414,,-0.7298456752832485
41.0,GIRMS\IRMS-operator,2026-03-19 19:04:22.859,2026-03-19 20:14:15.657,Running,False,SHP2L,,41.0,1.0,22.0,True,QC Standard,SHP2L,"0.001 V, 0.001 V, 0.001 V",45 µbar,72 °C,,0.056 V,9.5190 kV,35 µbar,Carbon Dioxide: 0.0190 kV,40 µbar,3.246 V,0.052 V,752 µbar/min,3.247 V,5.83E-008 mbar,100 %,81 µbar,µ-Volume,0.054 V,Pre,0.0513163884321094,0.0555861972540535,3.546905078571257,0.0727054141787271,4.737636829461456,3.3192566492480458,-4.792682267696247,-12.222311310977506,-4.130189266357657,0.4120923560986556,0.1030230890246639,-11.013945656348524,0.8106120957184577,0.2026530239296144,-4.06643130603641,0.3620846814596195,-11.016448477371574,0.8106407025066694,ad2d4a9f2ce6__Natan Pereira BTS coral series 17.4.xlsx,2026-03-19 19:04:22.859,739694.0,752.0,40.0,35.0,81.0,0.04592754573959064,,SHP2L,,SHP2L,,,Failed Sample,16.0,15.0,15.0,0.0,0.0,2.5102612140168272,-3.134689947759829,3.403604608616485,0.0546053962099606,3.348999212406524,4.546023163143834,0.071423398629978,4.474599764513856,-0.1228426399944446,-0.9841772283191964,-1.937694754943826,1.6177418758873114,15.0,True,,,,,0.0503969020073969,3.185086849767226,,-2.4643336682772365
42.0,GIRMS\IRMS-operator,2026-03-19 19:41:37.058,2026-03-19 21:00:37.217,Running,False,BTS,146,42.0,2.0,22.0,True,Unknown,,"0.001 V, 0.001 V, 0.001 V",32 µbar,72 °C,,3.810 V,9.5190 kV,40 µbar,Carbon Dioxide: 0.0190 kV,49 µbar,3.781 V,4.213 V,93 µbar/min,3.331 V,6.24E-008 mbar,66 %,667 µbar,µ-Volume,,Pre,3.741592931548155,4.063567185629498,4.114748174811245,5.347000961467051,5.495977051887481,3.850822280835165,-2.126085997044336,-3.6266133410362,-2.1449471551742443,0.0246762292424989,0.0063713749935596,-3.581657854699896,0.0298137020819744,0.0074534255204936,-2.162568319429677,0.026356478463921508,-3.580667485974319,0.0298350242115537,ad2d4a9f2ce6__Natan Pereira BTS coral series 17.4.xlsx,2026-03-19 19:41:37.058,739694.0,93.0,49.0,40.0,667.0,3.0654129054956165,,BTS,146,BTS,146,,OK,16.0,15.0,15.0,0.0,0.0,2.8980121708007864,-0.0558087971815983,3.952304674192373,3.9483771860731527,0.0039274881192206,5.201133494540476,5.2738307526648205,-0.0726972581243448,-0.1361335782502754,-0.015103466522363,-0.0152183917575804,3.667194147095027,15.0,True,-2.14200652464512,-3.578660822277477,0.0292827028880201,0.0282553707608227,3.639289748504228,3.6950985456858265,,0.16740073469483008
43.0,GIRMS\IRMS-operator,2026-03-19 20:14:15.867,2026-03-19 21:26:15.207,Running,False,BTS,147,43.0,1.0,23.0,True,Unknown,,"0.001 V, 0.001 V, 0.001 V",47 µbar,72 °C,,3.860 V,9.5189 kV,42 µbar,Carbon Dioxide: 0.0189 kV,59 µbar,3.849 V,4.273 V,103 µbar/min,3.747 V,6.27E-008 mbar,64 %,711 µbar,µ-Volume,,Pre,3.778316545912944,4.102817254936741,4.185512579982323,5.398638747121034,5.590163371945559,3.917090663075313,-2.254881863059888,-3.70038294638253,-2.244162404159966,0.0241890574933441,0.0062455877888116,-3.713742518861515,0.0353771957819316,0.0088442989454829,-2.263864319852031,0.025679148820855344,-3.7126840661865224,0.03539692437443923,ad2d4a9f2ce6__Natan Pereira BTS coral series 17.4.xlsx,2026-03-19 20:14:15.867,739694.0,103.0,59.0,42.0,711.0,3.0769848822876025,,BTS,147,BTS,147,,OK,16.0,15.0,15.0,0.0,0.0,2.9463386666288938,-0.0878312548406881,3.985604944550676,4.015505231921715,-0.029900287371039,5.244218013669191,5.363203785802065,-0.1189857721328735,-0.2124469627040197,-0.0233713728390291,-0.0236477125929288,3.714154360407414,15.0,True,-2.232664642266236,-3.714633157026781,0.0479998098587265,0.0364327295935891,3.67023873298707,3.758069987827758,,0.1306462156587087
44.0,GIRMS\IRMS-operator,2026-03-19 21:00:37.423,2026-03-19 22:03:24.903,Running,False,BTS,148,44.0,2.0,23.0,True,Unknown,,"0.001 V, 0.001 V, 0.001 V",40 µbar,72 °C,,4.799 V,9.5191 kV,42 µbar,Carbon Dioxide: 0.0191 kV,52 µbar,4.689 V,5.325 V,68 µbar/min,3.809 V,6.85E-008 mbar,49 %,711 µbar,µ-Volume,,Pre,4.700006966622349,5.1014326939355,5.080436957813369,6.716664223155115,6.785396330569951,4.754664425881383,-2.67587375921452,-3.5244542246640758,-2.6776770467899684,0.0232774227519907,0.0060102047107393,-3.539777584933283,0.0254657190194925,0.0063664297548731,-2.7342210517223853,0.024742464637094216,-3.5375220980093314,0.02548207365421473,ad2d4a9f2ce6__Natan Pereira BTS coral series 17.4.xlsx,2026-03-19 21:00:37.423,739694.0,68.0,52.0,42.0,711.0,3.826292334357488,,BTS,148,BTS,148,,OK,16.0,15.0,15.0,0.0,0.0,3.548856104645292,0.0093329407069076,4.954988575981862,4.86767305810733,0.0873155178745319,6.5234490677556805,6.501387147387597,0.0220619203680838,0.0231621725101521,0.0020486251281179,0.0020465288429114,4.560375847735488,15.0,True,-2.6823020380197056,-3.5407991422845635,0.0290658688852867,0.026017965793476,4.565042318088941,4.555709377382033,,0.2774362297121957
45.0,GIRMS\IRMS-operator,2026-03-19 21:26:15.394,2026-03-19 22:37:03.179,Running,False,BTS,149,45.0,1.0,24.0,True,Unknown,,"0.001 V, 0.001 V, 0.002 V",47 µbar,72 °C,,3.071 V,9.5191 kV,37 µbar,Carbon Dioxide: 0.0191 kV,57 µbar,3.229 V,3.380 V,88 µbar/min,4.639 V,5.74E-008 mbar,90 %,662 µbar,µ-Volume,2.758 V,Pre,2.860418498947148,3.10388666093895,3.5275369882583623,4.08789357547268,4.711361942030295,3.301301940764067,-2.982985576294284,-3.5152071776940463,-2.9991617416529484,0.0278386569614412,0.0071879103194962,-3.489334897197072,0.0283823263022976,0.0073282851396948,-3.080076479927518,0.029909267175876882,-3.4863095144581635,0.02841904129285063,ad2d4a9f2ce6__Natan Pereira BTS coral series 17.4.xlsx,2026-03-19 21:26:15.394,739694.0,88.0,57.0,37.0,662.0,2.341076391544393,,BTS,149,BTS,149,,OK,16.0,15.0,15.0,0.0,0.0,2.5002730079134894,-0.3900367783447889,3.387942910194397,3.017243367611758,0.3706995425826389,4.524899096282769,3.974074455120392,0.5508246411623774,-0.8471671288254343,-0.1230162483933337,-0.1310786502952237,2.975593488842942,15.0,True,-2.995408328029936,-3.4829640263345225,0.0334128403311534,0.0325756269258525,2.780575099670548,3.1706118780153365,,-0.15919661636909632
46.0,GIRMS\IRMS-operator,2026-03-19 22:03:25.063,2026-03-19 23:20:35.152,Running,False,SHP2L,,46.0,2.0,24.0,True,QC Standard,SHP2L,"0.001 V, 0.001 V, 0.001 V",35 µbar,72 °C,,18.465 V,9.5193 kV,42 µbar,Carbon Dioxide: 0.0193 kV,49 µbar,12.253 V,21.600 V,83 µbar/min,3.338 V,1.15E-007 mbar,10 %,833 µbar,µ-Volume,16.825 V,Pre,17.884263056538572,19.420970328240344,13.16903913774962,25.484428765336588,17.59736335472257,12.333759325764651,-1.5143560942300072,-6.1655050956226365,-1.3901562952010962,0.0929869631330829,0.0232467407832707,-6.134930911611026,0.0182485804969577,0.0045621451242394,-1.2603698548242361,0.0990374572675376,-6.138371013043057,0.018125659681145115,ad2d4a9f2ce6__Natan Pereira BTS coral series 17.4.xlsx,2026-03-19 22:03:25.063,739694.0,83.0,49.0,42.0,833.0,13.618252954725058,,SHP2L,,SHP2L,,,OK,16.0,15.0,15.0,0.0,0.0,8.66803040065474,5.499896106232713,18.66127932825561,12.47556889811034,6.185710430145267,24.486050965348795,16.6696617622772,7.816389203071594,20.03379169544717,0.4707426255064971,0.3810535509824669,14.433394183186014,15.0,True,-1.3818763085991688,-6.132892632676919,0.0899383387739927,0.0168989875206747,17.18334223630237,11.683446130069656,,4.950222554070319
1.0,GIRMS\IRMS-operator,2026-01-28 13:39:29.204,2026-01-28 14:31:37.613,Success,False,SHP2L,,1.0,1.0,2.0,True,QC Standard,SHP2L,"0.001 V, 0.000 V, 0.001 V",32 µbar,72 °C,,4.204 V,9.5207 kV,47 µbar,Carbon Dioxide: 0.0207 kV,"1,134 µbar",4.346 V,4.808 V,498 µbar/min,2.334 V,5.97E-008 mbar,47 %,809 µbar,µ-Volume,,Pre,3.906936885694445,4.24985636150273,4.40237880688965,5.564525192504422,5.873583803019554,4.118882191518398,-0.8184997732759713,-6.121561931101693,-0.8359469711368218,0.0149917849863553,0.0056663621118354,-6.077596641088423,0.0335446495202343,0.0118598245741418,-0.6695084363502904,0.0163135762044677,-6.082204398089486,0.0335817881053461,25d42f1b32ab__Natan Pereira BTS coral series 2.xlsx,2026-01-28 13:39:29.204,739644.0,498.0,1134.0,47.0,809.0,3.5913996346321158,,SHP2L,,SHP2L,,,OK,8.0,7.0,7.0,0.0,0.0,3.641666062084704,-0.1583312147366773,4.14448602188405,4.241641314904412,-0.0971552930203625,5.426823693234459,5.659063943442134,-0.232240250207675,-0.135529145376364,-0.0398972925233652,-0.0407093897387934,3.889304549947548,7.0,True,-0.8483069489398127,-6.0713158853722415,0.0281240234220898,0.0307344069069505,3.8101389425792096,3.968470157315887,,-0.050266427452588136
2.0,GIRMS\IRMS-operator,2026-01-28 14:12:07.686,2026-01-28 15:00:46.951,Success,False,BTS,997,2.0,2.0,2.0,True,Unknown,,"0.001 V, 0.001 V, 0.001 V",35 µbar,72 °C,,23.703 V,9.5206 kV,45 µbar,Carbon Dioxide: 0.0206 kV,303 µbar,15.255 V,28.205 V,66 µbar/min,4.318 V,1.42E-007 mbar,10 %,990 µbar,µ-Volume,21.231 V,Pre,21.02432276132874,22.815737014707988,15.849965697225992,29.99608696874803,21.161859049169475,14.853438986571357,-1.6072564653515364,-3.488644260031593,-1.8965170850734208,0.1846525814118381,0.0652845462399558,-3.986022801670097,0.3678951091425072,0.1300705632200159,-1.8818222164566774,0.18406615858015057,-3.9860179068249013,0.36787650912414166,25d42f1b32ab__Natan Pereira BTS coral series 2.xlsx,2026-01-28 14:12:07.686,739644.0,66.0,303.0,45.0,990.0,17.94614146474175,,BTS,997,BTS,997,,OK,8.0,7.0,7.0,0.0,0.0,12.009505806596799,6.1731040477752686,21.766516452726787,14.817717557844585,6.948798894882202,28.61436189588732,19.78111745294755,8.833244442939765,7.950627102315906,0.4446057066202382,0.3637443088807338,16.970998300345464,7.0,True,-1.937840030747976,-4.057076879047026,0.1544081300525463,0.3328416771407463,20.057550324233095,13.88444627645783,,5.936635658144951
3.0,GIRMS\IRMS-operator,2026-01-28 14:31:37.722,2026-01-28 15:28:51.939,Success,False,BTS,896,3.0,1.0,3.0,True,Unknown,,"0.002 V, 0.002 V, 0.002 V",45 µbar,72 °C,,51.844 V,9.5198 kV,42 µbar,Carbon Dioxide: 0.0198 kV,130 µbar,14.228 V,52.368 V,132 µbar/min,14.296 V,1.39E-007 mbar,10 %,"1,056 µbar",µ-Volume,51.848 V,Pre,46.27278344710808,50.1104573459172,14.789504811241596,52.37359527292205,19.744343792819517,13.860060740313338,-3.66327382307452,-209.36782534726595,-4.231296688129522,0.3641666135226902,0.1287523409518174,-67.1385801146373,81.4926290185593,28.811995297871448,-1.9467642429941006,3.538353115638826,-67.1981447353227,81.5763064508271,25d42f1b32ab__Natan Pereira BTS coral series 2.xlsx,2026-01-28 14:31:37.722,739644.0,132.0,130.0,42.0,1056.0,37.80705938120822,,BTS,896,BTS,896,,Fully Saturated Collectors,8.0,7.0,2.0,0.0,5.0,11.277975495118058,30.47998249530792,47.06366162009476,13.85350327201125,33.2101583480835,46.11995044889404,13.729966914081112,32.38998353481293,90.97962812890614,2.347965565176241,1.0800295126445272,28.22143482049446,2.0,True,,,,,43.46142606814842,12.981443572840496,,26.529083886090163
4.0,GIRMS\IRMS-operator,2026-01-28 15:00:47.102,2026-01-28 16:03:42.698,Success,False,BTS,876,4.0,2.0,3.0,True,Unknown,,"0.002 V, 0.002 V, 0.003 V",40 µbar,72 °C,,12.407 V,9.5199 kV,47 µbar,Carbon Dioxide: 0.0199 kV,152 µbar,11.998 V,14.319 V,103 µbar/min,13.438 V,1.22E-007 mbar,11 %,953 µbar,µ-Volume,,Pre,10.888493322050468,11.811383275127383,12.381755022144294,15.537952688903657,16.52831366416916,11.598686025768451,-2.4284338805563577,-3.581317524590455,-2.5371548831856217,0.0657463070480375,0.0232448297758201,-3.639913194867672,0.0427360430423684,0.0151094729181694,-2.580140919609245,0.06893692232528795,-3.638091772986157,0.04264920869400915,25d42f1b32ab__Natan Pereira BTS coral series 2.xlsx,2026-01-28 15:00:47.102,739644.0,103.0,152.0,47.0,953.0,9.62963780895529,,BTS,876,BTS,876,,OK,8.0,7.0,7.0,0.0,0.0,9.626336663680444,-0.4348198968064416,11.369757560825324,11.653669385051703,-0.2839118242263794,14.95701601860031,15.556191710204926,-0.599175691604616,-0.3722228117561714,-0.0398366709462435,-0.0406462771298494,10.697656157225843,7.0,True,-2.5526864549898027,-3.648284004907274,0.0528349217871293,0.0384288082566627,10.480246208822624,10.915066105629066,,0.003301145274845041
5.0,GIRMS\IRMS-operator,2026-01-28 16:09:50.740,2026-01-28 17:01:24.512,Success,False,BTS,936,5.0,1.0,4.0,True,Unknown,,"0.001 V, 0.001 V, 0.002 V",42 µbar,72 °C,,21.176 V,9.5201 kV,828 µbar,Carbon Dioxide: 0.0201 kV,870 µbar,18.626 V,25.249 V,308 µbar/min,3.332 V,1.56E-007 mbar,14 %,"1,036 µbar",µ-Volume,,Pre,16.690938631782764,18.105538612011948,19.037755256299057,23.81613605453875,25.42733900978472,17.84381167102837,-1.8503220980378157,-3.5859721537550016,-1.9781771873992464,0.0917826902655886,0.0324500813411711,-3.641856023420528,0.0865089252825606,0.0305855238502295,-1.9819482208164596,0.09538518024861449,-3.641297588703213,0.0864185359524737,25d42f1b32ab__Natan Pereira BTS coral series 2.xlsx,2026-01-28 16:09:50.740,739644.0,308.0,870.0,828.0,1036.0,14.333899174600274,,BTS,936,BTS,936,,OK,8.0,7.0,7.0,0.0,0.0,14.237777606824553,-0.6815046072006226,17.28722644389061,17.73083401263146,-0.4436075687408483,22.73750060036089,23.67946260406878,-0.9419620037078892,-0.5826802830817205,-0.0410122385168605,-0.0418708471009643,16.276351074466938,7.0,True,-1.9964422001651647,-3.649839433372746,0.0819412766474962,0.0902010793955702,15.935598770866626,16.61710337806725,,0.09612156777572167
6.0,GIRMS\IRMS-operator,2026-01-28 16:39:25.481,2026-01-28 17:28:53.048,Success,False,SHP2L,,6.0,2.0,4.0,True,QC Standard,SHP2L,"0.002 V, 0.002 V, 0.003 V",49 µbar,72 °C,,3.677 V,9.5190 kV,52 µbar,Carbon Dioxide: 0.0190 kV,198 µbar,3.574 V,4.204 V,95 µbar/min,17.685 V,5.57E-008 mbar,80 %,794 µbar,µ-Volume,,Pre,3.302398346749605,3.5929808984427027,3.638503902475787,4.705154281364164,4.854344422679354,3.404206514147348,-0.6040590730405082,-5.7473440204097725,-0.6452832172787332,0.0231382661782107,0.008180612459756,-5.771589750056886,0.0324637653803512,0.0114776743216477,-0.4768066323228848,0.024842058472265387,-5.776318954524323,0.03250091434293332,25d42f1b32ab__Natan Pereira BTS coral series 2.xlsx,2026-01-28 16:39:25.481,739644.0,95.0,198.0,52.0,794.0,3.024422533845901,,SHP2L,,SHP2L,,,OK,8.0,7.0,7.0,0.0,0.0,2.993887824416718,-0.0590048790375212,3.5041326186983706,3.5054775413600465,-0.0013449226616759,4.588632279034469,4.676871931362542,-0.088239652328073,-0.0516597271422687,-0.0179904258417577,-0.0181537224404157,3.250290910373192,7.0,True,-0.6511723807413368,-5.775053425720758,0.017346708332982,0.0334301203728038,3.220788470854431,3.2797933498919525,,0.030534709429183238
7.0,GIRMS\IRMS-operator,2026-01-28 17:01:24.654,2026-01-28 17:59:06.133,Success,False,BTS,404,7.0,1.0,5.0,True,Unknown,,"0.001 V, 0.001 V, 0.002 V",54 µbar,72 °C,,12.749 V,9.5201 kV,74 µbar,Carbon Dioxide: 0.0201 kV,487 µbar,11.082 V,14.836 V,183 µbar/min,3.551 V,1.13E-007 mbar,23 %,"1,009 µbar",µ-Volume,,Pre,9.98923899706171,10.84692481298003,11.210233756212023,14.254749300007571,14.963761450772038,10.49800934370325,-1.7185482294661547,-3.84804798635463,-1.7944765356014134,0.0380849255603243,0.0134650545623451,-3.8934384636726,0.0278104039707014,0.0098324626176101,-1.7760663662436809,0.039827469108799564,-3.8935643364549355,0.02776296638993364,25d42f1b32ab__Natan Pereira BTS coral series 2.xlsx,2026-01-28 17:01:24.654,739644.0,183.0,487.0,74.0,1009.0,8.883673058225902,,BTS,404,BTS,404,,OK,8.0,7.0,7.0,0.0,0.0,8.847893116681586,-0.296910602936391,10.445755751319265,10.590435448600852,-0.1446796972815889,13.728261472706548,14.136597992901557,-0.4083365201950073,-0.2567863534968957,-0.0299418436711242,-0.0303969134869801,9.76778787305383,7.0,True,-1.805323436477879,-3.899922817575167,0.024373949213629,0.0225806208698448,9.619332571585634,9.916243174522023,,0.035779941544316074
8.0,GIRMS\IRMS-operator,2026-01-28 17:28:53.143,2026-01-28 18:32:27.750,Success,False,BTS,917,8.0,2.0,5.0,True,Unknown,,"0.002 V, 0.002 V, 0.003 V",47 µbar,72 °C,,51.837 V,9.5195 kV,59 µbar,Carbon Dioxide: 0.0195 kV,176 µbar,22.340 V,52.361 V,139 µbar/min,10.675 V,1.75E-007 mbar,10 %,"1,053 µbar",µ-Volume,51.843 V,Pre,48.579216481939625,52.35191455187446,23.16986790003425,52.366400891583176,30.955727034847943,21.723554016844105,-8.051002522952654,-247.190104536115,-3.178241042272521,0.2780315119828134,0.1050860339065427,-94.10292095582432,96.63956338197262,34.167245299150004,-0.4079194905312751,3.207171538487845,-94.19045522985395,96.73481709109882,25d42f1b32ab__Natan Pereira BTS coral series 2.xlsx,2026-01-28 17:28:53.143,739644.0,139.0,176.0,59.0,1053.0,39.88421197404034,,BTS,917,BTS,917,,Fully Saturated Collectors,8.0,6.0,1.0,1.0,6.0,17.126935081378292,25.566786527633667,46.69385423960334,19.99994387926704,26.6939103603363,46.15734034184716,18.94117408398888,27.216166257858283,51.68707797180495,1.2675526203070673,0.7758422082812239,32.95359063316948,1.0,True,,,,,45.73698389698632,20.17019736935265,,22.75727689266205
9.0,GIRMS\IRMS-operator,2026-01-28 17:59:06.219,2026-01-28 19:08:39.990,Success,False,BTS,392,9.0,1.0,6.0,True,Unknown,,"0.001 V, 0.001 V, 0.002 V",62 µbar,72 °C,,15.502 V,9.5201 kV,57 µbar,Carbon Dioxide: 0.0201 kV,247 µbar,13.225 V,18.259 V,154 µbar/min,3.365 V,1.24E-007 mbar,20 %,"1,041 µbar",µ-Volume,,Pre,11.90492618765972,12.917345061724706,13.386748196879326,16.981256539200352,17.87163072285514,12.541381515029649,-2.0762158515125195,-3.979623182515435,-2.187483617169514,0.0693949557887505,0.024534821909183,-4.048338154526681,0.0540761613127075,0.0191188101823765,-2.19085686962954,0.07259940781468306,-4.047743888341019,0.05400428851892765,25d42f1b32ab__Natan Pereira BTS coral series 2.xlsx,2026-01-28 17:59:06.219,739644.0,154.0,247.0,57.0,1041.0,10.406809625504822,,BTS,392,BTS,392,,OK,8.0,7.0,7.0,0.0,0.0,10.32801769143443,-0.3676379181774347,12.393867268984836,12.585600510066072,-0.191733241081236,16.29277818856101,16.800907785271214,-0.5081295967102051,-0.3175481423650909,-0.0311850838240216,-0.0316790405921876,11.605083717974011,7.0,True,-2.2033790122633703,-4.058154579099717,0.0570970788100263,0.0501220773677174,11.421264758885297,11.78890267706273,,0.07879193407039153
10.0,GIRMS\IRMS-operator,2026-01-28 18:32:27.862,2026-01-28 19:35:25.686,Success,False,BTS,1005,10.0,2.0,6.0,True,Unknown,,"0.002 V, 0.002 V, 0.003 V",52 µbar,72 °C,,29.415 V,9.5194 kV,62 µbar,Carbon Dioxide: 0.0194 kV,333 µbar,24.282 V,35.647 V,117 µbar/min,12.727 V,1.82E-007 mbar,10 %,"1,048 µbar",µ-Volume,26.502 V,Pre,26.422489539270718,28.627694131884137,25.173530461344285,37.69975082385725,33.635965747715886,23.602549091463395,-2.676423467735445,-3.666272672881554,-2.814675709551351,0.1301398439194485,0.0460113830690004,-3.664266779503461,0.1029429835281685,0.0363958408641715,-2.876193479234221,0.1359040606303866,-3.661845515995077,0.1027948785269522,25d42f1b32ab__Natan Pereira BTS coral series 2.xlsx,2026-01-28 18:32:27.862,739644.0,117.0,333.0,62.0,1048.0,22.405050799732518,,BTS,1005,BTS,1005,,OK,8.0,7.0,7.0,0.0,0.0,18.541500077133485,3.25466692447662,27.24462795451597,23.3484809418054,3.896147012710568,35.87756232726758,31.193352503659177,4.6842098236084055,3.333139155110497,0.1486783438524557,0.1383905080793843,23.517992452268903,7.0,True,-2.834426029810765,-3.663980223306591,0.1269582900063895,0.1111876841159004,25.145325914507215,21.8906589900306,,3.863550722599033
11.0,GIRMS\IRMS-operator,2026-01-28 19:08:40.108,2026-01-28 20:06:27.947,Success,False,SHP2L,,11.0,1.0,7.0,True,QC Standard,SHP2L,"0.002 V, 0.002 V, 0.004 V",62 µbar,72 °C,,4.896 V,9.5185 kV,59 µbar,Carbon Dioxide: 0.0185 kV,604 µbar,4.667 V,5.539 V,198 µbar/min,22.744 V,6.37E-008 mbar,58 %,880 µbar,µ-Volume,,Pre,4.1153406487561925,4.476092055963915,4.731795738192307,5.860033052928686,6.312879341609716,4.427585078467591,-0.8138278198550619,-6.179972562805891,-0.8072313967056877,0.0115615641360728,0.0040876302008701,-6.149828085841857,0.0437897900031673,0.0154820287289872,-0.6360726697556829,0.011513817150581897,-6.154597301876369,0.0438216816907184,25d42f1b32ab__Natan Pereira BTS coral series 2.xlsx,2026-01-28 19:08:40.108,739644.0,198.0,604.0,59.0,880.0,3.78623824939704,,SHP2L,,SHP2L,,,OK,8.0,7.0,7.0,0.0,0.0,3.9209249636463834,-0.2520680427551269,4.3695144065442175,4.562791759631753,-0.1932773530875353,6.087024771742923,5.720143981758773,0.3668807899841502,-0.2114642509459629,-0.0590409848348003,-0.0608369206907495,4.143339930639432,7.0,True,-0.8062890505414914,-6.145521731989853,0.0121515393022849,0.0454318494812556,4.017305909261869,4.269373952016996,,-0.13468671424934353
12.0,GIRMS\IRMS-operator,2026-01-28 19:35:25.788,2026-01-28 20:38:41.365,Success,False,BTS,983,12.0,2.0,7.0,True,Unknown,,"0.001 V, 0.001 V, 0.003 V",57 µbar,72 °C,,27.170 V,9.5202 kV,62 µbar,Carbon Dioxide: 0.0202 kV,638 µbar,22.511 V,32.609 V,161 µbar/min,4.619 V,1.74E-007 mbar,10 %,"1,048 µbar",µ-Volume,24.298 V,Pre,24.12601484860075,26.14833510196308,23.33159840381245,34.43370708690484,31.173347918852173,21.86886145676268,-2.670564210406124,-3.6413196512131702,-2.813345239834869,0.115374459243029,0.0407910312532384,-3.6841891482193714,0.1134414711265922,0.0401076167506956,-2.8740320270738553,0.11985949910853534,-3.6817922857824565,0.11333957934162496,25d42f1b32ab__Natan Pereira BTS coral series 2.xlsx,2026-01-28 19:35:25.788,739644.0,161.0,638.0,62.0,1048.0,20.48124483729494,,BTS,983,BTS,983,,OK,8.0,7.0,7.0,0.0,0.0,17.24694034958971,2.5592893362045253,24.82104397094349,21.70543468272785,3.1156092882156408,32.68104740844567,28.996884314878784,3.684163093566888,2.568808426461063,0.1258068024447645,0.118361463798198,21.622657020937325,7.0,True,-2.833742529753261,-3.6903133620774,0.1079197946799015,0.1210939276335668,22.90230168903959,20.343012352835064,,3.2343044877052307
13.0,GIRMS\IRMS-operator,2026-01-28 20:06:28.070,2026-01-28 21:14:12.082,Success,False,BTS,366,13.0,1.0,8.0,True,Unknown,,"0.001 V, 0.001 V, 0.002 V",64 µbar,72 °C,,25.036 V,9.5204 kV,62 µbar,Carbon Dioxide: 0.0204 kV,736 µbar,21.857 V,30.142 V,234 µbar/min,3.376 V,1.73E-007 mbar,12 %,"1,078 µbar",µ-Volume,,Pre,0.390821425098646,0.4271861160131454,22.53803411702801,0.5603391566576701,30.112416510119598,21.12538531033316,5.846453618072456,0.9506106762571244,9.700609630729607,7.154040957090179,2.529335436822382,11.050323637079766,18.195746060685973,6.43316771412973,9.974925397780527,7.073942893046032,11.040126247442565,18.20083575443154,25d42f1b32ab__Natan Pereira BTS coral series 2.xlsx,2026-01-28 20:06:28.070,739644.0,234.0,736.0,62.0,1078.0,0.06009993448043571,,BTS,366,BTS,366,,OK,8.0,7.0,7.0,0.0,0.0,16.740500699561025,-19.621510029157665,20.990399515434994,0.0576351673891412,20.93276434804585,28.04099119140164,0.0763109114674047,27.964680279934232,-0.0464061959343978,-0.9973472575873068,-1.9894171040461728,9.862944271088494,7.0,True,10.251203346823486,12.493139774340143,7.54194406258261,19.152980587027017,0.0521892565096651,19.673699285667325,,-16.680400765080588
14.0,GIRMS\IRMS-operator,2026-01-28 20:38:41.484,2026-01-28 21:06:03.329,Error,False,BTS,998,14.0,2.0,8.0,True,Unknown,,"0.001 V, 0.001 V, 0.002 V",54 µbar,73 °C,,,,,,,,,366 µbar/min,,,,,,,Pre,,,,,,,,,,,,,,,,,,,25d42f1b32ab__Natan Pereira BTS coral series 2.xlsx,2026-01-28 20:38:41.484,739644.0,366.0,,,,,,BTS,998,BTS,998,,Failed Sample,0.0,0.0,0.0,0.0,0.0,,,,,,,,,,,,,0.0,True,,,,,,,,
15.0,GIRMS\IRMS-operator,2026-01-29 10:20:49.192,2026-01-29 11:19:32.395,Success,False,BTS,1004,15.0,1.0,9.0,True,Unknown,,"0.001 V, 0.001 V, 0.001 V",52 µbar,73 °C,,25.651 V,9.5216 kV,62 µbar,Carbon Dioxide: 0.0216 kV,101 µbar,24.788 V,30.861 V,303 µbar/min,3.280 V,1.92E-007 mbar,10 %,"1,063 µbar",µ-Volume,,Pre,22.421356574078903,24.283179769958497,25.710994134391782,31.97536111349846,34.35120225424553,24.10824252702843,-3.0023121555451397,-3.98092446957099,-3.0399623713424497,0.052633491577037,0.0186087494058239,-3.904393225443309,0.0395409771467973,0.0139798465376213,-3.1083629339286465,0.05678348983437336,-3.9017217722007445,0.0396198629405063,25d42f1b32ab__Natan Pereira BTS coral series 2.xlsx,2026-01-29 10:20:49.192,739645.0,303.0,101.0,62.0,1063.0,19.00778925456654,,BTS,1004,BTS,1004,,OK,8.0,7.0,7.0,0.0,0.0,18.96915799417149,-1.0062009096145663,23.111575971092226,23.83165968462372,-0.7200837135314941,30.42799473280693,31.834679250667342,-1.4066845178604162,-0.8566878506919817,-0.0450306330968828,-0.0460678656752726,21.84170885421883,7.0,True,-3.045340973599209,-3.8934601905679256,0.0544241777826289,0.0266166364868218,21.338608399411545,22.34480930902611,,0.03863126039505005
16.0,GIRMS\IRMS-operator,2026-01-29 10:59:01.757,2026-01-29 11:51:04.367,Success,False,SHP2L,,16.0,2.0,9.0,True,QC Standard,SHP2L,"0.002 V, 0.002 V, 0.003 V",57 µbar,72 °C,,5.010 V,9.5204 kV,443 µbar,Carbon Dioxide: 0.0204 kV,91 µbar,4.794 V,5.660 V,464 µbar/min,23.239 V,6.75E-008 mbar,57 %,902 µbar,µ-Volume,,Pre,4.271765370373077,4.645209116183221,4.860326952493531,6.085088116007615,6.483553024697388,4.548971672062224,-0.8184137097735356,-5.43913035094401,-0.8250623861288942,0.0265853929297667,0.0093993558105734,-5.430453546748439,0.0240297733606312,0.008495807846839,-0.6818200838103056,0.028337022128016417,-5.434412413918177,0.02404725281217989,25d42f1b32ab__Natan Pereira BTS coral series 2.xlsx,2026-01-29 10:59:01.757,739645.0,464.0,91.0,443.0,902.0,3.9331273543442435,,SHP2L,,SHP2L,,,OK,8.0,7.0,7.0,0.0,0.0,4.036760863768894,-0.2223651501645021,4.533062977038323,4.691844797474434,-0.1587818204361104,6.258090432480319,5.938013795285341,0.3200766371949779,-0.1882111131836973,-0.0506418618299163,-0.0519574734250272,4.279752949984513,7.0,True,-0.8260121970368025,-5.42921400329193,0.0285685197901666,0.0256773825490801,4.168570374902261,4.390935525066763,,-0.10363350942465033
17.0,GIRMS\IRMS-operator,2026-01-29 11:19:32.547,2026-01-29 12:25:50.541,Success,False,BTS,863,17.0,1.0,10.0,True,Unknown,,"0.001 V, 0.001 V, 0.002 V",54 µbar,72 °C,,8.388 V,9.5217 kV,59 µbar,Carbon Dioxide: 0.0217 kV,71 µbar,7.848 V,9.454 V,127 µbar/min,4.758 V,9.07E-008 mbar,32 %,948 µbar,µ-Volume,,Pre,7.115979325141113,7.728916436746395,7.908415824487484,10.158661741423725,10.55425739152858,7.40302775621028,-1.8035131208683497,-3.5687634525696232,-1.8263366440380568,0.0172798404212047,0.0061093461698276,-3.564974362721282,0.0193593798541102,0.0068445743872037,-1.8223220460756862,0.018785237407743724,-3.5646759315309944,0.01939561906032135,25d42f1b32ab__Natan Pereira BTS coral series 2.xlsx,2026-01-29 11:19:32.547,739645.0,127.0,71.0,59.0,948.0,6.496736966188204,,BTS,863,BTS,863,,OK,8.0,7.0,7.0,0.0,0.0,6.470432662553867,-0.1780837774276724,7.525083452775754,7.591475309218759,-0.0663918564430048,9.89037650082006,10.131124421799129,-0.2407479209790697,-0.1547927404186401,-0.0250602712651837,-0.0253782643597309,7.0171771758453065,7.0,True,-1.829597147348015,-3.5644330641715185,0.0157840679809219,0.0208450269354246,6.928135287131471,7.106219064559143,,0.026304303634337778
18.0,GIRMS\IRMS-operator,2026-01-29 11:51:04.535,2026-01-29 12:57:28.950,Success,False,BTS,929,18.0,2.0,10.0,True,Unknown,,"0.002 V, 0.001 V, 0.002 V",59 µbar,72 °C,,51.842 V,9.5213 kV,54 µbar,Carbon Dioxide: 0.0213 kV,79 µbar,22.172 V,52.364 V,107 µbar/min,7.722 V,1.80E-007 mbar,10 %,"1,073 µbar",µ-Volume,51.844 V,Pre,47.46869254256536,51.42477919923443,22.97592928277629,52.369721925738745,30.694403446200777,21.54323506499577,-2.738028123556724,-229.4142281237908,-3.3557551987982577,0.3860705793973553,0.1364965623542446,-77.81423133910879,89.74209718831015,31.728622739878148,-0.5874514401087993,3.9021895584582644,-77.88628730520807,89.83353761112744,25d42f1b32ab__Natan Pereira BTS coral series 2.xlsx,2026-01-29 11:51:04.535,739645.0,107.0,79.0,54.0,1073.0,38.60389675344277,,BTS,929,BTS,929,,Fully Saturated Collectors,8.0,6.0,2.0,1.0,5.0,17.00114134409912,24.4852602481842,45.26192715036051,19.83890702592509,25.42302012443542,46.85831884193747,20.065092242244173,26.79322659969329,48.53185106069943,1.2231751025889002,0.7589876836703214,32.26041841651249,2.0,True,,,,,44.50304854060459,20.01778829242039,,21.602755409343647
19.0,GIRMS\IRMS-operator,2026-01-29 12:25:50.677,2026-01-29 13:39:47.414,Success,False,BTS,966,19.0,1.0,11.0,True,Unknown,,"0.001 V, 0.001 V, 0.002 V",49 µbar,72 °C,,51.839 V,9.5216 kV,59 µbar,Carbon Dioxide: 0.0216 kV,69 µbar,25.047 V,52.365 V,117 µbar/min,3.318 V,1.93E-007 mbar,10 %,"1,043 µbar",µ-Volume,51.834 V,Pre,42.84535778685098,46.49947822693717,25.98060906533132,52.37042658317087,34.71973292815684,24.35768080873972,-1.0420396618420202,-146.61913544157835,-1.5495237283200125,0.3218666285734556,0.1137970378509711,-20.28557911427842,34.29470082238143,12.962178523340508,-0.28766653058724667,2.405077412180581,-20.303287870556126,34.33111122359556,25d42f1b32ab__Natan Pereira BTS coral series 2.xlsx,2026-01-29 12:25:50.677,739645.0,117.0,69.0,59.0,1043.0,35.12540889902597,,BTS,966,BTS,966,,Partially Saturated Collectors,8.0,7.0,3.0,0.0,4.0,19.066304545836502,17.736136913299557,43.73048484925161,24.06661451462637,19.663870334625244,45.42532317626474,23.982924747347813,21.442398428916928,28.242556004904515,0.7860618922684495,0.5642817156717413,31.43135143442636,3.0,True,-1.2154563845997446,-2.5916671420208592,0.2679724391052444,0.1357638917732566,40.29941989107614,22.563282977776584,,16.05910435318947
20.0,GIRMS\IRMS-operator,2026-01-29 12:57:29.071,2026-01-29 14:07:25.400,Success,False,BTS,931,20.0,2.0,11.0,True,Unknown,,"0.002 V, 0.002 V, 0.003 V",57 µbar,72 °C,,37.504 V,9.5199 kV,52 µbar,Carbon Dioxide: 0.0199 kV,76 µbar,23.171 V,47.419 V,98 µbar/min,23.285 V,1.84E-007 mbar,10 %,"1,060 µbar",µ-Volume,33.268 V,Pre,33.87840667016023,36.69601822566493,24.063245899195508,48.31212228826752,32.147208514730835,22.571331050462657,-2.55205389966684,-3.611890803065898,-2.7340084014134955,0.1426274252451365,0.0504264097870067,-3.766885574808476,0.1428270227014791,0.0504969781444504,-2.786076861383852,0.14736406794844542,-3.7647565019524873,0.14266100683989796,25d42f1b32ab__Natan Pereira BTS coral series 2.xlsx,2026-01-29 12:57:29.071,739645.0,98.0,76.0,52.0,1060.0,28.160948466725284,,BTS,931,BTS,931,,OK,8.0,7.0,7.0,0.0,0.0,17.78291554398053,11.056259274482729,34.65362036895258,22.32137466144068,12.332245707511898,45.617202582876594,29.8144019275116,15.802800655364996,15.063104131828434,0.5281212048933436,0.417797377650352,26.46320888049119,7.0,True,-2.760001901663018,-3.789027685057416,0.1320107331065494,0.1386492086195196,31.991338517732554,20.935079243249827,,10.378032922744755
21.0,GIRMS\IRMS-operator,2026-01-29 13:39:47.544,2026-01-29 14:46:28.232,Success,False,SHP2L,,21.0,1.0,12.0,True,QC Standard,SHP2L,"0.002 V, 0.002 V, 0.003 V",49 µbar,72 °C,,9.399 V,9.5200 kV,54 µbar,Carbon Dioxide: 0.0200 kV,62 µbar,8.747 V,10.926 V,303 µbar/min,21.643 V,1.00E-007 mbar,27 %,936 µbar,µ-Volume,,Pre,7.910499787504669,8.600071491570988,8.84556190167128,11.2685166932224,11.80490205480412,8.28245569497942,-0.5970604405096669,-5.498097698870885,-0.6595250046478874,0.0315742367704338,0.0111631784655817,-5.528520428334682,0.0207386106668006,0.0073322061174412,-0.5010558923871783,0.03331054324919363,-5.532957336752602,0.020716446980017643,25d42f1b32ab__Natan Pereira BTS coral series 2.xlsx,2026-01-29 13:39:47.544,739645.0,303.0,62.0,54.0,936.0,7.184062167982004,,SHP2L,,SHP2L,,,OK,8.0,7.0,7.0,0.0,0.0,7.164487002405224,-0.2210138120519538,8.353815136529821,8.442723909956802,-0.0889087734269811,10.945802245247242,11.26786104212987,-0.3220587968826276,-0.191536955614564,-0.0279587320309456,-0.028355118612441,7.7944943582419635,7.0,True,-0.6684485138104902,-5.532866532543797,0.0204910635401739,0.0180410041577568,7.683987452215987,7.90500126426794,,0.019575165576780407
22.0,GIRMS\IRMS-operator,2026-01-29 15:38:18.847,2026-01-29 16:42:02.389,Success,False,BTS,918,22.0,2.0,12.0,True,Unknown,,"0.001 V, 0.001 V, 0.001 V",45 µbar,72 °C,,18.836 V,9.5209 kV,49 µbar,Carbon Dioxide: 0.0209 kV,67 µbar,16.525 V,22.648 V,88 µbar/min,3.253 V,1.52E-007 mbar,16 %,"1,009 µbar",µ-Volume,,Pre,16.099679833692864,17.455340864596444,17.924965860781747,22.95734848842705,23.93543090686883,16.80188215379174,-2.2990626616241627,-3.950903765796654,-2.449839929949245,0.0946335032669775,0.0236583758167443,-4.112827530922818,0.1068131081383753,0.0267032770345938,-2.469196156906536,0.09738677973998415,-4.11171082832975,0.10671867004938704,25d42f1b32ab__Natan Pereira BTS coral series 2.xlsx,2026-01-29 15:38:18.847,739645.0,88.0,67.0,49.0,1009.0,11.79030075674207,,BTS,918,BTS,918,,OK,16.0,15.0,15.0,0.0,0.0,10.977446395557548,-0.3386437892913836,16.633452417788583,16.728849651751595,-0.0953972339630127,21.874123476601493,22.33601477012719,-0.4618912935256958,-0.2953986767477323,-0.021598817656143,-0.0218346186293261,15.50948954228814,15.0,True,-2.459891747837584,-4.123622448597896,0.0886740132742383,0.1011252199806522,15.340167647642447,15.678811436933833,,0.812854361184522
23.0,GIRMS\IRMS-operator,2026-01-29 16:12:35.415,2026-01-29 17:12:21.304,Success,False,BTS,865,23.0,1.0,13.0,True,Unknown,,"0.002 V, 0.002 V, 0.003 V",45 µbar,72 °C,,10.582 V,9.5199 kV,54 µbar,Carbon Dioxide: 0.0199 kV,54 µbar,9.783 V,12.291 V,259 µbar/min,15.614 V,1.12E-007 mbar,26 %,955 µbar,µ-Volume,,Pre,9.56546440368844,10.377503400219627,10.56481081779602,13.646106989270857,14.100099259666308,9.894929077684411,-2.450691428597884,-3.8216630933649576,-2.535568880259187,0.0193874327773526,0.0050058136181601,-3.857274948034916,0.0228636815575027,0.0059033771936798,-2.570158831645849,0.021129358611544406,-3.8557017671513534,0.022881741343653905,25d42f1b32ab__Natan Pereira BTS coral series 2.xlsx,2026-01-29 16:12:35.415,739645.0,259.0,54.0,54.0,955.0,7.595388293732745,,BTS,865,BTS,865,,OK,16.0,15.0,15.0,0.0,0.0,7.153875017677293,-0.1389327986683159,10.004587295822908,9.994837055077666,0.009750240745241,13.155827575973374,13.33945458536516,-0.1836270093917864,-0.1220277957115044,-0.0148428346066887,-0.014953813093935,9.290794113553808,15.0,True,-2.535568880259187,-3.8636214923138654,0.0193874327773526,0.0253498602494147,9.22132771421965,9.360260512887963,,0.4415132760554519
24.0,GIRMS\IRMS-operator,2026-01-29 16:42:02.517,2026-01-29 17:44:35.350,Success,False,BTS,867,24.0,2.0,13.0,True,Unknown,,"0.002 V, 0.002 V, 0.003 V",57 µbar,72 °C,,8.849 V,9.5204 kV,52 µbar,Carbon Dioxide: 0.0204 kV,76 µbar,8.617 V,10.129 V,88 µbar/min,9.526 V,1.03E-007 mbar,28 %,968 µbar,µ-Volume,,Pre,8.495924875597753,9.220592404741618,9.289987112421368,12.122855069704997,12.40021038300608,8.698661300601586,-2.3526938772886474,-3.991594834991674,-2.3978381337874666,0.0268230780415847,0.0069256889699386,-3.977912423523696,0.0245986615192904,0.0061496653798226,-2.418539536179816,0.028941149577940077,-3.9767805846055357,0.024636811046297634,25d42f1b32ab__Natan Pereira BTS coral series 2.xlsx,2026-01-29 16:42:02.517,739645.0,88.0,76.0,52.0,968.0,6.863148816672131,,BTS,867,BTS,867,,OK,16.0,15.0,15.0,0.0,0.0,6.462922835527483,-0.0617206096649169,8.919395233530375,8.84354832305369,0.0758469104766845,11.726931216784465,11.804003187176528,-0.0770719703920619,-0.0546171606572835,-0.0074544418730259,-0.007482330170692,8.248848721842565,15.0,True,-2.3949675199505416,-3.977000262759164,0.0334780589531644,0.0251803825081931,8.217988417010107,8.279709026675024,,0.400225981144648
25.0,GIRMS\IRMS-operator,2026-01-29 17:12:21.431,2026-01-29 18:22:11.124,Success,False,BTS,1008,25.0,1.0,14.0,True,Unknown,,"0.002 V, 0.002 V, 0.002 V",47 µbar,72 °C,,14.807 V,9.5203 kV,54 µbar,Carbon Dioxide: 0.0203 kV,62 µbar,13.431 V,17.448 V,98 µbar/min,8.388 V,1.34E-007 mbar,17 %,987 µbar,µ-Volume,,Pre,13.077358995765008,14.193721727405052,14.610640429861755,18.645385550643383,19.50464610972541,13.692151104300777,-1.4555039685826276,-4.048491090020923,-1.6273080193417369,0.0638518763990176,0.0164864835944993,-4.155210713027094,0.0859091951748365,0.0214772987937091,-1.587232122196114,0.06582585519790504,-4.156018615651278,0.08586278204301426,25d42f1b32ab__Natan Pereira BTS coral series 2.xlsx,2026-01-29 17:12:21.431,739645.0,98.0,62.0,54.0,987.0,9.896436288919228,,BTS,1008,BTS,1008,,OK,16.0,15.0,15.0,0.0,0.0,9.257379737943934,-0.2942979335784912,13.613007687933653,13.69854035318634,-0.0855326652526873,17.88266961493629,18.285656618262703,-0.402987003326416,-0.2563670889585351,-0.0229279328685892,-0.0231938261126272,12.688632403701105,15.0,True,-1.6273080193417369,-4.16232535456084,0.0638518763990176,0.0839036426235211,12.541483436911856,12.835781370490349,,0.6390565509752939
26.0,GIRMS\IRMS-operator,2026-01-29 17:44:35.485,2026-01-29 19:03:47.732,Success,False,SHP2L,,26.0,2.0,14.0,True,QC Standard,SHP2L,"0.001 V, 0.001 V, 0.002 V",59 µbar,72 °C,,8.363 V,9.5206 kV,54 µbar,Carbon Dioxide: 0.0206 kV,81 µbar,7.540 V,9.517 V,107 µbar/min,3.269 V,9.30E-008 mbar,35 %,977 µbar,µ-Volume,,Pre,7.376303225879831,8.020026560020082,8.116913817703589,10.505148541498974,10.833286699211763,7.597868380370156,-0.8248790652529703,-6.081731097982268,-0.8726334718913782,0.0278292062227809,0.0071854701492668,-6.098606708686907,0.0271271938013327,0.0067817984503331,-0.7078894096447389,0.029502223248261027,-6.103183488729048,0.027129405865679742,25d42f1b32ab__Natan Pereira BTS coral series 2.xlsx,2026-01-29 17:44:35.485,739645.0,107.0,81.0,54.0,977.0,6.032845151006338,,SHP2L,,SHP2L,,,OK,16.0,15.0,15.0,0.0,0.0,5.7538448003116756,-0.1384168863296491,7.750636593337081,7.763890744529181,-0.0132541511921004,10.151693335062062,10.36194397864274,-0.2102506435806788,-0.1210558013579174,-0.0190472935351378,-0.0192304374283917,7.197802278033001,15.0,True,-0.8712112758131625,-6.09973174940055,0.0308275673416414,0.0276902479832846,7.128593834868177,7.267010721197826,,0.27900035069466256
27.0,GIRMS\IRMS-operator,2026-01-29 18:22:11.246,2026-01-29 19:33:03.325,Success,False,BTS,930,27.0,1.0,15.0,True,Unknown,,"0.002 V, 0.002 V, 0.002 V",52 µbar,72 °C,,32.742 V,9.5201 kV,62 µbar,Carbon Dioxide: 0.0201 kV,67 µbar,24.344 V,40.386 V,88 µbar/min,7.253 V,2.00E-007 mbar,10 %,"1,051 µbar",µ-Volume,28.984 V,Pre,31.672561317299287,34.31434874353709,26.9089782696754,45.19429510405227,35.96149092486069,25.233203321312352,-2.579413311793455,-3.608728348620249,-2.956774223065527,0.2694553576827582,0.0673638394206895,-4.053000418977694,0.4301581737794489,0.1075395434448622,-3.0138436793081604,0.2728244805292757,-4.050676304123765,0.43002823978614696,25d42f1b32ab__Natan Pereira BTS coral series 2.xlsx,2026-01-29 18:22:11.246,739645.0,88.0,67.0,62.0,1051.0,22.23047032914011,,BTS,930,BTS,930,,OK,16.0,15.0,15.0,0.0,0.0,15.631409878368327,6.649240851402283,32.5224990111381,24.921327279189253,7.601171731948849,42.82770758440659,33.299651797320095,9.528055787086494,7.614942762368749,0.2845355182149828,0.2490970404673804,26.69337555727808,15.0,True,-2.981931617150332,-4.082618557001523,0.2587329252124651,0.4280357656150602,30.017995982979222,23.36875513157694,,6.599060450771784
28.0,GIRMS\IRMS-operator,2026-01-29 19:03:47.860,2026-01-29 20:07:45.951,Success,False,BTS,885,28.0,2.0,15.0,True,Unknown,,"0.002 V, 0.002 V, 0.003 V",64 µbar,72 °C,,14.015 V,9.5188 kV,57 µbar,Carbon Dioxide: 0.0188 kV,81 µbar,12.829 V,16.544 V,68 µbar/min,22.685 V,1.30E-007 mbar,19 %,"1,034 µbar",µ-Volume,,Pre,12.507944287932103,13.56745436813895,13.931057602430029,17.83496957420554,18.592380696527623,13.05499571768064,-2.0912581843256506,-3.736504575490796,-2.228231866660057,0.0511978246218687,0.0132192214748363,-3.8180965208400095,0.0711399124042162,0.017784978101054,-2.24278481092807,0.052625233255874385,-3.817182531622637,0.07110364984284713,25d42f1b32ab__Natan Pereira BTS coral series 2.xlsx,2026-01-29 19:03:47.860,739645.0,68.0,81.0,57.0,1034.0,9.471822200560315,,BTS,885,BTS,885,,OK,16.0,15.0,15.0,0.0,0.0,8.915444334342599,-0.2690702676773089,13.004401111481403,13.0809910598046,-0.0765899483231979,17.094456368677285,17.456912213556432,-0.3624558448791468,-0.2346248031011647,-0.0219529471069356,-0.0221965873610817,12.122145774042792,15.0,True,-2.2282318666600576,-3.8235359838632914,0.0511978246218688,0.0701082047050942,11.987610640204135,12.256680907881446,,0.5563778662177157
29.0,GIRMS\IRMS-operator,2026-01-29 19:33:03.500,2026-01-29 20:44:01.964,Success,False,BTS,932,29.0,1.0,16.0,True,Unknown,,"0.002 V, 0.002 V, 0.003 V",54 µbar,72 °C,,13.344 V,9.5196 kV,57 µbar,Carbon Dioxide: 0.0196 kV,71 µbar,11.973 V,15.656 V,88 µbar/min,12.312 V,1.24E-007 mbar,19 %,"1,009 µbar",µ-Volume,,Pre,11.6755023967919,12.676407234386009,12.975488440707723,16.648371843427604,17.317195562452266,12.156854147783957,-1.3862988696076162,-3.952473452555672,-1.491830662447365,0.0406367543584818,0.0104923648582881,-4.030419287618551,0.0556818596569932,0.0143769943424929,-1.4466010541567633,0.041826508869186076,-4.031403704862776,0.055679866893256956,25d42f1b32ab__Natan Pereira BTS coral series 2.xlsx,2026-01-29 19:33:03.500,739645.0,88.0,71.0,57.0,1009.0,8.979135670578408,,BTS,932,BTS,932,,OK,16.0,15.0,15.0,0.0,0.0,8.420137608447536,-0.2121776342391985,12.179259793475667,12.200168910143974,-0.0209091166683066,15.994374779790824,16.281505254835075,-0.2871304750442522,-0.185656147420481,-0.0185656147420481,-0.0187395705658263,11.322438446168412,15.0,True,-1.4918306624473652,-4.045341687111155,0.0406367543584818,0.0628346967559734,11.216349629048812,11.42852726328801,,0.5589980621308719
30.0,GIRMS\IRMS-operator,2026-01-29 20:07:46.085,2026-01-29 21:24:10.420,Success,False,BTS,987,30.0,2.0,16.0,True,Unknown,,"0.001 V, 0.001 V, 0.002 V",59 µbar,72 °C,,23.670 V,9.5202 kV,57 µbar,Carbon Dioxide: 0.0202 kV,79 µbar,20.793 V,28.413 V,98 µbar/min,3.264 V,1.78E-007 mbar,13 %,"1,075 µbar",µ-Volume,,Pre,20.21786132221552,21.925808911355016,22.76680064681339,28.831176669765664,30.41259220378513,21.34424009685846,-1.812509162467668,-4.025607608552972,-2.064499658587168,0.1478303463574422,0.0369575865893605,-4.184426409550336,0.1716392793999578,0.0429098198499894,-2.0542197118283974,0.1523596244055139,-4.184255549146372,0.1715171243711222,25d42f1b32ab__Natan Pereira BTS coral series 2.xlsx,2026-01-29 20:07:46.085,739645.0,98.0,79.0,57.0,1075.0,14.672356254669578,,BTS,987,BTS,987,,OK,16.0,15.0,15.0,0.0,0.0,13.521887024630708,-0.5699694156646729,20.891295795472143,21.155150656731603,-0.2638548612594604,27.467303188015173,28.25547030704136,-0.7881671190261841,-0.4935557679186904,-0.0287384020502234,-0.0291573701634658,19.548039225390877,15.0,True,-2.081299024995135,-4.195014329616828,0.1362965985196128,0.1721701113047782,19.263054517558537,19.83302393322321,,1.1504692300388708
31.0,GIRMS\IRMS-operator,2026-01-29 20:44:02.120,2026-01-29 21:58:35.822,Success,False,SHP2L,,31.0,1.0,17.0,True,QC Standard,SHP2L,"0.002 V, 0.002 V, 0.004 V",54 µbar,73 °C,,4.172 V,9.5189 kV,62 µbar,Carbon Dioxide: 0.0189 kV,76 µbar,4.064 V,4.731 V,93 µbar/min,19.632 V,6.15E-008 mbar,68 %,858 µbar,µ-Volume,,Pre,3.920339739078024,4.264297025361226,4.411371205822765,5.581495733085408,5.88384910327902,4.128076827281454,-0.6889661405230507,-6.028082921664124,-0.7344621915772315,0.0250475530388781,0.0062618882597195,-6.034612945179804,0.0337145573272836,0.0087050612702216,-0.5626984922408943,0.026757963783745783,-6.0394203917887825,0.03375372064226703,25d42f1b32ab__Natan Pereira BTS coral series 2.xlsx,2026-01-29 20:44:02.120,739645.0,93.0,76.0,62.0,858.0,3.2481557130605023,,SHP2L,,SHP2L,,,OK,16.0,15.0,15.0,0.0,0.0,3.1610228203145763,-0.1603403162229151,4.161547709145416,4.2600741869591365,-0.0985264778137207,5.446953148666158,5.681789550189452,-0.2348364015232942,-0.1372023015506349,-0.0402233073043084,-0.0410488679187024,3.906083757059271,15.0,True,-0.7374952616475102,-6.028746443179367,0.0226823016692975,0.0416533129730314,3.8259135989478135,3.9862539151707286,,0.08713289274592606
32.0,GIRMS\IRMS-operator,2026-01-29 21:24:10.566,2026-01-29 22:30:45.919,Success,False,BTS,963,32.0,2.0,17.0,True,Unknown,,"0.001 V, 0.001 V, 0.002 V",67 µbar,72 °C,,51.910 V,9.5203 kV,67 µbar,Carbon Dioxide: 0.0203 kV,84 µbar,23.352 V,52.433 V,68 µbar/min,4.040 V,1.91E-007 mbar,10 %,"1,143 µbar",µ-Volume,51.917 V,Pre,52.43455877751797,52.36644891611552,25.84132400862192,52.37067799516301,34.53029255815129,24.23224857301204,-80.56523258632353,-302.4763074274618,-77.46674013534566,13.360232694896212,3.5706723822769386,-293.81172007702213,24.413030225116533,6.303417299488976,-70.88971251999682,13.852943612816128,-293.9621041971329,24.392440844347288,25d42f1b32ab__Natan Pereira BTS coral series 2.xlsx,2026-01-29 21:24:10.566,739645.0,68.0,84.0,67.0,1143.0,51.33307798058479,,BTS,963,BTS,963,,Fully Saturated Collectors,16.0,1.0,0.0,14.0,15.0,15.10651657607526,36.91234653627414,47.19501582495187,9.66559719723383,37.52941862771804,52.3702011580048,32.02117543168644,20.349025726318366,160.04048345981488,3.863061240290571,1.317762541432748,28.011379422077734,0.0,True,,,,,46.46755269021481,9.55520615394067,,36.22656140450953
33.0,GIRMS\IRMS-operator,2026-01-29 21:58:35.952,2026-01-29 23:08:00.738,Success,False,BTS,1000,33.0,1.0,18.0,True,Unknown,,"0.002 V, 0.002 V, 0.004 V",57 µbar,72 °C,,51.909 V,9.5190 kV,67 µbar,Carbon Dioxide: 0.0190 kV,74 µbar,21.594 V,52.433 V,225 µbar/min,21.786 V,1.80E-007 mbar,10 %,"1,097 µbar",µ-Volume,51.918 V,Pre,52.43355850174267,52.36501364057606,23.981684129887277,52.36890863518763,32.03688513379144,22.49559084369976,-80.30577243938686,-302.10721766421165,-58.64528344066649,34.74346141385763,8.685865353464408,-272.31084107406826,59.51774944908478,15.3674168280034,-52.434629766523095,34.27240733035491,-272.4603696332515,59.51657498469406,25d42f1b32ab__Natan Pereira BTS coral series 2.xlsx,2026-01-29 21:58:35.952,739645.0,225.0,74.0,67.0,1097.0,49.823451549254244,,BTS,1000,BTS,1000,,Fully Saturated Collectors,16.0,3.0,0.0,12.0,15.0,14.046551788419803,36.69632971286774,47.5126144105727,10.107376855068852,37.405237555503845,52.36831258873987,29.76801942925501,22.60029315948486,152.7024341572249,3.667398358680138,1.2942087803174036,28.35425803854305,0.0,True,,,,,46.70242289497692,10.006093182109185,,35.77689976083444
34.0,GIRMS\IRMS-operator,2026-01-29 22:30:46.062,2026-01-29 23:53:16.200,Success,False,BTS,868,34.0,2.0,18.0,True,Unknown,,"0.002 V, 0.002 V, 0.003 V",67 µbar,72 °C,,9.098 V,9.5204 kV,62 µbar,Carbon Dioxide: 0.0204 kV,281 µbar,8.099 V,10.406 V,103 µbar/min,3.277 V,9.34E-008 mbar,33 %,"1,019 µbar",µ-Volume,,Pre,7.979300771789027,8.668146751017193,8.667804024309735,11.381248762643528,11.567751696145724,8.114879624288792,-1.4822134166058154,-4.284414967573702,-1.489136252395197,0.0231728591278549,0.0057932147819637,-4.21753984879631,0.0352126810647886,0.0088031702661971,-1.4373394854185415,0.024816516064869603,-4.218701962051541,0.03524994438217804,25d42f1b32ab__Natan Pereira BTS coral series 2.xlsx,2026-01-29 22:30:46.062,739645.0,103.0,281.0,62.0,1019.0,6.568281811649319,,BTS,868,BTS,868,,OK,16.0,15.0,15.0,0.0,0.0,6.1261565322282685,0.0185966314347938,8.455119750589947,8.292882421689871,0.1622373289000762,11.101166536843968,11.06701307538767,0.034153461456297,0.016619644558722,0.002395217299262,0.0023923521975772,7.773366920483875,15.0,True,-1.4895977747811562,-4.2130815075444845,0.0239099505635703,0.0314285584464437,7.782665236201272,7.764068604766479,,0.4421252794210506
35.0,GIRMS\IRMS-operator,2026-01-29 23:08:00.883,2026-01-30 00:23:39.363,Success,False,BTS,643,35.0,1.0,19.0,True,Unknown,,"0.002 V, 0.002 V, 0.003 V",59 µbar,72 °C,,9.278 V,9.5202 kV,69 µbar,Carbon Dioxide: 0.0202 kV,84 µbar,8.561 V,10.627 V,93 µbar/min,7.864 V,9.86E-008 mbar,30 %,"1,014 µbar",µ-Volume,,Pre,8.402584960108914,9.121444845237486,9.223929308199851,11.991540726467193,12.308446404981469,8.637457062846341,-2.0204893143171976,-3.478413773412181,-2.0687983859853643,0.0229224101353371,0.0059185408472731,-3.500934931854174,0.0367005404552138,0.0091751351138034,-2.0841585464264516,0.02416208528221297,-3.500029735720444,0.03672826958670626,25d42f1b32ab__Natan Pereira BTS coral series 2.xlsx,2026-01-29 23:08:00.883,739645.0,93.0,84.0,69.0,1014.0,6.872950974517902,,BTS,643,BTS,643,,OK,16.0,15.0,15.0,0.0,0.0,6.445777199673487,-0.0727557185548217,8.846295166196269,8.780119172444738,0.0661759937515302,11.629594851876645,11.716614302440703,-0.0870194505640622,-0.0642917324161423,-0.0088496638331761,-0.008888996147034,8.184919573747152,15.0,True,-2.06779961576186,-3.5024363424169738,0.0253730595182873,0.0374765917062442,8.148541714469742,8.221297433024564,,0.4271737748444151
36.0,GIRMS\IRMS-operator,2026-01-29 23:53:16.334,2026-01-30 00:54:58.724,Success,False,SHP2L,,36.0,2.0,19.0,True,QC Standard,SHP2L,"0.002 V, 0.002 V, 0.003 V",74 µbar,73 °C,,7.185 V,9.5202 kV,64 µbar,Carbon Dioxide: 0.0202 kV,84 µbar,7.074 V,7.948 V,161 µbar/min,8.503 V,8.47E-008 mbar,37 %,990 µbar,µ-Volume,,Pre,7.111546918655025,7.730923670841532,7.659122826367592,10.12464101398674,10.220187168441775,7.170205473681524,-0.8386291810557056,-6.040787429984595,-0.9009092712876784,0.0348934013814456,0.0087233503453614,-6.097799990743394,0.027622696863961,0.0071321496620971,-0.7380591861916932,0.0367489515375965,-6.102311300540863,0.027629353189118445,25d42f1b32ab__Natan Pereira BTS coral series 2.xlsx,2026-01-29 23:53:16.334,739645.0,161.0,84.0,64.0,990.0,5.773586765120346,,SHP2L,,SHP2L,,,OK,16.0,15.0,15.0,0.0,0.0,5.401240758419329,0.020429472513701,7.385589589510356,7.2355722205936654,0.1500173689166901,9.671611145538426,9.65428630946814,0.0173248360702871,0.0182689454128173,0.0030160052676003,0.0030114639719989,6.783900688720572,15.0,True,-0.9050612773031432,-6.106787519386301,0.0317645860206778,0.0296081764723636,6.794115424977423,6.773685952463722,,0.3723460067010169
37.0,GIRMS\IRMS-operator,2026-01-30 00:23:39.531,2026-01-30 01:33:03.805,Success,False,BTS,362,37.0,1.0,20.0,True,Unknown,,"0.002 V, 0.002 V, 0.004 V",62 µbar,72 °C,,14.620 V,9.5204 kV,67 µbar,Carbon Dioxide: 0.0204 kV,74 µbar,12.960 V,16.871 V,78 µbar/min,7.002 V,1.26E-007 mbar,19 %,"1,031 µbar",µ-Volume,,Pre,12.849330352354214,13.933797015559431,13.992045654666182,18.31680680355007,18.67440486988002,13.109370516348044,-2.526275677751433,-4.200344594215255,-2.465060529118018,0.0758221204311879,0.0189555301077969,-4.07207318287186,0.0820439340665718,0.0211836526864781,-2.486444429622849,0.0788125895282973,-4.070896519624912,0.08204533448473342,25d42f1b32ab__Natan Pereira BTS coral series 2.xlsx,2026-01-30 00:23:39.531,739646.0,78.0,74.0,67.0,1031.0,9.835888544417603,,BTS,362,BTS,362,,OK,16.0,15.0,15.0,0.0,0.0,8.99070873498797,0.0886443487669677,13.47567571581578,13.165820969950913,0.3098547458648664,17.71277333339626,17.571078191603963,0.1416951417922973,0.0795993210335185,0.0071863884903846,0.0071606588522051,12.379356508468469,15.0,True,-2.460979519209124,-4.079295631688799,0.0766428615396786,0.0974621911250702,12.423678682851952,12.335034334084986,,0.8451798094296326
38.0,GIRMS\IRMS-operator,2026-01-30 00:54:58.865,2026-01-30 02:13:20.347,Success,False,BTS,891,38.0,2.0,20.0,True,Unknown,,"0.001 V, 0.001 V, 0.002 V",71 µbar,73 °C,,30.969 V,9.5207 kV,64 µbar,Carbon Dioxide: 0.0207 kV,91 µbar,25.706 V,38.078 V,68 µbar/min,3.334 V,1.97E-007 mbar,10 %,"1,124 µbar",µ-Volume,,Pre,25.952744372273813,28.13806500224709,28.10617651729225,37.02449362663794,37.5625298538642,26.35763872423304,-1.7996405664377768,-3.801349067071525,-2.07175763160855,0.1936292796235325,0.0484073199058831,-3.905620410885335,0.1699054042969135,0.0438693867515056,-2.071247509130465,0.20038742384274522,-3.9051855826551347,0.16973030310081533,25d42f1b32ab__Natan Pereira BTS coral series 2.xlsx,2026-01-30 00:54:58.865,739646.0,68.0,91.0,64.0,1124.0,18.38301036515368,,BTS,891,BTS,891,,OK,16.0,15.0,15.0,0.0,0.0,16.376592415137907,0.2140998840331995,26.696407459064712,26.02977421073555,0.6666332483291626,35.12282233624029,34.78140693096685,0.3414154052734375,0.1925562663022293,0.0087714039934401,0.0087331032052751,24.51589990415705,15.0,True,-2.0898987692866022,-3.943252986706599,0.185818701698333,0.2042117480156453,24.62294984617365,24.40884996214045,,2.0064179500157735
39.0,GIRMS\IRMS-operator,2026-01-30 01:33:03.957,2026-01-30 02:47:00.158,Success,False,BTS,379,39.0,1.0,21.0,True,Unknown,,"0.002 V, 0.002 V, 0.003 V",62 µbar,72 °C,,0.006 V,9.5192 kV,67 µbar,Carbon Dioxide: 0.0192 kV,169 µbar,2.800 V,0.006 V,259 µbar/min,23.380 V,4.38E-008 mbar,100 %,59 µbar,µ-Volume,0.012 V,Pre,0.006009952516347,0.0065256696134055,3.0703759047379515,0.0084074234778277,4.094085252123304,2.873080038928695,-2.4315944733839245,-23.0803998020227,-1.1893480630047957,1.541666731014011,0.3854166827535027,-37.12851360063148,5.306897889484,1.370235143066321,0.0795289337417319,1.740928500502876,-37.16548836417415,5.313383188335871,25d42f1b32ab__Natan Pereira BTS coral series 2.xlsx,2026-01-30 01:33:03.957,739646.0,259.0,169.0,67.0,59.0,0.00465273820687813,,BTS,379,BTS,379,,Failed Sample,16.0,15.0,15.0,0.0,0.0,2.1870050835409787,-2.760414729964196,2.9556672034466813,0.006009467884954,2.9496577355617277,3.941214531013382,0.0077119597882395,3.933502571225143,-0.0049274131553625,-0.9979978519851602,-1.992007410288266,1.3857452114421265,15.0,True,,,,,0.0055378464600285,2.7659525764242243,,-2.1823523453341007
40.0,GIRMS\IRMS-operator,2026-01-30 02:13:20.513,2026-01-30 03:22:36.593,Success,False,BTS,949,40.0,2.0,21.0,True,Unknown,,"0.001 V, 0.001 V, 0.002 V",74 µbar,72 °C,,12.257 V,9.5209 kV,123 µbar,Carbon Dioxide: 0.0209 kV,"1,456 µbar",10.597 V,14.429 V,"1,260 µbar/min",2.774 V,1.13E-007 mbar,23 %,"1,075 µbar",µ-Volume,,Pre,10.341714409328118,11.214596540871666,11.429665000382473,14.748032012602629,15.251750865599451,10.707080192662335,-2.700648434209363,-3.7917554090347583,-2.772575050272591,0.0382029525046197,0.0095507381261549,-3.807551393505882,0.0382035071943835,0.0098641031420375,-2.825566246933704,0.039780524477953744,-3.805387915500854,0.03820090709481625,25d42f1b32ab__Natan Pereira BTS coral series 2.xlsx,2026-01-30 02:13:20.513,739646.0,1260.0,1456.0,123.0,1075.0,8.055663804739496,,BTS,949,BTS,949,,OK,16.0,15.0,15.0,0.0,0.0,7.592976209590069,-0.1575052738189679,10.772389681283046,10.772702605668115,-0.000312924385069,14.166067162176908,14.374295988699734,-0.2082288265228271,-0.1382328493030917,-0.0156088552405192,-0.0157316316208527,10.012011316753046,15.0,True,-2.77737015801014,-3.816437966995253,0.0341986316868359,0.0484074195333951,9.93325867984356,10.09076395366253,,0.4626875951494265
41.0,GIRMS\IRMS-operator,2026-01-30 02:47:00.311,2026-01-30 03:56:42.181,Success,False,SHP2L,,41.0,1.0,22.0,True,QC Standard,SHP2L,"0.002 V, 0.002 V, 0.003 V",64 µbar,72 °C,,6.242 V,9.5205 kV,64 µbar,Carbon Dioxide: 0.0205 kV,74 µbar,5.952 V,6.975 V,88 µbar/min,10.185 V,7.71E-008 mbar,41 %,953 µbar,µ-Volume,,Pre,5.945214035492454,6.462637017339763,6.423491704215405,8.461384607490674,8.56932226681922,6.013890882959679,-0.8511763044315446,-6.0875022866028194,-0.8865246833060849,0.0543813597430658,0.0135953399357664,-6.104218960309653,0.0440082699591496,0.0110020674897874,-0.7226095879589167,0.05682339916632474,-6.108760728911131,0.04395235121840187,25d42f1b32ab__Natan Pereira BTS coral series 2.xlsx,2026-01-30 02:47:00.311,739646.0,88.0,74.0,64.0,953.0,4.964958256914045,,SHP2L,,SHP2L,,,OK,16.0,15.0,15.0,0.0,0.0,4.668277892279233,0.0001877113419785,6.298179543035155,6.188351604823564,0.1098279382115912,8.24575845265601,8.255122930951897,-0.0093644782958861,0.0001673605318916,3.2400820068521494e-05,3.24002951704545e-05,5.7935071576064985,15.0,True,-0.888881241897721,-6.105333405223442,0.0554379807259401,0.045318586836617,5.793601013277487,5.793413301935509,,0.2966803646348115
42.0,GIRMS\IRMS-operator,2026-01-30 03:22:36.730,2026-01-30 04:38:07.011,Success,False,BTS,958,42.0,2.0,22.0,True,Unknown,,"0.001 V, 0.001 V, 0.002 V",64 µbar,72 °C,,25.040 V,9.5211 kV,59 µbar,Carbon Dioxide: 0.0211 kV,98 µbar,22.096 V,30.382 V,68 µbar/min,3.265 V,1.83E-007 mbar,12 %,"1,092 µbar",µ-Volume,,Pre,21.37122609696683,23.172492883799936,24.26047136604633,30.48217440169354,32.40902865450879,22.74986662946042,-1.7635746680867426,-3.606898893593336,-2.0048978592036724,0.1444609255225812,0.0361152313806453,-3.691674041189953,0.1281372985135135,0.0320343246283783,-2.0086950237444765,0.15045036095481928,-3.6911088080138623,0.12799034126462877,25d42f1b32ab__Natan Pereira BTS coral series 2.xlsx,2026-01-30 03:22:36.730,739646.0,68.0,98.0,59.0,1092.0,15.437452589127785,,BTS,958,BTS,958,,OK,16.0,15.0,15.0,0.0,0.0,14.321631923453563,-0.7769018411636317,22.03617503464069,22.50132968246784,-0.4651546478271484,28.98387754481336,30.05312526743909,-1.0692477226257324,-0.6671474907370124,-0.0368204689744237,-0.0375110563170842,20.711276019433107,15.0,True,-2.0209860719448005,-3.6973257176963936,0.1338749532836243,0.1305541928240335,20.32282509885129,21.09972694001492,,1.1158206656742227
43.0,GIRMS\IRMS-operator,2026-01-30 03:56:42.404,2026-01-30 05:13:07.391,Success,False,BTS,572,43.0,1.0,23.0,True,Unknown,,"0.002 V, 0.002 V, 0.003 V",59 µbar,73 °C,,7.452 V,9.5200 kV,91 µbar,Carbon Dioxide: 0.0200 kV,"1,324 µbar",6.924 V,8.379 V,723 µbar/min,20.515 V,8.47E-008 mbar,36 %,987 µbar,µ-Volume,,Pre,6.846303136827899,7.42691127219909,7.442781008870538,9.761338264820257,9.928872020122686,6.969021207292921,-2.771467277410511,-4.172865319254537,-2.8155012446646754,0.0449099605064875,0.0115957019413639,-4.177178176515813,0.0257315046090217,0.0068770338780824,-2.8579786244937804,0.046795148967505855,-4.175339733178289,0.02568809358149296,25d42f1b32ab__Natan Pereira BTS coral series 2.xlsx,2026-01-30 03:56:42.404,739646.0,723.0,1324.0,91.0,987.0,5.724740522524829,,BTS,572,BTS,572,,OK,16.0,15.0,15.0,0.0,0.0,5.3645237507454056,-0.0243863352190603,7.238739408643183,7.152603396776796,0.0861360118663876,9.513829977390447,9.54156636006221,-0.0277363826717635,-0.0216626051914911,-0.003641377348476,-0.0036480192558184,6.684815377595628,15.0,True,-2.808919374906704,-4.178299436032622,0.0573391233033893,0.0479407693084137,6.6726222099860975,6.697008545205158,,0.3602167717794238
44.0,GIRMS\IRMS-operator,2026-01-30 04:38:07.159,2026-01-30 05:45:54.304,Success,False,BTS,352,44.0,2.0,23.0,True,Unknown,,"0.002 V, 0.002 V, 0.002 V",74 µbar,72 °C,,10.030 V,9.5210 kV,71 µbar,Carbon Dioxide: 0.0210 kV,770 µbar,9.065 V,11.573 V,190 µbar/min,6.778 V,1.02E-007 mbar,26 %,"1,048 µbar",µ-Volume,,Pre,8.888689884647889,9.638294475391366,9.77501249896045,12.67376297949255,13.04147893427313,9.155316107614826,-2.9252595181524788,-3.998357543051778,-2.952673272577394,0.0181431902791778,0.0045357975697944,-4.004391739693981,0.0281876126975908,0.0072780103031409,-3.0114302779400344,0.019400624260805063,-4.0020228039309895,0.028220799053268388,25d42f1b32ab__Natan Pereira BTS coral series 2.xlsx,2026-01-30 04:38:07.159,739646.0,190.0,770.0,71.0,1048.0,7.100527756358242,,BTS,352,BTS,352,,OK,16.0,15.0,15.0,0.0,0.0,6.686095122548753,-0.0997483730316144,9.304175408134912,9.26764334533606,0.0365320627988516,12.234134020790464,12.365234436973934,-0.1311004161834699,-0.0879092329873841,-0.0114919543645082,-0.0115583684860934,8.629969978170152,15.0,True,-2.9545008562057213,-3.9998191112157486,0.0171880677924901,0.0341657941603654,8.580095791654346,8.67984416468596,,0.414432633809489
45.0,GIRMS\IRMS-operator,2026-01-30 05:13:07.549,2026-01-30 06:22:15.096,Success,False,BTS,878,45.0,1.0,24.0,True,Unknown,,"0.002 V, 0.002 V, 0.002 V",64 µbar,72 °C,,19.561 V,9.5210 kV,103 µbar,Carbon Dioxide: 0.0210 kV,"1,346 µbar",17.888 V,23.530 V,991 µbar/min,8.794 V,1.57E-007 mbar,13 %,"1,058 µbar",µ-Volume,,Pre,17.36554209494914,18.835173492500857,19.64412773139246,24.75072055547383,26.228215391327407,18.42035059237804,-1.5451793386358492,-3.919840506314887,-1.7416429809725271,0.0983337821424884,0.0245834455356221,-4.033329028869867,0.10185400394868,0.02546350098717,-1.7280861523302586,0.08858649086092936,-4.03372414117116,0.10175579551823412,25d42f1b32ab__Natan Pereira BTS coral series 2.xlsx,2026-01-30 05:13:07.549,739646.0,991.0,1346.0,103.0,1058.0,12.69848340451675,,BTS,878,BTS,878,,OK,16.0,15.0,15.0,0.0,0.0,11.856083472301876,-0.5704760551452637,17.990098838875365,18.29864228255518,-0.3085434436798131,23.63845318048146,24.427782590080763,-0.7893294095993042,-0.491698679207511,-0.0332522726604845,-0.0338144767610495,16.870763938668624,15.0,True,-1.7547405571283057,-4.040894930373532,0.0861360345944366,0.1006675164200399,16.585525911095992,17.156001966241256,,0.8423999322148745
46.0,GIRMS\IRMS-operator,2026-01-30 05:45:54.481,2026-01-30 07:02:55.898,Success,False,SHP2L,<Comment>,46.0,2.0,24.0,True,QC Standard,SHP2L,"0.001 V, 0.001 V, 0.002 V",71 µbar,72 °C,,8.195 V,9.5214 kV,64 µbar,Carbon Dioxide: 0.0214 kV,201 µbar,7.359 V,9.305 V,78 µbar/min,3.259 V,8.85E-008 mbar,36 %,"1,014 µbar",µ-Volume,,Pre,7.283447486399237,7.917339888066505,7.885072001562718,10.366091290512689,10.52000538448394,7.382957345951752,-0.7447891639579263,-6.056420721918698,-0.8150916680114486,0.0357176158054634,0.0089294039513658,-6.107074419162813,0.0303611508493908,0.0078392154407588,-0.6462580070016878,0.03744509649204727,-6.111769868995531,0.030363011907808792,25d42f1b32ab__Natan Pereira BTS coral series 2.xlsx,2026-01-30 05:45:54.481,739646.0,78.0,201.0,64.0,1014.0,5.962991225591081,,SHP2L,<Comment>,SHP2L,<Comment>,,OK,16.0,15.0,15.0,0.0,0.0,5.608238426865399,0.0037252902984601,7.680985697851779,7.543015846357944,0.1379698514938363,10.056330783414666,10.063105979958184,-0.0067751965435185,0.0033230555629843,0.0005274769215964,0.0005273378423255,7.064333335213455,15.0,True,-0.819778501615017,-6.105000341085098,0.0314691265571645,0.0348059543305912,7.066195980362685,7.062470690064225,,0.35475279872568155
1.0,GIRMS\IRMS-operator,2026-02-05 17:02:47.623,2026-02-05 18:03:31.831,Success,False,SHP2L,,1.0,1.0,2.0,True,QC Standard,SHP2L,"0.003 V, 0.003 V, 0.004 V",,72 °C,,9.547 V,9.5217 kV,62 µbar,Carbon Dioxide: 0.0217 kV,"1,244 µbar",8.741 V,10.734 V,742 µbar/min,3.461 V,8.90E-008 mbar,37 %,919 µbar,µ-Volume,,Pre,8.564517850795998,9.307546246281806,9.395850443303104,12.19790452830328,12.546519649668795,8.798802554666734,-0.8402305505470498,-6.096728258378814,-0.8923957742557193,0.0279680334185134,0.0069920083546283,-6.110585191453193,0.0123616242717409,0.003191757662435,-0.7325782230069855,0.0258660983740209,-6.1151244324135465,0.012346039747044086,02845ed929c6__Natan Pereira BTS coral series 3.xlsx,2026-02-05 17:02:47.623,739652.0,742.0,1244.0,62.0,919.0,6.763333431728517,,SHP2L,,SHP2L,,,OK,16.0,15.0,15.0,0.0,0.0,6.370225717817815,-0.1060877933350745,8.994988845369583,8.951745675585036,0.0432431697845476,11.788331211729185,11.953599990530147,-0.1652687788009643,-0.1012324419266201,-0.0126552801663344,-0.0127358681561734,8.329843873552594,15.0,True,-0.8958734558362974,-6.113599366482761,0.0251147918811552,0.0141275380728276,8.276799976885057,8.382887770220131,,0.39310771391070176
2.0,GIRMS\IRMS-operator,2026-02-05 17:33:51.842,2026-02-05 18:33:10.523,Success,False,BTS,403,2.0,2.0,2.0,True,Unknown,,"0.003 V, 0.003 V, 0.004 V",40 µbar,72 °C,,8.050 V,9.5216 kV,57 µbar,Carbon Dioxide: 0.0216 kV,67 µbar,7.911 V,8.943 V,34 µbar/min,8.574 V,8.43E-008 mbar,40 %,889 µbar,µ-Volume,,Pre,7.803818860176059,8.473634214439834,8.53732805685462,11.140582970755077,11.399144123648718,7.994247596543894,-1.7569247618804962,-3.757799351538527,-1.7644009375946157,0.018032643071764,0.0046560084203363,-3.769179229135208,0.0143536265823051,0.0037060904473965,-1.7486087746784171,0.01929673522471014,-3.7692335589631996,0.014360592475237776,02845ed929c6__Natan Pereira BTS coral series 3.xlsx,2026-02-05 17:33:51.842,739652.0,34.0,67.0,57.0,889.0,6.242104033364402,,BTS,403,BTS,403,,OK,16.0,15.0,15.0,0.0,0.0,5.822711125225629,-0.067569552250065,8.206799120941604,8.143237422595048,0.0635616983465556,10.789299200629308,10.873326848601415,-0.0840276479721087,-0.0647248414616719,-0.0088612285572565,-0.008900663966114,7.591518172948732,15.0,True,-1.7681030959845856,-3.767155032318163,0.0217130351618101,0.0178002286974762,7.5577333968237,7.625302949073765,,0.4193929081387733
3.0,GIRMS\IRMS-operator,2026-02-05 18:03:31.992,2026-02-05 19:04:26.273,Success,False,BTS,630,3.0,1.0,3.0,True,Unknown,,"0.003 V, 0.003 V, 0.004 V",59 µbar,72 °C,,7.757 V,9.5216 kV,67 µbar,Carbon Dioxide: 0.0216 kV,"1,183 µbar",7.770 V,8.602 V,537 µbar/min,7.770 V,8.34E-008 mbar,40 %,919 µbar,µ-Volume,,Pre,7.880670092413913,8.555593504485094,8.397364486963925,11.247728136679848,11.212382582328038,7.863571554510512,-1.9178621807864893,-3.955760823073917,-1.945222474407024,0.0150946713163966,0.0037736678290991,-3.988891012032425,0.020446534969054,0.0051116337422635,-1.9338330527575027,0.016156050164088713,-3.988779312451021,0.020467900186619665,02845ed929c6__Natan Pereira BTS coral series 3.xlsx,2026-02-05 18:03:31.992,739652.0,537.0,1183.0,67.0,919.0,6.266159696708497,,BTS,630,BTS,630,,OK,16.0,15.0,15.0,0.0,0.0,5.7328379563319025,0.124193426153174,8.279362304005494,8.011678099602767,0.2676842044027268,10.884184507033543,10.69718983521195,0.186994671821596,0.122015474937674,0.0165548517316494,0.0164189451305363,7.56403198657361,15.0,True,-1.9470464939817265,-3.991099691296325,0.013678045897703,0.019086510759889,7.626128699650198,7.501935273497024,,0.5333217403765946
4.0,GIRMS\IRMS-operator,2026-02-05 18:33:10.629,2026-02-05 19:43:12.414,Success,False,BTS,939,4.0,2.0,3.0,True,Unknown,,"0.003 V, 0.003 V, 0.003 V",49 µbar,72 °C,,29.351 V,9.5216 kV,57 µbar,Carbon Dioxide: 0.0216 kV,67 µbar,25.568 V,35.258 V,59 µbar/min,7.609 V,1.85E-007 mbar,10 %,"1,024 µbar",µ-Volume,26.528 V,Pre,28.541796128248578,30.88476722557419,28.086075833629312,40.70002176539478,37.54629530684528,26.35058037469328,-3.348103932442781,-4.184250825772895,-3.515466348116895,0.0546875859367312,0.0141202739718164,-4.215429286777968,0.0137881182763689,0.003560076830661,-3.605650780354234,0.05815520740039181,-4.2120247236894075,0.01370789482753674,02845ed929c6__Natan Pereira BTS coral series 3.xlsx,2026-02-05 18:33:10.629,739652.0,59.0,67.0,57.0,1024.0,21.04042119810522,,BTS,939,BTS,939,,OK,16.0,15.0,15.0,0.0,0.0,17.265949111618525,2.632036805152886,29.496619752238928,26.24937360603684,3.247246146202091,38.8686839558321,35.088840506239514,3.7798434495925903,2.815674802899484,0.1068914872419266,0.1014684314680632,25.93946478793562,15.0,True,-3.515466348116895,-4.215238075092838,0.0546875859367312,0.014263087877684,27.255483190512063,24.623446385359177,,3.7744720864866963
5.0,GIRMS\IRMS-operator,2026-02-05 19:04:26.381,2026-02-05 20:22:24.546,Success,False,BTS,374,5.0,1.0,4.0,True,Unknown,,"0.003 V, 0.003 V, 0.003 V",59 µbar,73 °C,,11.277 V,9.5216 kV,67 µbar,Carbon Dioxide: 0.0216 kV,"1,168 µbar",10.414 V,12.750 V,493 µbar/min,3.459 V,9.91E-008 mbar,31 %,975 µbar,µ-Volume,,Pre,10.261060724353191,11.133076604313848,11.233480532685345,14.647819327930128,15.001632499316846,10.521801242923138,-2.28932665093784,-3.701900986432527,-2.345359304739048,0.0161615480981817,0.0041728937755458,-3.71269311206186,0.0159983248478406,0.0041307497135268,-2.37208481474116,0.017281639254262307,-3.711391385566161,0.016009308234838933,02845ed929c6__Natan Pereira BTS coral series 3.xlsx,2026-02-05 19:04:26.381,739652.0,493.0,1168.0,67.0,975.0,8.056851666245933,,BTS,374,BTS,374,,OK,16.0,15.0,15.0,0.0,0.0,7.527801501976594,-0.0914086062902104,10.752765363769653,10.67872149379742,0.0740438699722307,14.14727442226759,14.260597753146802,-0.1133233308792132,-0.0875356955904797,-0.0091392833729016,-0.0091812383423641,9.956021495317508,15.0,True,-2.3453593047390475,-3.716325975776143,0.0161615480981818,0.01923274117624,9.910317192172403,10.001725798462614,,0.5290501642693393
6.0,GIRMS\IRMS-operator,2026-02-05 19:43:12.551,2026-02-05 20:57:12.513,Success,False,SHP2L,,6.0,2.0,4.0,True,QC Standard,SHP2L,"0.003 V, 0.003 V, 0.004 V",49 µbar,72 °C,,14.191 V,9.5215 kV,54 µbar,Carbon Dioxide: 0.0215 kV,113 µbar,13.033 V,16.132 V,54 µbar/min,10.176 V,1.15E-007 mbar,24 %,973 µbar,µ-Volume,,Pre,12.78208723751256,13.884237204697516,14.049356971886542,18.20080558700508,18.766334456633984,13.163810283815357,-0.8206355341513483,-6.073207729193952,-0.9188812029517156,0.0323387265576119,0.0083498232930124,-6.098903682700357,0.0162705570960752,0.0040676392740188,-0.7573654778831799,0.034327568559420533,-6.103380700885148,0.01623335217028129,02845ed929c6__Natan Pereira BTS coral series 3.xlsx,2026-02-05 19:43:12.551,739652.0,54.0,113.0,54.0,973.0,10.013618422882011,,SHP2L,,SHP2L,,,OK,16.0,15.0,15.0,0.0,0.0,9.256645809175152,-0.134289264678955,13.404434715416816,13.314342294838813,0.0900924205780029,17.57144014282173,17.783140939902722,-0.2117007970809936,-0.1283884809109901,-0.0107654513779375,-0.0108237124530084,12.406950504457448,15.0,True,-0.9188812029517156,-6.100616746267451,0.0323387265576119,0.015275247472563,12.339805872117967,12.474095136796924,,0.7569726137068589
7.0,GIRMS\IRMS-operator,2026-02-05 20:22:24.696,2026-02-05 21:28:35.240,Success,False,BTS,645,7.0,1.0,5.0,True,Unknown,,"0.003 V, 0.003 V, 0.004 V",62 µbar,73 °C,,7.361 V,9.5213 kV,67 µbar,Carbon Dioxide: 0.0213 kV,"1,148 µbar",6.865 V,8.161 V,459 µbar/min,12.653 V,7.71E-008 mbar,44 %,921 µbar,µ-Volume,,Pre,6.771974492149818,7.346668753416631,7.427008399655365,9.667246004501768,9.91643292202125,6.9548266411595225,-2.627091755620037,-3.745050126200966,-2.655051283386271,0.0252386523275335,0.0063096630818833,-3.7193118007793866,0.0152005920124573,0.003924775981116,-2.7034729491948877,0.027277810157867618,-3.7173111577453914,0.01524025677187721,02845ed929c6__Natan Pereira BTS coral series 3.xlsx,2026-02-05 20:22:24.696,739652.0,459.0,1148.0,67.0,921.0,5.419084460739198,,BTS,645,BTS,645,,OK,16.0,15.0,15.0,0.0,0.0,5.109628284828763,-0.0794082880020141,7.120447170573553,7.09379628911501,0.0266508814585426,9.369306986466745,9.471797173158029,-0.1024901866912841,-0.075827777132033,-0.0119543670639836,-0.012026250168442,6.60291336782502,15.0,True,-2.65691525190402,-3.714133260732244,0.024958526595153,0.0186467761888473,6.563209223824013,6.642617511826027,,0.3094561759104346
8.0,GIRMS\IRMS-operator,2026-02-05 20:57:12.663,2026-02-05 22:04:34.437,Success,False,BTS,943,8.0,2.0,5.0,True,Unknown,,"0.003 V, 0.003 V, 0.003 V",52 µbar,72 °C,,25.608 V,9.5216 kV,59 µbar,Carbon Dioxide: 0.0216 kV,86 µbar,25.061 V,30.497 V,49 µbar/min,6.751 V,1.84E-007 mbar,10 %,"1,029 µbar",µ-Volume,,Pre,24.60679215743588,26.666620060347817,27.521365567588116,35.10511689148298,36.78996138534895,25.820581143641927,-1.8623835066305936,-3.690053857354769,-2.072618121592761,0.1079851646836905,0.0269962911709226,-3.794757229304957,0.0266128108191041,0.0068713982065439,-2.0775822858060535,0.11432169682523509,-3.7941182569339946,0.026450011010468275,02845ed929c6__Natan Pereira BTS coral series 3.xlsx,2026-02-05 20:57:12.663,739652.0,49.0,86.0,59.0,1029.0,18.35288097515152,,BTS,943,BTS,943,,OK,16.0,15.0,15.0,0.0,0.0,16.96198423757599,-0.5905330181121791,25.523134752654336,25.73254077091148,-0.2094060182571411,33.59549515209547,34.39668588600508,-0.801190733909614,-0.5567661160626113,-0.0244643995914931,-0.0247673588736485,23.843197053218347,15.0,True,-2.08663376259024,-3.794757229304957,0.0955311357844027,0.0266128108191039,23.547930544162256,24.138463562274435,,1.390896737575531
9.0,GIRMS\IRMS-operator,2026-02-05 21:28:35.379,2026-02-05 22:47:22.263,Success,False,BTS,955,9.0,1.0,6.0,True,Unknown,,"0.002 V, 0.002 V, 0.003 V",59 µbar,73 °C,,17.835 V,9.5217 kV,71 µbar,Carbon Dioxide: 0.0217 kV,"1,224 µbar",15.282 V,20.715 V,601 µbar/min,3.467 V,1.29E-007 mbar,21 %,"1,016 µbar",µ-Volume,,Pre,14.930785181419534,16.207344566563584,16.521088515500043,21.31123597627384,22.07137401109439,15.483677866356055,-1.2336980064362455,-3.611843794031677,-1.3488457167267618,0.0386268823456213,0.0099734181360336,-3.6494186084586064,0.0193341981266239,0.0049920684904459,-1.3083019869239838,0.04084671870995016,-3.650298662998523,0.01927810607462784,02845ed929c6__Natan Pereira BTS coral series 3.xlsx,2026-02-05 21:28:35.379,739652.0,601.0,1224.0,71.0,1016.0,11.472598771751548,,BTS,955,BTS,955,,OK,16.0,15.0,15.0,0.0,0.0,10.742853680665025,-0.2693086862564069,15.595815812329269,15.617705618123033,-0.0218898057937639,20.505858016068757,20.86350078588229,-0.3576427698135411,-0.2554877899400435,-0.0184005662894494,-0.0185714286918162,14.501236858265084,15.0,True,-1.3488457167267616,-3.6484773399046686,0.0386268823456213,0.0215148685149676,14.36658251513688,14.635891201393289,,0.7297450910865226
10.0,GIRMS\IRMS-operator,2026-02-05 22:04:34.602,2026-02-05 23:19:06.851,Success,False,BTS,921,10.0,2.0,6.0,True,Unknown,,"0.003 V, 0.003 V, 0.004 V",52 µbar,72 °C,,21.630 V,9.5215 kV,59 µbar,Carbon Dioxide: 0.0215 kV,206 µbar,19.938 V,25.456 V,142 µbar/min,14.753 V,1.58E-007 mbar,14 %,"1,014 µbar",µ-Volume,,Pre,19.502332604522547,21.155061257438277,21.661968958930583,27.827628677992458,28.948061889319057,20.313268697852926,-1.3785437843728543,-3.687120779689468,-1.5465211043398652,0.0882436594101425,0.0220609148525356,-3.7895847238799134,0.0278882616606493,0.0072007181977579,-1.5148311456183934,0.09320403070492034,-3.790133187183361,0.0277656201013251,02845ed929c6__Natan Pereira BTS coral series 3.xlsx,2026-02-05 22:04:34.602,739652.0,142.0,206.0,59.0,1014.0,14.872894212589241,,BTS,921,BTS,921,,OK,16.0,15.0,15.0,0.0,0.0,13.721943547967445,-0.3616660833358764,20.328002107696147,20.369889271812053,-0.0418871641159057,26.73719150414907,27.22060007443869,-0.4834085702896153,-0.3429182854875566,-0.0189359276254337,-0.0191169259889071,18.918631768817743,15.0,True,-1.557719592337666,-3.789584723879913,0.0786977397417965,0.0278882616606494,18.737798727149805,19.09946481048568,,1.1509506646217957
11.0,GIRMS\IRMS-operator,2026-02-05 22:47:22.458,2026-02-05 23:50:02.137,Success,False,SHP2L,,11.0,1.0,7.0,True,QC Standard,SHP2L,"0.003 V, 0.004 V, 0.004 V",64 µbar,72 °C,,15.448 V,9.5214 kV,74 µbar,Carbon Dioxide: 0.0214 kV,"1,224 µbar",14.763 V,17.752 V,567 µbar/min,19.033 V,1.25E-007 mbar,19 %,"1,031 µbar",µ-Volume,,Pre,14.547964731880256,15.79782702929465,15.970173859662692,20.710882650658704,21.33437703733168,14.967462221809456,-0.8442857571099305,-6.152246176154841,-0.9635843337294724,0.0381217412620393,0.009842991269087,-6.186024184061236,0.0208446965168654,0.0052111741292163,-0.8019488453426814,0.04031299477954251,-6.190496730484593,0.020788134781365892,02845ed929c6__Natan Pereira BTS coral series 3.xlsx,2026-02-05 22:47:22.458,739652.0,567.0,1224.0,74.0,1031.0,11.223617423188783,,SHP2L,,SHP2L,,,OK,16.0,15.0,15.0,0.0,0.0,10.413149326308432,-0.144943456703702,15.216845655507724,15.106547260350863,0.1102983951568603,19.94862865094862,20.17996917848311,-0.2313405275344884,-0.1386483638869033,-0.0102382969192206,-0.0102909779632088,14.084517255977769,15.0,True,-0.9635843337294726,-6.188276051254997,0.0381217412620393,0.0194578357099283,14.012045527625917,14.15698898432962,,0.810468096880351
12.0,GIRMS\IRMS-operator,2026-02-05 23:19:07.019,2026-02-06 00:24:25.055,Success,False,BTS,897,12.0,2.0,7.0,True,Unknown,,"0.003 V, 0.003 V, 0.004 V",54 µbar,72 °C,,24.483 V,9.5216 kV,49 µbar,Carbon Dioxide: 0.0216 kV,96 µbar,23.715 V,29.990 V,83 µbar/min,14.232 V,1.81E-007 mbar,10 %,"1,034 µbar",µ-Volume,,Pre,23.43510139282,25.386960274060343,26.00500083573637,33.427400450982105,34.760264616288204,24.395213010861987,-2.351028536837108,-3.889689857759948,-2.5777356259770365,0.0837420419183483,0.0216221022484777,-3.9688193887978502,0.0266629120655895,0.0068843342927614,-2.61138204267423,0.08874984501251953,-3.9672596291376574,0.0265276776011315,02845ed929c6__Natan Pereira BTS coral series 3.xlsx,2026-02-05 23:19:07.019,739652.0,83.0,96.0,49.0,1034.0,17.502727466776484,,BTS,897,BTS,897,,OK,16.0,15.0,15.0,0.0,0.0,16.144825910029127,-0.4091262817382812,24.30409289010344,24.352849489529703,-0.0487565994262624,31.999660592354783,32.549513440407765,-0.5498528480529785,-0.3883235429089834,-0.0179109848454124,-0.0180728359911883,22.63763594920885,15.0,True,-2.577735625977036,-3.968819388797851,0.0837420419183483,0.0266629120655896,22.43307280833971,22.84219909007799,,1.3579015567473576
13.0,GIRMS\IRMS-operator,2026-02-05 23:50:02.282,2026-02-06 01:11:00.879,Success,False,BTS,884,13.0,1.0,8.0,True,Unknown,,"0.002 V, 0.002 V, 0.003 V",47 µbar,72 °C,,13.123 V,9.5219 kV,76 µbar,Carbon Dioxide: 0.0219 kV,"1,224 µbar",12.290 V,14.863 V,664 µbar/min,3.469 V,1.09E-007 mbar,26 %,997 µbar,µ-Volume,,Pre,11.960224365912524,12.977903390508205,13.253679180722742,17.072635785820605,17.70198632884276,12.417686998596828,-1.9124749034514776,-3.582709785646343,-1.9923854566174104,0.0320433193867246,0.0082735494894659,-3.6232195430040415,0.0202670885173064,0.0052329397535759,-1.997871838471821,0.033767496078342445,-3.6226120358593032,0.02023775961333171,02845ed929c6__Natan Pereira BTS coral series 3.xlsx,2026-02-05 23:50:02.282,739652.0,664.0,1224.0,76.0,997.0,9.401151685605102,,BTS,884,BTS,884,,OK,16.0,15.0,15.0,0.0,0.0,8.776755877734743,-0.2252723511479128,12.537276054006128,12.57280042229226,-0.0355243682861328,16.492697493317245,16.79151047873747,-0.298812985420227,-0.213553637399506,-0.0191251656948566,-0.0193098174237398,11.666208240320234,15.0,True,-1.9923854566174108,-3.6224045038502815,0.0320433193867246,0.0221691228012653,11.55357206474628,11.778844415894191,,0.6243958078703589
14.0,GIRMS\IRMS-operator,2026-02-06 00:24:25.210,2026-02-06 01:38:04.895,Success,False,BTS,909,14.0,2.0,8.0,True,Unknown,,"0.003 V, 0.003 V, 0.004 V",62 µbar,73 °C,,20.371 V,9.5217 kV,54 µbar,Carbon Dioxide: 0.0217 kV,86 µbar,18.561 V,23.814 V,68 µbar/min,11.977 V,1.48E-007 mbar,16 %,"1,036 µbar",µ-Volume,,Pre,18.09318264605406,19.61373944148839,20.134147595022327,25.81434912745953,26.904324365305904,18.87828012587431,-2.1517478337834683,-3.803735719888346,-2.3149410502675267,0.0576274890238251,0.0148793536848683,-3.868219986634277,0.0242301428398969,0.0062561959796765,-2.33391098832086,0.06091814373430555,-3.867144922485891,0.02414809754718088,02845ed929c6__Natan Pereira BTS coral series 3.xlsx,2026-02-06 00:24:25.210,739653.0,68.0,86.0,54.0,1036.0,13.735193991341296,,BTS,909,BTS,909,,OK,16.0,15.0,15.0,0.0,0.0,12.84882509992514,-0.3999620676040649,18.841784785841117,18.96468956336797,-0.1229047775268554,24.79707665507793,25.339270306277275,-0.5421936511993408,-0.3778531529904487,-0.0224955194984416,-0.0227514220273584,17.579651378411086,15.0,True,-2.314941050267527,-3.868219986634277,0.0576274890238251,0.0242301428398969,17.379670344609053,17.779632412213118,,0.886368891416156
15.0,GIRMS\IRMS-operator,2026-02-06 01:11:01.071,2026-02-06 02:13:34.684,Success,False,BTS,387,15.0,1.0,9.0,True,Unknown,,"0.003 V, 0.003 V, 0.004 V",49 µbar,72 °C,,4.718 V,9.5216 kV,71 µbar,Carbon Dioxide: 0.0216 kV,"1,178 µbar",4.421 V,5.122 V,640 µbar/min,17.754 V,6.12E-008 mbar,66 %,828 µbar,µ-Volume,,Pre,4.319698016592409,4.682856884725306,4.793984735478602,6.16559038603648,6.3997768120214085,4.488557653166893,-3.4950466654886103,-3.839400158435424,-3.4705540874051946,0.0174442372434514,0.0043610593108628,-3.800590963718202,0.029077583329431,0.0072693958323577,-3.5729517983515215,0.018240010048412164,-3.7968367721527074,0.029092348372152715,02845ed929c6__Natan Pereira BTS coral series 3.xlsx,2026-02-06 01:11:01.071,739653.0,640.0,1178.0,71.0,828.0,3.524092585230482,,BTS,387,BTS,387,,OK,16.0,15.0,15.0,0.0,0.0,3.37010345246284,-0.1058784821627618,4.551374109607926,4.597155297269068,-0.0457811876611415,5.992379453506012,6.136846073506258,-0.1444666200002462,-0.0998105414907422,-0.0245989563887883,-0.0249052783163657,4.251246696295176,15.0,True,-3.468921248866301,-3.798003684070387,0.0167431060194585,0.028127292224001,4.198307455213795,4.304185937376557,,0.15398913276764192
16.0,GIRMS\IRMS-operator,2026-02-06 01:38:05.053,2026-02-06 02:46:41.756,Success,False,SHP2L,,16.0,2.0,9.0,True,QC Standard,SHP2L,"0.002 V, 0.002 V, 0.003 V",59 µbar,72 °C,,4.812 V,9.5220 kV,49 µbar,Carbon Dioxide: 0.0220 kV,74 µbar,4.435 V,5.258 V,117 µbar/min,4.379 V,5.55E-008 mbar,65 %,841 µbar,µ-Volume,,Pre,4.433861723190266,4.819739430913131,4.822823968338613,6.314055569585412,6.438018329557032,4.515321508638421,-0.8068946033753521,-6.143694154220003,-0.8290400177743268,0.0216700467932671,0.0054175116983167,-6.088215507828225,0.0153082137393566,0.0039525637915141,-0.6615642992209292,0.023123336506156396,-6.0928663171352,0.015304721080283978,02845ed929c6__Natan Pereira BTS coral series 3.xlsx,2026-02-06 01:38:05.053,739653.0,117.0,74.0,49.0,841.0,3.5907357522246324,,SHP2L,,SHP2L,,,OK,16.0,15.0,15.0,0.0,0.0,3.388863707935454,-0.0235930778908892,4.679733195780292,4.623486436868484,0.0562467589118078,6.131009705480189,6.172151811536401,-0.0411421060562124,-0.0226775740377343,-0.0054502719328674,-0.0054651652512561,4.316992589650672,15.0,True,-0.8305163787342583,-6.088215507828224,0.0215816554312971,0.0153082137393566,4.305196050705228,4.328789128596117,,0.20187204428917838
17.0,GIRMS\IRMS-operator,2026-02-06 02:13:34.785,2026-02-06 03:31:33.537,Success,False,BTS,636,17.0,1.0,10.0,True,Unknown,,"0.002 V, 0.002 V, 0.002 V",49 µbar,72 °C,,8.260 V,9.5220 kV,67 µbar,Carbon Dioxide: 0.0220 kV,"1,143 µbar",7.581 V,9.163 V,562 µbar/min,3.482 V,7.98E-008 mbar,43 %,914 µbar,µ-Volume,,Pre,7.438167534676886,8.06677720476728,8.148971931525542,10.615221885754126,10.879598287655371,7.631450312193462,-2.895811681417393,-3.876891253196568,-2.9464918430284044,0.0166605610809657,0.0044527222454567,-3.885186228025125,0.0247363073842721,0.006184076846068,-3.0090835482255125,0.017277542044979787,-3.8827053708084116,0.02473504044511251,02845ed929c6__Natan Pereira BTS coral series 3.xlsx,2026-02-06 02:13:34.785,739653.0,562.0,1143.0,67.0,914.0,5.955875426153092,,BTS,636,BTS,636,,OK,16.0,15.0,15.0,0.0,0.0,5.5785787553028845,-0.076562093198687,7.814985554459946,7.777069105123666,0.0379164493362793,10.284401206089514,10.382823375774878,-0.0984221696853637,-0.0732165800150612,-0.0105128664551311,-0.010568418642044,7.244422821603835,15.0,True,-2.949674881465581,-3.885739226347029,0.0202416295175436,0.0255019324625901,7.206141775004491,7.282703868203178,,0.3772966708502077
18.0,GIRMS\IRMS-operator,2026-02-06 02:46:41.887,2026-02-06 03:59:13.310,Success,False,BTS,856,18.0,2.0,10.0,True,Unknown,,"0.002 V, 0.002 V, 0.003 V",57 µbar,73 °C,,15.588 V,9.5220 kV,54 µbar,Carbon Dioxide: 0.0220 kV,135 µbar,14.357 V,17.966 V,83 µbar/min,7.462 V,1.21E-007 mbar,22 %,"1,009 µbar",µ-Volume,,Pre,14.047801973688475,15.228396922133896,15.50655689813945,20.043906637608952,20.713669129788823,14.53253674732434,-2.605243627975873,-3.876383875434653,-2.7325169186778027,0.0338774989637793,0.0090541424459465,-3.909340541761258,0.0169055559356888,0.0042263889839222,-2.7791141316266574,0.0361160595225156,-3.907403993789624,0.016870536215228448,02845ed929c6__Natan Pereira BTS coral series 3.xlsx,2026-02-06 02:46:41.887,739653.0,83.0,135.0,54.0,1009.0,10.8317325770579,,BTS,856,BTS,856,,OK,16.0,15.0,15.0,0.0,0.0,10.134994587709322,-0.2211779356002807,14.665252238296008,14.671242505095934,-0.0059902667999267,19.301128455579228,19.59682709830994,-0.2956986427307129,-0.2103215328194913,-0.0160875657438405,-0.016218019975133,13.637789072859162,15.0,True,-2.72389320366572,-3.9115376528496975,0.0467036866826754,0.014948521212178,13.527200105059022,13.748378040659302,,0.6967379893485788
19.0,GIRMS\IRMS-operator,2026-02-06 03:31:33.774,2026-02-06 04:36:28.290,Success,False,BTS,862,19.0,1.0,11.0,True,Unknown,,"0.003 V, 0.003 V, 0.003 V",52 µbar,73 °C,,10.629 V,9.5219 kV,67 µbar,Carbon Dioxide: 0.0219 kV,"1,097 µbar",10.042 V,11.949 V,410 µbar/min,13.862 V,9.58E-008 mbar,31 %,943 µbar,µ-Volume,,Pre,9.909607387681692,10.758085083303737,10.82967026167898,14.151319841574283,14.461488141392906,10.144519222680454,-1.6251046094793995,-3.172603085014103,-1.7000301403466975,0.0227514213092602,0.0058743917222208,-3.1906286302285056,0.0258997158597984,0.0066872778797669,-1.7008302498985775,0.023617827476443923,-3.1902294669152877,0.025892056153343935,02845ed929c6__Natan Pereira BTS coral series 3.xlsx,2026-02-06 03:31:33.774,739653.0,410.0,1097.0,67.0,943.0,7.850155399811179,,BTS,862,BTS,862,,OK,16.0,15.0,15.0,0.0,0.0,7.278569249751852,-0.066280301780413,10.404107999143882,10.302020143804834,0.1020878553390485,13.685360531042669,13.756008238629448,-0.0706477075867813,-0.0636174999457774,-0.0068687859573886,-0.0068924573645675,9.616352815056125,15.0,True,-1.7000301403466975,-3.196083559639481,0.0227514213092602,0.0301070769623314,9.583212664165917,9.64949296594633,,0.5715861500593267
20.0,GIRMS\IRMS-operator,2026-02-06 03:59:13.530,2026-02-06 05:08:58.547,Success,False,BTS,894,20.0,2.0,11.0,True,Unknown,,"0.003 V, 0.003 V, 0.003 V",62 µbar,72 °C,,6.123 V,9.5220 kV,57 µbar,Carbon Dioxide: 0.0220 kV,206 µbar,5.685 V,6.724 V,151 µbar/min,9.801 V,6.96E-008 mbar,52 %,899 µbar,µ-Volume,,Pre,5.6183072407743415,6.101492355107842,6.137725611876498,8.019091167777011,8.193904817163682,5.74723780176214,-1.6270248058642969,-3.815650148159211,-1.6610016925001343,0.014726743131626,0.0038024287261774,-3.7942537132203,0.019055838880971,0.0049201964422675,-1.6369182727354956,0.016124085459615942,-3.7945742262500843,0.019092989588648683,02845ed929c6__Natan Pereira BTS coral series 3.xlsx,2026-02-06 03:59:13.530,739653.0,151.0,206.0,57.0,899.0,4.520632787866775,,BTS,894,BTS,894,,OK,16.0,15.0,15.0,0.0,0.0,4.265984024160821,-0.050490810005769,5.917767335733027,5.873346974214167,0.0444203615188598,7.777506768762804,7.841209232866503,-0.0637024641036987,-0.0483495227441049,-0.0091809121948448,-0.009223251124206,5.474296354488081,15.0,True,-1.6601631392823075,-3.789407415069116,0.0169846281954581,0.0222086406214697,5.449050949485197,5.499541759490966,,0.254648763705954
21.0,GIRMS\IRMS-operator,2026-02-06 04:36:28.460,2026-02-06 05:53:51.558,Success,False,SHP2L,,21.0,1.0,12.0,True,QC Standard,SHP2L,"0.002 V, 0.002 V, 0.002 V",54 µbar,72 °C,,12.227 V,9.5222 kV,71 µbar,Carbon Dioxide: 0.0222 kV,"1,139 µbar",11.323 V,13.816 V,459 µbar/min,3.484 V,1.03E-007 mbar,29 %,968 µbar,µ-Volume,,Pre,11.115465410053725,12.07533909351922,12.21746636898614,15.82618919359777,16.31613937365148,11.446043848991394,-0.8223110083975804,-6.081012826589127,-0.9273988440055152,0.0315692147670162,0.0081511362030332,-6.131365459927652,0.0205335230113209,0.0053017328441208,-0.7653395188389994,0.03368293007654491,-6.135844208994519,0.020545780951705138,02845ed929c6__Natan Pereira BTS coral series 3.xlsx,2026-02-06 04:36:28.460,739653.0,459.0,1139.0,71.0,968.0,8.73140875446342,,SHP2L,,SHP2L,,,OK,16.0,15.0,15.0,0.0,0.0,8.139889610258317,-0.1370757818222063,11.658955946279535,11.602599754644404,0.05635619163513,15.28001693235967,15.493625078073478,-0.2136081457138079,-0.1308079833167456,-0.0126115800600213,-0.0126916106921889,10.800503194332125,15.0,True,-0.9273988440055152,-6.131365459927651,0.0315692147670162,0.0205335230113209,10.73196530342102,10.869041085243223,,0.5915191442051029
22.0,GIRMS\IRMS-operator,2026-02-06 05:08:58.724,2026-02-06 06:21:50.859,Success,False,BTS,946,22.0,2.0,12.0,True,Unknown,,"0.003 V, 0.003 V, 0.003 V",62 µbar,72 °C,,25.647 V,9.5220 kV,54 µbar,Carbon Dioxide: 0.0220 kV,169 µbar,23.225 V,30.642 V,63 µbar/min,11.041 V,1.71E-007 mbar,12 %,"1,053 µbar",µ-Volume,,Pre,22.59251423045403,24.481561842064476,25.33362514028988,32.24173955925035,33.8619279146962,23.76599557563072,-2.006581105683969,-3.3353160737742416,-2.219027981536555,0.0863095748754525,0.0222850364073913,-3.4083747605973955,0.0330202224601279,0.0085257847784092,-2.248342561877137,0.09109619506327603,-3.4070237028268835,0.03286495045318055,02845ed929c6__Natan Pereira BTS coral series 3.xlsx,2026-02-06 05:08:58.724,739653.0,63.0,169.0,54.0,1053.0,16.83126069335625,,BTS,946,BTS,946,,OK,16.0,15.0,15.0,0.0,0.0,15.785554239457582,-0.6517618894577026,23.43053823957882,23.742583456139187,-0.3120452165603673,30.855663347321027,31.734086799698343,-0.8784234523773158,-0.6114701148792451,-0.0292647847924774,-0.0296993574445218,21.945319546902237,15.0,True,-2.2190279815365552,-3.407520833700668,0.0863095748754525,0.0351419821686701,21.619438602173386,22.271200491631085,,1.0457064538986671
23.0,GIRMS\IRMS-operator,2026-02-06 05:53:51.762,2026-02-06 06:59:28.697,Success,False,BTS,388,23.0,1.0,13.0,True,Unknown,,"0.003 V, 0.003 V, 0.004 V",52 µbar,73 °C,,6.355 V,9.5218 kV,67 µbar,Carbon Dioxide: 0.0218 kV,"1,126 µbar",6.001 V,7.002 V,444 µbar/min,21.932 V,7.16E-008 mbar,49 %,870 µbar,µ-Volume,,Pre,5.858317977070317,6.357532814872595,6.4911962307814095,8.383081804974918,8.665792791394676,6.078267741007329,-2.3534906671918154,-1.2195900873871457,-2.3710755080513866,0.016229391929742,0.0041904109775309,-1.25000509871985,0.0305926000885696,0.0076481500221424,-2.490903346455327,0.016577153960786663,-1.2459965962813497,0.030602392957163663,02845ed929c6__Natan Pereira BTS coral series 3.xlsx,2026-02-06 05:53:51.762,739653.0,444.0,1126.0,67.0,870.0,4.745186989079616,,BTS,388,BTS,388,,OK,16.0,15.0,15.0,0.0,0.0,4.5010686699972275,-0.1263020013771036,6.17274351490769,6.209251359832618,-0.0365078449249276,8.13906038926447,8.288876663907413,-0.1498162746429425,-0.1194145388095831,-0.0217238082789342,-0.0219623613425129,5.750838874170543,15.0,True,-2.36941319505158,-1.2520327661420303,0.0191698038359033,0.0305331941858764,5.687687873481991,5.813989874859095,,0.24411831908238835
24.0,GIRMS\IRMS-operator,2026-02-06 06:21:51.037,2026-02-06 07:31:37.018,Success,False,BTS,999,24.0,2.0,13.0,True,Unknown,,"0.002 V, 0.002 V, 0.003 V",62 µbar,72 °C,,48.444 V,9.5221 kV,57 µbar,Carbon Dioxide: 0.0221 kV,191 µbar,24.081 V,48.944 V,122 µbar/min,5.912 V,1.77E-007 mbar,10 %,"1,095 µbar",µ-Volume,48.423 V,Pre,44.32424083378378,47.97063139988588,26.44493547989533,48.92606070490199,35.3478842064889,24.81024637844626,-3.210919473872975,-229.0784336663796,-3.11076281235212,0.1469165532114885,0.0367291383028721,-33.0197464310364,57.07113624590584,14.73570401530185,-2.061683092364615,2.134429587087496,-33.04701285298351,57.12954901385851,02845ed929c6__Natan Pereira BTS coral series 3.xlsx,2026-02-06 06:21:51.037,739653.0,122.0,191.0,57.0,1095.0,30.818199925387535,,BTS,999,BTS,999,,Partially Saturated Collectors,16.0,15.0,10.0,0.0,5.0,16.39954921016563,18.62254738807677,45.29781011654543,24.760165491835338,20.53764462471009,45.70194116087275,24.337803630545903,21.364137530326843,32.42887705090688,0.801803113557521,0.5723479352833263,32.537109405065216,10.0,True,-3.2318477712734994,-4.46249390032516,0.1495390513122204,0.0867673959674945,41.8483830991036,23.22583571102683,,14.418650715221904
25.0,GIRMS\IRMS-operator,2026-02-06 06:59:28.854,2026-02-06 08:17:43.768,Success,False,BTS,382,25.0,1.0,14.0,True,Unknown,,"0.002 V, 0.002 V, 0.002 V",52 µbar,73 °C,,4.738 V,9.5224 kV,67 µbar,Carbon Dioxide: 0.0224 kV,"1,043 µbar",4.348 V,5.118 V,361 µbar/min,3.490 V,5.55E-008 mbar,72 %,824 µbar,µ-Volume,,Pre,4.337084747375862,4.707874782972763,4.731964969022624,6.190990233346612,6.317143464013726,4.430365838529786,-2.213855980372159,-3.798983102796361,-2.230263682380836,0.0220650125202021,0.0055162531300505,-3.749568947701419,0.0291330377716172,0.0072832594429043,-2.247698352707814,0.02394342135618265,-3.7485575018008506,0.029178695354875907,02845ed929c6__Natan Pereira BTS coral series 3.xlsx,2026-02-06 06:59:28.854,739653.0,361.0,1043.0,67.0,824.0,3.5349982571443164,,BTS,382,BTS,382,,OK,16.0,15.0,15.0,0.0,0.0,3.3289433387321266,-0.0362648943096273,4.574121960096787,4.539482045413145,0.034639914683642,6.015060908669074,6.060032570263788,-0.0449716615947135,-0.0347496373986912,-0.008532752549274,-0.0085693124606461,4.231949117991771,15.0,True,-2.231357529181414,-3.746274670695089,0.0223859194667375,0.0268945901468967,4.213816670836957,4.250081565146584,,0.2060549184121898
26.0,GIRMS\IRMS-operator,2026-02-06 07:31:37.215,2026-02-06 08:45:55.920,Success,False,SHP2L,,26.0,2.0,14.0,True,QC Standard,SHP2L,"0.002 V, 0.002 V, 0.002 V",62 µbar,72 °C,,9.643 V,9.5223 kV,54 µbar,Carbon Dioxide: 0.0223 kV,159 µbar,8.880 V,10.823 V,93 µbar/min,4.309 V,8.77E-008 mbar,36 %,963 µbar,µ-Volume,,Pre,8.685896436406134,9.438140686694494,9.535266455355991,12.369006872177124,12.731656432151794,8.930430397210646,-0.8644633842280758,-6.04764201433472,-0.8899608729827229,0.017477676513481,0.0043694191283702,-6.0686031949788095,0.0174046430078811,0.0043511607519702,-0.7276069041111389,0.01888975409372802,-6.073099092893372,0.017434177716806144,02845ed929c6__Natan Pereira BTS coral series 3.xlsx,2026-02-06 07:31:37.215,739653.0,93.0,159.0,54.0,963.0,6.918122260709913,,SHP2L,,SHP2L,,,OK,16.0,15.0,15.0,0.0,0.0,6.462453346316554,-0.0934365889915049,9.143812950793617,9.084536131564487,0.0592768192291259,11.982771768356304,12.130022048950195,-0.1472502805938926,-0.0893113535021438,-0.0109819757437489,-0.0110426105845425,8.46145830065744,15.0,True,-0.8916607055663662,-6.070000607021751,0.0166659924261282,0.0170611536061486,8.414740006161688,8.508176595153193,,0.45566891439335855
27.0,GIRMS\IRMS-operator,2026-02-06 08:17:43.960,2026-02-06 09:23:23.805,Success,False,BTS,984,27.0,1.0,15.0,True,Unknown,,"0.002 V, 0.002 V, 0.003 V",52 µbar,72 °C,,12.210 V,9.5222 kV,76 µbar,Carbon Dioxide: 0.0222 kV,"1,195 µbar",11.305 V,13.789 V,630 µbar/min,8.691 V,1.03E-007 mbar,28 %,982 µbar,µ-Volume,,Pre,11.08054239000256,12.018962685416511,12.15779680425959,15.81289305634064,16.23729302830262,11.3900952577113,-2.3463620296244603,-3.835935015305436,-2.4468967628846245,0.0209425809674856,0.0054073511542448,-3.872410333871111,0.0252322728109593,0.0063080682027398,-2.4748617798506785,0.02209304653223883,-3.871056320351042,0.02522194481505227,02845ed929c6__Natan Pereira BTS coral series 3.xlsx,2026-02-06 08:17:43.960,739653.0,630.0,1195.0,76.0,982.0,8.743175018300892,,BTS,984,BTS,984,,OK,16.0,15.0,15.0,0.0,0.0,8.103190108579113,-0.1059919595718383,11.617662855964843,11.54616374189692,0.0714991140679242,15.284572386212773,15.419204377599184,-0.1346319913864118,-0.101433560468845,-0.009799230078848,-0.0098474789347371,10.763359868478664,15.0,True,-2.4468967628846245,-3.8748420217754895,0.0209425809674857,0.0240993011349,10.710363888692743,10.816355848264584,,0.6399849097217789
28.0,GIRMS\IRMS-operator,2026-02-06 08:45:56.156,2026-02-06 09:57:16.117,Success,False,BTS,355,28.0,2.0,15.0,True,Unknown,,"0.002 V, 0.003 V, 0.003 V",62 µbar,72 °C,,23.620 V,9.5222 kV,54 µbar,Carbon Dioxide: 0.0222 kV,203 µbar,21.479 V,27.983 V,98 µbar/min,11.003 V,1.65E-007 mbar,12 %,"1,048 µbar",µ-Volume,,Pre,20.91538566079231,22.66887645036356,23.40623060971873,29.847960776819637,31.28286809398119,21.953028020525892,-2.055835780632176,-3.475145159990589,-2.254973545766684,0.0728005003543755,0.0187970083645375,-3.543706720379902,0.0349737613434625,0.0087434403358656,-2.2815930114321965,0.07687614299912952,-3.5424466111707367,0.03483148922632607,02845ed929c6__Natan Pereira BTS coral series 3.xlsx,2026-02-06 08:45:56.156,739653.0,98.0,203.0,54.0,1048.0,15.698393200601066,,BTS,355,BTS,355,,OK,16.0,15.0,15.0,0.0,0.0,14.712599218914633,-0.5685538053512538,21.723069947067668,21.97714964658396,-0.2540796995162928,28.600927299990097,29.36961860133593,-0.7686913013458323,-0.5343276345707854,-0.0275874032090879,-0.0279732579826069,20.324904796744303,15.0,True,-2.2549735457666844,-3.548277491072523,0.0728005003543753,0.0308607390474381,20.04062789406868,20.60918169941993,,0.9857939816864327
29.0,GIRMS\IRMS-operator,2026-02-06 09:23:24.017,2026-02-06 10:43:06.555,Success,False,BTS,898,29.0,1.0,16.0,True,Unknown,,"0.002 V, 0.002 V, 0.002 V",49 µbar,72 °C,,17.568 V,9.5225 kV,67 µbar,Carbon Dioxide: 0.0225 kV,"1,053 µbar",15.240 V,20.392 V,366 µbar/min,3.482 V,1.29E-007 mbar,21 %,985 µbar,µ-Volume,,Pre,14.85914231280385,16.12365580901704,16.438085211368417,21.22368301715401,21.960321920771868,15.405731806555377,-1.6259283787628531,-2.9197343423551514,-1.7120813835079034,0.0541413872251959,0.0135353468062989,-2.944385114965449,0.0164804132547973,0.004255224404963,-1.7229500107702396,0.057466091874683656,-2.9436828246362547,0.016409307801276106,02845ed929c6__Natan Pereira BTS coral series 3.xlsx,2026-02-06 09:23:24.017,739653.0,366.0,1053.0,67.0,985.0,11.467136179880379,,BTS,898,BTS,898,,OK,16.0,15.0,15.0,0.0,0.0,10.691140261264632,-0.2541095018386841,15.527415646167611,15.540260447116706,-0.0128448009490949,20.43790008391884,20.759079712291037,-0.3211796283721924,-0.2413022395954369,-0.0174493236860558,-0.0176029030627338,14.435658762255295,15.0,True,-1.7178249171575737,-2.948737627461358,0.0507459950929662,0.018051491975852,14.308604011335955,14.56271351317464,,0.775995918615747
30.0,GIRMS\IRMS-operator,2026-02-06 09:57:16.345,2026-02-06 11:10:39.419,Success,False,BTS,866,30.0,2.0,16.0,True,Unknown,,"0.003 V, 0.003 V, 0.004 V",64 µbar,73 °C,,8.791 V,9.5221 kV,54 µbar,Carbon Dioxide: 0.0221 kV,281 µbar,8.143 V,9.811 V,78 µbar/min,14.766 V,8.51E-008 mbar,38 %,941 µbar,µ-Volume,,Pre,8.076768701776349,8.764891824695983,8.793195165488402,11.528702030854417,11.741237292962266,8.235129909764145,-2.202986635880033,-3.7764519881517966,-2.237777259868304,0.0170641100156743,0.0044059342605705,-3.828491872001109,0.0191528574999635,0.0049452465419761,-2.2529848027506305,0.018163540572078297,-3.827550351612197,0.019189356251970737,02845ed929c6__Natan Pereira BTS coral series 3.xlsx,2026-02-06 09:57:16.345,739653.0,78.0,281.0,54.0,941.0,6.408653936594656,,BTS,866,BTS,866,,OK,16.0,15.0,15.0,0.0,0.0,5.990397493256195,-0.0384300580691725,8.481597280926755,8.386536440822997,0.0950608401037573,11.155427942948531,11.198257621649914,-0.0428296787013806,-0.0369595180828302,-0.0048930256324623,-0.0049050258410463,7.8348329477861505,15.0,True,-2.2368233076898165,-3.8284918720011087,0.0193894979940762,0.0191528574999636,7.815617918751564,7.854047976820737,,0.41825644333846146
31.0,GIRMS\IRMS-operator,2026-02-06 10:43:06.750,2026-02-06 11:48:41.235,Success,False,SHP2L,,31.0,1.0,17.0,True,QC Standard,SHP2L,"0.002 V, 0.002 V, 0.003 V",52 µbar,72 °C,,6.576 V,9.5222 kV,69 µbar,Carbon Dioxide: 0.0222 kV,"1,107 µbar",6.291 V,7.248 V,415 µbar/min,7.998 V,7.38E-008 mbar,48 %,863 µbar,µ-Volume,,Pre,6.193843750445745,6.742016438947068,6.81142699923134,8.857717902392427,9.094518003479116,6.378124281494385,0.6639326132209522,-1.980776200994572,0.6456170952282431,0.0216426901555606,0.0054106725388901,-1.9598204895024636,0.0144703881742467,0.003867373914404,0.7635905798007439,0.023401199012276903,-1.963376927448175,0.014496493975216398,02845ed929c6__Natan Pereira BTS coral series 3.xlsx,2026-02-06 10:43:06.750,739653.0,415.0,1107.0,69.0,863.0,4.991035522589765,,SHP2L,,SHP2L,,,OK,16.0,15.0,15.0,0.0,0.0,4.706522086370155,-0.0891026499860796,6.540314321027145,6.51206993119502,0.0282443898321247,8.592581541270295,8.694341571063081,-0.1017600297927856,-0.0848560700278564,-0.0146130537805316,-0.014720610315644,6.052918192623289,15.0,True,0.6443960606953958,-1.9663984724213488,0.0218244104457218,0.0250803833871005,6.008366867630249,6.097469517616329,,0.2845134362196102
32.0,GIRMS\IRMS-operator,2026-02-06 11:10:39.653,2026-02-06 12:23:35.510,Success,False,BTS,361,32.0,2.0,17.0,True,Unknown,,"0.002 V, 0.002 V, 0.002 V",67 µbar,72 °C,,13.007 V,9.5220 kV,57 µbar,Carbon Dioxide: 0.0220 kV,469 µbar,12.005 V,14.760 V,93 µbar/min,6.194 V,1.08E-007 mbar,25 %,"1,002 µbar",µ-Volume,,Pre,11.754520308573742,12.746882967125511,12.947871903593564,16.77319163210117,17.293778599569432,12.13096513145327,-2.522624197274337,-3.9597022984068087,-2.6297049172796885,0.0345501341895204,0.0089208062883496,-3.9639317347721983,0.0160378162807195,0.0040094540701798,-2.66716113171539,0.03666313370192367,-3.9622646108825808,0.0160130454092632,02845ed929c6__Natan Pereira BTS coral series 3.xlsx,2026-02-06 11:10:39.653,739653.0,93.0,469.0,57.0,1002.0,9.167653105591015,,BTS,361,BTS,361,,OK,16.0,15.0,15.0,0.0,0.0,8.582078506413774,-0.1677458179439206,12.298968962799648,12.284666554820893,0.0143024079787554,16.184372247526284,16.40756183988773,-0.2231895923614466,-0.1597573162227067,-0.014575023819057,-0.0146820192088977,11.42525531108563,15.0,True,-2.6297049172796885,-3.964213697196557,0.0345501341895205,0.0165596165235782,11.34138240211367,11.50912822005759,,0.5855745991772405
33.0,GIRMS\IRMS-operator,2026-02-06 11:48:41.443,2026-02-06 13:06:25.707,Success,False,BTS,358,33.0,1.0,18.0,True,Unknown,,"0.002 V, 0.002 V, 0.002 V",52 µbar,72 °C,,1.808 V,9.5221 kV,67 µbar,Carbon Dioxide: 0.0221 kV,"1,087 µbar",3.244 V,1.922 V,527 µbar/min,3.469 V,4.81E-008 mbar,100 %,611 µbar,µ-Volume,1.696 V,Pre,1.739056195468667,1.888984591735845,3.563744269310839,2.4947533644005877,4.757549280515265,3.336419336163681,-1.5905749263467328,1.1081593490382955,-1.6279870104886418,0.0286383435165604,0.0071595858791401,1.0857557915445215,0.0377713649262561,0.0097525244881942,-1.7823590814824848,0.029688461815405534,1.090607053962763,0.03777630213167886,02845ed929c6__Natan Pereira BTS coral series 3.xlsx,2026-02-06 11:48:41.443,739653.0,527.0,1087.0,67.0,611.0,1.445862224066195,,BTS,358,BTS,358,,OK,16.0,15.0,15.0,0.0,0.0,2.5282669448553845,-1.507958306744548,3.41938597211442,1.839333922637945,1.5800520494764752,4.564798112300658,2.429328880403999,2.1354692318966597,-0.7708966364082588,-0.4710418319971436,-0.6161605227073336,2.4473465130787098,15.0,True,-1.630481149431436,1.091223236354303,0.027786617815515,0.0462336385104226,1.6933673597064356,3.2013256664509835,,-1.0824047207891896
34.0,GIRMS\IRMS-operator,2026-02-06 12:23:35.751,2026-02-06 13:38:06.779,Success,False,BTS,902,34.0,2.0,18.0,True,Unknown,,"0.002 V, 0.002 V, 0.002 V",64 µbar,72 °C,,24.779 V,9.5222 kV,57 µbar,Carbon Dioxide: 0.0222 kV,511 µbar,22.642 V,29.491 V,142 µbar/min,3.227 V,1.69E-007 mbar,12 %,"1,043 µbar",µ-Volume,,Pre,22.04338864563486,23.90746095647557,24.667062549493146,31.456518065551275,32.97135521135663,23.13725308655283,-1.307253599532765,-3.545203145501108,-1.5272751012917658,0.0813577364939442,0.0210064772350784,-3.606726447068324,0.0323743219337982,0.0080935804834495,-1.5006203385110828,0.08606166561705503,-3.607178453530764,0.0322042104431731,02845ed929c6__Natan Pereira BTS coral series 3.xlsx,2026-02-06 12:23:35.751,739653.0,142.0,511.0,57.0,1043.0,16.48136538593551,,BTS,902,BTS,902,,OK,16.0,15.0,15.0,0.0,0.0,15.404237121161755,-0.5780756473541295,22.898324518105817,23.1267593192075,-0.2284348011016845,30.12725998125409,30.909705054381835,-0.7824450731277395,-0.543798436283087,-0.026652783627012,-0.027012766335161,21.40009061573526,15.0,True,-1.5272751012917658,-3.610828000506139,0.0813577364939442,0.0288889413658072,21.1110527920582,21.689128439412325,,1.0771282647737568
35.0,GIRMS\IRMS-operator,2026-02-06 13:06:25.950,2026-02-06 14:15:32.686,Success,False,BTS,608,35.0,1.0,19.0,True,Unknown,,"0.003 V, 0.003 V, 0.004 V",49 µbar,72 °C,,0.010 V,9.5218 kV,69 µbar,Carbon Dioxide: 0.0218 kV,"1,129 µbar",3.050 V,0.010 V,474 µbar/min,21.444 V,5.31E-008 mbar,100 %,62 µbar,µ-Volume,0.017 V,Pre,0.010030638567739,0.0108206098479428,3.35393494056188,0.0143261492540533,4.47760580716851,3.140015354673318,-8.427336444820632,-3.3258924716979,-7.862219744408216,0.7447450692337619,0.1922923500208299,-5.505522436678248,1.3725642745178286,0.3431410686294571,-8.20952698466535,0.8021806420507481,-5.493429555845843,1.3741084245209843,02845ed929c6__Natan Pereira BTS coral series 3.xlsx,2026-02-06 13:06:25.950,739653.0,474.0,1129.0,69.0,62.0,0.008146836011361088,,BTS,608,BTS,608,,Failed Sample,16.0,15.0,15.0,0.0,0.0,2.376424954749662,-2.9954898591612293,3.2095202425060214,0.0101893808786129,3.1993308616274083,4.284928392533351,0.0134753103934607,4.27145308213989,-0.0090914534794241,-0.9968596360869242,-1.9874778683978949,1.507181492076635,15.0,True,,,,,0.0094365624960204,3.0049264216572498,,-2.368278118738301
36.0,GIRMS\IRMS-operator,2026-02-06 13:38:06.975,2026-02-06 14:52:31.445,Success,False,SHP2L,,36.0,2.0,19.0,True,QC Standard,SHP2L,"0.002 V, 0.002 V, 0.002 V",62 µbar,73 °C,,15.737 V,9.5220 kV,52 µbar,Carbon Dioxide: 0.0220 kV,379 µbar,13.627 V,18.107 V,93 µbar/min,3.039 V,1.19E-007 mbar,21 %,"1,004 µbar",µ-Volume,,Pre,13.30496801433013,14.450648577258226,14.737272412821886,18.94489792359752,19.68696084988994,13.809849157900077,-0.8328812004870789,-6.107505294755344,-0.9313447759005248,0.0498425847066271,0.0124606461766567,-6.131503144605012,0.0266969063114311,0.0066742265778577,-0.7695566614574975,0.052518610526151976,-6.135973153006923,0.026632859764850525,02845ed929c6__Natan Pereira BTS coral series 3.xlsx,2026-02-06 13:38:06.975,739653.0,93.0,379.0,52.0,1004.0,10.36574163137221,,SHP2L,,SHP2L,,,OK,16.0,15.0,15.0,0.0,0.0,9.669262053115743,-0.246809886688041,13.93275871996605,13.95405247931206,-0.0212937593460118,18.266075525411782,18.63985625279826,-0.3737807273864746,-0.2340299431591563,-0.0188771611059918,-0.0190570324417947,12.951118566957597,15.0,True,-0.9379090142614214,-6.133103001261657,0.0438527036888264,0.0268282662527333,12.827713623613576,13.074523510301615,,0.6964795782564668
37.0,GIRMS\IRMS-operator,2026-02-06 14:15:32.889,2026-02-06 15:37:19.135,Success,False,BTS,871,37.0,1.0,20.0,True,Unknown,,"0.002 V, 0.002 V, 0.002 V",49 µbar,72 °C,,6.543 V,9.5223 kV,67 µbar,Carbon Dioxide: 0.0223 kV,"1,158 µbar",5.996 V,7.162 V,503 µbar/min,3.469 V,7.45E-008 mbar,53 %,870 µbar,µ-Volume,,Pre,5.898703587105106,6.409336462331782,6.496188657221285,8.433134321135633,8.67388363177865,6.082351601583844,-1.1879014779865305,-2.4058574884591177,-1.2187496157541402,0.0183500500845323,0.004587512521133,-2.3876820808681027,0.0125554204461109,0.0032417956194946,-1.2156548923239405,0.019841867577516558,-2.3874886510545,0.012576002993453489,02845ed929c6__Natan Pereira BTS coral series 3.xlsx,2026-02-06 14:15:32.889,739653.0,503.0,1158.0,67.0,870.0,4.7743978535457705,,BTS,871,BTS,871,,OK,16.0,15.0,15.0,0.0,0.0,4.498522873617314,-0.0928878118231262,6.220830362122306,6.21400563680409,0.006824725318216,8.185283306998365,8.29707181827461,-0.1117885112762451,-0.0883394377668727,-0.0159653081603681,-0.0160937792328266,5.771659377162461,15.0,True,-1.2208061582719807,-2.389876283759573,0.0169785935832825,0.0177571044974615,5.725215471250898,5.8181032830740245,,0.27587497992845655
38.0,GIRMS\IRMS-operator,2026-02-06 14:52:31.688,2026-02-06 16:05:30.144,Success,False,BTS,880,38.0,2.0,20.0,True,Unknown,,"0.002 V, 0.002 V, 0.002 V",54 µbar,72 °C,,7.358 V,9.5221 kV,47 µbar,Carbon Dioxide: 0.0221 kV,323 µbar,6.789 V,8.177 V,381 µbar/min,5.924 V,7.79E-008 mbar,46 %,889 µbar,µ-Volume,,Pre,6.663244330392575,7.240135604618394,7.321987604996049,9.511951496782457,9.77741543028472,6.856191214855327,-1.1060818160473218,-3.9046631941423993,-1.1227199549045903,0.0152469533280794,0.0039367464213368,-3.9001371816711337,0.0177827687951378,0.004591491159535,-1.056943051641405,0.016723882142981147,-3.9017756978138247,0.017805856587631782,02845ed929c6__Natan Pereira BTS coral series 3.xlsx,2026-02-06 14:52:31.688,739653.0,381.0,323.0,47.0,889.0,5.356836869170347,,BTS,880,BTS,880,,OK,16.0,15.0,15.0,0.0,0.0,5.03665466890274,-0.0930196844216562,7.015761302873966,6.994944380686162,0.0208169221878042,9.216908786518928,9.34046358302669,-0.1235547965077614,-0.0886233449350841,-0.0142023310230719,-0.0143039054229416,6.503096998422869,15.0,True,-1.1265260475003942,-3.903081685217181,0.0177218929690844,0.0217907305904112,6.456587156212041,6.549606840633698,,0.3201822002676069
39.0,GIRMS\IRMS-operator,2026-02-06 15:37:19.402,2026-02-06 16:41:55.069,Success,False,BTS,934,39.0,1.0,21.0,True,Unknown,,"0.002 V, 0.002 V, 0.002 V",45 µbar,72 °C,,39.234 V,9.5218 kV,74 µbar,Carbon Dioxide: 0.0218 kV,"1,205 µbar",25.400 V,48.788 V,635 µbar/min,6.668 V,1.88E-007 mbar,10 %,"1,034 µbar",µ-Volume,35.025 V,Pre,38.30025557452855,41.47160819195188,27.82479694507992,48.94433335646504,37.20171169623249,26.10629264289556,-2.6785030162190804,-107.6514010078824,-2.6846164574729623,0.05211056721683,0.0134548905994803,-8.16805327126107,14.189796738274833,3.66378976356045,-2.559086592362466,0.5264717296060734,-8.170721167582352,14.204783884560978,02845ed929c6__Natan Pereira BTS coral series 3.xlsx,2026-02-06 15:37:19.402,739653.0,635.0,1205.0,74.0,1034.0,27.399447076265197,,BTS,934,BTS,934,,Partially Saturated Collectors,16.0,15.0,13.0,0.0,2.0,17.122847289089542,11.932015419006344,39.344482332691314,26.00958219192898,13.334900140762333,46.89894036635274,30.538061421955764,16.360878944396976,17.171517752938925,0.4890503680211227,0.3929614075346606,30.36434415752111,13.0,True,-2.7034060086802425,-4.165771279292185,0.062891964570498,0.0687926403231953,36.33035186702429,24.39833644801794,,10.276599787175655
40.0,GIRMS\IRMS-operator,2026-02-06 16:05:30.385,2026-02-06 17:17:32.250,Success,False,BTS,373,40.0,2.0,21.0,True,Unknown,,"0.003 V, 0.003 V, 0.004 V",57 µbar,72 °C,,11.414 V,9.5211 kV,52 µbar,Carbon Dioxide: 0.0211 kV,733 µbar,10.546 V,12.863 V,186 µbar/min,23.925 V,1.01E-007 mbar,28 %,951 µbar,µ-Volume,,Pre,10.33738228893099,11.210788633340378,11.389751579278489,14.753567113863884,15.212224855410517,10.668843402420986,-2.688186835515527,-3.959243216425823,-2.753333163805808,0.0328742243992636,0.0084880882411889,-3.951096635363016,0.017251762424197,0.0044543859041094,-2.799932415516186,0.03508838447129582,-3.94912180916512,0.017259587522847,02845ed929c6__Natan Pereira BTS coral series 3.xlsx,2026-02-06 16:05:30.385,739653.0,186.0,733.0,52.0,951.0,8.11401889616299,,BTS,373,BTS,373,,OK,16.0,15.0,15.0,0.0,0.0,7.618048227059117,-0.1564967460109496,10.828305627816697,10.826000044817158,0.0023055829995382,14.249326720225271,14.458241000163015,-0.2089142799377441,-0.1489141273548496,-0.0154333974416257,-0.0155534184861622,10.061887433311458,15.0,True,-2.7501598131135654,-3.947583437133492,0.0409238855041597,0.0205288084118805,9.983639060305984,10.140135806316932,,0.49597066910387344
41.0,GIRMS\IRMS-operator,2026-02-06 16:41:55.334,2026-02-06 18:04:15.656,Success,False,SHP2L,,41.0,1.0,22.0,True,QC Standard,SHP2L,"0.002 V, 0.002 V, 0.002 V",47 µbar,72 °C,,12.337 V,9.5215 kV,74 µbar,Carbon Dioxide: 0.0215 kV,"1,207 µbar",10.555 V,14.036 V,698 µbar/min,3.472 V,9.96E-008 mbar,30 %,929 µbar,µ-Volume,,Pre,10.335993807202216,11.242733166308264,11.37141589356265,14.76949159869781,15.186679408641965,10.651660005932689,0.2889904962335432,-2.705447801951366,0.247525180468236,0.0277615611433856,0.0069403902858464,-2.738686951724759,0.0199511777202385,0.0049877944300596,0.3661713365058772,0.029389990835768234,-2.7421819128399316,0.01994521668868809,02845ed929c6__Natan Pereira BTS coral series 3.xlsx,2026-02-06 16:41:55.334,739653.0,698.0,1207.0,74.0,929.0,8.116340537859893,,SHP2L,,SHP2L,,,OK,16.0,15.0,15.0,0.0,0.0,7.6104188245708215,-0.1435029515403112,10.854722200017754,10.807023628525153,0.047698571492603,14.259141728969722,14.43263594874969,-0.1734942197799682,-0.1367241914638672,-0.014176784873327,-0.0142779928901402,10.050638954961816,15.0,True,0.2447608260838822,-2.740902895042985,0.0263582013772591,0.0185014386252728,9.97888747919166,10.122390430731972,,0.5059217132890712
42.0,GIRMS\IRMS-operator,2026-02-06 17:17:32.453,2026-02-06 18:32:13.505,Success,False,BTS,593,42.0,2.0,22.0,True,Unknown,,"0.002 V, 0.002 V, 0.003 V",59 µbar,73 °C,,7.400 V,9.5214 kV,57 µbar,Carbon Dioxide: 0.0214 kV,714 µbar,6.904 V,8.226 V,171 µbar/min,10.324 V,7.90E-008 mbar,45 %,914 µbar,µ-Volume,,Pre,6.81242006472588,7.389765743580778,7.444952270026244,9.72642675943819,9.940496841149006,6.971706350057035,-2.7248417594938346,-3.582739413703351,-2.799240966830729,0.0199168226715352,0.0051425015010814,-3.6316452550020433,0.0198241906391393,0.0051185840131618,-2.860886058445026,0.021472556366979728,-3.629223754962463,0.019854653805792984,02845ed929c6__Natan Pereira BTS coral series 3.xlsx,2026-02-06 17:17:32.453,739653.0,171.0,714.0,57.0,914.0,5.4725928634869465,,BTS,593,BTS,593,,OK,16.0,15.0,15.0,0.0,0.0,5.119061051600899,-0.0532350197979987,7.1649445500326525,7.11074176632398,0.0542027837086722,9.43031088419405,9.494192162232077,-0.0638812780380249,-0.0510383654101629,-0.0079950300406465,-0.0080271185676908,6.631896532869204,15.0,True,-2.79924096683073,-3.631645255002044,0.0199168226715351,0.0198241906391394,6.605279022970205,6.658514042768204,,0.35353181188604754
43.0,GIRMS\IRMS-operator,2026-02-06 18:04:15.895,2026-02-06 19:10:15.264,Success,False,BTS,892,43.0,1.0,23.0,True,Unknown,,"0.002 V, 0.002 V, 0.002 V",49 µbar,72 °C,,21.526 V,9.5214 kV,74 µbar,Carbon Dioxide: 0.0214 kV,"1,165 µbar",20.168 V,25.180 V,498 µbar/min,6.779 V,1.57E-007 mbar,13 %,"1,024 µbar",µ-Volume,,Pre,19.656049618663427,21.32474604105669,21.92861559843737,28.05403593550816,29.3063593245615,20.56369424814188,-1.2335907765786969,-3.4639408486323298,-1.4446086692131654,0.0660474306029941,0.0170533732523457,-3.5402505491201124,0.0275219345726068,0.0071061329503411,-1.4147787177107258,0.06980949540623524,-3.5407867050744133,0.02742510525986034,02845ed929c6__Natan Pereira BTS coral series 3.xlsx,2026-02-06 18:04:15.895,739653.0,498.0,1165.0,74.0,1024.0,14.957867162468075,,BTS,892,BTS,892,,OK,16.0,15.0,15.0,0.0,0.0,13.862978485704426,-0.453010201454159,20.47883692240435,20.61366262888628,-0.13482570648193,26.940129432784467,27.546457681762124,-0.6063282489776576,-0.4275562466993572,-0.0234380813436649,-0.0237160102321491,19.10145075077021,15.0,True,-1.444608669213165,-3.5402505491201124,0.0660474306029942,0.0275219345726067,18.87494565004313,19.32795585149729,,1.0948886767636488
44.0,GIRMS\IRMS-operator,2026-02-06 18:32:13.755,2026-02-06 19:43:49.122,Success,False,BTS,344,44.0,2.0,23.0,True,Unknown,,"0.003 V, 0.003 V, 0.003 V",59 µbar,72 °C,,12.395 V,9.5212 kV,54 µbar,Carbon Dioxide: 0.0212 kV,460 µbar,11.638 V,14.019 V,391 µbar/min,19.234 V,1.06E-007 mbar,25 %,980 µbar,µ-Volume,,Pre,11.488165077486606,12.463964263315011,12.544656509356791,16.3970791459761,16.753887450762782,11.752332863131135,-2.1131992659756405,-3.7131552434249695,-2.176671935711931,0.0208709198981722,0.00538884834571,-3.7616521195623154,0.0283216534385775,0.0070804133596443,-2.1897865479356757,0.021967043249752616,-3.7607834736219927,0.028319695094185138,02845ed929c6__Natan Pereira BTS coral series 3.xlsx,2026-02-06 18:32:13.755,739653.0,391.0,460.0,54.0,980.0,8.982409383594664,,BTS,344,BTS,344,,OK,16.0,15.0,15.0,0.0,0.0,8.339025453221758,-0.0709444284439086,12.02706516890206,11.908839468738885,0.1182257001631761,15.822296655245813,15.904625570841825,-0.0823289155960118,-0.0681291937772402,-0.0063590842416835,-0.0063793677100218,11.120918509283634,15.0,True,-2.1766719357119304,-3.764885244638138,0.0208709198981722,0.0260809143970447,11.08544629506168,11.156390723505588,,0.6433839303729059
45.0,GIRMS\IRMS-operator,2026-02-06 19:10:15.490,2026-02-06 20:30:12.648,Success,False,BTS,886,45.0,1.0,24.0,True,Unknown,,"0.002 V, 0.002 V, 0.002 V",49 µbar,72 °C,,17.246 V,9.5216 kV,71 µbar,Carbon Dioxide: 0.0216 kV,"1,146 µbar",14.888 V,20.038 V,625 µbar/min,3.474 V,1.26E-007 mbar,21 %,975 µbar,µ-Volume,,Pre,14.527643354755885,15.752865358519292,16.082970782446598,20.755820183577747,21.485246925177783,15.073189767223845,-2.307149058546343,-2.605897148411751,-2.397001211490283,0.0376156667224675,0.0097123233848403,-2.6499261672417105,0.0255957023434066,0.0063989255858516,-2.4667349941242422,0.039468517202916484,-2.6473707027052167,0.02553747914694356,02845ed929c6__Natan Pereira BTS coral series 3.xlsx,2026-02-06 19:10:15.490,739653.0,625.0,1146.0,71.0,975.0,11.205284525225197,,BTS,886,BTS,886,,OK,16.0,15.0,15.0,0.0,0.0,10.482281126735892,-0.2670735120773333,15.165401979613042,15.208019300627443,-0.0426173210144025,19.980333952727527,20.31495442849657,-0.3346204757690429,-0.2532797729768495,-0.0187397604246561,-0.0189170105474611,14.118166895729548,15.0,True,-2.39680750673803,-2.652861435163708,0.0381155766377009,0.0235422237859774,13.98463013969088,14.251703651768214,,0.7230033984893058
46.0,GIRMS\IRMS-operator,2026-02-06 19:43:49.409,2026-02-06 20:57:44.457,Success,False,SHP2L,,46.0,2.0,24.0,True,QC Standard,SHP2L,"0.003 V, 0.003 V, 0.003 V",62 µbar,73 °C,,8.400 V,9.5215 kV,57 µbar,Carbon Dioxide: 0.0215 kV,584 µbar,7.829 V,9.384 V,313 µbar/min,14.430 V,8.30E-008 mbar,39 %,933 µbar,µ-Volume,,Pre,7.726759497701682,8.397059710475226,8.446048314715865,11.002450197806215,11.277212709059574,7.910118111327576,-0.7858518332228837,-6.120330731539392,-0.7763659097692907,0.0168222049752276,0.0043434746477029,-6.1316413621370565,0.0173020728624196,0.0044673760034012,-0.6038015401275428,0.01768308191980677,-6.136452509673237,0.01730766803145633,02845ed929c6__Natan Pereira BTS coral series 3.xlsx,2026-02-06 19:43:49.409,739653.0,313.0,584.0,57.0,933.0,6.143918281893602,,SHP2L,,SHP2L,,,OK,16.0,15.0,15.0,0.0,0.0,5.76610499244009,-0.0653343030519559,8.129175121928695,8.056717513383358,0.0724576085453367,10.650633782019474,10.75673004971967,-0.1060962677001953,-0.0625964424575875,-0.0086593838890227,-0.0086970393904124,7.512246423073549,15.0,True,-0.7790327088118035,-6.129524208324651,0.0210682653511031,0.0204428575566789,7.479579271547571,7.544913574599527,,0.37781328945351245
1.0,GIRMS\IRMS-operator,2026-02-09 15:56:58.520,2026-02-09 16:52:57.425,Success,False,SHP2L,,1.0,1.0,2.0,True,QC Standard,SHP2L,"0.001 V, 0.001 V, 0.002 V",,72 °C,,3.764 V,9.5204 kV,35 µbar,Carbon Dioxide: 0.0204 kV,931 µbar,3.479 V,4.066 V,283 µbar/min,3.426 V,6.09E-008 mbar,89 %,714 µbar,µ-Volume,,Pre,3.4524494808624646,3.7533712579116334,3.802049247497849,4.918426753533366,5.076562137949679,3.559119149033437,-0.8146640766778512,-6.110061166933023,-0.8396848700946771,0.023107711681917,0.0057769279204792,-6.1151703008059055,0.0252308733563382,0.0065145834879577,-0.6719301059888716,0.025150122410262578,-6.119824162859788,0.025267511408577092,b0614000b16d__Natan Pereira BTS coral series 4.1.xlsx,2026-02-09 15:56:58.520,739656.0,283.0,931.0,35.0,714.0,2.816480236656633,,SHP2L,,SHP2L,,,OK,16.0,15.0,15.0,0.0,0.0,2.6936228968911435,-0.0625699161816428,3.64746474869614,3.6508661700591554,-0.0034014213630153,4.779900522326925,4.874895334343592,-0.094994812016667,-0.0493547358524971,-0.0183072303323845,-0.0184763557828948,3.386485783066014,15.0,True,-0.8413529229891322,-6.119930846677752,0.0228999672138428,0.0304042724548058,3.355200824975193,3.4177707411568354,,0.12285733976548929
2.0,GIRMS\IRMS-operator,2026-02-09 16:24:31.007,2026-02-09 17:21:03.061,Success,False,BTS,933,2.0,2.0,2.0,True,Unknown,,"0.001 V, 0.001 V, 0.002 V",27 µbar,72 °C,,48.471 V,9.5202 kV,37 µbar,Carbon Dioxide: 0.0202 kV,638 µbar,25.613 V,48.983 V,142 µbar/min,3.445 V,1.88E-007 mbar,10 %,946 µbar,µ-Volume,47.861 V,Pre,43.18756295469087,46.75637472454988,28.050455339593512,48.966031346225535,37.50905004491785,26.317660343912063,-2.7887795468425347,-208.4247770909444,-2.7507112492443158,0.0950702023440274,0.0237675505860068,-27.885653621417127,49.392747690831214,12.753152615334276,-1.8810726265811706,1.8387951126584725,-27.90852318989882,49.44355130203658,b0614000b16d__Natan Pereira BTS coral series 4.1.xlsx,2026-02-09 16:24:31.007,739656.0,142.0,638.0,37.0,946.0,30.30570468035024,,BTS,933,BTS,933,,Partially Saturated Collectors,16.0,15.0,11.0,0.0,4.0,17.244949080397156,16.274079680442807,44.24211669747315,26.20993841473541,18.032178282737732,47.27685061445215,27.177121314906863,20.099729299545288,21.73081245681817,0.6618501451078251,0.497285804254781,32.725807857778484,11.0,True,-2.85910343716389,-4.511007596332384,0.0978443889570092,0.0788590745823165,40.86284769799989,24.588768017557083,,13.060755599953083
3.0,GIRMS\IRMS-operator,2026-02-09 16:52:57.614,2026-02-09 17:53:51.489,Success,False,BTS,968,3.0,1.0,3.0,True,Unknown,,"0.002 V, 0.002 V, 0.003 V",35 µbar,72 °C,,28.141 V,9.5197 kV,40 µbar,Carbon Dioxide: 0.0197 kV,990 µbar,24.054 V,33.828 V,488 µbar/min,24.144 V,1.82E-007 mbar,10 %,941 µbar,µ-Volume,25.345 V,Pre,27.373923366820765,29.66419820733018,26.365006613206344,39.065328313141066,35.25641269805928,24.734644597327662,-1.9512494791673607,-3.739104057242981,-2.095206285613985,0.0495489866103846,0.0127934933308982,-3.746105707939248,0.0132869121168695,0.0033217280292173,-2.103294396627013,0.05323252035631717,-3.7454154735316605,0.013335315276187351,b0614000b16d__Natan Pereira BTS coral series 4.1.xlsx,2026-02-09 16:52:57.614,739656.0,488.0,990.0,40.0,941.0,20.03148980990644,,BTS,968,BTS,968,,OK,16.0,15.0,15.0,0.0,0.0,16.33480481408427,2.9589980840682983,28.29878990597673,24.682367491197063,3.616422414779663,37.26549155834218,33.00259716632863,4.262894392013557,2.681434539143241,0.1278071637227696,0.1201304008199321,24.63155091360803,15.0,True,-2.095206285613985,-3.746572484652333,0.0495489866103846,0.0136167942106445,26.11104995564218,23.15205187157388,,3.696684995822171
4.0,GIRMS\IRMS-operator,2026-02-09 17:21:03.236,2026-02-09 18:34:57.546,Success,False,BTS,329,4.0,2.0,3.0,True,Unknown,,"0.002 V, 0.002 V, 0.003 V",25 µbar,72 °C,,7.464 V,9.5195 kV,32 µbar,Carbon Dioxide: 0.0195 kV,391 µbar,7.002 V,8.196 V,93 µbar/min,22.632 V,8.30E-008 mbar,40 %,787 µbar,µ-Volume,,Pre,6.84773437920429,7.428225452904935,7.544431935002573,9.798615658653366,10.07623919285594,7.064486669929999,-2.7506101664641625,-1.703044630617878,-2.7930016690527326,0.0273085834612169,0.0068271458653042,-1.708859848555111,0.0196510804858588,0.0050738871637808,-2.9252002233005125,0.029610358286080003,-1.704381809562916,0.019688780343373097,b0614000b16d__Natan Pereira BTS coral series 4.1.xlsx,2026-02-09 17:21:03.236,739656.0,93.0,391.0,32.0,787.0,5.514500642452434,,BTS,329,BTS,329,,OK,16.0,15.0,15.0,0.0,0.0,5.179751222026585,-0.1058050567130353,7.203851319558979,7.205095465188261,-0.0012441456292826,9.502350771797284,9.623025619442837,-0.1206748476455494,-0.0836814504165713,-0.0156827222015545,-0.0158066679930884,6.693697669825129,15.0,True,-2.7958277692253044,-1.7145375948547372,0.0257314965909983,0.0282659792670284,6.640795141468612,6.746600198181647,,0.3347494204258492
5.0,GIRMS\IRMS-operator,2026-02-09 17:53:51.640,2026-02-09 19:15:07.053,Success,False,BTS,974,5.0,1.0,4.0,True,Unknown,,"0.001 V, 0.001 V, 0.002 V",40 µbar,72 °C,,29.586 V,9.5197 kV,52 µbar,Carbon Dioxide: 0.0197 kV,"1,104 µbar",26.097 V,35.858 V,567 µbar/min,3.438 V,1.89E-007 mbar,10 %,963 µbar,µ-Volume,,Pre,26.19482329970861,28.36856819754103,28.44060041075209,37.368724374845804,38.034701972082445,26.686531816783194,-2.420848232043249,-4.014553282896571,-2.6744948549271825,0.0907160128846968,0.0234227738091178,-4.106905311634083,0.0301499183070374,0.0077846754328446,-2.709802235634869,0.09604769956821925,-4.105275611894059,0.029995214253818174,b0614000b16d__Natan Pereira BTS coral series 4.1.xlsx,2026-02-09 17:53:51.640,739656.0,567.0,1104.0,52.0,963.0,19.272581068041568,,BTS,974,BTS,974,,OK,16.0,15.0,15.0,0.0,0.0,17.463566542424292,0.0730007886886596,27.082866207413467,26.576256529145034,0.5066096782684326,35.67328515537101,35.53689482696373,0.1363903284072805,0.058828119554779,0.0029279805811945,0.0029237003123247,24.96862909680868,15.0,True,-2.674494854927182,-4.106905311634083,0.0907160128846968,0.0301499183070373,25.005129491153006,24.932128702464347,,1.8090145256172754
6.0,GIRMS\IRMS-operator,2026-02-09 18:34:57.738,2026-02-09 19:45:02.883,Success,False,SHP2L,,6.0,2.0,4.0,True,QC Standard,SHP2L,"0.003 V, 0.003 V, 0.003 V",30 µbar,72 °C,,6.458 V,9.5193 kV,35 µbar,Carbon Dioxide: 0.0193 kV,294 µbar,6.072 V,7.080 V,112 µbar/min,24.493 V,7.75E-008 mbar,49 %,789 µbar,µ-Volume,,Pre,5.926785556118161,6.4424359130220585,6.580248475074768,8.444049781825916,8.787551022078182,6.160950726121645,-0.7884336203982656,-6.01707376146321,-0.8004198301418224,0.0155521472277929,0.0040155471474005,-6.076188949819184,0.018263486119392,0.0047156118389397,-0.631684261907665,0.01675398137092422,-6.080898773007377,0.018297308311665938,b0614000b16d__Natan Pereira BTS coral series 4.1.xlsx,2026-02-09 18:34:57.738,739656.0,112.0,294.0,35.0,789.0,4.790892385420989,,SHP2L,,SHP2L,,,OK,16.0,15.0,15.0,0.0,0.0,4.552060840379785,-0.1377521703006925,6.255583985872166,6.293535232543945,-0.0379512466717795,8.198821605926577,8.404734150263874,-0.2059125443372966,-0.1080968608798212,-0.0233769593931644,-0.0236534320534759,5.823770943229748,15.0,True,-0.7986057094863107,-6.076188949819183,0.0183801522920783,0.018263486119392,5.7548948580794015,5.892647028380094,,0.23883154504120352
7.0,GIRMS\IRMS-operator,2026-02-09 19:15:07.218,2026-02-09 20:17:12.653,Success,False,BTS,995,7.0,1.0,5.0,True,Unknown,,"0.002 V, 0.002 V, 0.002 V",37 µbar,72 °C,,19.718 V,9.5197 kV,42 µbar,Carbon Dioxide: 0.0197 kV,987 µbar,18.514 V,23.094 V,391 µbar/min,5.991 V,1.51E-007 mbar,14 %,929 µbar,µ-Volume,,Pre,17.909072545873222,19.410015588174343,20.113067274461272,25.55276352084908,26.885687290799947,18.85729303728252,-2.421247260713799,-4.183641642892089,-2.5626836454238977,0.0767060952066097,0.0191765238016524,-4.233093836991833,0.0196056334385662,0.0050621527866276,-2.5856015068009555,0.08148873802388279,-4.23183050647548,0.01953374348685504,b0614000b16d__Natan Pereira BTS coral series 4.1.xlsx,2026-02-09 19:15:07.218,739656.0,391.0,987.0,42.0,929.0,13.568396171055518,,BTS,995,BTS,995,,OK,16.0,15.0,15.0,0.0,0.0,12.81538916497146,-0.5595386028289795,18.63299453772116,18.93407249964285,-0.3010779619216919,24.528085171354142,25.30798214591774,-0.7798969745635951,-0.4354185688852517,-0.0315231910061891,-0.0320280034412011,17.470292953359184,15.0,True,-2.5721127377379043,-4.233093836991833,0.0691372899071258,0.0196056334385663,17.190523651944694,17.750062254773674,,0.7530070060840579
8.0,GIRMS\IRMS-operator,2026-02-09 19:45:03.039,2026-02-09 20:53:28.614,Success,False,BTS,978,8.0,2.0,5.0,True,Unknown,,"0.002 V, 0.002 V, 0.003 V",30 µbar,72 °C,,25.700 V,9.5194 kV,40 µbar,Carbon Dioxide: 0.0194 kV,347 µbar,22.568 V,30.419 V,195 µbar/min,17.656 V,1.76E-007 mbar,10 %,916 µbar,µ-Volume,23.452 V,Pre,25.09600929978467,27.209385219947038,24.740784350768266,35.81400599224964,33.080134651498,23.20655696156598,-1.598793145013322,-3.8108069149161983,-1.668489534337625,0.0517102325602047,0.0133515246356123,-3.833174164890367,0.0135604321910514,0.0033901080477628,-1.6434239019810004,0.0551527355595133,-3.8335407873976015,0.013492373923260238,b0614000b16d__Natan Pereira BTS coral series 4.1.xlsx,2026-02-09 19:45:03.039,739656.0,195.0,347.0,40.0,916.0,18.752276711791524,,BTS,978,BTS,978,,OK,16.0,15.0,15.0,0.0,0.0,15.43171826758153,2.2857785224914515,26.065288964644605,23.18991619719618,2.8753727674484253,34.30265571816364,31.005356571511424,3.297299146652218,2.029651288157668,0.1050950018645342,0.0998482270600129,22.892529890566838,15.0,True,-1.6630887460200658,-3.834665314888645,0.0625945715993674,0.0126056478893791,24.03541915181256,21.749640629321107,,3.3205584442099934
9.0,GIRMS\IRMS-operator,2026-02-09 20:17:12.838,2026-02-09 21:34:30.399,Success,False,BTS,376,9.0,1.0,6.0,True,Unknown,,"0.002 V, 0.002 V, 0.002 V",42 µbar,72 °C,,13.922 V,9.5198 kV,52 µbar,Carbon Dioxide: 0.0198 kV,"1,102 µbar",12.939 V,15.905 V,532 µbar/min,3.429 V,1.18E-007 mbar,24 %,914 µbar,µ-Volume,,Pre,12.60039155430242,13.664611844285425,13.960534004434043,17.993452558033557,18.65341008614788,13.08031325287267,-2.465467100345009,-3.555482963986112,-2.5795643205225662,0.0571002962229402,0.014275074055735,-3.589287882126188,0.0175434175903169,0.0043858543975792,-2.6273949202507,0.06063981037338668,-3.5873164243295785,0.017471149364425582,b0614000b16d__Natan Pereira BTS coral series 4.1.xlsx,2026-02-09 20:17:12.838,739656.0,532.0,1102.0,52.0,914.0,9.768940110781017,,BTS,376,BTS,376,,OK,16.0,15.0,15.0,0.0,0.0,9.191207871102758,-0.2499818801879882,13.16955056594222,13.228454856141502,-0.0589042901992815,17.340811500065413,17.67394185971507,-0.3331303596496582,-0.1968097810211405,-0.0201705657677454,-0.0203760641386436,12.268408584064687,15.0,True,-2.5871708018677366,-3.5915415433355267,0.0500147145506418,0.0155784081069857,12.143417643970697,12.393399524158683,,0.5777322396782587
10.0,GIRMS\IRMS-operator,2026-02-09 20:53:28.771,2026-02-09 22:05:04.909,Success,False,BTS,638,10.0,2.0,6.0,True,Unknown,,"0.002 V, 0.002 V, 0.003 V",32 µbar,72 °C,,9.741 V,9.5194 kV,37 µbar,Carbon Dioxide: 0.0194 kV,262 µbar,9.227 V,10.884 V,103 µbar/min,12.567 V,9.58E-008 mbar,33 %,843 µbar,µ-Volume,,Pre,9.097556875054302,9.873028205055965,9.907002852577936,12.988721637130244,13.232608942389948,9.278462545567416,-2.1581601614838464,-3.831201013010266,-2.200775019750342,0.0214505650896914,0.0053626412724228,-3.83357340295715,0.0233361084995675,0.0060253573056076,-2.21317490518648,0.022899688380074026,-3.8327208691309274,0.023350466166673772,b0614000b16d__Natan Pereira BTS coral series 4.1.xlsx,2026-02-09 20:53:28.771,739656.0,103.0,262.0,37.0,843.0,7.242339132075946,,BTS,638,BTS,638,,OK,16.0,15.0,15.0,0.0,0.0,6.688439239607361,-0.0263750553131103,9.558032558579216,9.432400868553888,0.1256316900253296,12.574797181487543,12.598102597594725,-0.0233054161071795,-0.021129167100307,-0.0029858263981793,-0.0029902906425487,8.820231364075605,15.0,True,-2.203616010301442,-3.829660576690512,0.0188315969000074,0.0281801119106128,8.80704383641905,8.83341889173216,,0.5538998924685847
11.0,GIRMS\IRMS-operator,2026-02-09 21:34:30.555,2026-02-09 22:36:04.634,Success,False,SHP2L,,11.0,1.0,7.0,True,QC Standard,SHP2L,"0.002 V, 0.002 V, 0.002 V",42 µbar,72 °C,,8.179 V,9.5194 kV,42 µbar,Carbon Dioxide: 0.0194 kV,955 µbar,7.995 V,9.116 V,342 µbar/min,9.028 V,8.77E-008 mbar,37 %,850 µbar,µ-Volume,,Pre,7.926405534035179,8.614180496587377,8.632225802793128,11.290378604467804,11.529214416082793,8.083761646175727,-0.8294753289849188,-6.161539235630453,-0.8720262677227956,0.0249713245451232,0.0064475682730668,-6.167208631622167,0.0215489138041572,0.0055639056194906,-0.7004683100243978,0.03073241404266555,-6.171861857924287,0.02157759709244772,b0614000b16d__Natan Pereira BTS coral series 4.1.xlsx,2026-02-09 21:34:30.555,739656.0,342.0,955.0,42.0,850.0,6.29210441107551,,SHP2L,,SHP2L,,,OK,16.0,15.0,15.0,0.0,0.0,5.878644192953604,-0.0387578833028001,8.336363247289281,8.232389515898419,0.1039737313908624,10.92594090514987,10.994668997305748,-0.0687280921558777,-0.030985520110927,-0.0050275094426435,-0.0050401792169464,7.689782770518526,15.0,True,-0.8707062856380491,-6.171106258763448,0.0277499383089087,0.0253944289376917,7.670403828867126,7.7091617121699265,,0.41346021812190603
12.0,GIRMS\IRMS-operator,2026-02-09 22:05:05.109,2026-02-09 23:13:15.464,Success,False,BTS,923,12.0,2.0,7.0,True,Unknown,,"0.002 V, 0.002 V, 0.002 V",32 µbar,72 °C,,32.533 V,9.5195 kV,40 µbar,Carbon Dioxide: 0.0195 kV,291 µbar,23.788 V,39.493 V,78 µbar/min,7.827 V,1.78E-007 mbar,10 %,941 µbar,µ-Volume,29.320 V,Pre,31.71629814315239,34.36459888054123,26.06742371155013,45.24459998243128,34.85507826440606,24.45400861907402,-2.158995036967037,-4.098349980281801,-2.1893229294784287,0.0235159693806866,0.0060717971854215,-4.039117137940723,0.0476082566607041,0.011902064165176,-2.193163794461091,0.024842610475495745,-4.0385190653759935,0.047648355614850244,b0614000b16d__Natan Pereira BTS coral series 4.1.xlsx,2026-02-09 22:05:05.109,739656.0,78.0,291.0,40.0,941.0,23.14270829666058,,BTS,923,BTS,923,,OK,16.0,15.0,15.0,0.0,0.0,16.163028362261073,7.346749305725101,32.766732464563745,24.40524388386001,8.361488580703739,43.13753108613763,32.629649444749695,10.507881641387932,7.797720613605023,0.3209451472553283,0.2765641813076601,26.56435577083031,15.0,True,-2.186501011051319,-4.03516828178465,0.0292547597381674,0.0464879092945908,30.23773042369286,22.89098111796776,,6.979679934399506
13.0,GIRMS\IRMS-operator,2026-02-09 22:36:04.779,2026-02-09 23:54:34.673,Success,False,BTS,915,13.0,1.0,8.0,True,Unknown,,"0.002 V, 0.002 V, 0.002 V",42 µbar,72 °C,,15.490 V,9.5196 kV,52 µbar,Carbon Dioxide: 0.0196 kV,"1,104 µbar",14.421 V,17.834 V,537 µbar/min,3.441 V,1.27E-007 mbar,21 %,926 µbar,µ-Volume,,Pre,14.002553365681184,15.17787138050809,15.577103291213655,19.990672008324825,20.815838710595337,14.598510406467929,-2.7094473818418674,-3.697685028649533,-2.8156985195747497,0.0584519847669643,0.014612996191741,-3.7270584167516425,0.0154848022277414,0.0039981587431572,-2.8748565592632067,0.06210670640460741,-3.724706192211946,0.015405519403324424,b0614000b16d__Natan Pereira BTS coral series 4.1.xlsx,2026-02-09 22:36:04.779,739656.0,537.0,1104.0,52.0,926.0,10.782383727555478,,BTS,915,BTS,915,,OK,16.0,15.0,15.0,0.0,0.0,10.166274325297994,-0.3314598601932808,14.610107336700109,14.736200962722448,-0.1260936260223406,19.2418439548504,19.69105436020013,-0.4492104053497314,-0.2599364321115594,-0.0240028615939238,-0.0242944295084208,13.643451066771984,15.0,True,-2.822781928756942,-3.7320698338512,0.0529201509647141,0.0173510841589047,13.477721136675344,13.809180996868625,,0.616109402257484
14.0,GIRMS\IRMS-operator,2026-02-09 23:13:15.660,2026-02-10 00:26:08.460,Success,False,BTS,977,14.0,2.0,8.0,True,Unknown,,"0.002 V, 0.002 V, 0.003 V",32 µbar,72 °C,,22.480 V,9.5193 kV,40 µbar,Carbon Dioxide: 0.0193 kV,457 µbar,20.589 V,26.339 V,137 µbar/min,13.953 V,1.63E-007 mbar,13 %,921 µbar,µ-Volume,,Pre,20.09169464663658,21.796415374308594,22.37516157391644,28.67679537652912,29.913427842845344,20.984318905631635,-1.1990888731640004,-3.6951811322593056,-1.413904472908737,0.0787277865785673,0.0203274270868375,-3.753933062176418,0.0198076818173129,0.0051143214536952,-1.3740110962005152,0.08360432456780739,-3.754767669556683,0.019674861657410996,b0614000b16d__Natan Pereira BTS coral series 4.1.xlsx,2026-02-09 23:13:15.660,739656.0,137.0,457.0,40.0,921.0,15.264913529395702,,BTS,977,BTS,977,,OK,16.0,15.0,15.0,0.0,0.0,14.108851607800837,-0.414043664932251,20.940760896235474,21.02538459065533,-0.0846236944198572,27.54943312524738,28.10637892602864,-0.5569458007812571,-0.3256986932017252,-0.0210010960273056,-0.0212239592302426,19.508314185897444,15.0,True,-1.413904472908737,-3.753933062176417,0.0787277865785674,0.0198076818173131,19.30129235343132,19.71533601836357,,1.1560619215948655
15.0,GIRMS\IRMS-operator,2026-02-09 23:54:34.837,2026-02-10 00:58:02.439,Success,False,BTS,948,15.0,1.0,9.0,True,Unknown,,"0.003 V, 0.003 V, 0.003 V",45 µbar,72 °C,,23.043 V,9.5189 kV,47 µbar,Carbon Dioxide: 0.0189 kV,951 µbar,20.831 V,27.194 V,322 µbar/min,19.616 V,1.63E-007 mbar,12 %,963 µbar,µ-Volume,,Pre,20.29418221979663,21.99163693088442,22.70047026771456,28.968227465444308,30.34741934090207,21.28931156664417,-2.2943642755068883,-3.5750698423864247,-2.493241878418173,0.0729621348022358,0.0188387421995199,-3.641969613701002,0.0276863967157923,0.007148596893117,-2.5330938767678997,0.07720841059185997,-3.640256885775909,0.0275641823573761,b0614000b16d__Natan Pereira BTS coral series 4.1.xlsx,2026-02-09 23:54:34.837,739656.0,322.0,951.0,47.0,963.0,15.24224899082706,,BTS,948,BTS,948,,OK,16.0,15.0,15.0,0.0,0.0,14.294782060942822,-0.5383938550949061,21.0846330513373,21.32179993289857,-0.2371668815612757,27.77257319241117,28.502163846784327,-0.7295906543731618,-0.4209522092809438,-0.0269278736827774,-0.0272953769136041,19.724726894193157,15.0,True,-2.4932418784181727,-3.641506100966452,0.0729621348022356,0.0289172415367316,19.4555299666457,19.993923821740605,,0.9474669298842375
16.0,GIRMS\IRMS-operator,2026-02-10 00:26:08.627,2026-02-10 01:31:29.088,Success,False,SHP2L,,16.0,2.0,9.0,True,QC Standard,SHP2L,"0.003 V, 0.003 V, 0.003 V",32 µbar,72 °C,,0.016 V,9.5191 kV,846 µbar,Carbon Dioxide: 0.0191 kV,733 µbar,2.831 V,0.015 V,376 µbar/min,19.787 V,5.44E-008 mbar,100 %,828 µbar,µ-Volume,0.022 V,Pre,0.0149904109053421,0.0161699095615773,3.1067348189288677,0.02118576887231,4.148210502458231,2.9083543086742987,-8.57088554498031,-13.923765849535252,-7.302036327978323,0.7308841231393699,0.1827210307848424,-16.206250692093985,1.246056941539619,0.3115142353849047,-7.2119119903995825,0.7836119263923067,-16.2072021136499,1.2474005013091327,b0614000b16d__Natan Pereira BTS coral series 4.1.xlsx,2026-02-10 00:26:08.627,739657.0,376.0,733.0,846.0,828.0,0.01269431696516532,,SHP2L,,SHP2L,,,Failed Sample,16.0,15.0,15.0,0.0,0.0,2.204495734110962,-2.7696630834389966,2.9737950560760584,0.0154805143198587,2.9583145417562,3.9703293119457546,0.0202380990391404,3.950091212906614,-0.0114705761552909,-0.9948456889467112,-1.9794884785485816,1.3991812094151688,15.0,True,,,,,0.0143496676956704,2.784012751134667,,-2.1918014171457965
17.0,GIRMS\IRMS-operator,2026-02-10 00:58:02.650,2026-02-10 02:18:12.368,Success,False,BTS,916,17.0,1.0,10.0,True,Unknown,,"0.001 V, 0.001 V, 0.001 V",35 µbar,72 °C,,20.181 V,9.5192 kV,62 µbar,Carbon Dioxide: 0.0192 kV,"1,119 µbar",17.365 V,23.571 V,659 µbar/min,3.424 V,1.44E-007 mbar,17 %,924 µbar,µ-Volume,,Pre,16.943318639073524,18.359102984458232,18.766992469817424,24.18214082717896,25.082066655159,17.593650017056618,-2.7379222824365224,-3.811454281611115,-2.910968044518084,0.0653240395475365,0.0168665944849735,-3.864684113436797,0.0211930067748958,0.0054720108196821,-2.971806368662633,0.06918732455961023,-3.862260941281445,0.021082236371883587,b0614000b16d__Natan Pereira BTS coral series 4.1.xlsx,2026-02-10 00:58:02.650,739657.0,659.0,1119.0,62.0,924.0,13.005880059190797,,BTS,916,BTS,916,,OK,16.0,15.0,15.0,0.0,0.0,12.049431130976874,-0.2925992012023961,17.660998483687663,17.698728223830486,-0.0377297401428222,23.26175570487976,23.6533135175705,-0.3915578126907384,-0.2309580129839808,-0.0176364678196764,-0.0177933739532413,16.444278750691566,15.0,True,-2.9109680445180843,-3.864684113436797,0.0653240395475362,0.0211930067748957,16.297979150090367,16.590578351292763,,0.9564489282139235
18.0,GIRMS\IRMS-operator,2026-02-10 01:31:29.237,2026-02-10 02:45:06.275,Success,False,BTS,576,18.0,2.0,10.0,True,Unknown,,"0.002 V, 0.002 V, 0.003 V",47 µbar,72 °C,,4.220 V,9.5191 kV,40 µbar,Carbon Dioxide: 0.0191 kV,628 µbar,3.910 V,4.568 V,166 µbar/min,16.738 V,6.24E-008 mbar,75 %,760 µbar,µ-Volume,,Pre,3.842137397115837,4.172648688681365,4.269976996677324,5.484928517614387,5.701734495661665,3.997724416041931,-1.7514830574725249,-3.9723158904061417,-1.7555579279704268,0.0203943455507769,0.0052657973783305,-3.990343907509936,0.0248321824436537,0.0062080456109134,-1.7309023736123752,0.02180877241210814,-3.990652824488877,0.024846905086459824,b0614000b16d__Natan Pereira BTS coral series 4.1.xlsx,2026-02-10 01:31:29.237,739657.0,166.0,628.0,40.0,760.0,3.1243220050440086,,BTS,576,BTS,576,,OK,16.0,15.0,15.0,0.0,0.0,3.0125062884439564,-0.1031267992072697,4.053914710715264,4.097291990950555,-0.0433772802352905,5.328764348302864,5.4709753334828255,-0.142210985179962,-0.0806350398373762,-0.0268840299378512,-0.0272503292718314,3.784423967084744,15.0,True,-1.7599410676822618,-3.991545775316856,0.0258037797746938,0.0252174579262197,3.732860567481109,3.835987366688379,,0.11181571660005218
19.0,GIRMS\IRMS-operator,2026-02-10 02:18:12.525,2026-02-10 03:23:32.205,Success,False,BTS,906,19.0,1.0,11.0,True,Unknown,,"0.002 V, 0.002 V, 0.002 V",35 µbar,72 °C,,18.031 V,9.5195 kV,62 µbar,Carbon Dioxide: 0.0195 kV,"1,124 µbar",15.648 V,20.860 V,669 µbar/min,3.874 V,1.33E-007 mbar,18 %,909 µbar,µ-Volume,,Pre,15.29014055505383,16.579639470556778,16.940545594671768,21.823099037467497,22.63968267089035,15.878840730339167,-2.1931738288049063,-3.883271829867474,-2.353078733696693,0.0495765113426223,0.0128006001862026,-3.899339933510007,0.0236736280425131,0.0059184070106282,-2.373527030254411,0.05252713374418678,-3.898234800973337,0.02362040618409557,b0614000b16d__Natan Pereira BTS coral series 4.1.xlsx,2026-02-10 02:18:12.525,739657.0,669.0,1124.0,62.0,909.0,11.802146968381184,,BTS,906,BTS,906,,OK,16.0,15.0,15.0,0.0,0.0,10.975646383305795,-0.2716630697250366,15.970032966116468,16.003396666029495,-0.0333636999130266,21.020760914145963,21.385571142493745,-0.3648102283477819,-0.2143285596188839,-0.0181124006696683,-0.0182779292587414,14.862901911884428,15.0,True,-2.353078733696693,-3.900411140419509,0.0495765113426223,0.0240998129099396,14.72707037702191,14.998733446746948,,0.8265005850753884
20.0,GIRMS\IRMS-operator,2026-02-10 02:45:06.478,2026-02-10 03:54:11.845,Success,False,BTS,982,20.0,2.0,11.0,True,Unknown,,"0.002 V, 0.002 V, 0.003 V",47 µbar,72 °C,,30.070 V,9.5192 kV,45 µbar,Carbon Dioxide: 0.0192 kV,658 µbar,22.842 V,36.413 V,151 µbar/min,15.065 V,1.75E-007 mbar,10 %,977 µbar,µ-Volume,27.066 V,Pre,29.28353941874024,31.692597642993192,25.01605786428378,41.77474156804369,33.45011846013353,23.46904671625611,-3.263126026688989,-4.052018073501751,-3.258862114393124,0.033125689519929,0.0085530162561548,-4.013744097382006,0.0278665018039029,0.007195099826905,-3.338835384113392,0.034509339115271834,-4.01067930118024,0.027828267901972483,b0614000b16d__Natan Pereira BTS coral series 4.1.xlsx,2026-02-10 02:45:06.478,739657.0,151.0,658.0,45.0,977.0,21.300661404294935,,BTS,982,BTS,982,,OK,16.0,15.0,15.0,0.0,0.0,15.588275614993634,5.908504128456119,30.20646013364718,23.452553526019315,6.753906607627865,39.81182650513934,31.355044998600945,8.456781506538395,6.022674073226463,0.2685983774422514,0.2367967641280645,24.95179421143052,15.0,True,-3.264435719254004,-4.005031242934668,0.0401772715562311,0.0346505249164073,27.90604627565857,21.997542147202456,,5.712385789301301
21.0,GIRMS\IRMS-operator,2026-02-10 03:23:32.352,2026-02-10 04:40:04.417,Success,False,SHP2L,,21.0,1.0,12.0,True,QC Standard,SHP2L,"0.002 V, 0.002 V, 0.002 V",35 µbar,72 °C,,17.260 V,9.5197 kV,49 µbar,Carbon Dioxide: 0.0197 kV,"1,014 µbar",14.950 V,19.936 V,435 µbar/min,3.417 V,1.29E-007 mbar,20 %,904 µbar,µ-Volume,,Pre,14.604068539394286,15.858882335629666,16.12632837673685,20.79814863912313,21.550478465478108,15.113881967319395,-0.8487502082312748,-6.13282138801996,-0.97249030526639,0.0446427869101664,0.011526718015424,-6.165290157499948,0.0173095436684985,0.0043273859171246,-0.8122504725043574,0.047612121246137167,-6.169721069548704,0.017270127627658206,b0614000b16d__Natan Pereira BTS coral series 4.1.xlsx,2026-02-10 03:23:32.352,739657.0,435.0,1014.0,49.0,904.0,11.294930452976613,,SHP2L,,SHP2L,,,OK,16.0,15.0,15.0,0.0,0.0,10.492627016487823,-0.2209097146987897,15.277439025845732,15.247711209264006,0.029727816581726,20.03498566858022,20.37462783567159,-0.3396421670913696,-0.1747574583813466,-0.0154602871717279,-0.0155807284397394,14.178394518150236,15.0,True,-0.97249030526639,-6.167454742131946,0.0446427869101664,0.0155145142624436,14.06793966080084,14.28884937549963,,0.8023034364887902
22.0,GIRMS\IRMS-operator,2026-02-10 03:54:12.085,2026-02-10 05:07:18.019,Success,False,BTS,1006,22.0,2.0,12.0,True,Unknown,,"0.002 V, 0.002 V, 0.003 V",45 µbar,72 °C,,24.074 V,9.5194 kV,47 µbar,Carbon Dioxide: 0.0194 kV,992 µbar,21.759 V,28.576 V,371 µbar/min,14.482 V,1.71E-007 mbar,12 %,960 µbar,µ-Volume,,Pre,21.202209965344203,22.97973053059923,23.703137203076952,30.2488587381006,31.690695095217304,22.232208029385337,-2.0151409104929296,-4.06940647152898,-2.2137416356038906,0.0774208594909922,0.0199899799638451,-4.169641987776695,0.032754754587711,0.0084572412684877,-2.2144604022597734,0.08175482473856818,-4.169118693427658,0.03263325597770167,b0614000b16d__Natan Pereira BTS coral series 4.1.xlsx,2026-02-10 03:54:12.085,739657.0,371.0,992.0,47.0,960.0,15.870517832818567,,BTS,1006,BTS,1006,,OK,16.0,15.0,15.0,0.0,0.0,14.854801065414769,-0.5431622266769374,22.02039377293932,22.24175052247393,-0.2213567495346105,28.98386936203249,29.734276938593464,-0.7504075765609777,-0.4250677279727007,-0.0260404792597936,-0.0263840053316076,20.58679945861889,15.0,True,-2.21374163560389,-4.169641987776696,0.0774208594909922,0.0327547545877109,20.31521834528042,20.85838057195736,,1.0157167674037986
23.0,GIRMS\IRMS-operator,2026-02-10 04:40:04.665,2026-02-10 05:44:35.492,Success,False,BTS,882,23.0,1.0,13.0,True,Unknown,,"0.002 V, 0.003 V, 0.003 V",32 µbar,72 °C,,7.230 V,9.5193 kV,54 µbar,Carbon Dioxide: 0.0193 kV,"1,085 µbar",6.810 V,7.957 V,606 µbar/min,20.613 V,8.10E-008 mbar,42 %,809 µbar,µ-Volume,,Pre,6.648313993485992,7.222046102546537,7.333670594596238,9.49327839605708,9.794058334754892,6.867130308731764,-1.3639852859461676,-3.725623990280869,-1.435833180393827,0.0148710118815556,0.0038396787572345,-3.7559127219803017,0.0237357020446734,0.0059339255111683,-1.3973272839362672,0.016288978678527924,-3.7567101177371636,0.023760181117148338,b0614000b16d__Natan Pereira BTS coral series 4.1.xlsx,2026-02-10 04:40:04.665,739657.0,606.0,1085.0,54.0,809.0,5.350319969753732,,BTS,882,BTS,882,,OK,16.0,15.0,15.0,0.0,0.0,5.042503978454334,-0.1123182178368447,7.003662050833245,7.005971730818292,-0.0023096799850463,9.20681847326655,9.35603870146174,-0.1492202281951904,-0.088702845423282,-0.0171218484419454,-0.0172696929748223,6.503776181811359,15.0,True,-1.4358331803938271,-3.757931970760264,0.0148710118815556,0.0231025439551759,6.447617072892936,6.559935290729781,,0.30781599129939785
24.0,GIRMS\IRMS-operator,2026-02-10 05:07:18.196,2026-02-10 06:16:31.911,Success,False,BTS,857,24.0,2.0,13.0,True,Unknown,,"0.002 V, 0.002 V, 0.002 V",45 µbar,72 °C,,6.123 V,9.5195 kV,47 µbar,Carbon Dioxide: 0.0195 kV,"1,026 µbar",5.960 V,6.739 V,391 µbar/min,6.703 V,7.67E-008 mbar,47 %,816 µbar,µ-Volume,,Pre,5.912378056816936,6.416457885927609,6.455507157098354,8.439737451977336,8.621314301385421,6.044378659785461,-2.3696144161228228,-4.100540204355574,-2.3770990433883905,0.018889676998412,0.004722419249603,-4.11744216490025,0.0153518881873491,0.0039638404854961,-2.3910523036896474,0.02032249395085041,-4.116489627139856,0.015355944540401793,b0614000b16d__Natan Pereira BTS coral series 4.1.xlsx,2026-02-10 05:07:18.196,739657.0,391.0,1026.0,47.0,816.0,4.7438372318664745,,BTS,857,BTS,857,,OK,16.0,15.0,15.0,0.0,0.0,4.467727427011806,-0.0488549160081985,6.220701518011853,6.173926817632196,0.0467747003796565,8.18202186912974,8.24499417633494,-0.0629723072052002,-0.0389233272260869,-0.0084513672446088,-0.0084872316001804,5.756284064070993,15.0,True,-2.3775980185394285,-4.122553443404006,0.0194432216764614,0.0210341440668611,5.731856606066893,5.780711522075092,,0.2761098048546682
25.0,GIRMS\IRMS-operator,2026-02-10 05:44:35.691,2026-02-10 07:02:40.325,Success,False,BTS,860,25.0,1.0,14.0,True,Unknown,,"0.001 V, 0.001 V, 0.001 V",32 µbar,72 °C,,9.960 V,9.5196 kV,52 µbar,Carbon Dioxide: 0.0196 kV,"1,034 µbar",9.122 V,11.156 V,484 µbar/min,3.417 V,9.48E-008 mbar,34 %,848 µbar,µ-Volume,,Pre,8.932949068762804,9.696144232001243,9.81716162275018,12.754109405151029,13.11352315348078,9.194747569777512,-1.9469293854541547,-3.8161997515482327,-1.9737781664558585,0.0219723422652109,0.0054930855663027,-3.82641114217485,0.0199913772512566,0.0049978443128141,-1.9704062704212835,0.023755362682824226,-3.8260606861589617,0.02002854804456298,b0614000b16d__Natan Pereira BTS coral series 4.1.xlsx,2026-02-10 05:44:35.691,739657.0,484.0,1034.0,52.0,848.0,7.090707327943292,,BTS,860,BTS,860,,OK,16.0,15.0,15.0,0.0,0.0,6.62725884767689,-0.1113773550200711,9.379514935859284,9.345555221885007,0.0339597139742764,12.337234917154438,12.48241427343775,-0.145179356283311,-0.0883532311109639,-0.0127256134150258,-0.0128071025329261,8.696530283389844,15.0,True,-1.9755680851893047,-3.8270919015499576,0.0215022311000691,0.0205001802563495,8.640841605879809,8.75221896089988,,0.4634484802664023
26.0,GIRMS\IRMS-operator,2026-02-10 06:16:32.089,2026-02-10 07:29:44.692,Success,False,SHP2L,,26.0,2.0,14.0,True,QC Standard,SHP2L,"0.002 V, 0.002 V, 0.002 V",45 µbar,72 °C,,9.730 V,9.5195 kV,62 µbar,Carbon Dioxide: 0.0195 kV,"1,185 µbar",8.963 V,10.922 V,772 µbar/min,8.943 V,9.44E-008 mbar,34 %,877 µbar,µ-Volume,,Pre,8.796250125571884,9.558333928410171,9.668677027050617,12.530124933984135,12.914545090463015,9.055372204140957,-0.8580303161270786,-6.093337761542972,-0.9204107979957706,0.0184150227367109,0.0047547384252874,-6.113298421319194,0.0203115468678282,0.0052444188503206,-0.7583511124053642,0.019790231583470357,-6.117781915875013,0.02032427852608263,b0614000b16d__Natan Pereira BTS coral series 4.1.xlsx,2026-02-10 06:16:32.089,739657.0,772.0,1185.0,62.0,877.0,6.942506146302025,,SHP2L,,SHP2L,,,OK,16.0,15.0,15.0,0.0,0.0,6.532590691133059,-0.1174571523646346,9.24174946650574,9.206523155037914,0.0352263114678255,12.114728131969432,12.296730741219871,-0.1820026092504409,-0.0930915177833859,-0.0136229085049912,-0.0137163367049689,8.563303372545828,15.0,True,-0.9204107979957704,-6.1181769525258325,0.0184150227367109,0.0236831436013113,8.50457479636351,8.622031948728145,,0.40991545516896544
27.0,GIRMS\IRMS-operator,2026-02-10 07:02:40.555,2026-02-10 08:07:35.140,Success,False,BTS,996,27.0,1.0,15.0,True,Unknown,,"0.002 V, 0.002 V, 0.002 V",32 µbar,72 °C,,13.954 V,9.5195 kV,52 µbar,Carbon Dioxide: 0.0195 kV,"1,053 µbar",12.889 V,15.890 V,513 µbar/min,8.762 V,1.18E-007 mbar,23 %,877 µbar,µ-Volume,,Pre,12.615039944648744,13.68940252597078,13.88390601572378,18.006206995575425,18.55178321036577,13.009309768676758,-1.7626811740032444,-3.99205506558975,-1.8455142212363036,0.0404343588627514,0.0104401065660007,-4.005199078183392,0.0168489338580771,0.0042122334645192,-1.8265850899459015,0.04299935103188528,-4.005344354637453,0.016847918625567306,b0614000b16d__Natan Pereira BTS coral series 4.1.xlsx,2026-02-10 07:02:40.555,739657.0,513.0,1053.0,52.0,877.0,9.861752344217978,,BTS,996,BTS,996,,OK,16.0,15.0,15.0,0.0,0.0,9.140533959780221,-0.1496699295532426,13.215201505988675,13.157057175010278,0.0581443309783971,17.381967550842756,17.579184419243333,-0.1972168684005772,-0.1188001355381283,-0.0121415580842923,-0.0122157170030593,12.252242706323251,15.0,True,-1.8441278609005205,-4.006075345689633,0.0437017781218797,0.0170587552805605,12.17740774154663,12.327077671099874,,0.7212183844377567
28.0,GIRMS\IRMS-operator,2026-02-10 07:29:44.918,2026-02-10 08:38:39.148,Success,False,BTS,962,28.0,2.0,15.0,True,Unknown,,"0.002 V, 0.002 V, 0.003 V",45 µbar,72 °C,,27.434 V,9.5192 kV,45 µbar,Carbon Dioxide: 0.0192 kV,709 µbar,23.130 V,32.882 V,205 µbar/min,12.489 V,1.77E-007 mbar,10 %,977 µbar,µ-Volume,24.775 V,Pre,26.682959922361047,28.886183561511935,25.31798130435557,38.06229702638242,33.85580352948758,23.752750881719265,-2.9367939483985195,-4.157222954896844,-3.0158264008933338,0.0187909641064707,0.0050220964038271,-4.177026100070735,0.012338287128109,0.0031857320378594,-3.0724814975340853,0.01969121464170067,-4.174719008922041,0.012311487514150099,b0614000b16d__Natan Pereira BTS coral series 4.1.xlsx,2026-02-10 07:29:44.918,739657.0,205.0,709.0,45.0,977.0,19.59612691472736,,BTS,962,BTS,962,,OK,16.0,15.0,15.0,0.0,0.0,15.74254451367129,3.22605669498444,27.579634846874185,23.715465726085604,3.8641691207885778,36.336772362457246,31.71009592221829,4.626676440238956,2.9680570533224278,0.1450187095889545,0.1352144006396515,23.858824797677663,15.0,True,-3.0107555097804357,-4.175469083769778,0.0267130666518185,0.0159583926751992,25.471853145169884,22.245796450185445,,3.8535824010560713
29.0,GIRMS\IRMS-operator,2026-02-10 08:07:35.342,2026-02-10 09:21:59.928,Success,False,BTS,975,29.0,1.0,16.0,True,Unknown,,"0.002 V, 0.002 V, 0.002 V",35 µbar,72 °C,,37.017 V,9.5196 kV,57 µbar,Carbon Dioxide: 0.0196 kV,"1,043 µbar",25.464 V,45.746 V,484 µbar/min,3.422 V,1.86E-007 mbar,10 %,946 µbar,µ-Volume,32.615 V,Pre,35.686406383218305,38.635486512183256,27.85242512702853,48.97098434667393,37.246601707742656,26.13397229641868,-2.744187311529256,-41.91864247949273,-2.790828484575769,0.0348807477917748,0.009006170353387,-4.310431761452857,0.0643898767004326,0.0166253946750083,-2.823649449858371,0.04152159900937121,-4.308764792825419,0.06439320301175153,b0614000b16d__Natan Pereira BTS coral series 4.1.xlsx,2026-02-10 08:07:35.342,739657.0,484.0,1043.0,57.0,946.0,25.662869291307462,,BTS,975,BTS,975,,Partially Saturated Collectors,16.0,15.0,14.0,0.0,1.0,17.14193362921668,9.492740035057077,36.730030326842375,26.039371042250696,10.690659284591678,46.02842224340245,32.60448766450688,13.423934578895576,10.59138287549391,0.3885880197745173,0.3253704837816276,29.17517263621284,14.0,True,-2.761124448109276,-4.390844583630371,0.0403855701801399,0.0633938600843249,33.921542653741376,24.4288026186843,,8.520935662090782
30.0,GIRMS\IRMS-operator,2026-02-10 08:38:39.347,2026-02-10 09:52:43.858,Success,False,BTS,864,30.0,2.0,16.0,True,Unknown,,"0.003 V, 0.003 V, 0.003 V",47 µbar,73 °C,,5.837 V,9.5190 kV,40 µbar,Carbon Dioxide: 0.0190 kV,692 µbar,5.478 V,6.393 V,156 µbar/min,24.071 V,7.31E-008 mbar,54 %,799 µbar,µ-Volume,,Pre,5.329095239064666,5.78553923021785,5.9168421404145,7.610795945574138,7.901308984209391,5.539788318838751,-2.039467977117182,-3.6067510902864086,-2.042543593484193,0.0230486827498153,0.0057621706874538,-3.5905645411824723,0.0199854824416809,0.0051602293775034,-2.052599616217829,0.02486836016641907,-3.5898022219364485,0.02001114754621415,b0614000b16d__Natan Pereira BTS coral series 4.1.xlsx,2026-02-10 08:38:39.347,739657.0,156.0,692.0,40.0,799.0,4.291713792484943,,BTS,864,BTS,864,,OK,16.0,15.0,15.0,0.0,0.0,4.113906383430796,-0.132709615030655,5.612596353402055,5.6632991244986455,-0.0507027710965903,7.383262593904954,7.563007921625467,-0.1797453277205134,-0.1039638385283561,-0.0250277600810926,-0.0253449234123111,5.236141884184672,15.0,True,-2.0427486345753274,-3.5929950909186825,0.0238425439135168,0.0239235831374096,5.169787076669344,5.302496691699999,,0.1778074090541475
31.0,GIRMS\IRMS-operator,2026-02-10 09:22:00.129,2026-02-10 10:30:09.123,Success,False,SHP2L,,31.0,1.0,17.0,True,QC Standard,SHP2L,"0.002 V, 0.002 V, 0.002 V",30 µbar,72 °C,,11.831 V,9.5196 kV,49 µbar,Carbon Dioxide: 0.0196 kV,948 µbar,10.953 V,13.354 V,371 µbar/min,5.415 V,1.07E-007 mbar,27 %,872 µbar,µ-Volume,,Pre,10.718490758961416,11.644940653866506,11.790241876667713,15.267526888569776,15.751680516919082,11.045094410008168,-0.7934517637631089,-6.109509105087785,-0.8718635528532707,0.0403848971221535,0.0100962242805383,-6.160001384192015,0.0155622078795517,0.0040181447965147,-0.7049705822878699,0.04265003775820942,-6.164624117849069,0.015524416192149133,b0614000b16d__Natan Pereira BTS coral series 4.1.xlsx,2026-02-10 09:22:00.129,739657.0,371.0,948.0,49.0,872.0,8.457809032522427,,SHP2L,,SHP2L,,,OK,16.0,15.0,15.0,0.0,0.0,7.8610473466571,-0.1300974959307375,11.256199160641408,11.198486963337636,0.0577121973037719,14.757162117680494,14.960562967976516,-0.2034008502960222,-0.103237360087192,-0.0124018068578587,-0.0124791891043662,10.4251562215063,15.0,True,-0.8770910054592814,-6.160001384192015,0.0357629059161689,0.0155622078795517,10.360107473540932,10.49020496947167,,0.5967616858653271
32.0,GIRMS\IRMS-operator,2026-02-10 09:52:44.049,2026-02-10 11:01:49.895,Success,False,BTS,922,32.0,2.0,17.0,True,Unknown,,"0.002 V, 0.002 V, 0.002 V",47 µbar,72 °C,,48.479 V,9.5193 kV,49 µbar,Carbon Dioxide: 0.0193 kV,733 µbar,22.871 V,48.986 V,195 µbar/min,10.647 V,1.75E-007 mbar,10 %,"1,014 µbar",µ-Volume,48.455 V,Pre,43.70388143420141,47.30969470139108,25.044409447866297,48.96650916302151,33.488062083363,23.49246793150824,-3.184750256604807,-217.9000613097003,-3.115809308487358,0.1277097866313416,0.0319274466578354,-29.926716302604685,52.56874182413509,13.573190774396831,-2.190011912821821,1.9364881387174218,-29.950844636836354,52.62265687298229,b0614000b16d__Natan Pereira BTS coral series 4.1.xlsx,2026-02-10 09:52:44.049,739657.0,195.0,733.0,49.0,1014.0,30.44070617020052,,BTS,922,BTS,922,,Partially Saturated Collectors,16.0,15.0,11.0,0.0,4.0,15.597012680403903,19.287392497062687,44.702989870267736,23.4659592449244,21.237030625343333,47.55018359386868,24.550971448063315,22.99921214580537,29.07990105959404,0.8764272868035166,0.6093860191247613,31.65053331017416,11.0,True,-3.288679848878151,-4.55312088262283,0.1308153367862099,0.1076758527308723,41.2942295587055,22.006837061642816,,14.843693489796618
33.0,GIRMS\IRMS-operator,2026-02-10 10:30:09.397,2026-02-10 11:46:25.800,Success,False,BTS,938,33.0,1.0,18.0,True,Unknown,,"0.002 V, 0.002 V, 0.002 V",37 µbar,72 °C,,14.549 V,9.5195 kV,860 µbar,Carbon Dioxide: 0.0195 kV,806 µbar,13.565 V,16.617 V,396 µbar/min,3.425 V,1.24E-007 mbar,23 %,955 µbar,µ-Volume,,Pre,13.19100967408589,14.300722252477652,14.63865078603173,18.83295848574141,19.56165507044295,13.716648135198865,-2.703892010580078,-3.820169995862544,-2.808757140989212,0.0425933685701379,0.0109975604754012,-3.8358039255012577,0.0193902705665552,0.0048475676416388,-2.8634690633894264,0.04506217406103936,-3.833595046928144,0.019334027228423062,b0614000b16d__Natan Pereira BTS coral series 4.1.xlsx,2026-02-10 10:30:09.397,739657.0,396.0,806.0,860.0,955.0,10.240593201299237,,BTS,938,BTS,938,,OK,16.0,15.0,15.0,0.0,0.0,9.606033922688313,-0.2738982439041137,13.783935081113825,13.861674439062126,-0.0777393579483032,18.15169229711989,18.52258219923476,-0.3708899021148681,-0.2154368296690997,-0.0210893907932993,-0.0213141419275664,12.85054049254826,15.0,True,-2.8087571409892123,-3.836846187477172,0.0425933685701379,0.0196014293999888,12.713591370596204,12.987489614500316,,0.634559278610924
34.0,GIRMS\IRMS-operator,2026-02-10 11:01:50.098,2026-02-10 12:18:13.897,Success,False,BTS,855,34.0,2.0,18.0,True,Unknown,,"0.002 V, 0.002 V, 0.003 V",40 µbar,72 °C,,3.397 V,9.5192 kV,49 µbar,Carbon Dioxide: 0.0192 kV,738 µbar,3.124 V,3.645 V,186 µbar/min,13.151 V,5.97E-008 mbar,99 %,711 µbar,µ-Volume,,Pre,3.113860774962431,3.3801703805862595,3.40916801261519,4.447528481251973,4.552467617538832,3.191413240931914,-2.314536951469659,-3.6245524301092846,-2.3197504262197217,0.0212947389023756,0.0053236847255939,-3.6452873144603655,0.0191612025061041,0.0049474012132966,-2.3471050806719918,0.022325481348579024,-3.6439672487120025,0.019173012615097747,b0614000b16d__Natan Pereira BTS coral series 4.1.xlsx,2026-02-10 11:01:50.098,739657.0,186.0,738.0,49.0,711.0,2.572272093632101,,BTS,855,BTS,855,,OK,16.0,15.0,15.0,0.0,0.0,2.4238640198746846,-0.0346553116367567,3.291493654890388,3.2760113631750447,0.0154822917153434,4.330614082023304,4.374666523898124,-0.0440524418748209,-0.0275309985137236,-0.011300104953212,-0.0113643139232389,3.049485597708624,15.0,True,-2.320097991203059,-3.652671882398069,0.0219951232152737,0.0292748866499777,3.032157941890245,3.066813253527002,,0.1484080737574165
35.0,GIRMS\IRMS-operator,2026-02-10 11:46:26.077,2026-02-10 12:50:16.624,Success,False,BTS,901,35.0,1.0,19.0,True,Unknown,,"0.002 V, 0.002 V, 0.002 V",52 µbar,72 °C,,27.264 V,9.5193 kV,59 µbar,Carbon Dioxide: 0.0193 kV,"1,063 µbar",24.189 V,32.781 V,557 µbar/min,3.103 V,1.85E-007 mbar,10 %,999 µbar,µ-Volume,,Pre,24.240425487101543,26.283441465620207,26.35298518491189,34.59521307950845,35.241536045130395,24.721554179728496,-1.4441000008518223,-3.792884636007909,-1.6504844749597458,0.0751982767273303,0.0194161115618964,-3.856049583721766,0.0248115476920833,0.0064063140670046,-1.6233758856169251,0.07969952438543237,-3.856460111658322,0.02469692144347531,b0614000b16d__Natan Pereira BTS coral series 4.1.xlsx,2026-02-10 11:46:26.077,739657.0,557.0,1063.0,59.0,999.0,17.96842345665981,,BTS,901,BTS,901,,OK,16.0,15.0,15.0,0.0,0.0,16.315701829479885,0.0469088554382324,25.13992635560433,24.666769784216093,0.4731565713882411,33.08790102010598,32.983503484781885,0.1043975353240966,0.0377678394211717,0.0020274942945433,0.0020254410094979,23.159823079646102,15.0,True,-1.6504844749597458,-3.856049583721766,0.0751982767273302,0.0248115476920834,23.18327750736522,23.136368651926983,,1.6527216271799254
36.0,GIRMS\IRMS-operator,2026-02-10 12:18:14.141,2026-02-10 13:24:30.904,Success,False,SHP2L,,36.0,2.0,19.0,True,QC Standard,SHP2L,"0.003 V, 0.003 V, 0.003 V",40 µbar,72 °C,,0.017 V,9.5188 kV,880 µbar,Carbon Dioxide: 0.0188 kV,"1,056 µbar",2.928 V,0.016 V,459 µbar/min,22.752 V,5.97E-008 mbar,100 %,853 µbar,µ-Volume,0.023 V,Pre,0.0162545381279846,0.0175631905020742,3.2076820544734512,0.0229515180677571,4.283702651854883,3.002734441722171,-6.928679611139854,-15.055966482160676,-5.697457590995457,0.6785074893650112,0.1696268723412528,-16.43870814675334,0.7626323577016488,0.1906580894254122,-5.486318335456743,0.7344609762898778,-16.443503787474377,0.7638747667975311,b0614000b16d__Natan Pereira BTS coral series 4.1.xlsx,2026-02-10 12:18:14.141,739657.0,459.0,1056.0,880.0,853.0,0.013846037542646222,,SHP2L,,SHP2L,,,Failed Sample,16.0,15.0,15.0,0.0,0.0,2.273046033682442,-2.858252288908997,3.0698684227504804,0.0168871681113569,3.0529812546391235,4.099604927272588,0.0220350377589356,4.0775698895136525,-0.0124724709694696,-0.9945691941709982,-1.9783941140553216,1.4447335182625152,15.0,True,,,,,0.0156073738080168,2.8738596627170137,,-2.2591999961397957
37.0,GIRMS\IRMS-operator,2026-02-10 12:50:16.818,2026-02-10 14:10:56.920,Success,False,BTS,600,37.0,1.0,20.0,True,Unknown,,"0.001 V, 0.001 V, 0.001 V",40 µbar,72 °C,,5.971 V,9.5193 kV,59 µbar,Carbon Dioxide: 0.0193 kV,"1,090 µbar",5.471 V,6.523 V,562 µbar/min,3.393 V,7.64E-008 mbar,56 %,799 µbar,µ-Volume,,Pre,5.465634061458134,5.936860478231088,5.934881248986913,7.803131473201585,7.926542890209031,5.556208923342386,-1.6241346720158312,-4.176734974394969,-1.615986267189477,0.0077854104106482,0.0020101843242553,-4.14664198156313,0.0175875897118975,0.0045410961369405,-1.575892538954582,0.008245317862377225,-4.147439565471048,0.017597669718052458,b0614000b16d__Natan Pereira BTS coral series 4.1.xlsx,2026-02-10 12:50:16.818,739657.0,562.0,1090.0,59.0,799.0,4.4271083115071965,,BTS,600,BTS,600,,OK,16.0,15.0,15.0,0.0,0.0,4.122055874098506,-0.0105444739286379,5.763464592071846,5.678840978355352,0.0846236137164941,7.575404225191814,7.584591043132615,-0.009186817940801,-0.00845571531958,-0.0019833898940408,-0.0019853587642954,5.311117626833561,15.0,True,-1.6167894327460353,-4.140508904370284,0.0091821950688534,0.0218643879653788,5.305845389869242,5.31638986379788,,0.3050524374086905
38.0,GIRMS\IRMS-operator,2026-02-10 13:24:31.191,2026-02-10 14:36:45.991,Success,False,BTS,972,38.0,2.0,20.0,True,Unknown,,"0.002 V, 0.002 V, 0.002 V",49 µbar,72 °C,,48.528 V,9.5193 kV,49 µbar,Carbon Dioxide: failed,846 µbar,24.578 V,49.019 V,230 µbar/min,5.393 V,1.92E-007 mbar,10 %,"1,024 µbar",µ-Volume,48.532 V,Pre,49.01785806756471,48.973084931485445,26.89390028011063,48.97878962302089,35.96804934286952,25.23046390157198,-79.87555560586034,-302.5667986665384,-50.44011448385796,36.73872407649005,9.184681019122513,-247.810243905876,87.43015203680935,22.57436818632967,-44.714235722187084,35.67863056708543,-247.952850558705,87.45412107225995,b0614000b16d__Natan Pereira BTS coral series 4.1.xlsx,2026-02-10 13:24:31.191,739657.0,230.0,846.0,49.0,1024.0,45.18965755593037,,BTS,972,BTS,972,,Fully Saturated Collectors,16.0,5.0,0.0,10.0,15.0,16.616343297703693,33.00727903842925,45.70463443290452,13.934018797295307,31.77061563560921,48.97582429194331,33.645137126683,15.330687165260317,86.60711675717985,2.265548886653702,1.0622543296794855,31.072859028391587,0.0,True,,,,,47.57649854760621,14.56921950917696,,28.573314258226674
39.0,GIRMS\IRMS-operator,2026-02-10 14:10:57.182,2026-02-10 15:14:47.869,Success,False,BTS,386,39.0,1.0,21.0,True,Unknown,,"0.003 V, 0.003 V, 0.003 V",35 µbar,72 °C,,7.266 V,9.5186 kV,49 µbar,Carbon Dioxide: 0.0186 kV,784 µbar,6.851 V,7.994 V,254 µbar/min,23.185 V,8.55E-008 mbar,42 %,814 µbar,µ-Volume,,Pre,6.686484125980139,7.253948709006025,7.415648558768563,9.551996652918348,9.90503993885426,6.943134625552493,-2.7858641025055864,-3.537536720781942,-2.8109882548551286,0.0147849069954756,0.0038174465712468,-3.5449518148921797,0.0216945055278024,0.0054236263819506,-2.8767675617524064,0.015605482744937168,-3.542404197338596,0.021695874847184514,b0614000b16d__Natan Pereira BTS coral series 4.1.xlsx,2026-02-10 14:10:57.182,739657.0,254.0,784.0,49.0,814.0,5.389927854436591,,BTS,386,BTS,386,,OK,16.0,15.0,15.0,0.0,0.0,5.092394903616337,-0.1439601182937622,7.037427646045893,7.082451244826032,-0.0450235987801388,9.26681822999049,9.459480742915384,-0.192662512924894,-0.1131611033519966,-0.0217106805525249,-0.0219489438062462,6.55886313093543,15.0,True,-2.815730506637481,-3.5454461544995284,0.0173383078623895,0.0223624755147405,6.486883071788549,6.630843190082311,,0.297532950820254
40.0,GIRMS\IRMS-operator,2026-02-10 14:36:46.225,2026-02-10 15:47:54.759,Success,False,BTS,890,40.0,2.0,21.0,True,Unknown,,"0.002 V, 0.002 V, 0.002 V",49 µbar,72 °C,,21.470 V,9.5190 kV,47 µbar,Carbon Dioxide: 0.0190 kV,904 µbar,19.620 V,25.204 V,444 µbar/min,6.743 V,1.62E-007 mbar,12 %,960 µbar,µ-Volume,,Pre,19.13605480545493,20.73863531640461,21.3591792731612,27.31473116070879,28.558590690204028,20.027323058781345,-2.4059087580188265,-3.942187830234145,-2.5749068384628284,0.0850126102680455,0.0212531525670113,-3.9960183709401793,0.0308834623391193,0.0077208655847798,-2.6073477404324477,0.08988877495805457,-3.9944941968884997,0.030736046213284466,b0614000b16d__Natan Pereira BTS coral series 4.1.xlsx,2026-02-10 14:36:46.225,739657.0,444.0,904.0,47.0,960.0,14.451720184621532,,BTS,890,BTS,890,,OK,16.0,15.0,15.0,0.0,0.0,13.522211826381405,-0.4743188619613647,19.89613856366566,20.08590485146931,-0.1897662878036499,26.20359627396715,26.853927651950247,-0.6503313779830968,-0.3715171285246219,-0.0251881953404732,-0.0255094640218801,18.593838802513798,15.0,True,-2.5861733771590965,-3.9996070736539138,0.0746146212989136,0.0283043595462907,18.35667937153311,18.83099823349448,,0.9295083582401276
41.0,GIRMS\IRMS-operator,2026-02-10 15:14:48.133,2026-02-10 16:32:38.059,Success,False,SHP2L,,41.0,1.0,22.0,True,QC Standard,SHP2L,"0.002 V, 0.002 V, 0.002 V",35 µbar,72 °C,,5.685 V,9.5190 kV,59 µbar,Carbon Dioxide: 0.0190 kV,"1,046 µbar",5.203 V,6.199 V,513 µbar/min,3.396 V,7.56E-008 mbar,59 %,777 µbar,µ-Volume,,Pre,5.1169744883070205,5.562935082757965,5.629742771974964,7.291729846890211,7.519367236809669,5.27036674906397,-0.7952235237346228,-6.10000812205902,-0.8171902614343834,0.0181893296244656,0.0045473324061164,-6.064846176267465,0.0207669786527995,0.0053620108315558,-0.6497610605898374,0.019573042108026018,-6.069501042229082,0.020791894519865326,b0614000b16d__Natan Pereira BTS coral series 4.1.xlsx,2026-02-10 15:14:48.133,739657.0,513.0,1046.0,59.0,777.0,4.146311700159807,,SHP2L,,SHP2L,,,OK,16.0,15.0,15.0,0.0,0.0,3.9184675518195737,-0.0775656859553191,5.4006410621620695,5.3893665226999055,0.011274539462164,7.079269090588333,7.198105851109267,-0.1188367605209332,-0.0613661075084873,-0.0153740609028451,-0.0154931572746036,5.006447980907312,15.0,True,-0.8186547106143676,-6.065916606244389,0.0178246798140557,0.0230023569106724,4.967665137929653,5.045230823884972,,0.2278441483402336
42.0,GIRMS\IRMS-operator,2026-02-10 15:47:55.017,2026-02-10 16:58:35.745,Success,False,BTS,619,42.0,2.0,22.0,True,Unknown,,"0.002 V, 0.002 V, 0.002 V",49 µbar,72 °C,,3.313 V,9.5191 kV,49 µbar,Carbon Dioxide: 0.0191 kV,929 µbar,3.175 V,3.567 V,288 µbar/min,5.158 V,5.97E-008 mbar,96 %,731 µbar,µ-Volume,,Pre,3.1708507836177025,3.442067822547754,3.48474090570221,4.526803575440179,4.653711455992455,3.261859093172815,-2.385832070342375,-4.2430452496190485,-2.367348007495128,0.0237059286839386,0.0059264821709846,-4.191926342949136,0.0272896792645882,0.0070461648876728,-2.378181347271274,0.02469516088636843,-4.191073832906089,0.027300811573508017,b0614000b16d__Natan Pereira BTS coral series 4.1.xlsx,2026-02-10 15:47:55.017,739657.0,288.0,929.0,49.0,731.0,2.5975736929421847,,BTS,619,BTS,619,,OK,16.0,15.0,15.0,0.0,0.0,2.473542226745074,-0.048690013015074,3.349650908959148,3.3483992126125752,0.0012516963465727,4.40533976214715,4.471649068526023,-0.0663093063788728,-0.0385148448298171,-0.0155342860901474,-0.0156558876087018,3.1100129377532832,15.0,True,-2.366115736638645,-4.183231778761232,0.0240016783196252,0.0304343762534155,3.0856679312457462,3.1343579442608203,,0.1240314661971107
43.0,GIRMS\IRMS-operator,2026-02-10 16:32:38.309,2026-02-10 17:36:19.798,Success,False,BTS,850,43.0,1.0,23.0,True,Unknown,,"0.001 V, 0.001 V, 0.002 V",42 µbar,72 °C,,28.867 V,9.5187 kV,69 µbar,Carbon Dioxide: 0.0187 kV,"1,073 µbar",24.652 V,34.610 V,435 µbar/min,3.149 V,1.82E-007 mbar,10 %,997 µbar,µ-Volume,25.874 V,Pre,27.848430657225624,30.15905276193843,26.94496169939265,39.72442495972882,36.03516566903363,25.28189935668088,-2.468188498631174,-4.164287945275014,-2.6915046514584726,0.0398964635179484,0.0103012225851724,-4.184995946859474,0.0123778622528556,0.0031959502911306,-2.725155273169129,0.04269450777447765,-4.183448435048047,0.012321390186643907,b0614000b16d__Natan Pereira BTS coral series 4.1.xlsx,2026-02-10 16:32:38.309,739657.0,435.0,1073.0,69.0,997.0,20.609873094993603,,BTS,850,BTS,850,,OK,16.0,15.0,15.0,0.0,0.0,16.603429715732627,2.9848963022232056,28.83436933412776,25.19802406683192,3.636345267295841,37.97911155373822,33.69550454766522,4.283607006072998,2.701221647000636,0.1262720511783797,0.1187731843706451,25.13106235249616,15.0,True,-2.691504651458472,-4.183788373913576,0.0398964635179485,0.0151218435141934,26.62351050360776,23.63861420138456,,4.0064433792609755
44.0,GIRMS\IRMS-operator,2026-02-10 16:58:35.959,2026-02-10 18:10:11.730,Success,False,BTS,575,44.0,2.0,23.0,True,Unknown,,"0.002 V, 0.003 V, 0.003 V",64 µbar,72 °C,,4.192 V,9.5181 kV,59 µbar,Carbon Dioxide: 0.0181 kV,850 µbar,3.895 V,4.539 V,430 µbar/min,23.195 V,5.91E-008 mbar,73 %,819 µbar,µ-Volume,,Pre,3.821226984335032,4.150499725693404,4.250705501676861,5.45432352905968,5.675194221740765,3.979506665694281,-1.6413274269534428,-4.003936127107366,-1.652329247344479,0.0313241724306245,0.0078310431076561,-4.017197365839431,0.019574822962192,0.0050541975558352,-1.619501667937555,0.033695327366651574,-4.017778967373785,0.019606653696238256,b0614000b16d__Natan Pereira BTS coral series 4.1.xlsx,2026-02-10 16:58:35.959,739657.0,430.0,850.0,59.0,819.0,3.112452314569235,,BTS,575,BTS,575,,OK,16.0,15.0,15.0,0.0,0.0,2.997324548293088,-0.1042295023733652,4.033689523094832,4.077911801261918,-0.0442222781670862,5.300597761926705,5.444444068609948,-0.1438463066832431,-0.0814623441111575,-0.0273007695650052,-0.0276785930098276,3.765708117329412,15.0,True,-1.653062702037215,-4.014612616155114,0.0322810728360414,0.023597422211255,3.713593366142729,3.817822868516094,,0.11512776627614674
45.0,GIRMS\IRMS-operator,2026-02-10 17:36:20.058,2026-02-10 18:53:51.245,Success,False,BTS,360,45.0,1.0,24.0,True,Unknown,,"0.001 V, 0.001 V, 0.001 V",52 µbar,72 °C,,17.956 V,9.5189 kV,71 µbar,Carbon Dioxide: 0.0189 kV,"1,073 µbar",15.441 V,20.747 V,537 µbar/min,3.438 V,1.29E-007 mbar,19 %,987 µbar,µ-Volume,,Pre,15.081653142152865,16.341556918814486,16.667370808317965,21.5178799825506,22.27111877973841,15.623280549226838,-2.8954421197088243,-4.03186124682775,-3.015033159283087,0.0472332901742633,0.0121955830821003,-4.078310733474075,0.0256370434847197,0.0064092608711799,-3.0751315702729487,0.049769784330325646,-4.075899201238547,0.025551172111252476,b0614000b16d__Natan Pereira BTS coral series 4.1.xlsx,2026-02-10 17:36:20.058,739657.0,537.0,1073.0,71.0,987.0,11.639317846800218,,BTS,360,BTS,360,,OK,16.0,15.0,15.0,0.0,0.0,10.806541222550113,-0.235825777053833,15.736808192923377,15.746210825636693,-0.009402632713316,20.72044434126184,21.03779437120722,-0.3173500299453771,-0.1864589100481506,-0.0159793762918069,-0.0161080747859778,14.640221142946322,15.0,True,-3.0150331592830875,-4.081407365917164,0.0472332901742634,0.0232340239773793,14.522308254419404,14.758134031473238,,0.8327766242501049
46.0,GIRMS\IRMS-operator,2026-02-10 18:10:12.022,2026-02-10 19:22:50.977,Success,False,SHP2L,,46.0,2.0,24.0,True,QC Standard,SHP2L,"0.002 V, 0.002 V, 0.003 V",59 µbar,72 °C,,3.588 V,9.5188 kV,826 µbar,Carbon Dioxide: 0.0188 kV,"1,043 µbar",3.199 V,3.855 V,322 µbar/min,14.916 V,5.26E-008 mbar,94 %,936 µbar,µ-Volume,,Pre,3.1901665038517897,3.467817491439912,3.510539079840192,4.547180157356652,4.686659576111649,3.2868343969295486,-0.7855564347447608,-5.263290044958735,-0.7840953766631438,0.0152326684700707,0.0038081671175176,-5.234826003904984,0.0205861986013409,0.0053153336229807,-0.6453875238315518,0.016314219652755466,-5.238665263469374,0.02061601829132766,b0614000b16d__Natan Pereira BTS coral series 4.1.xlsx,2026-02-10 18:10:12.022,739657.0,322.0,1043.0,826.0,936.0,2.629675188045737,,SHP2L,,SHP2L,,,OK,16.0,15.0,15.0,0.0,0.0,2.4948882181339727,-0.0526973378520652,3.3763095478172684,3.3736757412115934,0.002633806605675,4.427111645485602,4.503842352806824,-0.0767307073212224,-0.0416360601726407,-0.0166835944353962,-0.0168239363004178,3.1322834865201186,15.0,True,-0.7839979727910361,-5.228533012048323,0.0157621513836013,0.0251789728456461,3.105934817594086,3.1586321554461514,,0.1347869699117643
1.0,GIRMS\IRMS-operator,2026-02-11 17:17:15.169,2026-02-11 18:22:18.259,Success,False,SHP2L,,1.0,1.0,2.0,True,QC Standard,SHP2L,"0.001 V, 0.001 V, 0.000 V",23 µbar,72 °C,,3.880 V,9.5207 kV,64 µbar,Carbon Dioxide: 0.0207 kV,"1,158 µbar",3.566 V,4.205 V,947 µbar/min,3.399 V,5.05E-008 mbar,85 %,699 µbar,µ-Volume,,Pre,3.543965670655796,3.851245001631372,3.8939641802897778,5.04697039834837,5.198118022627284,3.645557736612712,-1.149829885896292,-6.17086904074704,-1.1201924359639308,0.0167423140191012,0.0041855785047753,-6.164916311702818,0.031981508523032,0.0082575899930862,-0.9705920288460985,0.018384462241147388,-6.168999779949832,0.032021035756458795,de1d202e39cb__Natan Pereira BTS coral series 5.xlsx,2026-02-11 17:17:15.169,739658.0,947.0,1158.0,64.0,699.0,2.8685143892044263,,SHP2L,,SHP2L,,,OK,16.0,15.0,15.0,0.0,0.0,2.7396215228876812,-0.0574252631829472,3.737289329948648,3.734775075255904,0.0025142546927439,4.897611739411889,4.985895887295306,-0.0882841478834164,-0.0687152436985672,-0.0164234757926272,-0.0165594577191217,3.467822688217413,15.0,True,-1.1182166059684395,-6.1586990021076,0.0152775259301589,0.0390299104608751,3.4391100566259394,3.4965353198088867,,0.12889286631674501
2.0,GIRMS\IRMS-operator,2026-02-11 17:53:06.775,2026-02-11 18:52:54.608,Success,False,BTS,331,2.0,2.0,2.0,True,Unknown,,"0.001 V, 0.001 V, 0.001 V",25 µbar,72 °C,,10.050 V,9.5208 kV,32 µbar,Carbon Dioxide: 0.0208 kV,479 µbar,9.189 V,11.396 V,98 µbar/min,3.538 V,9.07E-008 mbar,34 %,838 µbar,µ-Volume,,Pre,8.991528400399991,9.752740273921647,9.88519669577376,12.833618778523856,13.200127739247732,9.259466179826566,-2.514910883466226,-3.732827333926769,-2.576933530854885,0.0324371948764084,0.0081092987191021,-3.711626687079421,0.0159484438066444,0.0041178704840705,-2.620157255847432,0.03460672189665652,-3.7097834501619293,0.01597972083971413,de1d202e39cb__Natan Pereira BTS coral series 5.xlsx,2026-02-11 17:53:06.775,739658.0,98.0,479.0,32.0,838.0,7.070343257497591,,BTS,331,BTS,331,,OK,16.0,15.0,15.0,0.0,0.0,6.627806138016959,-0.1191259097139934,9.420191059558553,9.399066672662952,0.0211243868955985,12.396627325353077,12.551467744606914,-0.154840419253837,-0.1429656315943175,-0.0135309255028152,-0.0136230920244657,8.74441055672641,15.0,True,-2.5810683740141287,-3.707104191250111,0.0288831531017408,0.0188597612469064,8.684847601869413,8.803973511583406,,0.44253711948063135
3.0,GIRMS\IRMS-operator,2026-02-11 18:22:18.351,2026-02-11 19:24:54.702,Success,False,BTS,891,3.0,1.0,3.0,True,Unknown,,"0.002 V, 0.002 V, 0.002 V",32 µbar,72 °C,,14.734 V,9.5209 kV,49 µbar,Carbon Dioxide: 0.0209 kV,"1,102 µbar",13.424 V,17.035 V,659 µbar/min,8.988 V,1.18E-007 mbar,22 %,887 µbar,µ-Volume,,Pre,13.11762965773407,14.229012050439874,14.460143961717645,18.72451261689184,19.316207925577142,13.551611076343692,-1.977564997414416,-3.4769935292544574,-2.064014119017611,0.0466002927794229,0.0116500731948557,-3.517997474316359,0.0236944115098525,0.0059236028774631,-2.078382753391061,0.04936233436437429,-3.517112463404443,0.02365932922977329,de1d202e39cb__Natan Pereira BTS coral series 5.xlsx,2026-02-11 18:22:18.351,739658.0,659.0,1102.0,49.0,887.0,10.082758560104088,,BTS,891,BTS,891,,OK,16.0,15.0,15.0,0.0,0.0,9.43023925804465,-0.1956373453140258,13.690752305795709,13.676104464342158,0.0146478414535504,18.01517264058111,18.267836729783998,-0.2526640892028844,-0.2343759595348334,-0.0152650325786246,-0.0153824392971293,12.718226383674777,15.0,True,-2.069777393791157,-3.520731070653819,0.0419201014168824,0.0217583568630069,12.620407711017764,12.81604505633179,,0.6525193020594369
4.0,GIRMS\IRMS-operator,2026-02-11 18:52:54.756,2026-02-11 20:01:57.604,Success,False,BTS,1017,4.0,2.0,3.0,True,Unknown,,"0.002 V, 0.002 V, 0.002 V",27 µbar,72 °C,,8.008 V,9.5210 kV,32 µbar,Carbon Dioxide: 0.0210 kV,592 µbar,7.284 V,8.942 V,132 µbar/min,12.995 V,7.90E-008 mbar,40 %,809 µbar,µ-Volume,,Pre,7.210980820530039,7.828622768603735,7.855646518347877,10.292894391081148,10.488889364263828,7.357205775874283,-1.7727003980769762,-3.7011864195898303,-1.7590147268295924,0.0145449066440597,0.0037554787469723,-3.747152153015312,0.0273336407831754,0.0068334101957938,-1.7435745248285395,0.01584443632374856,-3.74719225693769,0.02736562370707769,de1d202e39cb__Natan Pereira BTS coral series 5.xlsx,2026-02-11 18:52:54.756,739658.0,132.0,592.0,32.0,809.0,5.725563392993846,,BTS,1017,BTS,1017,,OK,16.0,15.0,15.0,0.0,0.0,5.347123467149551,-0.040680131263608,7.574118879912513,7.492572101842971,0.0815467780695415,9.95734006844446,10.00377204244351,-0.0464319739990486,-0.0492038581620696,-0.0057974560898013,-0.0058143101938219,6.996553315444575,15.0,True,-1.762264707675798,-3.750216535243677,0.0215708206807477,0.0252886388254118,6.976213249812771,7.016893381076379,,0.37843992584429476
5.0,GIRMS\IRMS-operator,2026-02-11 19:24:54.856,2026-02-11 20:42:43.972,Success,False,BTS,849,5.0,1.0,4.0,True,Unknown,,"0.001 V, 0.001 V, 0.001 V",30 µbar,72 °C,,10.696 V,9.5214 kV,49 µbar,Carbon Dioxide: 0.0214 kV,"1,102 µbar",9.776 V,12.120 V,674 µbar/min,3.426 V,9.44E-008 mbar,32 %,860 µbar,µ-Volume,,Pre,9.55210049770856,10.359851273526392,10.52199065384849,13.630820784084824,14.05124214600804,9.85697796498087,-2.5153986125695527,-3.885762732656395,-2.5666398055827004,0.0286571809769055,0.0071642952442263,-3.926182983421588,0.0218723884190339,0.0054680971047584,-2.6010884123496347,0.030580105276914744,-3.9246024647412656,0.0218884361369959,de1d202e39cb__Natan Pereira BTS coral series 5.xlsx,2026-02-11 19:24:54.856,739658.0,674.0,1102.0,49.0,860.0,7.466968101409916,,BTS,849,BTS,849,,OK,16.0,15.0,15.0,0.0,0.0,7.025870261893555,-0.1473779773083308,9.996556420343412,9.996054671083272,0.00050174926014,13.151614341251875,13.348712000362898,-0.1970976591110211,-0.1764756487648464,-0.0157390543458574,-0.0158638957041699,9.290150418071088,15.0,True,-2.5700558851169104,-3.9288776668059335,0.0260738052335173,0.0197000800891179,9.216461429416922,9.363839406725251,,0.4410978395163605
6.0,GIRMS\IRMS-operator,2026-02-11 20:01:57.694,2026-02-11 21:13:37.424,Success,False,SHP2L,,6.0,2.0,4.0,True,QC Standard,SHP2L,"0.002 V, 0.002 V, 0.002 V",30 µbar,72 °C,,17.219 V,9.5214 kV,32 µbar,Carbon Dioxide: 0.0214 kV,430 µbar,15.705 V,20.097 V,127 µbar/min,9.547 V,1.31E-007 mbar,19 %,894 µbar,µ-Volume,,Pre,15.344660559066092,16.659281396324932,16.91763772910386,21.84355498322357,22.60299266346801,15.859316864379204,-0.8500500369480468,-6.105724944430957,-0.9723108344165122,0.062065950887138,0.0155164877217845,-6.140572455346723,0.023774304291305,0.0059435760728262,-0.8130551510389453,0.06591758016223874,-6.144959887686804,0.02372094875883797,de1d202e39cb__Natan Pereira BTS coral series 5.xlsx,2026-02-11 20:01:57.694,739658.0,127.0,430.0,32.0,894.0,11.730862170304656,,SHP2L,,SHP2L,,,OK,16.0,15.0,15.0,0.0,0.0,10.878983672678583,-0.209122896194458,16.015804552491005,15.960267924721537,0.0555366277694684,20.99821210869659,21.321880230988157,-0.3236681222915649,-0.2508590144527202,-0.0139789545313704,-0.0140773478340174,14.855276623137748,15.0,True,-0.9804615542477432,-6.142895622741108,0.0546668597629157,0.0226510131433359,14.75071517504052,14.959838071234977,,0.8518784976260729
7.0,GIRMS\IRMS-operator,2026-02-11 20:42:44.082,2026-02-11 21:44:28.228,Success,False,BTS,979,7.0,1.0,5.0,True,Unknown,,"0.002 V, 0.002 V, 0.002 V",35 µbar,72 °C,,12.979 V,9.5214 kV,47 µbar,Carbon Dioxide: 0.0214 kV,"1,058 µbar",12.664 V,14.852 V,484 µbar/min,15.128 V,1.13E-007 mbar,23 %,887 µbar,µ-Volume,,Pre,12.44357707109297,13.508628412416314,13.656224414041375,17.76189234960505,18.241262705211128,12.79767336454237,-1.237313212127278,-3.484472655456927,-1.335816749345603,0.0512101113759446,0.0128025278439861,-3.511565972600314,0.0183163911035213,0.0045790977758803,-1.2994307496534685,0.054370504811758674,-3.5123167791934473,0.01826332474741422,de1d202e39cb__Natan Pereira BTS coral series 5.xlsx,2026-02-11 20:42:44.082,739658.0,484.0,1058.0,47.0,887.0,9.60211781968321,,BTS,979,BTS,979,,OK,16.0,15.0,15.0,0.0,0.0,8.944126675554777,-0.1332192506539407,13.0065784894732,12.92781095140252,0.0787675380706787,17.10142818201014,17.266711861972297,-0.1652836799621582,-0.160290009490549,-0.0109971891608997,-0.0110579925789651,12.047326827416644,15.0,True,-1.3423836518268246,-3.5133721937432068,0.0455030004030814,0.0174220065880764,11.980717202089672,12.113936452743614,,0.6579911441284327
8.0,GIRMS\IRMS-operator,2026-02-11 21:13:37.589,2026-02-11 22:21:17.561,Success,False,BTS,852,8.0,2.0,5.0,True,Unknown,,"0.002 V, 0.002 V, 0.002 V",30 µbar,72 °C,,2.104 V,9.5215 kV,32 µbar,Carbon Dioxide: 0.0215 kV,506 µbar,2.943 V,2.249 V,127 µbar/min,12.262 V,4.95E-008 mbar,100 %,589 µbar,µ-Volume,1.959 V,Pre,2.00270985599096,2.174804150819352,3.2342869225599857,2.8584555859146463,4.317468385448121,3.028363946752272,-1.72892567252525,-3.7569287331954415,-1.7559392671297505,0.0250472080084719,0.0064671612990536,-3.7233795872177247,0.0301770582645231,0.0075442645661307,-1.741041718372682,0.02697262332878528,-3.723420815187034,0.03020299277383274,de1d202e39cb__Natan Pereira BTS coral series 5.xlsx,2026-02-11 21:13:37.589,739658.0,127.0,506.0,32.0,589.0,1.6498364008472943,,BTS,852,BTS,852,,OK,16.0,15.0,15.0,0.0,0.0,2.2894761549909295,-0.9583998862508668,3.1033802214720336,2.114757691166711,0.9886225303053228,4.142569193669935,2.779640214507885,1.3629289791620502,-0.7814090678737771,-0.3298226421950344,-0.3949552311360568,2.4266038545536084,15.0,True,-1.7525897625865725,-3.721142977485877,0.0314569654854484,0.0298319593009664,1.9474039114281751,2.905803797679042,,-0.6396397541436352
9.0,GIRMS\IRMS-operator,2026-02-11 21:44:28.329,2026-02-11 23:01:06.392,Success,False,BTS,400,9.0,1.0,6.0,True,Unknown,,"0.001 V, 0.001 V, 0.001 V",32 µbar,72 °C,,9.999 V,9.5218 kV,45 µbar,Carbon Dioxide: 0.0218 kV,"1,058 µbar",9.086 V,11.295 V,557 µbar/min,3.421 V,8.90E-008 mbar,34 %,858 µbar,µ-Volume,,Pre,8.875037559903406,9.624063392679297,9.782651206228683,12.662701026922942,13.062707798010589,9.163801203376948,-2.7201687925225704,-4.00820590938511,-2.7491120457271565,0.0176139676593029,0.0044034919148257,-4.04411485473392,0.0179914869758142,0.0046453819620557,-2.7918620966342202,0.01865199979180155,-4.042250667032424,0.018000816085918685,de1d202e39cb__Natan Pereira BTS coral series 5.xlsx,2026-02-11 21:44:28.329,739658.0,557.0,1058.0,45.0,858.0,6.9606129153079985,,BTS,400,BTS,400,,OK,16.0,15.0,15.0,0.0,0.0,6.567635259154553,-0.1466062740635667,9.29270658721818,9.304726263258406,-0.0120196760402269,12.225903288847686,12.424580471045257,-0.198677182197569,-0.1753586739852038,-0.0168206370745111,-0.0169633038634469,8.642554259696908,15.0,True,-2.7510415959407952,-4.049627048438557,0.0163886251582254,0.0188495874481563,8.569251122665126,8.715857396728692,,0.3929776561534455
10.0,GIRMS\IRMS-operator,2026-02-11 22:21:17.664,2026-02-11 23:35:34.437,Success,False,BTS,994,10.0,2.0,6.0,True,Unknown,,"0.002 V, 0.002 V, 0.002 V",30 µbar,72 °C,,18.639 V,9.5219 kV,32 µbar,Carbon Dioxide: 0.0219 kV,714 µbar,17.094 V,21.857 V,186 µbar/min,8.879 V,1.38E-007 mbar,17 %,904 µbar,µ-Volume,,Pre,16.698671386103427,18.104723355770226,18.450758121013752,23.875695514518046,24.653998064833907,17.30023126349906,-2.007372461804713,-1.6194115769124773,-2.1526524861876712,0.0585295773553047,0.0151122718905102,-1.6744606738770065,0.0220857453832338,0.0057025149371894,-2.2414661272859218,0.06213369844835783,-1.671395657933017,0.022029203526248247,de1d202e39cb__Natan Pereira BTS coral series 5.xlsx,2026-02-11 22:21:17.664,739658.0,186.0,714.0,32.0,904.0,12.694454627486927,,BTS,994,BTS,994,,OK,16.0,15.0,15.0,0.0,0.0,11.770911007783145,-0.2596378326416015,17.382613084316365,17.377382776737324,0.0052303075790405,22.92221491320732,23.21658735259178,-0.2943724393844604,-0.3108369416450806,-0.015937437624742,-0.0160654587480973,16.16124610648612,15.0,True,-2.1526524861876712,-1.6744606738770058,0.0585295773553049,0.0220857453832339,16.03142719016532,16.291065022806922,,0.9235436197037821
11.0,GIRMS\IRMS-operator,2026-02-11 23:01:06.523,2026-02-12 00:07:01.782,Success,False,SHP2L,,11.0,1.0,7.0,True,QC Standard,SHP2L,"0.002 V, 0.002 V, 0.003 V",35 µbar,72 °C,,5.711 V,9.5217 kV,45 µbar,Carbon Dioxide: 0.0217 kV,"1,021 µbar",5.329 V,6.284 V,503 µbar/min,16.426 V,6.69E-008 mbar,55 %,789 µbar,µ-Volume,,Pre,5.20665189998065,5.6583986006032925,5.774374227572033,7.41365743703405,7.708670626349846,5.407325455023766,-0.8651728760155075,-6.088257939996011,-0.8584389115497069,0.0190710280264793,0.0047677570066198,-6.095577571194204,0.017055386202593,0.0044036817817185,-0.6926865569279045,0.02006686187658857,-6.1001758185452,0.01706020466849993,de1d202e39cb__Natan Pereira BTS coral series 5.xlsx,2026-02-11 23:01:06.523,739658.0,503.0,1021.0,45.0,789.0,4.175910115923074,,SHP2L,,SHP2L,,,OK,16.0,15.0,15.0,0.0,0.0,3.997906493532917,-0.1251291294501664,5.484582430493544,5.522956329631557,-0.0383738991380138,7.18581135006925,7.372656832089169,-0.186845482019919,-0.1485468992637449,-0.0241945811374161,-0.0244908541159323,5.109218684568637,15.0,True,-0.8579899805853202,-6.101558344773972,0.0196526848169712,0.0270854759727382,5.046654119843553,5.17178324929372,,0.17800362239015666
12.0,GIRMS\IRMS-operator,2026-02-11 23:35:34.590,2026-02-12 00:43:33.070,Success,False,BTS,964,12.0,2.0,7.0,True,Unknown,,"0.002 V, 0.002 V, 0.002 V",30 µbar,72 °C,,16.341 V,9.5221 kV,37 µbar,Carbon Dioxide: 0.0221 kV,694 µbar,15.122 V,19.004 V,171 µbar/min,5.261 V,1.26E-007 mbar,18 %,897 µbar,µ-Volume,,Pre,14.775293955336284,16.02596714183887,16.350335618706545,21.082645436413483,21.842992087490757,15.326666721831035,-1.8153066200879973,-3.725575973221429,-1.9489269166165075,0.0450777308245263,0.011639020051214,-3.7512298388398353,0.0180675285108466,0.0046650158019757,-1.946647557926329,0.04781532459737119,-3.7508635814670117,0.01802256813473934,de1d202e39cb__Natan Pereira BTS coral series 5.xlsx,2026-02-11 23:35:34.590,739658.0,171.0,694.0,37.0,897.0,11.308194475431169,,BTS,964,BTS,964,,OK,16.0,15.0,15.0,0.0,0.0,10.5483002750301,-0.2610683441162109,15.408775946350897,15.433884402962526,-0.0251084566116315,20.27030863393088,20.61825074780722,-0.3479421138763428,-0.31187976703031,-0.0180462244284747,-0.0182105401759643,14.336112031470014,15.0,True,-1.948926916616508,-3.749923339568496,0.0450777308245262,0.0205878923948227,14.205577859411909,14.46664620352812,,0.7598942004010691
13.0,GIRMS\IRMS-operator,2026-02-12 00:07:01.905,2026-02-12 01:22:25.346,Success,False,BTS,944,13.0,1.0,8.0,True,Unknown,,"0.001 V, 0.001 V, 0.001 V",35 µbar,72 °C,,21.701 V,9.5224 kV,47 µbar,Carbon Dioxide: 0.0224 kV,"1,075 µbar",20.140 V,25.727 V,532 µbar/min,3.421 V,1.57E-007 mbar,14 %,936 µbar,µ-Volume,,Pre,19.46121159582423,21.099480397043603,21.8362683122734,27.76698863789124,29.18145156189484,20.480316911032663,-1.728270520859665,-3.590092207479078,-1.89167581066468,0.0650859055671763,0.0168051085556334,-3.668318861572424,0.0202333595705268,0.0052242309769651,-1.8884095411011508,0.068996749017063,-3.6679839433854258,0.020128264518117535,de1d202e39cb__Natan Pereira BTS coral series 5.xlsx,2026-02-12 00:07:01.905,739659.0,532.0,1075.0,47.0,936.0,14.56224176851863,,BTS,944,BTS,944,,OK,16.0,15.0,15.0,0.0,0.0,13.700293541393687,-0.5799829959869385,20.2110880678276,20.495491630373376,-0.2844035625457763,26.59608519360108,27.388096812215277,-0.7920116186141968,-0.6843060673328552,-0.0301754192840652,-0.0306376715769258,18.9303875306158,15.0,True,-1.89167581066468,-3.668318861572424,0.0650859055671763,0.0202333595705267,18.640396032622327,19.220379028609266,,0.8619482271249428
14.0,GIRMS\IRMS-operator,2026-02-12 00:43:33.178,2026-02-12 01:55:26.062,Success,False,BTS,338,14.0,2.0,8.0,True,Unknown,,"0.002 V, 0.002 V, 0.003 V",30 µbar,72 °C,,14.590 V,9.5220 kV,35 µbar,Carbon Dioxide: 0.0220 kV,736 µbar,13.963 V,16.771 V,171 µbar/min,19.219 V,1.20E-007 mbar,21 %,889 µbar,µ-Volume,,Pre,13.75110734825345,14.911118523037098,15.029761568462511,19.680391371315757,20.07786494500044,14.087530864526949,-2.1880862215989394,-0.7500318372183346,-2.3215765335695613,0.0312604090824127,0.008354695754056,-0.776380325017756,0.0197814496751618,0.0049453624187904,-2.455304985563059,0.03299057841472422,-0.7720053025370225,0.019713321993506363,de1d202e39cb__Natan Pereira BTS coral series 5.xlsx,2026-02-12 00:43:33.178,739659.0,171.0,736.0,35.0,889.0,10.576639951098606,,BTS,338,BTS,338,,OK,16.0,15.0,15.0,0.0,0.0,9.769558902313745,-0.0845324825053399,14.347586409008166,14.20662142411437,0.1409649848937952,18.93503528839949,18.976579725807937,-0.0415444374084472,-0.1021879069523217,-0.0063488526911807,-0.006369070837444,13.272341392149404,15.0,True,-2.3130514745983937,-0.7781368908710508,0.0446940901214619,0.0191405713556566,13.230075150896733,13.314607633402073,,0.8070810487848608
15.0,GIRMS\IRMS-operator,2026-02-12 01:22:25.467,2026-02-12 02:29:11.461,Success,False,BTS,957,15.0,1.0,9.0,True,Unknown,,"0.002 V, 0.002 V, 0.003 V",37 µbar,72 °C,,16.006 V,9.5222 kV,42 µbar,Carbon Dioxide: 0.0222 kV,963 µbar,14.553 V,18.542 V,361 µbar/min,13.505 V,1.24E-007 mbar,19 %,911 µbar,µ-Volume,,Pre,14.202452450059878,15.412884843823958,15.704917800900986,20.27084364748638,20.979915402895625,14.720729737543094,-1.3409377513966536,-3.4485807497973697,-1.4472919170761267,0.0598537735707262,0.0149634433926815,-3.483410414445387,0.0202544817241407,0.0050636204310351,-1.419754699418248,0.06343909836210701,-3.4838795456200304,0.020166993221651917,de1d202e39cb__Natan Pereira BTS coral series 5.xlsx,2026-02-12 01:22:25.467,739659.0,361.0,963.0,42.0,911.0,10.869128374462356,,BTS,957,BTS,957,,OK,16.0,15.0,15.0,0.0,0.0,10.172359090971035,-0.2464801073074358,14.821115029332688,14.833035958287768,-0.0119209289550799,19.491751335627253,19.81386973715465,-0.3221184015274012,-0.2945473647668145,-0.0177289941950781,-0.0178875584046381,13.77941593434714,15.0,True,-1.4543821947880915,-3.4857323920885883,0.0545578487426536,0.0186311590134396,13.65617588069342,13.902655988000856,,0.6967692834913208
16.0,GIRMS\IRMS-operator,2026-02-12 01:55:26.208,2026-02-12 03:06:13.936,Success,False,SHP2L,,16.0,2.0,9.0,True,QC Standard,SHP2L,"0.002 V, 0.002 V, 0.003 V",32 µbar,72 °C,,4.935 V,9.5221 kV,37 µbar,Carbon Dioxide: 0.0221 kV,699 µbar,4.586 V,5.397 V,190 µbar/min,14.018 V,6.18E-008 mbar,60 %,758 µbar,µ-Volume,,Pre,4.504333132321682,4.897119287822672,4.988746353238883,6.419615132285028,6.659551931634463,4.671548869784552,-0.4673008522882993,-5.150923108725336,-0.4864103672158268,0.022689040075934,0.0056722600189835,-5.170529980288329,0.0276117290923297,0.0069029322730824,-0.32908692821757846,0.024477876671053462,-5.174973774048478,0.02765029458925378,de1d202e39cb__Natan Pereira BTS coral series 5.xlsx,2026-02-12 01:55:26.208,739659.0,190.0,699.0,37.0,758.0,3.6343907693010893,,SHP2L,,SHP2L,,,OK,16.0,15.0,15.0,0.0,0.0,3.4780700829118567,-0.1055792713923367,4.74964778523559,4.77789049416679,-0.0282427089312005,6.225689722314393,6.378158403649842,-0.1524686813354492,-0.1254149714914645,-0.0235977288578138,-0.02387947960025,4.421338871690959,15.0,True,-0.487684334877662,-5.171837105059196,0.0228853815297852,0.0280637739444037,4.368549235994791,4.474128507387127,,0.15632068638923258
17.0,GIRMS\IRMS-operator,2026-02-12 02:29:11.695,2026-02-12 03:45:35.011,Success,False,BTS,370,17.0,1.0,10.0,True,Unknown,,"0.001 V, 0.001 V, 0.001 V",35 µbar,72 °C,,8.897 V,9.5225 kV,45 µbar,Carbon Dioxide: 0.0225 kV,"1,029 µbar",8.080 V,9.977 V,440 µbar/min,3.434 V,8.26E-008 mbar,39 %,846 µbar,µ-Volume,,Pre,7.901411040016406,8.572962942764113,8.706232681154527,11.27225973396729,11.624135754398807,8.15472389260132,-2.271626014556438,-4.0974611786644966,-2.2873391499849127,0.0191870498201775,0.0049540749610932,-4.086131302760766,0.0186153227417926,0.0048064556642159,-2.296343556166384,0.020367066712688925,-4.0853580106208796,0.018614746314854814,de1d202e39cb__Natan Pereira BTS coral series 5.xlsx,2026-02-12 02:29:11.695,739659.0,440.0,1029.0,45.0,846.0,6.2270451484431515,,BTS,370,BTS,370,,OK,16.0,15.0,15.0,0.0,0.0,5.889434387293621,-0.1321285963058471,8.283090930503688,8.291524979696069,-0.0084340491923811,10.891192338757026,11.070099545825482,-0.1789072070684554,-0.1580105866708938,-0.0170137972295423,-0.0171597736845291,7.6999032000621055,15.0,True,-2.284780051713649,-4.081912492799596,0.0235062768130714,0.0226070795546555,7.633838901909182,7.765967498215029,,0.3376107611495307
18.0,GIRMS\IRMS-operator,2026-02-12 03:06:14.096,2026-02-12 04:18:09.595,Success,False,BTS,640,18.0,2.0,10.0,True,Unknown,,"0.002 V, 0.002 V, 0.002 V",30 µbar,72 °C,,0.006 V,9.5224 kV,35 µbar,Carbon Dioxide: 0.0224 kV,660 µbar,3.178 V,0.007 V,132 µbar/min,7.910 V,4.53E-008 mbar,100 %,35 µbar,µ-Volume,0.011 V,Pre,0.0071668501441561,0.0077456071428827,3.46624620758192,0.0102803060697623,4.626851799216626,3.245641860485692,-6.423261010159331,1.3122165665500063,-6.822864922340774,0.8454558449550456,0.2182957604976407,2.067894699077949,1.1874378754886528,0.2968594688721632,-7.379628094307049,0.8974562308266009,2.085219780381675,1.1887021784469374,de1d202e39cb__Natan Pereira BTS coral series 5.xlsx,2026-02-12 03:06:14.096,739659.0,132.0,660.0,35.0,35.0,0.005908692032795915,,BTS,640,BTS,640,,Failed Sample,16.0,15.0,15.0,0.0,0.0,2.437102787778648,-3.094589042954764,3.3118741090214376,0.0072946958266102,3.304579413194828,4.420883450762448,0.0097006281834749,4.411182822578973,-0.0081941993138807,-0.9978234853351204,-1.991312849051916,1.5540446316248748,15.0,True,,,,,0.0067501101474928,3.101339153102257,,-2.431194095745852
19.0,GIRMS\IRMS-operator,2026-02-12 03:45:35.289,2026-02-12 04:54:04.325,Success,False,BTS,935,19.0,1.0,11.0,True,Unknown,,"0.001 V, 0.001 V, 0.001 V",35 µbar,72 °C,,20.079 V,9.5226 kV,42 µbar,Carbon Dioxide: 0.0226 kV,995 µbar,17.118 V,23.706 V,484 µbar/min,3.163 V,1.39E-007 mbar,16 %,926 µbar,µ-Volume,,Pre,16.68679714202881,18.096409459030568,18.48512114993328,23.809783840018287,24.699472570258152,17.332538962364197,-1.749383558809936,-3.6374733773887336,-1.909987673297812,0.0405958582308893,0.0104818055235487,-3.668252150659316,0.0225555725985041,0.005638893149626,-1.907930191735637,0.04274500951581829,-3.667898496963674,0.022475769093516965,de1d202e39cb__Natan Pereira BTS coral series 5.xlsx,2026-02-12 03:45:35.289,739659.0,484.0,995.0,42.0,926.0,12.621591395845783,,BTS,935,BTS,935,,OK,16.0,15.0,15.0,0.0,0.0,11.796060637882043,-0.3036707639694214,17.373509426033436,17.410881538307606,-0.0373721122741699,22.857674145537388,23.260676050025,-0.4030019044876134,-0.3625676637261753,-0.0186043157192272,-0.0187790009505147,16.170762479305267,15.0,True,-1.909987673297812,-3.6703040688773534,0.0405958582308893,0.0217466243998783,16.018927097320557,16.322597861289978,,0.8255307579637403
20.0,GIRMS\IRMS-operator,2026-02-12 04:18:09.728,2026-02-12 05:30:47.236,Success,False,BTS,646,20.0,2.0,11.0,True,Unknown,,"0.002 V, 0.002 V, 0.003 V",30 µbar,72 °C,,12.621 V,9.5223 kV,40 µbar,Carbon Dioxide: 0.0223 kV,645 µbar,12.139 V,14.412 V,122 µbar/min,16.426 V,1.08E-007 mbar,23 %,911 µbar,µ-Volume,,Pre,11.938152725229736,12.94017939467551,13.076003478957434,17.034272962582026,17.46442478276483,12.253342086802,-2.7926320638439472,-3.798194137735189,-2.9009430959623828,0.025770104108559,0.0066538122694987,-3.8586443382299698,0.0215710171977784,0.0055696126911833,-2.9613031068559317,0.026937696896310755,-3.856237287961036,0.02154756761994495,de1d202e39cb__Natan Pereira BTS coral series 5.xlsx,2026-02-12 04:18:09.728,739659.0,122.0,645.0,40.0,911.0,9.247917329049782,,BTS,646,BTS,646,,OK,16.0,15.0,15.0,0.0,0.0,8.598263580332633,-0.1086144603591332,12.467529462767857,12.390716582399724,0.0768128803681342,16.411642843258296,16.548420601856623,-0.1367777585983276,-0.1309024265480436,-0.0093548762891995,-0.0093988387762063,11.556157408944689,15.0,True,-2.9009430959623823,-3.85864433822997,0.025770104108559,0.0215710171977784,11.501850178765125,11.610464639124256,,0.6496537487171494
21.0,GIRMS\IRMS-operator,2026-02-12 04:54:04.514,2026-02-12 06:15:46.019,Success,False,SHP2L,,21.0,1.0,12.0,True,QC Standard,SHP2L,"0.001 V, 0.001 V, 0.001 V",35 µbar,72 °C,,6.425 V,9.5226 kV,49 µbar,Carbon Dioxide: 0.0226 kV,"1,060 µbar",5.852 V,7.095 V,488 µbar/min,3.411 V,6.49E-008 mbar,53 %,809 µbar,µ-Volume,,Pre,5.737140084981954,6.234648025654158,6.318705395785297,8.168250662637266,8.43552615790488,5.917643800048,-0.8175652717701265,-6.117140485353056,-0.8348483521371853,0.0178933783696505,0.0046200504288696,-6.107243739292989,0.0130913960860233,0.0033801839346515,-0.6672736249141813,0.01919055216720132,-6.11191790105238,0.013078788816026808,de1d202e39cb__Natan Pereira BTS coral series 5.xlsx,2026-02-12 04:54:04.514,739659.0,488.0,1060.0,49.0,809.0,4.587915517536017,,SHP2L,,SHP2L,,,OK,16.0,15.0,15.0,0.0,0.0,4.354900175456456,-0.0990926274369945,6.037961550266548,6.038578733651757,-0.0006171833852093,7.910565127860138,8.061215723858332,-0.1506505959981945,-0.1184420136604628,-0.0175227647972316,-0.0176776454085631,5.60553315482804,15.0,True,-0.8321887716391974,-6.103407389849697,0.0229078924744641,0.0176292269790737,5.555986841109542,5.655079468546536,,0.2330153420795611
22.0,GIRMS\IRMS-operator,2026-02-12 05:30:47.376,2026-02-12 06:44:22.902,Success,False,BTS,354,22.0,2.0,12.0,True,Unknown,,"0.002 V, 0.002 V, 0.002 V",37 µbar,72 °C,,7.886 V,9.5225 kV,626 µbar,Carbon Dioxide: 0.0225 kV,731 µbar,7.225 V,8.766 V,166 µbar/min,5.776 V,7.83E-008 mbar,43 %,892 µbar,µ-Volume,,Pre,7.091946147336714,7.694378811922973,7.79900768101131,10.119251621572923,10.41149291620365,7.304280250014112,-2.3957613079305107,-3.8881537104359376,-2.4198157752550222,0.0158443735079936,0.0040909996485032,-3.9220207680958015,0.0205310489062027,0.0053010940329262,-2.4440666359005845,0.017090302842363427,-3.920772548904031,0.020564739754551278,de1d202e39cb__Natan Pereira BTS coral series 5.xlsx,2026-02-12 05:30:47.376,739659.0,166.0,731.0,626.0,892.0,5.636778118679813,,BTS,354,BTS,354,,OK,16.0,15.0,15.0,0.0,0.0,5.311533031861907,-0.1043159068171633,7.44579787795246,7.439040330051532,0.0067575479009276,9.792002448551742,9.930925974361983,-0.1389235258102434,-0.1250088323122946,-0.0149728101874802,-0.0150857482097203,6.914864636939143,15.0,True,-2.418844541872933,-3.9276605211504103,0.0177554523919339,0.0221209521891636,6.862706683530561,6.9670225903477245,,0.3252450868179064
23.0,GIRMS\IRMS-operator,2026-02-12 06:15:46.235,2026-02-12 07:17:17.088,Success,False,BTS,343,23.0,1.0,13.0,True,Unknown,,"0.002 V, 0.002 V, 0.002 V",37 µbar,72 °C,,0.001 V,9.5226 kV,76 µbar,Carbon Dioxide: 0.0226 kV,929 µbar,3.131 V,0.002 V,322 µbar/min,7.087 V,4.40E-008 mbar,100 %,79 µbar,µ-Volume,0.006 V,Pre,0.0023432878439027,0.0025475909490351,3.4219115952307515,0.0034007797175964,4.567536603685249,3.2041307984456484,-0.5131403364133647,13.116341751042482,-6.6933085697424834,3.5299646444559865,0.911432952045268,12.923236654179131,3.2807262025906136,0.8470798630733164,-7.6249424114184015,3.7613854375829368,12.950454452101361,3.286015299551584,de1d202e39cb__Natan Pereira BTS coral series 5.xlsx,2026-02-12 06:15:46.235,739659.0,322.0,929.0,76.0,79.0,0.0015735160901640343,,BTS,343,BTS,343,,Failed Sample,16.0,15.0,15.0,0.0,0.0,2.407440551960966,-3.061379564700057,3.2713614880764625,0.0021721830245718,3.2691893050518908,4.366614961243298,0.0029095369316317,4.363705424311666,-0.0024351826734638,-0.9993461585877836,-1.9973863432681431,1.532692748710296,15.0,True,,,,,0.0020029663602675,3.063382531060325,,-2.405867035870802
24.0,GIRMS\IRMS-operator,2026-02-12 06:44:23.029,2026-02-12 07:53:33.648,Success,False,BTS,956,24.0,2.0,13.0,True,Unknown,,"0.001 V, 0.001 V, 0.001 V",37 µbar,72 °C,,11.653 V,9.5227 kV,648 µbar,Carbon Dioxide: 0.0227 kV,"1,205 µbar",10.765 V,13.263 V,879 µbar/min,3.112 V,9.91E-008 mbar,28 %,924 µbar,µ-Volume,,Pre,10.570204513222976,11.476493267957888,11.580902226183484,15.089988708496094,15.465363860130312,10.850659268052386,-1.2719115226299538,-3.3065814049858533,-1.3620403094684337,0.030619221369503,0.0079058489625282,-3.3451841265715947,0.0217347101283985,0.0054336775320996,-1.333556354013532,0.03291648467153167,-3.3457100187157254,0.021745743158914754,de1d202e39cb__Natan Pereira BTS coral series 5.xlsx,2026-02-12 06:44:23.029,739659.0,879.0,1205.0,648.0,924.0,8.247952369700762,,BTS,956,BTS,956,,OK,16.0,15.0,15.0,0.0,0.0,7.684536221973711,-0.0995098595525192,11.07015389087828,10.988566167566844,0.0815877233114363,14.55514132976532,14.674067497253418,-0.1189261674880981,-0.119891924067072,-0.0096655781595669,-0.0097125167042323,10.24552776410225,15.0,True,-1.362040309468434,-3.347757641343977,0.030619221369503,0.0198142257290804,10.195772834325991,10.29528269387851,,0.5634161477270512
25.0,GIRMS\IRMS-operator,2026-02-12 07:17:17.239,2026-02-12 08:31:32.249,Success,False,BTS,854,25.0,1.0,14.0,True,Unknown,,"0.001 V, 0.001 V, 0.001 V",37 µbar,72 °C,,3.375 V,9.5227 kV,618 µbar,Carbon Dioxide: 0.0227 kV,902 µbar,3.423 V,3.636 V,415 µbar/min,3.423 V,4.74E-008 mbar,90 %,819 µbar,µ-Volume,,Pre,3.37974094875942,3.6675765851278,3.7433042863149337,4.822999420873347,4.996573224177572,3.504958868714668,-2.413062249061681,-3.873169813422672,-2.379337013865294,0.0250367507608012,0.0064644612493152,-3.850729030478076,0.03637382331191,0.0090934558279775,-2.403384013045103,0.02660754172823277,-3.8494781857947933,0.036415684989256056,de1d202e39cb__Natan Pereira BTS coral series 5.xlsx,2026-02-12 07:17:17.239,739659.0,415.0,902.0,618.0,819.0,2.7509575076828314,,BTS,854,BTS,854,,OK,16.0,15.0,15.0,0.0,0.0,2.6416662698301243,-0.0806078309947326,3.5640990447676137,3.5935029128331832,-0.0294038680655694,4.6866588736679295,4.796733751406881,-0.1100748777389517,-0.0957169174912484,-0.0239557069961124,-0.024246123511428,3.324565716937771,15.0,True,-2.382649726261114,-3.8492329782817696,0.0321069172559068,0.0371374512675672,3.284261801440405,3.3648696324351377,,0.10929123785270711
26.0,GIRMS\IRMS-operator,2026-02-12 07:53:33.797,2026-02-12 09:04:03.353,Success,False,SHP2L,,26.0,2.0,14.0,True,QC Standard,SHP2L,"0.001 V, 0.001 V, 0.001 V",35 µbar,72 °C,,5.994 V,9.5229 kV,40 µbar,Carbon Dioxide: 0.0229 kV,772 µbar,5.486 V,6.607 V,171 µbar/min,3.401 V,6.27E-008 mbar,56 %,802 µbar,µ-Volume,,Pre,5.473618042734084,5.948763783497068,5.945879109544377,7.793905004599725,7.937336592180519,5.567838084962782,-0.8007717190512409,-6.066853662815119,-0.8331806322489014,0.0198280310161336,0.0051195755942379,-6.076829532013599,0.0352451770685016,0.0088112942671254,-0.6664767916487587,0.020872222038857368,-6.08146944930913,0.03526458459162711,de1d202e39cb__Natan Pereira BTS coral series 5.xlsx,2026-02-12 07:53:33.797,739659.0,171.0,772.0,40.0,802.0,4.390682336040163,,SHP2L,,SHP2L,,,OK,16.0,15.0,15.0,0.0,0.0,4.109045202196549,-0.0197980872708978,5.765157826585392,5.685585625810246,0.0795722007751456,7.553244261247902,7.590310633370906,-0.0370663721230046,-0.023996467045619,-0.0037183542259477,-0.0037252801816008,5.314523017270106,15.0,True,-0.831885543436147,-6.077494589960165,0.0225444126433374,0.0363781577927321,5.304623973634657,5.324422060905555,,0.28163713384361344
27.0,GIRMS\IRMS-operator,2026-02-12 08:31:32.369,2026-02-12 09:37:30.555,Success,False,BTS,991,27.0,1.0,15.0,True,Unknown,,"0.002 V, 0.002 V, 0.002 V",37 µbar,72 °C,,29.982 V,9.5228 kV,49 µbar,Carbon Dioxide: 0.0228 kV,"1,021 µbar",24.324 V,36.638 V,513 µbar/min,5.408 V,1.78E-007 mbar,10 %,953 µbar,µ-Volume,26.689 V,Pre,29.03205491150269,31.447675860319737,26.506376302633885,41.4064694708072,35.43509734327424,24.874347816356515,-2.0916291121712005,-3.791061339705748,-2.172275114016779,0.0277125844447402,0.0071553585356563,-3.7852644927038392,0.0198300476761308,0.0049575119190327,-2.1843413955420146,0.02960563435390907,-3.784433530124566,0.019850477903993476,de1d202e39cb__Natan Pereira BTS coral series 5.xlsx,2026-02-12 08:31:32.369,739659.0,513.0,1021.0,49.0,953.0,21.04405089760671,,BTS,991,BTS,991,,OK,16.0,15.0,15.0,0.0,0.0,16.278869095393517,4.386320710182186,29.9315721158129,24.77191094199241,5.159661173820496,39.40822375471224,33.114062673398145,6.294161081314094,6.343388739297886,0.188718446915328,0.172446526579331,25.43583102072129,15.0,True,-2.172275114016778,-3.784878036237045,0.0277125844447401,0.0204635882176644,27.62899137581239,23.242670665630204,,4.765181802213192
28.0,GIRMS\IRMS-operator,2026-02-12 09:04:03.488,2026-02-12 10:14:00.683,Success,False,BTS,585,28.0,2.0,15.0,True,Unknown,,"0.002 V, 0.002 V, 0.003 V",37 µbar,72 °C,,4.903 V,9.5223 kV,37 µbar,Carbon Dioxide: 0.0223 kV,545 µbar,4.556 V,5.355 V,161 µbar/min,22.941 V,6.34E-008 mbar,63 %,758 µbar,µ-Volume,,Pre,4.45605240794974,4.836871692035956,4.95200776287294,6.357952438876195,6.610728953297796,4.636912530059498,-2.106354593759629,-4.093442463211194,-2.077728969957031,0.0135744955004777,0.0035049196671011,-4.127202380057176,0.0257606969365072,0.0064401742341268,-2.0704620560992506,0.0151598548853402,-4.126946764670284,0.02580317254106093,de1d202e39cb__Natan Pereira BTS coral series 5.xlsx,2026-02-12 09:04:03.488,739659.0,161.0,545.0,37.0,758.0,3.5952900277822843,,BTS,585,BTS,585,,OK,16.0,15.0,15.0,0.0,0.0,3.4536258449594675,-0.1191392705391303,4.690919813873401,4.742294021938605,-0.0513742080652042,6.165706198650308,6.330728017375035,-0.1650218187247274,-0.141054191440933,-0.0268290937719208,-0.0271938874501322,4.381104788993714,15.0,True,-2.072745284216289,-4.129453041180243,0.0158468102839743,0.0249835495619586,4.321535153724148,4.440674424263278,,0.1416641828228169
29.0,GIRMS\IRMS-operator,2026-02-12 09:37:30.694,2026-02-12 10:55:05.395,Success,False,BTS,874,29.0,1.0,16.0,True,Unknown,,"0.001 V, 0.001 V, 0.001 V",35 µbar,72 °C,,9.201 V,9.5228 kV,42 µbar,Carbon Dioxide: 0.0228 kV,936 µbar,8.342 V,10.326 V,342 µbar/min,3.424 V,8.68E-008 mbar,37 %,846 µbar,µ-Volume,,Pre,8.167385017401603,8.865123284793961,8.982291115261184,11.660133134560642,11.993814837174472,8.413335082431527,-1.857376334569505,-3.465685090490722,-1.9275699762504244,0.0210727772092845,0.0054409676793265,-3.4925092310581425,0.0234355399633617,0.0058588849908404,-1.9332615894607517,0.02281086904236093,-3.491914560692991,0.023461354000285643,de1d202e39cb__Natan Pereira BTS coral series 5.xlsx,2026-02-12 09:37:30.694,739659.0,342.0,936.0,42.0,846.0,6.439647811805656,,BTS,874,BTS,874,,OK,16.0,15.0,15.0,0.0,0.0,6.063482017737394,-0.1167288009961389,8.56714476440059,8.551587952114211,0.0155568122863787,11.26823259516245,11.418555509285984,-0.1503229141235333,-0.1399407585479,-0.0145734552616648,-0.0146804275386431,7.951321627989044,15.0,True,-1.9275699762504244,-3.4942975070959705,0.0210727772092846,0.0231005017193847,7.8929572274909745,8.009686028487113,,0.3761657940682621
30.0,GIRMS\IRMS-operator,2026-02-12 10:14:00.876,2026-02-12 11:28:22.057,Success,False,BTS,573,30.0,2.0,16.0,True,Unknown,,"0.002 V, 0.002 V, 0.002 V",35 µbar,72 °C,,9.027 V,9.5227 kV,37 µbar,Carbon Dioxide: 0.0227 kV,838 µbar,8.322 V,10.162 V,195 µbar/min,8.185 V,8.55E-008 mbar,37 %,836 µbar,µ-Volume,,Pre,8.167184616891266,8.859405304122356,8.924800526947173,11.653432885270083,11.917481461625066,8.359565058218854,-2.4740357347124986,-4.047747951322678,-2.503398220041169,0.0263511117620599,0.0065877779405149,-4.025732484166127,0.0252096653095665,0.0063024163273916,-2.529731060631611,0.028253744622881202,-4.024401483460921,0.02523947294643159,de1d202e39cb__Natan Pereira BTS coral series 5.xlsx,2026-02-12 10:14:00.876,739659.0,195.0,838.0,37.0,836.0,6.4454160510558545,,BTS,573,BTS,573,,OK,16.0,15.0,15.0,0.0,0.0,6.026935339308295,-0.0659823417663583,8.56189764723221,8.497062694877776,0.0648349523544329,11.261934677224126,11.346170941452948,-0.0842362642288208,-0.0796075112323991,-0.0082907145153445,-0.0083252255494979,7.925592090455414,15.0,True,-2.5053557190630817,-4.024264786355691,0.0260440338458053,0.0253770362001369,7.892600919572235,7.958583261338593,,0.4184807117475593
31.0,GIRMS\IRMS-operator,2026-02-12 10:55:05.534,2026-02-12 12:03:14.268,Success,False,SHP2L,,31.0,1.0,17.0,True,QC Standard,SHP2L,"0.002 V, 0.002 V, 0.002 V",35 µbar,72 °C,,3.424 V,9.5225 kV,40 µbar,Carbon Dioxide: 0.0225 kV,909 µbar,3.129 V,3.702 V,435 µbar/min,8.160 V,5.23E-008 mbar,97 %,694 µbar,µ-Volume,,Pre,3.0674528796787577,3.333955864871379,3.424837873648981,4.3677032230629065,4.572027555635208,3.206759146182454,-0.8551559524416774,-6.1792617919894655,-0.8597563417844197,0.0135715391383838,0.0035041563376908,-6.143289111718092,0.0189209814510189,0.0050568450008012,-0.6925155084448907,0.014566041887694536,-6.147929283330688,0.01893470977478579,de1d202e39cb__Natan Pereira BTS coral series 5.xlsx,2026-02-12 10:55:05.534,739659.0,435.0,909.0,40.0,694.0,2.4984535379376496,,SHP2L,,SHP2L,,,OK,16.0,15.0,15.0,0.0,0.0,2.42146143336021,-0.0989218857347333,3.238532577612064,3.2879298798607297,-0.049397302248666,4.242727422502528,4.389120815428365,-0.1463933929258365,-0.1164797820779798,-0.0321318011285634,-0.0326564565116616,3.0291677757324456,15.0,True,-0.8627391513234737,-6.141032322171188,0.0169776175437284,0.0314596437130497,2.979706832865079,3.078628718599812,,0.07699210457743977
32.0,GIRMS\IRMS-operator,2026-02-12 11:28:22.284,2026-02-12 12:38:30.473,Success,False,BTS,908,32.0,2.0,17.0,True,Unknown,,"0.001 V, 0.001 V, 0.002 V",35 µbar,72 °C,,27.749 V,9.5227 kV,37 µbar,Carbon Dioxide: 0.0227 kV,677 µbar,23.581 V,33.595 V,171 µbar/min,3.102 V,1.77E-007 mbar,10 %,933 µbar,µ-Volume,24.571 V,Pre,26.62931908649735,28.84118880506858,25.71273471590384,37.97499541047871,34.37426391843616,24.12641574425033,-2.36156424581635,-4.027730652091499,-2.4637470427835075,0.0224823855491402,0.0058049269876556,-4.039206006440566,0.0139458849128155,0.0034864712282038,-2.4867758764894736,0.024008317721873347,-4.037993297915383,0.013943459905220338,de1d202e39cb__Natan Pereira BTS coral series 5.xlsx,2026-02-12 11:28:22.284,739659.0,171.0,677.0,37.0,933.0,19.440332099621813,,BTS,908,BTS,908,,OK,16.0,15.0,15.0,0.0,0.0,15.831305095140735,2.8284192085266118,27.498176948989475,24.045235173667518,3.4529417753219604,36.20388809446155,32.14114609960376,4.062741994857788,3.872464552867073,0.1253865770431496,0.1179894315673981,23.97180129570297,15.0,True,-2.4637470427835075,-4.039971030063837,0.0224823855491402,0.0140835590961928,25.38601089996628,22.55759169143967,,3.609027004481078
33.0,GIRMS\IRMS-operator,2026-02-12 12:03:14.398,2026-02-12 13:08:18.887,Error,False,BTS,827,33.0,1.0,18.0,True,Unknown,,"0.002 V, 0.001 V, 0.002 V",35 µbar,72 °C,,0.010 V,,726 µbar,Carbon Dioxide: 0.0227 kV,633 µbar,,0.009 V,186 µbar/min,3.408 V,,90 %,736 µbar,µ-Volume,,Pre,,,,,,,,,,,,,,,,,,,de1d202e39cb__Natan Pereira BTS coral series 5.xlsx,2026-02-12 12:03:14.398,739659.0,186.0,633.0,726.0,736.0,,,BTS,827,BTS,827,,Failed Sample,0.0,0.0,0.0,0.0,0.0,,,,,,,,,,,,,0.0,True,,,,,,,,
34.0,GIRMS\IRMS-operator,2026-02-12 12:38:30.633,2026-02-12 13:17:45.189,Error,False,BTS,980,34.0,2.0,18.0,True,Unknown,,"0.002 V, 0.001 V, 0.002 V",32 µbar,72 °C,,,,,,,,,176 µbar/min,,,,,,,Pre,,,,,,,,,,,,,,,,,,,de1d202e39cb__Natan Pereira BTS coral series 5.xlsx,2026-02-12 12:38:30.633,739659.0,176.0,,,,,,BTS,980,BTS,980,,Failed Sample,0.0,0.0,0.0,0.0,0.0,,,,,,,,,,,,,0.0,True,,,,,,,,
35.0,GIRMS\IRMS-operator,2026-02-12 15:35:59.594,2026-02-12 15:50:36.136,Error,False,BTS,926,35.0,1.0,19.0,True,Unknown,,"0.002 V, 0.001 V, 0.002 V",23 µbar,72 °C,,,,,,,,,,,,,,,,Pre,,,,,,,,,,,,,,,,,,,de1d202e39cb__Natan Pereira BTS coral series 5.xlsx,2026-02-12 15:35:59.594,739659.0,,,,,,,BTS,926,BTS,926,,Failed Sample,0.0,0.0,0.0,0.0,0.0,,,,,,,,,,,,,0.0,True,,,,,,,,
36.0,GIRMS\IRMS-operator,2026-02-12 18:28:52.338,2026-02-12 19:29:40.048,Success,False,SHP2L,,36.0,2.0,19.0,True,QC Standard,SHP2L,"0.001 V, 0.001 V, 0.001 V",,72 °C,,8.686 V,9.5220 kV,35 µbar,Carbon Dioxide: 0.0220 kV,824 µbar,7.880 V,9.722 V,342 µbar/min,3.404 V,8.22E-008 mbar,39 %,833 µbar,µ-Volume,,Pre,7.717788500191088,8.385668032929042,8.490878705621155,10.988310456780937,11.336997628716974,7.953181919081643,-0.8244974717730447,-6.100574177267171,-0.8498543810851132,0.0189015605512229,0.0048803619488145,-6.115121597231029,0.0150628581465679,0.0038892132498628,-0.6828914134015133,0.019889780179266178,-6.11977032123677,0.015064457071836379,de1d202e39cb__Natan Pereira BTS coral series 5.xlsx,2026-02-12 18:28:52.338,739659.0,342.0,824.0,35.0,833.0,6.089237562956601,,SHP2L,,SHP2L,,,OK,16.0,15.0,15.0,0.0,0.0,5.751347569557149,-0.1183897256851196,8.104089264512451,8.088956394203416,0.0151328703090349,10.61842322976758,10.800123692063837,-0.1817004622962539,-0.1417803656214944,-0.015625997373436,-0.0157490446385137,7.517263961243798,15.0,True,-0.8471011582093847,-6.118559999545241,0.0249112885538669,0.017234946771735,7.458069098401238,7.576458824086358,,0.33788999339945214
37.0,GIRMS\IRMS-operator,2026-02-12 19:00:29.283,2026-02-12 19:59:35.776,Success,False,BTS,368,37.0,1.0,20.0,True,Unknown,,"0.002 V, 0.001 V, 0.002 V",25 µbar,72 °C,,14.146 V,9.5219 kV,35 µbar,Carbon Dioxide: 0.0219 kV,709 µbar,12.969 V,16.296 V,274 µbar/min,7.738 V,1.13E-007 mbar,23 %,882 µbar,µ-Volume,,Pre,12.65719772112842,13.712720039334725,13.929099801030585,18.05857302325065,18.60492409842308,13.054075248365356,-3.195769984266628,-3.861100517649652,-3.2792709386343923,0.0419133046986205,0.0104783261746551,-3.880437707847947,0.0243310177455838,0.0060827544363959,-3.3653165976453505,0.04451980157769843,-3.8772007728436195,0.024322037143320215,de1d202e39cb__Natan Pereira BTS coral series 5.xlsx,2026-02-12 19:00:29.283,739659.0,274.0,709.0,35.0,882.0,9.774758780656617,,BTS,368,BTS,368,,OK,16.0,15.0,15.0,0.0,0.0,9.107088024288776,-0.163927674293518,13.205469611134957,13.180957200971074,0.0245124101638811,17.389868513515545,17.605085984638286,-0.2152174711227417,-0.1967849999059748,-0.0132712750850978,-0.0133599267163827,12.270102806215242,15.0,True,-3.2848376689255767,-3.881726853861167,0.0367556020890898,0.0246128900340896,12.188138969068484,12.352066643362,,0.6676707563678406
38.0,GIRMS\IRMS-operator,2026-02-12 19:29:40.282,2026-02-12 20:33:01.267,Success,False,BTS,359,38.0,2.0,20.0,True,Unknown,,"0.002 V, 0.002 V, 0.002 V",32 µbar,72 °C,,11.396 V,9.5220 kV,35 µbar,Carbon Dioxide: 0.0220 kV,665 µbar,11.180 V,12.903 V,171 µbar/min,12.575 V,1.03E-007 mbar,26 %,877 µbar,µ-Volume,,Pre,11.01154088973999,11.928321845338788,12.032734281824078,15.712565448688574,16.06958236973197,11.27435266971588,-3.522169871496783,-3.7988733823943743,-3.6016675317034266,0.0302604433601579,0.0078132128788496,-3.8210491639649113,0.02265261859486,0.005663154648715,-3.712434160307554,0.03219200219322605,-3.8170324424468824,0.022650377039769194,de1d202e39cb__Natan Pereira BTS coral series 5.xlsx,2026-02-12 19:29:40.282,739659.0,171.0,665.0,35.0,877.0,8.57502071671911,,BTS,359,BTS,359,,OK,16.0,15.0,15.0,0.0,0.0,7.959309470390725,-0.0722557306289672,11.50506926278874,11.412428743646588,0.0926405191421508,15.154963996814798,15.24091389458091,-0.0859498977661115,-0.0873111222125504,-0.0067574158772098,-0.0067803246138088,10.656677186489103,15.0,True,-3.601667531703427,-3.822527549402947,0.0302604433601579,0.0226346247045916,10.620549321174622,10.692805051803589,,0.6157112463283845
39.0,GIRMS\IRMS-operator,2026-02-12 19:59:35.902,2026-02-12 21:12:20.935,Success,False,BTS,853,39.0,1.0,21.0,True,Unknown,,"0.002 V, 0.002 V, 0.002 V",30 µbar,72 °C,,0.006 V,9.5221 kV,37 µbar,Carbon Dioxide: 0.0221 kV,926 µbar,2.979 V,0.007 V,293 µbar/min,10.856 V,4.42E-008 mbar,100 %,40 µbar,µ-Volume,0.012 V,Pre,0.0072779526392707,0.0078162914607569,3.2707688412306952,0.0103470235734029,4.366248846054077,3.062693680087828,-12.627792653016945,-7.594317487576996,-13.60610398152235,1.0094852113312522,0.252371302832813,-11.242193992596224,1.9560062313993536,0.4890015578498384,-14.142128628294858,1.0508602248442256,-11.22365223223818,1.9571459919219216,de1d202e39cb__Natan Pereira BTS coral series 5.xlsx,2026-02-12 19:59:35.902,739659.0,293.0,926.0,37.0,40.0,0.005970880112537344,,BTS,853,BTS,853,,Failed Sample,16.0,15.0,15.0,0.0,0.0,2.3045888998665314,-2.921577636011908,3.127092119041217,0.007357275523102,3.119734843518115,4.174372575067725,0.0097285062071819,4.164644068860543,-0.0083084562604559,-0.9976624497038624,-1.990671604409325,1.4676341539913624,15.0,True,,,,,0.0068453359854083,2.9284229719973163,,-2.298618019753994
40.0,GIRMS\IRMS-operator,2026-02-12 20:33:01.448,2026-02-12 21:53:23.868,Success,False,BTS,625,40.0,2.0,21.0,True,Unknown,,"0.001 V, 0.001 V, 0.001 V",37 µbar,72 °C,,9.576 V,9.5223 kV,42 µbar,Carbon Dioxide: 0.0223 kV,929 µbar,8.693 V,10.770 V,327 µbar/min,3.421 V,8.68E-008 mbar,36 %,868 µbar,µ-Volume,,Pre,8.509975793216404,9.23729181782844,9.349100737606316,12.145452369787828,12.483124743096043,8.757582081264298,-1.7394324941873984,-3.65457600278396,-1.7622875688051571,0.0289105666457633,0.0072276416614408,-3.61253837230493,0.0141887008217963,0.0036635067991424,-1.7519291727787767,0.030861982400977178,-3.612432023781461,0.014182566217950405,de1d202e39cb__Natan Pereira BTS coral series 5.xlsx,2026-02-12 20:33:01.448,739659.0,327.0,929.0,42.0,868.0,6.692162390513117,,BTS,625,BTS,625,,OK,16.0,15.0,15.0,0.0,0.0,6.293743468521432,-0.113829970359804,8.922460084124827,8.89656186596992,0.0258982181549072,11.731793294541053,11.878763447395972,-0.1469701528549194,-0.1365920927645181,-0.0136592092764518,-0.0137531377699556,8.27665455431346,15.0,True,-1.7638112404463409,-3.61253837230493,0.0292527592005698,0.0141887008217962,8.219739569133559,8.333569539493363,,0.39841892199168427
41.0,GIRMS\IRMS-operator,2026-02-12 21:12:21.206,2026-02-12 22:26:09.553,Success,False,SHP2L,,41.0,1.0,22.0,True,QC Standard,SHP2L,"0.002 V, 0.002 V, 0.002 V",32 µbar,73 °C,,0.005 V,9.5223 kV,37 µbar,Carbon Dioxide: 0.0223 kV,614 µbar,3.173 V,0.006 V,278 µbar/min,8.501 V,4.51E-008 mbar,100 %,37 µbar,µ-Volume,0.010 V,Pre,0.0061069672451529,0.0065920483025122,3.4845980614843164,0.0087146030343508,4.651152284562218,3.2628178564627186,-7.672274772100973,-3.837218707253398,-8.087162420937936,1.5381423768615987,0.3971466539787243,-4.041056138977836,1.4571184062015108,0.376226354711383,-8.4880691797792,1.6413692803972544,-4.02796503763975,1.4592418105816591,de1d202e39cb__Natan Pereira BTS coral series 5.xlsx,2026-02-12 21:12:21.206,739659.0,278.0,614.0,37.0,37.0,0.004956971513288756,,SHP2L,,SHP2L,,,Failed Sample,16.0,15.0,15.0,0.0,0.0,2.44943922107225,-3.113051611579046,3.330683967513064,0.0061699728989111,3.324513994614153,4.44555624527301,0.0081373614209858,4.437418883852024,-0.0069327600603466,-0.9981694655501572,-1.992691241135516,1.562234804527521,15.0,True,,,,,0.005708998737998,3.118760610317044,,-2.4444822495589613
42.0,GIRMS\IRMS-operator,2026-02-12 21:53:24.180,2026-02-12 23:01:41.491,Success,False,BTS,894,42.0,2.0,22.0,True,Unknown,,"0.001 V, 0.001 V, 0.001 V",37 µbar,72 °C,,25.209 V,9.5224 kV,40 µbar,Carbon Dioxide: 0.0224 kV,667 µbar,23.675 V,30.296 V,156 µbar/min,3.153 V,1.74E-007 mbar,10 %,955 µbar,µ-Volume,,Pre,23.40029992775396,25.35746991634369,25.730237364768985,33.38867951802795,34.39169157914703,24.142884394688163,-1.815050591717604,-3.301967028782049,-2.0592552085133624,0.0824380091406404,0.0212854024330796,-3.376838889981673,0.0264728048674371,0.0068352488252655,-2.0785176453988217,0.08740428107710987,-3.3758130891057054,0.026348069623286594,de1d202e39cb__Natan Pereira BTS coral series 5.xlsx,2026-02-12 21:53:24.180,739659.0,156.0,667.0,40.0,955.0,17.308600084810653,,BTS,894,BTS,894,,OK,16.0,15.0,15.0,0.0,0.0,15.845221785824066,-0.2076029777526855,24.23280477523804,24.05570447444916,0.1771003007888794,31.90661002568785,32.1503930228192,-0.2437829971313476,-0.2502430157759593,-0.009198981180626,-0.0092414873145699,22.46423878387884,15.0,True,-2.059255208513363,-3.376838889981674,0.0824380091406402,0.026472804867437,22.360437295002495,22.568040272755184,,1.4633782989865871
43.0,GIRMS\IRMS-operator,2026-02-12 22:26:09.791,2026-02-12 23:39:51.283,Success,False,BTS,887,43.0,1.0,23.0,True,Unknown,,"0.002 V, 0.002 V, 0.003 V",35 µbar,72 °C,,0.020 V,9.5221 kV,42 µbar,Carbon Dioxide: 0.0221 kV,897 µbar,2.978 V,0.020 V,420 µbar/min,22.276 V,4.47E-008 mbar,100 %,57 µbar,µ-Volume,0.026 V,Pre,0.01951723802922,0.0211320196658626,3.2563250322256767,0.0280220924225136,4.346741816249915,3.0491625129630147,-4.579159963178703,2.262296052799151,-3.359615341104676,0.8376746761545041,0.209418669038626,3.073393255815016,0.6445350712807242,0.161133767820181,-3.7084117290826084,0.8862178316908546,3.0842987419548997,0.6444055882833102,de1d202e39cb__Natan Pereira BTS coral series 5.xlsx,2026-02-12 22:26:09.791,739659.0,420.0,897.0,42.0,57.0,0.01678611169840904,,BTS,887,BTS,887,,Failed Sample,16.0,15.0,15.0,0.0,0.0,2.2959423575947913,-2.897138400252603,3.113833367704253,0.0203556723239275,3.0934776953803254,4.156478319978159,0.0270027603221709,4.129475559655988,-0.0227279012016467,-0.9935516567377574,-1.974371885828372,1.4673721911498314,15.0,True,,,,,0.0188029910235299,2.915941391276133,,-2.2791562458963823
44.0,GIRMS\IRMS-operator,2026-02-12 23:01:41.677,2026-02-13 00:23:17.764,Success,False,BTS,937,44.0,2.0,23.0,True,Unknown,,"0.001 V, 0.001 V, 0.001 V",42 µbar,72 °C,,9.933 V,9.5226 kV,699 µbar,Carbon Dioxide: 0.0226 kV,853 µbar,9.062 V,11.195 V,264 µbar/min,3.411 V,9.03E-008 mbar,34 %,929 µbar,µ-Volume,,Pre,8.87008011341095,9.624431142257356,9.711364433756216,12.659587640296348,12.967432785921927,9.097427129745483,-2.1081978847452554,-3.6398646413206,-2.1482131467454035,0.0359728349515081,0.008993208737877,-3.6500738368297,0.0137084419178822,0.0035395044833606,-2.163500579637323,0.038605208345741666,-3.649142372298564,0.013747005521186689,de1d202e39cb__Natan Pereira BTS coral series 5.xlsx,2026-02-12 23:01:41.677,739659.0,264.0,853.0,699.0,929.0,6.980771848552882,,BTS,937,BTS,937,,OK,16.0,15.0,15.0,0.0,0.0,6.523375264775898,-0.0821501016616821,9.300718625198524,9.238187799417153,0.0625308257813728,12.233056802283654,12.334816832076438,-0.1017600297927838,-0.0989936735992864,-0.0094933548238227,-0.0095386316311267,8.612357079982758,15.0,True,-2.150880830878747,-3.653239408436307,0.035559511028553,0.0164006495729454,8.571282029151917,8.653432130813599,,0.4573965837769842
45.0,GIRMS\IRMS-operator,2026-02-12 23:39:51.553,2026-02-13 00:52:50.001,Success,False,BTS,396,45.0,1.0,24.0,True,Unknown,,"0.002 V, 0.002 V, 0.002 V",40 µbar,72 °C,,13.277 V,9.5224 kV,47 µbar,Carbon Dioxide: 0.0224 kV,892 µbar,12.152 V,15.190 V,444 µbar/min,8.876 V,1.09E-007 mbar,24 %,914 µbar,µ-Volume,,Pre,11.88460731957536,12.88583937826616,13.07317464305162,16.961577427179623,17.46061731556158,12.251053587084453,-2.4794408983662697,-3.5542591053410177,-2.589106114991117,0.0311346182115925,0.0080389238549349,-3.5980218616696384,0.0282176421634611,0.0070544105408652,-2.637173404898226,0.03275875252006133,-3.59605372112172,0.02818694664021774,de1d202e39cb__Natan Pereira BTS coral series 5.xlsx,2026-02-12 23:39:51.553,739659.0,444.0,892.0,47.0,914.0,9.228566481936436,,BTS,396,BTS,396,,OK,16.0,15.0,15.0,0.0,0.0,8.594462891861047,-0.1489520072937011,12.4229028697133,12.385888385307783,0.0370144844055175,16.351911318094544,16.54202033260565,-0.1901090145111048,-0.1788869155893758,-0.0128338078916061,-0.0129166930703358,11.53174473393504,15.0,True,-2.5891061149911168,-3.600939378758213,0.0311346182115927,0.0265930610015726,11.457268730288188,11.60622073758189,,0.6341035900753891
46.0,GIRMS\IRMS-operator,2026-02-13 00:23:18.067,2026-02-13 01:26:25.136,Success,False,SHP2L,,46.0,2.0,24.0,True,QC Standard,SHP2L,"0.002 V, 0.002 V, 0.002 V",42 µbar,72 °C,,0.123 V,9.5224 kV,728 µbar,Carbon Dioxide: 0.0224 kV,792 µbar,3.074 V,0.114 V,342 µbar/min,11.796 V,4.51E-008 mbar,100 %,748 µbar,µ-Volume,0.119 V,Pre,0.1115286939619847,0.1205644903646158,3.3786330352743605,0.1572774114333194,4.510069125717931,3.163643578248349,-6.191074744907765,-15.593829993761798,-5.9921453141627286,0.1882507408778327,0.0470626852194581,-15.265335444205386,0.2964852890791193,0.0765521724665947,-5.847038230783015,0.1920676446109703,-15.268166142230145,0.29653880864868554,de1d202e39cb__Natan Pereira BTS coral series 5.xlsx,2026-02-13 00:23:18.067,739660.0,342.0,792.0,728.0,748.0,0.09850488350475314,,SHP2L,,SHP2L,,,Failed Sample,16.0,15.0,15.0,0.0,0.0,2.3782478303607597,-2.91501989915636,3.229666126819465,0.1180844098241036,3.111581716995362,4.31085016086204,0.1539973189991196,4.1568528418629205,-0.1281011770719355,-0.9638781774925272,-1.8605499016706124,1.5667517955519092,15.0,True,,,,,0.109241845973729,3.0242617451300893,,-2.2797429468560066
1.0,GIRMS\IRMS-operator,2026-02-19 10:04:44.735,2026-02-19 11:03:42.689,Running,False,SHP2L,,,1.0,2.0,True,QC Standard,SHP2L,"0.001 V, 0.001 V, 0.001 V",47 µbar,72 °C,,12.086 V,9.5229 kV,49 µbar,Carbon Dioxide: 0.0229 kV,889 µbar,11.074 V,13.773 V,239 µbar/min,3.377 V,1.02E-007 mbar,27 %,916 µbar,µ-Volume,,Pre,10.819585564628817,11.75050676305316,11.902826432776672,15.398919582366943,15.893802046775818,11.1538633136904,-0.8513845179045632,-6.11557383624628,-0.9047249668750964,0.0330877960634733,0.0082719490158683,-6.122679372721803,0.013351514740901,0.0034473462825435,-0.7414780968997976,0.03558747877746718,-6.127209595787246,0.013368531431963001,375e2e180dc6__Natan Pereira BTS coral series 7.xlsx,2026-02-19 10:04:44.735,739666.0,239.0,889.0,49.0,916.0,8.429457719657853,,SHP2L,,SHP2L,,,OK,16.0,15.0,15.0,0.0,0.0,7.8723038398047835,-0.14152066509196,11.332931522917969,11.28660747247001,0.0463240504479571,14.851436018943788,15.070855617523195,-0.2194195985794085,-0.078563586636477,-0.0133812083793694,-0.0134713397817538,10.505314793086963,15.0,True,-0.9082809968064656,-6.120904346499176,0.0309228879583669,0.0158918385353733,10.434554460540983,10.576075125632943,,0.5571538798530691
2.0,GIRMS\IRMS-operator,2026-02-19 10:35:09.766,2026-02-19 11:32:31.437,Running,False,BTS,1014,,2.0,2.0,True,Unknown,,"0.002 V, 0.002 V, 0.002 V",40 µbar,72 °C,,21.602 V,9.5229 kV,333 µbar,Carbon Dioxide: 0.0229 kV,897 µbar,19.669 V,25.360 V,234 µbar/min,10.794 V,1.57E-007 mbar,12 %,963 µbar,µ-Volume,,Pre,19.219646963788374,20.821892885430746,21.28321793483108,27.422885216791364,28.43871227653716,19.96375134916436,-2.371987230148198,-3.3319316213962225,-2.5610441043090404,0.0771345977271264,0.0199160674942379,-3.402181240071559,0.0270419010352165,0.0069821888239455,-2.6145064530490365,0.08170773838947035,-3.400050604004227,0.026926842429108037,375e2e180dc6__Natan Pereira BTS coral series 7.xlsx,2026-02-19 10:35:09.766,739666.0,234.0,897.0,333.0,963.0,14.551723411093862,,BTS,1014,BTS,1014,,OK,16.0,15.0,15.0,0.0,0.0,13.376600626014485,-0.300332903862003,19.983195928796224,19.98544600413649,-0.0022500753402709,26.31717435272429,26.7029803171942,-0.3858059644699061,-0.1662799986969247,-0.0160227914071521,-0.0161521930168909,18.59393975467812,15.0,True,-2.5610441043090404,-3.4021812400715588,0.0771345977271264,0.0270419010352163,18.44377330274712,18.74410620660912,,1.1751227850793775
3.0,GIRMS\IRMS-operator,2026-02-19 11:03:42.839,2026-02-19 12:03:59.874,Running,False,BTS,1079,,1.0,3.0,True,Unknown,,"0.002 V, 0.002 V, 0.002 V",45 µbar,72 °C,,28.322 V,9.5226 kV,49 µbar,Carbon Dioxide: 0.0226 kV,"1,046 µbar",21.126 V,34.193 V,444 µbar/min,18.772 V,1.65E-007 mbar,10 %,982 µbar,µ-Volume,25.533 V,Pre,27.59756818121705,29.893002656162125,22.987908867061478,39.34766400089939,30.722037436873503,21.56677022284303,-2.3885626571452656,-4.05716220683483,-2.4337478982856893,0.0357608400036771,0.0089402100009192,-4.003279780610645,0.0386426283640116,0.0096606570910029,-2.4560350326232467,0.03750583043774299,-4.00208175562114,0.03864030933907995,375e2e180dc6__Natan Pereira BTS coral series 7.xlsx,2026-02-19 11:03:42.839,739666.0,444.0,1046.0,49.0,982.0,20.109523271084164,,BTS,1079,BTS,1079,,OK,16.0,15.0,15.0,0.0,0.0,14.328256305514824,6.084755063056946,28.49333658522401,21.55443206137452,6.938904523849494,37.50424134960849,28.802842380911898,8.701398968696594,4.454067229980713,0.3009530069663515,0.2615898769381104,23.26066717213426,15.0,True,-2.4367602476950507,-3.999687618862364,0.0348514658588512,0.0371309657611645,26.30304470366273,20.218289640605786,,5.7812669655693405
4.0,GIRMS\IRMS-operator,2026-02-19 11:32:31.592,2026-02-19 12:41:44.709,Running,False,BTS,1022,,2.0,3.0,True,Unknown,,"0.002 V, 0.002 V, 0.002 V",37 µbar,73 °C,,17.382 V,9.5226 kV,49 µbar,Carbon Dioxide: 0.0226 kV,992 µbar,17.216 V,20.004 V,332 µbar/min,20.043 V,1.41E-007 mbar,13 %,921 µbar,µ-Volume,,Pre,16.86292641520422,18.286833324074788,18.65417674982552,24.06538634984639,24.924348885704543,17.492723993062192,-1.6668847163202605,-3.3273695743538667,-1.8313114338074512,0.0587113379856741,0.0151592022834713,-3.3617816813915558,0.0225592138954992,0.0056398034738748,-1.8350844604866725,0.062310991932722555,-3.3612771542509345,0.02246981549145374,375e2e180dc6__Natan Pereira BTS coral series 7.xlsx,2026-02-19 11:32:31.592,739666.0,332.0,992.0,49.0,921.0,12.91425560325306,,BTS,1022,BTS,1022,,OK,16.0,15.0,15.0,0.0,0.0,11.876902723810927,-0.2463608980178833,17.58911625349526,17.559626855492635,0.0294893980026245,23.1457164832845,23.45949023454335,-0.3137737512588501,-0.1365451281075093,-0.0149633879559596,-0.0150761833461111,16.341065398453885,15.0,True,-1.8313114338074512,-3.364075821860735,0.058711337985674,0.0213317882439482,16.217884949444944,16.464245847462827,,1.0373528794421336
5.0,GIRMS\IRMS-operator,2026-02-19 12:03:59.966,2026-02-19 13:20:14.020,Running,False,BTS,1093,,1.0,4.0,True,Unknown,,"0.001 V, 0.001 V, 0.001 V",42 µbar,72 °C,,36.084 V,9.5230 kV,47 µbar,Carbon Dioxide: 0.0230 kV,924 µbar,23.025 V,44.851 V,313 µbar/min,3.368 V,1.76E-007 mbar,10 %,990 µbar,µ-Volume,31.605 V,Pre,34.705299027519416,37.579003342733984,25.01947022353232,48.97692504947234,33.44088498179961,23.47484517868061,-2.6215147705099806,-14.253086399553696,-2.5768012819198014,0.0584098096223605,0.0150813479948365,-3.904172859101969,0.0796037417390602,0.020553597736745,-2.5990060079731365,0.07039232966031367,-3.9025748175562036,0.07954894619482138,375e2e180dc6__Natan Pereira BTS coral series 7.xlsx,2026-02-19 12:03:59.966,739666.0,313.0,924.0,47.0,990.0,24.712622240441036,,BTS,1093,BTS,1093,,OK,16.0,15.0,15.0,0.0,0.0,15.452644325839678,10.977581143379211,35.669836768255834,23.408356675253515,12.26148009300232,46.96753326480438,31.285953555751338,15.681579709053045,9.26439461733926,0.4998862768212757,0.3999272138546277,27.448947616176795,15.0,True,-2.563931867802712,-3.9041728591019695,0.0682858342053467,0.0796037417390602,32.9377381878664,21.96015704448719,,9.259977914601357
6.0,GIRMS\IRMS-operator,2026-02-19 12:41:44.831,2026-02-19 13:54:11.805,Running,False,SHP2L,,,2.0,4.0,True,QC Standard,SHP2L,"0.002 V, 0.002 V, 0.003 V",35 µbar,72 °C,,5.688 V,9.5225 kV,49 µbar,Carbon Dioxide: 0.0225 kV,946 µbar,5.317 V,6.172 V,298 µbar/min,21.866 V,6.89E-008 mbar,55 %,797 µbar,µ-Volume,,Pre,5.196638619164707,5.647276001403806,5.762297845272359,7.399320602416993,7.692642144683144,5.396627103547336,-0.7898035777404999,-6.021749669678278,-0.8234807112433998,0.0198764512027324,0.0051320776326591,-6.0043770642453245,0.0258278442018487,0.0066687206974799,-0.6590049008728652,0.02100585889062384,-6.008961082478333,0.025838054770402852,375e2e180dc6__Natan Pereira BTS coral series 7.xlsx,2026-02-19 12:41:44.831,739666.0,298.0,946.0,49.0,797.0,4.223134227135201,,SHP2L,,SHP2L,,,OK,16.0,15.0,15.0,0.0,0.0,3.9871463647374537,-0.1132040136299012,5.485231892681307,5.510274986696269,-0.0250430940149612,7.186919450759889,7.356233850394789,-0.1693143996349002,-0.0622989826505791,-0.02193645557597,-0.0221797278836737,5.103940599434923,15.0,True,-0.8222531586670189,-5.997869834647347,0.022500295002092,0.0325575395219845,5.0473385926199725,5.160542606249874,,0.2359878623977476
7.0,GIRMS\IRMS-operator,2026-02-19 13:20:14.183,2026-02-19 14:24:47.132,Running,False,BTS,1049,,1.0,5.0,True,Unknown,,"0.002 V, 0.002 V, 0.002 V",45 µbar,72 °C,,34.521 V,9.5228 kV,54 µbar,Carbon Dioxide: 0.0228 kV,"1,087 µbar",21.501 V,42.746 V,493 µbar/min,5.248 V,1.66E-007 mbar,10 %,"1,002 µbar",µ-Volume,30.769 V,Pre,33.60703293337417,36.383772522514725,23.374134928291703,47.90477304451916,31.24050645821545,21.928173341890098,-2.922444050007078,-4.405341554828524,-2.842967584488633,0.0885003223231067,0.0221250805807766,-4.264709037039287,0.086692427239072,0.021673106809768,-2.8842269333854285,0.09169544732119106,-4.2628688826576795,0.08659856475574206,375e2e180dc6__Natan Pereira BTS coral series 7.xlsx,2026-02-19 13:20:14.183,739666.0,493.0,1087.0,54.0,1002.0,24.075964317758796,,BTS,1049,BTS,1049,,OK,16.0,15.0,15.0,0.0,0.0,14.53761804867896,11.376947164535522,34.56977966458168,21.908397108620072,12.661382555961609,45.513419794969295,29.27921562188121,16.234204173088084,9.945403233572376,0.5536192616767962,0.4335957752082982,26.238602438112014,15.0,True,-2.83766915345407,-4.255333535853337,0.0889409903196984,0.0809045507778727,31.92707602037978,20.550128855844257,,9.538346269079836
8.0,GIRMS\IRMS-operator,2026-02-19 13:54:11.916,2026-02-19 15:01:42.862,Running,False,BTS,1082,,2.0,5.0,True,Unknown,,"0.002 V, 0.002 V, 0.003 V",37 µbar,72 °C,,6.011 V,9.5223 kV,49 µbar,Carbon Dioxide: 0.0223 kV,929 µbar,5.604 V,6.578 V,288 µbar/min,20.394 V,6.99E-008 mbar,48 %,809 µbar,µ-Volume,,Pre,5.517359729926068,5.99311723234161,6.065366699627601,7.875409027291345,8.097280406295141,5.680449519442331,-1.243618683671066,-3.5702954043959068,-1.2644273277988856,0.0188203687926091,0.0048593983268837,-3.576044228245008,0.0237472017099452,0.0061315011161097,-1.2209037219522416,0.01992456980866182,-3.577014548808854,0.023752777643271217,375e2e180dc6__Natan Pereira BTS coral series 7.xlsx,2026-02-19 13:54:11.916,739666.0,288.0,929.0,49.0,809.0,4.463755130236937,,BTS,1082,BTS,1082,,OK,16.0,15.0,15.0,0.0,0.0,4.184974134088719,-0.0745206360620152,5.81833548494332,5.799121897055808,0.0192135878875117,7.645976067193994,7.74182024458869,-0.0958441773946967,-0.0413550222927859,-0.0137213134305216,-0.0138161009563264,5.3937530058284615,15.0,True,-1.2695866163713616,-3.5722471829284417,0.0228785430444167,0.0287570572027518,5.356492687797454,5.431013323859469,,0.2787809961482175
9.0,GIRMS\IRMS-operator,2026-02-19 14:24:47.256,2026-02-19 15:39:38.160,Running,False,BTS,1063,,1.0,6.0,True,Unknown,,"0.001 V, 0.001 V, 0.001 V",42 µbar,72 °C,,48.483 V,9.5227 kV,52 µbar,Carbon Dioxide: 0.0227 kV,"1,078 µbar",23.056 V,49.005 V,488 µbar/min,3.373 V,1.73E-007 mbar,10 %,"1,009 µbar",µ-Volume,48.510 V,Pre,48.98094979277587,48.96770313642698,25.0585664834805,48.978265672382136,33.49443927353265,23.512048993024585,-79.13303983805197,-301.5323340605418,-7.279221423538348,13.470008984040447,3.477941364563529,-83.99389148314,111.47998966231684,27.86999741557921,-5.082505892273214,12.380508517682067,-84.05473011585265,111.55986333487162,375e2e180dc6__Natan Pereira BTS coral series 7.xlsx,2026-02-19 14:24:47.256,739666.0,488.0,1078.0,52.0,1009.0,34.389536242697,,BTS,1063,BTS,1063,,Partially Saturated Collectors,16.0,13.0,8.0,2.0,7.0,15.47143814340646,25.772392749786377,45.8880503501721,20.629986080152563,25.25806427001954,46.00470915382745,20.44777229374291,25.556936860084537,31.49063685947765,1.1715740575560811,0.7387965951889899,34.88428739062285,8.0,True,-4.02514274174437,-4.154178246072782,0.1756484701141395,0.0966897975539027,47.77048376551604,21.998091015729663,,18.91809809929054
10.0,GIRMS\IRMS-operator,2026-02-19 15:01:43.016,2026-02-19 16:12:43.686,Running,False,BTS,1098,,2.0,6.0,True,Unknown,,"0.002 V, 0.002 V, 0.003 V",37 µbar,72 °C,,18.423 V,9.5222 kV,49 µbar,Carbon Dioxide: 0.0222 kV,"1,056 µbar",18.217 V,21.217 V,523 µbar/min,21.852 V,1.47E-007 mbar,13 %,929 µbar,µ-Volume,,Pre,17.876420277359877,19.381555809258693,19.69577659535336,25.512139619712883,26.316444696312004,18.469262975457102,-1.900778023918304,-3.3521844668724654,-2.080157387984105,0.076771165460069,0.0198222296863854,-3.403399994801977,0.0205522164712097,0.0053065594747096,-2.0999069512877666,0.0815924521782407,-3.4023658745736465,0.02042598449118878,375e2e180dc6__Natan Pereira BTS coral series 7.xlsx,2026-02-19 15:01:43.016,739666.0,523.0,1056.0,49.0,929.0,13.714475928527742,,BTS,1098,BTS,1098,,OK,16.0,15.0,15.0,0.0,0.0,12.466486169102705,-0.1669526100158691,18.64823986458706,18.51903189587521,0.129207968711853,24.54295319450384,24.742360533599907,-0.1994073390960693,-0.093035629040388,-0.0096150606751351,-0.0096615086711785,17.28018011451045,15.0,True,-2.07558133171033,-3.403399994801977,0.089257384204051,0.0205522164712098,17.196703809502516,17.363656419518385,,1.247989759425037
11.0,GIRMS\IRMS-operator,2026-02-19 15:39:38.323,2026-02-19 16:45:32.258,Running,False,SHP2L,,,1.0,7.0,True,QC Standard,SHP2L,"0.002 V, 0.002 V, 0.003 V",45 µbar,72 °C,,6.457 V,9.5223 kV,59 µbar,Carbon Dioxide: 0.0223 kV,"1,151 µbar",6.006 V,7.124 V,596 µbar/min,17.451 V,7.38E-008 mbar,46 %,848 µbar,µ-Volume,,Pre,5.922128100286224,6.435264576771836,6.485481442104568,8.431448683017143,8.658342283635015,6.074054068205007,-0.8376467012656263,-6.127377855585592,-0.865903747530386,0.0233640564052862,0.0058410141013215,-6.1258813491436985,0.0267276604448649,0.0066819151112162,-0.6997414937704449,0.024981530672652335,-6.1304927592193765,0.026754291874716906,375e2e180dc6__Natan Pereira BTS coral series 7.xlsx,2026-02-19 15:39:38.323,739666.0,596.0,1151.0,59.0,848.0,4.755271239954201,,SHP2L,,SHP2L,,,OK,16.0,15.0,15.0,0.0,0.0,4.460660531752777,-0.0613391338163227,6.2389334929945965,6.1958989394667645,0.043034553527832,8.174009841351385,8.271618980477415,-0.09760913912603,-0.0341487201694212,-0.0105707732698225,-0.010626940760488,5.772040627570567,15.0,True,-0.8677875506147033,-6.125781582047574,0.0228918195013055,0.0276626729666109,5.741371060662405,5.802710194478728,,0.2946107082014242
12.0,GIRMS\IRMS-operator,2026-02-19 16:12:43.790,2026-02-19 17:20:36.044,Running,False,BTS,1085,,2.0,7.0,True,Unknown,,"0.002 V, 0.002 V, 0.002 V",40 µbar,72 °C,,16.371 V,9.5224 kV,423 µbar,Carbon Dioxide: 0.0224 kV,"1,056 µbar",15.058 V,18.805 V,469 µbar/min,5.924 V,1.29E-007 mbar,16 %,943 µbar,µ-Volume,,Pre,14.704385548717058,15.94927564993765,16.270976818951628,20.987170825987445,21.736162792235003,15.2526290713611,-1.7971968652811254,-3.3803872444800875,-1.929628840592616,0.0385596984910428,0.0099560713393725,-3.425266432130162,0.0193412640394601,0.0049938929012952,-1.9380270979259058,0.04068455163725658,-3.4245923567800842,0.019275545351159624,375e2e180dc6__Natan Pereira BTS coral series 7.xlsx,2026-02-19 16:12:43.790,739666.0,469.0,1056.0,423.0,943.0,11.354290716332201,,BTS,1085,BTS,1085,,OK,16.0,15.0,15.0,0.0,0.0,10.479504610538307,-0.2284795045852661,15.361558951291103,15.352588452252409,0.008970499038698,20.21329392054616,20.50753224947988,-0.2942383289337158,-0.1265168919065073,-0.0158773944145975,-0.0160044488882913,14.275999516135728,15.0,True,-1.929628840592616,-3.4250974289061547,0.0385596984910428,0.0197677999100475,14.161759763843095,14.390239268428362,,0.8747861057938948
13.0,GIRMS\IRMS-operator,2026-02-19 16:45:32.396,2026-02-19 17:59:20.454,Running,False,BTS,1070,,1.0,8.0,True,Unknown,,"0.001 V, 0.001 V, 0.001 V",45 µbar,72 °C,,48.488 V,9.5224 kV,59 µbar,Carbon Dioxide: 0.0224 kV,"1,165 µbar",22.898 V,48.996 V,669 µbar/min,3.363 V,1.75E-007 mbar,10 %,"1,007 µbar",µ-Volume,46.728 V,Pre,42.735709704970965,46.22203255081148,24.892152790069293,48.978257546670925,33.26922989869882,23.353977956390032,-3.825127700474829,-199.47004573750704,-3.647262842630887,0.1439845617799361,0.035996140444984,-24.946257045643343,45.79282976095821,11.823657802660168,-2.9436510509254736,1.6696620129789972,-24.964134728098937,45.84003812495703,375e2e180dc6__Natan Pereira BTS coral series 7.xlsx,2026-02-19 16:45:32.396,739666.0,669.0,1165.0,59.0,1007.0,29.951486632740146,,BTS,1070,BTS,1070,,Partially Saturated Collectors,16.0,15.0,11.0,0.0,4.0,15.37548306975712,18.570333719253536,43.72829342269869,23.296685461044024,20.431607961654667,46.69615961099436,24.22333098436166,22.472828626632698,19.32810608413936,0.8497691591932012,0.5963775391784923,31.138553180312755,11.0,True,-3.8171776848333616,-4.46679357734181,0.140719666180208,0.0932604404307129,40.423720039939525,21.85338632068599,,14.576003562983026
14.0,GIRMS\IRMS-operator,2026-02-19 17:20:36.189,2026-02-19 18:31:42.026,Running,False,BTS,1047,,2.0,8.0,True,Unknown,,"0.002 V, 0.002 V, 0.003 V",37 µbar,72 °C,,28.472 V,9.5219 kV,64 µbar,Carbon Dioxide: 0.0219 kV,"1,065 µbar",21.645 V,33.989 V,425 µbar/min,21.717 V,1.69E-007 mbar,10 %,985 µbar,µ-Volume,25.850 V,Pre,27.780994772911072,30.09080690350971,23.52805239167651,39.60245029079617,31.44461588012876,22.07176387310028,-2.491763328608898,-4.336645090218028,-2.5789955412420937,0.0478709992081508,0.0119677498020377,-4.300256953847948,0.0319873484101035,0.0079968371025258,-2.600453172343871,0.05125554845070673,-4.299050207958697,0.03202356707443226,375e2e180dc6__Natan Pereira BTS coral series 7.xlsx,2026-02-19 17:20:36.189,739666.0,425.0,1065.0,64.0,985.0,20.545486360788345,,BTS,1047,BTS,1047,,OK,16.0,15.0,15.0,0.0,0.0,14.62049068665353,5.868956446647644,28.759581865934937,22.04800945725879,6.711572408676148,37.84728721725644,29.463879028436555,8.383408188819882,4.239460354919141,0.2838007754714112,0.2485337412260318,23.614324629306797,15.0,True,-2.5848110220843066,-4.297831078089941,0.0433076472095092,0.0315498328139708,26.54880285263061,20.67984640598297,,5.924995674134815
15.0,GIRMS\IRMS-operator,2026-02-19 17:59:20.565,2026-02-19 19:03:51.857,Running,False,BTS,1099,,1.0,9.0,True,Unknown,,"0.002 V, 0.002 V, 0.003 V",49 µbar,72 °C,,15.278 V,9.5219 kV,64 µbar,Carbon Dioxide: 0.0219 kV,"1,195 µbar",15.181 V,17.543 V,703 µbar/min,20.581 V,1.29E-007 mbar,16 %,958 µbar,µ-Volume,,Pre,14.82842282745471,16.07816352509979,16.407866617674863,21.15747137464347,21.91786272920432,15.380749268265868,-2.113081862617827,-3.668345378632254,-2.273072533139353,0.0452088802364915,0.0116728826837744,-3.722956171219323,0.0299179348052474,0.0074794837013118,-2.2943557040867146,0.047607351273997796,-3.721842152892216,0.0298399504856929,375e2e180dc6__Natan Pereira BTS coral series 7.xlsx,2026-02-19 17:59:20.565,739666.0,703.0,1195.0,64.0,958.0,11.395596128137251,,BTS,1099,BTS,1099,,OK,16.0,15.0,15.0,0.0,0.0,10.568023835995428,-0.2414286136627215,15.47380222939972,15.481491228575742,-0.0076889991760218,20.36197288430991,20.68105144895377,-0.3190785646438598,-0.1335841789140448,-0.016636177432397,-0.0167757193542638,14.391550583573483,15.0,True,-2.273072533139353,-3.726596890725128,0.0452088802364916,0.0270516451841637,14.270836276742124,14.512264890404843,,0.8275722921418236
16.0,GIRMS\IRMS-operator,2026-02-19 18:31:42.188,2026-02-19 19:41:44.313,Running,False,SHP2L,,,2.0,9.0,True,QC Standard,SHP2L,"0.002 V, 0.002 V, 0.002 V",40 µbar,72 °C,,5.846 V,9.5220 kV,59 µbar,Carbon Dioxide: 0.0220 kV,"1,063 µbar",5.464 V,6.408 V,420 µbar/min,14.615 V,6.89E-008 mbar,48 %,816 µbar,µ-Volume,,Pre,5.379265468887243,5.845954491248024,5.921854807654885,7.658824687499488,7.905297676852378,5.545791554105389,-0.8076825345882943,-6.067099013959743,-0.8200380649287798,0.0137752949569461,0.0034438237392365,-6.051849999522484,0.0237875940384317,0.0059468985096079,-0.6534088090893244,0.014829995041842715,-6.056485486124557,0.023815328675038994,375e2e180dc6__Natan Pereira BTS coral series 7.xlsx,2026-02-19 18:31:42.188,739666.0,420.0,1063.0,59.0,816.0,4.354821604448901,,SHP2L,,SHP2L,,,OK,16.0,15.0,15.0,0.0,0.0,4.089695520241757,-0.0802035082278056,5.674895214688884,5.661642204215216,0.0132530104736678,7.434704105189476,7.557459871104392,-0.1227557659149161,-0.0444452768169814,-0.0151270897035261,-0.0152423760987968,5.2618770005377495,15.0,True,-0.8208617669514787,-6.050833398560002,0.0138449187737785,0.0242600639617531,5.221775246423847,5.301978754651652,,0.2651260842071439
17.0,GIRMS\IRMS-operator,2026-02-19 19:03:51.965,2026-02-19 20:19:51.309,Running,False,BTS,1013,,1.0,10.0,True,Unknown,,"0.001 V, 0.001 V, 0.001 V",49 µbar,73 °C,,35.902 V,9.5223 kV,59 µbar,Carbon Dioxide: 0.0223 kV,"1,141 µbar",23.069 V,44.702 V,567 µbar/min,3.378 V,1.74E-007 mbar,10 %,"1,016 µbar",µ-Volume,31.504 V,Pre,34.58247783811358,37.43352187137087,25.070222143930987,48.96978117505142,33.50806809941361,23.52341714532641,-2.915388961785781,-10.820511349273756,-2.875304311536167,0.0659785802298954,0.0164946450574738,-3.896121305752875,0.0769916338027633,0.0198791543676934,-2.9296214116462767,0.06944584421345387,-3.893818370552419,0.07693189784982084,375e2e180dc6__Natan Pereira BTS coral series 7.xlsx,2026-02-19 19:03:51.965,739666.0,567.0,1141.0,59.0,1016.0,24.634402089133538,,BTS,1013,BTS,1013,,OK,16.0,15.0,15.0,0.0,0.0,15.471490259313693,10.81375777721405,35.52413177947482,23.45060003261049,12.07353174686433,46.78910054246018,31.340649500284886,15.448451042175297,9.07523809796593,0.4915208632889062,0.3945548845535889,27.40748676688937,15.0,True,-2.8726320015195266,-3.8961213057528754,0.0673920819529173,0.0769916338027635,32.814365655496395,22.000607878282345,,9.162911829819844
18.0,GIRMS\IRMS-operator,2026-02-19 19:41:44.423,2026-02-19 20:53:20.971,Running,False,BTS,1016,,2.0,10.0,True,Unknown,,"0.002 V, 0.002 V, 0.003 V",40 µbar,73 °C,,12.464 V,9.5219 kV,69 µbar,Carbon Dioxide: 0.0219 kV,"1,170 µbar",12.138 V,14.057 V,659 µbar/min,21.853 V,1.10E-007 mbar,23 %,914 µbar,µ-Volume,,Pre,11.930348525449933,12.936051299482733,13.050790240675358,17.023717672346173,17.42771795463377,12.229277675742788,-2.5035180910909505,-3.6147827449480863,-2.600129379814116,0.0364014714274833,0.0093988195077392,-3.62800704953458,0.0137427123711116,0.0035483530763356,-2.6478367638197295,0.038776328066194965,-3.626047626725544,0.013721049034424037,375e2e180dc6__Natan Pereira BTS coral series 7.xlsx,2026-02-19 19:41:44.423,739666.0,659.0,1170.0,69.0,914.0,9.377563832201837,,BTS,1016,BTS,1016,,OK,16.0,15.0,15.0,0.0,0.0,8.572309937148395,-0.058680772781372,12.49770634395404,12.363459279447945,0.1342470645060967,16.446476490018902,16.508450419424115,-0.0619739294052124,-0.032850527936818,-0.0050655450896956,-0.0050784075408867,11.5549554282376,15.0,True,-2.600129379814116,-3.631502323211707,0.0364014714274833,0.016524765161959,11.525615041846914,11.584295814628286,,0.8052538950534416
19.0,GIRMS\IRMS-operator,2026-02-19 20:19:51.493,2026-02-19 21:26:03.783,Running,False,BTS,1058,,1.0,11.0,True,Unknown,,"0.002 V, 0.002 V, 0.002 V",54 µbar,72 °C,,23.536 V,9.5221 kV,86 µbar,Carbon Dioxide: 0.0221 kV,"1,290 µbar",21.024 V,27.905 V,"1,011 µbar/min",11.795 V,1.62E-007 mbar,10 %,"1,021 µbar",µ-Volume,,Pre,21.03198149125338,22.802831178675984,22.77501071072707,29.9903692438959,30.436971946036707,21.36634864728213,-1.478182911921477,-3.946639183288858,-1.6530864253242163,0.0669785478318634,0.0172937866870642,-4.013404160494219,0.0236488188898373,0.0061060987811876,-1.6203319127548281,0.07100359425090977,-4.013977611226888,0.023559284484688477,375e2e180dc6__Natan Pereira BTS coral series 7.xlsx,2026-02-19 20:19:51.493,739666.0,1011.0,1290.0,86.0,1021.0,15.754687289289285,,BTS,1058,BTS,1058,,OK,16.0,15.0,15.0,0.0,0.0,14.204656862423425,0.1105368137359619,21.83969462491164,21.35633075810561,0.4833638668060303,28.72272746113528,28.53752092865695,0.1852065324783325,0.0625387033712105,0.0055180544668361,0.0055028718934202,20.087113761112697,15.0,True,-1.653086425324216,-4.013404160494219,0.0669785478318632,0.023648818889837,20.14238216798068,20.03184535424472,,1.5500304268658596
20.0,GIRMS\IRMS-operator,2026-02-19 20:53:21.143,2026-02-19 22:00:04.499,Running,False,BTS,1038,,2.0,11.0,True,Unknown,,"0.002 V, 0.002 V, 0.003 V",47 µbar,72 °C,,27.789 V,9.5219 kV,511 µbar,Carbon Dioxide: 0.0219 kV,"1,143 µbar",19.820 V,33.316 V,547 µbar/min,19.877 V,1.57E-007 mbar,10 %,"1,007 µbar",µ-Volume,25.228 V,Pre,27.14959792885201,29.417001882842214,21.57490817671124,38.71116329837096,28.82974137473357,20.238305256694726,-2.193692933851965,-4.019602787024401,-2.226990949207767,0.0328519792057182,0.0084823445569132,-3.9504532218754895,0.0532360922725142,0.0133090230681285,-2.231388800002336,0.03892533479689763,-3.949676105756396,0.053238224455722384,375e2e180dc6__Natan Pereira BTS coral series 7.xlsx,2026-02-19 20:53:21.143,739666.0,547.0,1143.0,511.0,1007.0,19.990487770170144,,BTS,1038,BTS,1038,,OK,16.0,15.0,15.0,0.0,0.0,13.539156047715714,6.92874193191528,28.09571591978375,20.25594679479901,7.839769124984741,36.97048415351164,27.06598033118498,9.90450382232666,5.320394331637424,0.3647005864519114,0.3084539231236224,22.46281020435708,15.0,True,-2.2238601329758563,-3.9458432508655625,0.0380746041116571,0.0516933146794946,25.92718117031472,18.99843923839944,,6.45133172245443
21.0,GIRMS\IRMS-operator,2026-02-19 21:26:03.892,2026-02-19 22:40:34.895,Running,False,SHP2L,,,1.0,12.0,True,QC Standard,SHP2L,"0.001 V, 0.001 V, 0.002 V",49 µbar,73 °C,,2.612 V,9.5224 kV,711 µbar,Carbon Dioxide: 0.0224 kV,"1,268 µbar",3.279 V,2.780 V,977 µbar/min,3.369 V,4.58E-008 mbar,100 %,836 µbar,µ-Volume,2.429 V,Pre,2.500682597334813,2.71669679658785,3.5903283386818527,3.5576185340462643,4.792298948246095,3.362304249782585,-1.1461105240704317,-6.722805126817888,-1.169937743184087,0.0240682309772825,0.0062143905165125,-6.666794328552009,0.0355690695703206,0.0088922673925801,-1.0049707442402636,0.025673681232985447,-6.671289159699425,0.03560766156538523,375e2e180dc6__Natan Pereira BTS coral series 7.xlsx,2026-02-19 21:26:03.892,739666.0,977.0,1268.0,711.0,836.0,2.063551171812956,,SHP2L,,SHP2L,,,OK,16.0,15.0,15.0,0.0,0.0,2.5336394320973272,-0.790652059524724,3.4432393973622184,2.6441759140874947,0.7990634832747237,4.595717968589154,3.462753961177204,1.13296400741195,-0.3357928053407737,-0.2451964706465554,-0.2794574623825812,2.829239386859923,15.0,True,-1.1766513104361906,-6.663060275334283,0.0302088730542936,0.0334140943610858,2.4339133570975613,3.224565416622285,,-0.470088260284371
22.0,GIRMS\IRMS-operator,2026-02-19 22:00:04.603,2026-02-19 23:13:26.896,Running,False,BTS,1029,,2.0,12.0,True,Unknown,,"0.001 V, 0.001 V, 0.002 V",49 µbar,73 °C,,24.698 V,9.5224 kV,79 µbar,Carbon Dioxide: 0.0224 kV,"1,239 µbar",22.694 V,29.374 V,723 µbar/min,3.258 V,1.72E-007 mbar,10 %,999 µbar,µ-Volume,,Pre,22.518257886651828,24.41135048866272,24.55972135066986,32.11407650415544,32.823118457242295,23.04496923137076,-1.4037514249398697,-3.666905763433648,-1.6162424384320584,0.0865283255721162,0.0223415175944013,-3.708514941557759,0.0237220928900671,0.0059305232225167,-1.5920973049547167,0.09200321899463648,-3.7088743933709476,0.02357037490798162,375e2e180dc6__Natan Pereira BTS coral series 7.xlsx,2026-02-19 22:00:04.603,739666.0,723.0,1239.0,79.0,999.0,16.876806781176402,,BTS,1029,BTS,1029,,OK,16.0,15.0,15.0,0.0,0.0,15.193435583172686,0.0058710575103795,23.383587598800663,22.982493042945865,0.4010945558548009,30.75994838182573,30.71250308458452,0.0474452972412109,0.0033043544910115,0.0002722939447408,0.0002722568777912,21.564404756311248,15.0,True,-1.6162424384320582,-3.711288886766032,0.0865283255721162,0.02170306114326,21.56734028506644,21.56146922755606,,1.6833711980037158
23.0,GIRMS\IRMS-operator,2026-02-19 22:40:35.052,2026-02-19 23:45:36.382,Running,False,BTS,1034,,1.0,13.0,True,Unknown,,"0.002 V, 0.002 V, 0.003 V",52 µbar,72 °C,,15.532 V,9.5221 kV,79 µbar,Carbon Dioxide: 0.0221 kV,"1,253 µbar",15.334 V,17.896 V,860 µbar/min,21.474 V,1.28E-007 mbar,17 %,973 µbar,µ-Volume,,Pre,15.04633213855218,16.301940969228113,16.54642432093557,21.459456386949338,22.10281402149371,15.513334530367365,-2.7554073078153163,-3.899574274868201,-2.893827801623757,0.0441609137554473,0.0114022989018766,-3.92448627745682,0.0199649474691799,0.0049912368672949,-2.9511894278785538,0.04679128460535857,-3.9221855149144877,0.01990213497453926,375e2e180dc6__Natan Pereira BTS coral series 7.xlsx,2026-02-19 22:40:35.052,739666.0,860.0,1253.0,79.0,973.0,11.537965047640206,,BTS,1034,BTS,1034,,OK,16.0,15.0,15.0,0.0,0.0,10.654232768921073,-0.1601576805114763,15.684123924969995,15.611987403630575,0.0721365213394182,20.64577847995929,20.85293442287616,-0.2071559429168701,-0.0891294340487515,-0.0109430014718535,-0.0110032055189479,14.555547493471614,15.0,True,-2.893827801623757,-3.926147077629394,0.0441609137554473,0.0194881010958943,14.475468653215875,14.635626333727354,,0.8837322787191333
24.0,GIRMS\IRMS-operator,2026-02-19 23:13:27.068,2026-02-20 00:24:12.466,Running,False,BTS,1044,,2.0,13.0,True,Unknown,,"0.002 V, 0.002 V, 0.002 V",45 µbar,72 °C,,9.491 V,9.5223 kV,81 µbar,Carbon Dioxide: 0.0223 kV,"1,217 µbar",9.066 V,10.523 V,874 µbar/min,14.760 V,8.94E-008 mbar,30 %,897 µbar,µ-Volume,,Pre,8.91682745002522,9.666036172098536,9.748737616724387,12.717202784983328,13.01631379362743,9.133868574449105,-2.8768379190003968,-4.115159994821371,-2.9317900518192954,0.0337050365818422,0.0084262591454605,-4.142474651619128,0.01237315064825,0.0031947337600525,-2.9838746388706276,0.03587211267165907,-4.14030037311249,0.012359052632137726,375e2e180dc6__Natan Pereira BTS coral series 7.xlsx,2026-02-19 23:13:27.068,739666.0,874.0,1217.0,81.0,897.0,7.101212031259666,,BTS,1044,BTS,1044,,OK,16.0,15.0,15.0,0.0,0.0,6.543994333374576,-0.054293641801669,9.358183679539133,9.272272987551112,0.085910691988019,12.312412741152457,12.37966168162029,-0.0672489404678327,-0.0303583508633919,-0.0062499933438522,-0.0062695857785445,8.659845118870479,15.0,True,-2.935453527340555,-4.142067585906532,0.0314181358794804,0.0133942720389024,8.632698297969645,8.686991939771314,,0.5572176978850907
25.0,GIRMS\IRMS-operator,2026-02-19 23:45:36.530,2026-02-20 01:05:24.503,Running,False,BTS,1052,,1.0,14.0,True,Unknown,,"0.001 V, 0.001 V, 0.001 V",57 µbar,73 °C,,20.788 V,9.5227 kV,71 µbar,Carbon Dioxide: 0.0227 kV,"1,229 µbar",19.137 V,24.489 V,684 µbar/min,3.374 V,1.50E-007 mbar,13 %,"1,016 µbar",µ-Volume,,Pre,18.64257207848127,20.204332979777632,20.683822544673266,26.594469574251377,27.63688030556699,19.40078786350782,-2.038924966559774,-3.519861386944489,-2.2011259552937794,0.0838667572154776,0.0209666893038694,-3.562410090435633,0.0263670908364149,0.0065917727091037,-2.223451336112924,0.08887584052567897,-3.5612634546429573,0.02622795525673562,375e2e180dc6__Natan Pereira BTS coral series 7.xlsx,2026-02-19 23:45:36.530,739666.0,684.0,1229.0,71.0,1016.0,14.06654333487226,,BTS,1052,BTS,1052,,OK,16.0,15.0,15.0,0.0,0.0,13.033107926448501,-0.3459304571151733,19.377124818423567,19.43112662659007,-0.0540018081665039,25.503928092279637,25.96090200261136,-0.4569739103317261,-0.1909490304235924,-0.0189828521838923,-0.0191647530207592,18.050347778573585,15.0,True,-2.211939354542713,-3.5652466706683765,0.0743742417447809,0.0246363077121193,17.877382550015998,18.22331300713117,,1.0334354084237596
26.0,GIRMS\IRMS-operator,2026-02-20 00:24:12.740,2026-02-20 01:35:05.346,Running,False,SHP2L,,,2.0,14.0,True,QC Standard,SHP2L,"0.002 V, 0.002 V, 0.003 V",47 µbar,73 °C,,3.406 V,9.5224 kV,69 µbar,Carbon Dioxide: 0.0224 kV,"1,158 µbar",3.150 V,3.658 V,571 µbar/min,18.354 V,5.08E-008 mbar,99 %,743 µbar,µ-Volume,,Pre,3.080140023093275,3.3472670511457103,3.452700124248178,4.384800579311381,4.608292642895314,3.233327084420914,-0.8663644738187148,-6.069494567039424,-0.8764749530561153,0.0236178301284331,0.0059044575321082,-6.046898429824235,0.028300825053753,0.0073072416078076,-0.7137740706811002,0.02505576765432719,-6.051406720054413,0.02833540948746526,375e2e180dc6__Natan Pereira BTS coral series 7.xlsx,2026-02-20 00:24:12.740,739667.0,571.0,1158.0,69.0,743.0,2.5317080083697316,,SHP2L,,SHP2L,,,OK,16.0,15.0,15.0,0.0,0.0,2.4422685077423774,-0.1070829795443017,3.257141242992203,3.314935511406176,-0.0577942684139727,4.266658594479854,4.424298783493759,-0.1576401890139047,-0.0581737244109026,-0.0344953618747153,-0.035100768734504,3.050730323152132,15.0,True,-0.8771489850052753,-6.051354791579508,0.0242869628801656,0.0362574467749231,2.997188833379981,3.104271812924283,,0.08943950062735428
27.0,GIRMS\IRMS-operator,2026-02-20 01:05:24.681,2026-02-20 02:08:11.112,Running,False,BTS,1010,,1.0,15.0,True,Unknown,,"0.001 V, 0.001 V, 0.002 V",52 µbar,72 °C,,21.145 V,9.5228 kV,67 µbar,Carbon Dioxide: 0.0228 kV,"1,192 µbar",19.220 V,24.948 V,596 µbar/min,3.128 V,1.52E-007 mbar,12 %,997 µbar,µ-Volume,,Pre,18.69955412184233,20.269280928254958,20.794591563821665,26.66889131069184,27.78500318527222,19.50499168669218,-1.8721353484240089,-3.7708201153845433,-2.0226316024151147,0.0817175511363606,0.0204293877840901,-3.837641134620817,0.0186451772307518,0.004983133222368,-2.022285910278143,0.0866153179338764,-3.8371833965108144,0.018554742970283963,375e2e180dc6__Natan Pereira BTS coral series 7.xlsx,2026-02-20 01:05:24.681,739667.0,596.0,1192.0,67.0,997.0,14.09235469223322,,BTS,1010,BTS,1010,,OK,16.0,15.0,15.0,0.0,0.0,13.094386010414738,-0.3854334354400635,19.441640633226264,19.53395332682215,-0.0923126935958862,25.57832002639771,26.098385453224186,-0.5200654268264735,-0.2123081982154478,-0.0210391578185465,-0.0212628338773541,18.12709621225828,15.0,True,-2.0326646860145217,-3.8414878442924505,0.0736823823160742,0.0233402794910803,17.934379494538245,18.31981292997831,,0.9979686818184828
28.0,GIRMS\IRMS-operator,2026-02-20 01:35:05.487,2026-02-20 02:45:41.782,Running,False,BTS,1030,,2.0,15.0,True,Unknown,,"0.002 V, 0.002 V, 0.003 V",45 µbar,72 °C,,24.469 V,9.5224 kV,79 µbar,Carbon Dioxide: 0.0224 kV,"1,202 µbar",20.111 V,28.834 V,733 µbar/min,18.276 V,1.59E-007 mbar,10 %,985 µbar,µ-Volume,22.359 V,Pre,23.855797679143635,25.85376027338908,21.856672794751383,34.0227710402099,29.205732265719544,20.50320032330104,-1.952161211863701,-3.70977020649077,-2.0524381152714115,0.0348770502563075,0.0090052156538345,-3.698019298486884,0.0096305449123985,0.0024865960040414,-2.059433788386067,0.03736076727175975,-3.697369855743064,0.00966572747918652,375e2e180dc6__Natan Pereira BTS coral series 7.xlsx,2026-02-20 01:35:05.487,739667.0,733.0,1202.0,79.0,985.0,17.862803966718403,,BTS,1030,BTS,1030,,OK,16.0,15.0,15.0,0.0,0.0,13.694312624665628,3.609016537666325,24.76359132044719,20.511261851720075,4.252329468727115,32.58656732202448,27.40486733079828,5.181699991226196,2.411623687963643,0.1875956847542138,0.1715085525735904,21.042778820710865,15.0,True,-2.052438115271412,-3.695202765232342,0.0348770502563074,0.0118666981505379,22.847287089544025,19.2382705518777,,4.168491342052775
29.0,GIRMS\IRMS-operator,2026-02-20 02:08:11.356,2026-02-20 03:27:06.668,Running,False,BTS,1065,,1.0,16.0,True,Unknown,,"0.001 V, 0.001 V, 0.002 V",57 µbar,73 °C,,26.977 V,9.5229 kV,71 µbar,Carbon Dioxide: 0.0229 kV,"1,163 µbar",22.712 V,32.393 V,508 µbar/min,3.384 V,1.70E-007 mbar,10 %,"1,041 µbar",µ-Volume,23.976 V,Pre,25.90460398205216,28.05039039811144,24.648872530069443,36.94374756562979,32.94023768651755,23.12792160519059,-2.5545727468007096,-3.6287806660975086,-2.6631240689354447,0.0410817645170845,0.0106072659871655,-3.6388372192107297,0.0113131474997931,0.0029210421239924,-2.7227654191665587,0.03279936508921186,-3.6367528334168377,0.01132754660901142,375e2e180dc6__Natan Pereira BTS coral series 7.xlsx,2026-02-20 02:08:11.356,739667.0,508.0,1163.0,71.0,1041.0,19.03759849228556,,BTS,1065,BTS,1065,,OK,16.0,15.0,15.0,0.0,0.0,15.243904517905344,3.0910521745681727,26.786593114938828,23.069662367906663,3.7169307470321655,35.27653114545615,30.828191802385167,4.44833934307098,1.9876292065433796,0.1428177470605822,0.1332990145862782,23.188859903892823,15.0,True,-2.6631240689354443,-3.641438603577129,0.0410817645170846,0.0131695146294075,24.734385991176914,21.64333381660874,,3.7936939743802167
30.0,GIRMS\IRMS-operator,2026-02-20 02:45:41.907,2026-02-20 03:55:19.682,Running,False,BTS,1012,,2.0,16.0,True,Unknown,,"0.002 V, 0.002 V, 0.003 V",49 µbar,72 °C,,27.660 V,9.5225 kV,69 µbar,Carbon Dioxide: 0.0225 kV,"1,097 µbar",21.488 V,33.058 V,454 µbar/min,21.549 V,1.65E-007 mbar,10 %,"1,014 µbar",µ-Volume,25.131 V,Pre,26.99878859748093,29.25088421930002,23.351782723557225,38.498668392474585,31.205444057757788,21.908924462692426,-2.1048869812227977,-3.799994032136378,-2.1789521796061826,0.0295996213259294,0.0076425893632913,-3.7536542908762343,0.0272502975248112,0.0068125743812028,-2.192756821115793,0.031789699522564586,-3.7527734092008407,0.027304995984064738,375e2e180dc6__Natan Pereira BTS coral series 7.xlsx,2026-02-20 02:45:41.907,739667.0,454.0,1097.0,69.0,1014.0,19.919177065090814,,BTS,1012,BTS,1012,,OK,16.0,15.0,15.0,0.0,0.0,14.527589102265795,5.260929465293884,27.94166819680856,21.88066558469461,6.061002612113949,36.7731735308718,29.237268884952,7.535904645919803,3.718853805903745,0.2563034972058183,0.227188848949817,23.15663594235627,15.0,True,-2.178952179606183,-3.7505649747922254,0.0295996213259294,0.0251398246950932,25.787100675003213,20.52617120970933,,5.391587962825019
31.0,GIRMS\IRMS-operator,2026-02-20 03:27:06.836,2026-02-20 04:29:28.162,Running,False,SHP2L,,,1.0,17.0,True,QC Standard,SHP2L,"0.002 V, 0.002 V, 0.003 V",57 µbar,72 °C,,4.783 V,9.5225 kV,62 µbar,Carbon Dioxide: 0.0225 kV,"1,139 µbar",4.429 V,5.206 V,493 µbar/min,20.440 V,5.97E-008 mbar,62 %,824 µbar,µ-Volume,,Pre,4.360209994103903,4.738066246715075,4.817067054985729,6.206172439502344,6.429391621307781,4.511546187188619,-0.8140928757736088,-6.107311482306699,-0.8483296329144587,0.0242689027148105,0.0060672256787026,-6.091659618210343,0.0222411398176716,0.0057426376076341,-0.682338930117772,0.026524773193627046,-6.096276091173321,0.02229784495344947,375e2e180dc6__Natan Pereira BTS coral series 7.xlsx,2026-02-20 03:27:06.836,739667.0,493.0,1139.0,62.0,824.0,3.529389203024876,,SHP2L,,SHP2L,,,OK,16.0,15.0,15.0,0.0,0.0,3.3633889529234384,-0.0883041128080117,4.600181067486467,4.614505935931985,-0.0143248684455175,6.025883462154948,6.158763342901067,-0.1328798807461195,-0.0486706650071529,-0.0204326737482631,-0.0206435754695466,4.277559037109526,15.0,True,-0.8506120833905155,-6.086778913743444,0.0232753630362323,0.0262352822614234,4.233406980705521,4.3217110935135326,,0.1660002501014377
32.0,GIRMS\IRMS-operator,2026-02-20 03:55:19.828,2026-02-20 05:06:30.722,Running,False,BTS,1036,,2.0,17.0,True,Unknown,,"0.002 V, 0.002 V, 0.002 V",47 µbar,72 °C,,29.242 V,9.5230 kV,64 µbar,Carbon Dioxide: 0.0230 kV,"1,063 µbar",20.199 V,35.261 V,386 µbar/min,4.381 V,1.58E-007 mbar,10 %,999 µbar,µ-Volume,26.264 V,Pre,28.352813367529148,30.709238295155377,21.96969235380253,40.40876413702598,29.35402478098503,20.60815835444474,-2.584757885728539,-4.356508176137752,-2.552256020690355,0.0527628640750771,0.0131907160187692,-4.262855252567616,0.0523393330189709,0.0130848332547427,-2.5732266932446817,0.05474105519017463,-4.261668651763403,0.052289769534606546,375e2e180dc6__Natan Pereira BTS coral series 7.xlsx,2026-02-20 03:55:19.828,739667.0,386.0,1063.0,64.0,999.0,20.845560860617397,,BTS,1036,BTS,1036,,OK,16.0,15.0,15.0,0.0,0.0,13.757596520038838,7.732033729553226,29.319719914990277,20.615117196637,8.704602718353271,38.578529013391645,27.542028678651967,11.036500334739678,6.090347516208053,0.399897623748644,0.3332622356815399,23.201049809141395,15.0,True,-2.5500892296878086,-4.256611724329606,0.0538728671446456,0.0476111421135137,27.06706667391801,19.335032944364784,,7.087964340578559
33.0,GIRMS\IRMS-operator,2026-02-20 04:29:28.293,2026-02-20 05:46:11.428,Running,False,BTS,1086,,1.0,18.0,True,Unknown,,"0.001 V, 0.001 V, 0.002 V",54 µbar,72 °C,,23.573 V,9.5232 kV,91 µbar,Carbon Dioxide: 0.0232 kV,"1,302 µbar",22.731 V,27.934 V,"1,006 µbar/min",3.374 V,1.71E-007 mbar,10 %,"1,024 µbar",µ-Volume,,Pre,22.337350616701137,24.204784298655145,24.67816438746129,31.852318807267512,32.97905520977912,23.155469069726955,-1.864069746770336,-3.732164438217666,-2.0880563608846194,0.076249423952083,0.0196875166082884,-3.809032672234393,0.0176744896419454,0.0047237060518746,-2.093511765089221,0.0807848919762197,-3.808379704961324,0.017582544627305356,375e2e180dc6__Natan Pereira BTS coral series 7.xlsx,2026-02-20 04:29:28.293,739667.0,1006.0,1302.0,91.0,1024.0,16.605039680846225,,BTS,1086,BTS,1086,,OK,16.0,15.0,15.0,0.0,0.0,15.26252328837682,-0.2967268228530919,23.157843614336603,23.09469249319708,0.0631511211395263,30.47355906548437,30.85958854737219,-0.3860294818878209,-0.1646720497838372,-0.013695471836845,-0.0137899014402489,21.51768989349176,15.0,True,-2.0880563608846194,-3.804139633401982,0.0762494239520828,0.0254794352463118,21.36932648206521,21.666053304918304,,1.3425163924694061
34.0,GIRMS\IRMS-operator,2026-02-20 05:06:30.978,2026-02-20 06:20:06.544,Running,False,BTS,1021,,2.0,18.0,True,Unknown,,"0.002 V, 0.002 V, 0.003 V",47 µbar,73 °C,,21.904 V,9.5227 kV,74 µbar,Carbon Dioxide: 0.0227 kV,"1,185 µbar",21.457 V,25.586 V,606 µbar/min,21.527 V,1.63E-007 mbar,10 %,985 µbar,µ-Volume,,Pre,21.055364291549708,22.83955578609406,23.290062592467656,30.07110374442421,31.122350864327775,21.850698869110136,-0.9227491208152472,-2.226241297599185,-1.1616548803788926,0.085732613967568,0.022136065741548,-2.2978889353338694,0.0239474717278019,0.00618321061237,-1.158003481484893,0.09101512507003755,-2.297730735700143,0.023815677581655047,375e2e180dc6__Natan Pereira BTS coral series 7.xlsx,2026-02-20 05:06:30.978,739667.0,606.0,1185.0,74.0,985.0,15.948402936936406,,BTS,1021,BTS,1021,,OK,16.0,15.0,15.0,0.0,0.0,14.499011576011481,-0.2718269824981654,21.917620943030705,21.827543423613896,0.090077519416809,28.85484116545998,29.16466610900246,-0.3098249435424804,-0.1509177533220191,-0.0132759601219169,-0.0133646745652019,20.33921448457339,15.0,True,-1.1616548803788929,-2.29788893533387,0.0857326139675679,0.023947471727802,20.20330099332431,20.475127975822478,,1.449391360924924
35.0,GIRMS\IRMS-operator,2026-02-20 05:46:11.692,2026-02-20 06:52:11.602,Running,False,BTS,1084,,1.0,19.0,True,Unknown,,"0.002 V, 0.002 V, 0.003 V",62 µbar,73 °C,,9.988 V,9.5227 kV,81 µbar,Carbon Dioxide: 0.0227 kV,"1,273 µbar",9.668 V,11.200 V,855 µbar/min,20.400 V,9.25E-008 mbar,27 %,960 µbar,µ-Volume,,Pre,9.492707788357748,10.29788963857669,10.400737453136626,13.54352989406182,13.8862103926397,9.74510365665914,-2.11069902528438,-3.645163710043753,-2.1587429286101734,0.0291067410304217,0.0072766852576054,-3.646041686074762,0.0140568632433391,0.0035142158108347,-2.1750033189203153,0.031046679996096112,-3.645080433392019,0.014059173947993234,375e2e180dc6__Natan Pereira BTS coral series 7.xlsx,2026-02-20 05:46:11.692,739667.0,855.0,1273.0,81.0,960.0,7.488325539523981,,BTS,1084,BTS,1084,,OK,16.0,15.0,15.0,0.0,0.0,6.951500512481573,-0.0864862570893674,9.952614832554046,9.884099293384734,0.0685155391693115,13.08922372484392,13.195258449242177,-0.1060347243982562,-0.0482085513748124,-0.009339330787115,-0.0093831469436806,9.217190949739331,15.0,True,-2.1619458554985598,-3.6461002178101634,0.0270527762565497,0.0145482174466675,9.17394782119465,9.260434078284018,,0.5368250270424078
36.0,GIRMS\IRMS-operator,2026-02-20 06:20:06.693,2026-02-20 07:27:29.889,Running,False,SHP2L,,,2.0,19.0,True,QC Standard,SHP2L,"0.002 V, 0.002 V, 0.002 V",52 µbar,73 °C,,0.011 V,9.5230 kV,850 µbar,Carbon Dioxide: 0.0230 kV,"1,217 µbar",2.918 V,0.010 V,659 µbar/min,9.433 V,4.23E-008 mbar,100 %,824 µbar,µ-Volume,0.015 V,Pre,0.0108061415059445,0.0116626004560015,3.203065456262168,0.0153125342240921,4.274826336867888,2.999588390828024,-7.6682223453095055,-10.547015207675091,-7.3648437682190275,0.9880289442719542,0.2470072360679885,-13.404487079991748,0.9317939609078568,0.2405881661795182,-7.390075070384568,1.0544420362598774,-13.402336459652972,0.9323988977580454,375e2e180dc6__Natan Pereira BTS coral series 7.xlsx,2026-02-20 06:20:06.693,739667.0,659.0,1217.0,850.0,824.0,0.009176194753548483,,SHP2L,,SHP2L,,,Failed Sample,16.0,15.0,15.0,0.0,0.0,2.2583784402277387,-2.8575779784818574,3.0621453092438755,0.0111359537241349,3.0510093555197404,4.086922694213469,0.0145998604752734,4.072322833738196,-0.0057808016105618,-0.9964046769686856,-1.985670228033926,1.4390999764906756,15.0,True,,,,,0.0103109872497467,2.867888965731604,,-2.2492022454741902
37.0,GIRMS\IRMS-operator,2026-02-20 06:52:11.742,2026-02-20 08:12:02.480,Running,False,BTS,1066,,1.0,20.0,True,Unknown,,"0.001 V, 0.001 V, 0.001 V",57 µbar,73 °C,,48.490 V,9.5233 kV,98 µbar,Carbon Dioxide: 0.0233 kV,"1,280 µbar",22.637 V,48.981 V,899 µbar/min,3.378 V,1.72E-007 mbar,10 %,"1,063 µbar",µ-Volume,48.485 V,Pre,48.97116889366925,48.94370891972923,24.589340471471782,48.95304334592492,32.85834384393364,23.072011965606816,-79.40208566936491,-301.5705770709919,-21.36175261159844,30.96801857860521,7.742004644651303,-120.72508560709292,127.18774847118804,31.79693711779701,-18.09330941021159,29.09408891176922,-120.80370817103821,127.26526256567821,375e2e180dc6__Natan Pereira BTS coral series 7.xlsx,2026-02-20 06:52:11.742,739667.0,899.0,1280.0,98.0,1063.0,37.61617486486256,,BTS,1066,BTS,1066,,Partially Saturated Collectors,16.0,11.0,6.0,4.0,9.0,15.222505416684216,28.43868732452393,45.71446337624931,17.942811631406784,27.77165174484253,46.18960810136468,18.011184458252487,28.17842364311219,39.94320110833621,1.4962108273040562,0.8559042353048205,33.22648276696027,6.0,True,-4.671398891860079,-4.474162957985417,0.1912694748234763,0.0845389974990355,47.44582642922223,19.007139104698304,,22.393669448178343
38.0,GIRMS\IRMS-operator,2026-02-20 07:27:30.045,2026-02-20 08:38:33.128,Running,False,BTS,1037,,2.0,20.0,True,Unknown,,"0.002 V, 0.003 V, 0.003 V",59 µbar,73 °C,,21.355 V,9.5228 kV,89 µbar,Carbon Dioxide: 0.0228 kV,"1,319 µbar",20.855 V,25.112 V,"1,050 µbar/min",21.537 V,1.60E-007 mbar,10 %,"1,002 µbar",µ-Volume,,Pre,20.48034578054097,22.208089280740285,22.647196698800588,29.202289146065954,30.261717003464938,21.24572902410176,-1.3489017535071035,-3.876329337219708,-1.5501159014893386,0.0676401617884294,0.0174646146760908,-3.9400013745914433,0.0217770914290357,0.0056228208288994,-1.5128695288448475,0.07178936014703198,-3.9407283245354323,0.021689204999398783,375e2e180dc6__Natan Pereira BTS coral series 7.xlsx,2026-02-20 07:27:30.045,739667.0,1050.0,1319.0,89.0,1002.0,15.374038643243132,,BTS,1037,BTS,1037,,OK,16.0,15.0,15.0,0.0,0.0,14.147112949260766,-0.2941936254501343,21.285051751748583,21.23905186714317,0.0459998846054112,27.987039846062903,28.37689892637753,-0.3898590803146327,-0.1630887628285634,-0.0147675171865695,-0.014877368080983,19.774574632336165,15.0,True,-1.550115901489339,-3.940001374591444,0.0676401617884294,0.0217770914290357,19.627477819611094,19.921671445061232,,1.2269256939823663
39.0,GIRMS\IRMS-operator,2026-02-20 08:12:02.623,2026-02-20 09:17:40.086,Running,False,BTS,1081,,1.0,21.0,True,Unknown,,"0.002 V, 0.002 V, 0.003 V",45 µbar,72 °C,,6.344 V,9.5231 kV,64 µbar,Carbon Dioxide: 0.0231 kV,"1,073 µbar",5.877 V,6.968 V,606 µbar/min,19.806 V,6.72E-008 mbar,46 %,814 µbar,µ-Volume,,Pre,5.7799097381517175,6.278797932127251,6.356224365690482,8.249461134781756,8.484780272354996,5.9531355718291685,-1.1125324542645698,-3.5151606098389188,-1.1478995008509518,0.0181077388513256,0.0045269347128314,-3.525374797293944,0.0277923170943649,0.0069480792735912,-1.0978430383108762,0.019335480375974334,-3.526564327678394,0.027819467571540215,375e2e180dc6__Natan Pereira BTS coral series 7.xlsx,2026-02-20 08:12:02.623,739667.0,606.0,1073.0,64.0,814.0,4.679265944638212,,BTS,1081,BTS,1081,,OK,16.0,15.0,15.0,0.0,0.0,4.380181423608997,-0.078123547786431,6.095722265699639,6.074756331899895,0.0209659337997436,8.008613666405594,8.109121998658097,-0.1005083322525024,-0.0433540124935159,-0.0137312267192527,-0.0138261517312913,5.650418808121565,15.0,True,-1.1502573039567106,-3.5260557431242794,0.0160003048589058,0.0286292912047156,5.61135703422835,5.689480582014781,,0.299084521029215
40.0,GIRMS\IRMS-operator,2026-02-20 08:38:33.421,2026-02-20 09:49:39.815,Running,False,BTS,1067,,2.0,21.0,True,Unknown,,"0.002 V, 0.002 V, 0.002 V",52 µbar,72 °C,,48.537 V,9.5234 kV,74 µbar,Carbon Dioxide: 0.0234 kV,"1,205 µbar",19.767 V,49.007 V,733 µbar/min,5.784 V,1.59E-007 mbar,10 %,"1,021 µbar",µ-Volume,48.510 V,Pre,49.00044920513516,48.97066800309102,21.48756234360616,48.9795092474939,28.713632000637205,20.154706860278896,-79.75369570520397,-301.845300410186,-25.804978958515584,33.56854480624922,8.392136201562305,-136.23935725412434,130.6072764139266,32.65181910348165,-22.22426899513113,31.59966250654028,-136.32474744180644,130.68222875425934,375e2e180dc6__Natan Pereira BTS coral series 7.xlsx,2026-02-20 08:38:33.421,739667.0,733.0,1205.0,74.0,1021.0,38.76917036840801,,BTS,1067,BTS,1067,,Partially Saturated Collectors,16.0,11.0,6.0,4.0,9.0,13.505038122094998,31.30273520946503,47.98814503861348,15.896020814904372,32.092124223709106,47.966438902568974,16.119617594432977,31.846821308136,52.534673829519136,1.9827145630992864,0.9956598855813402,31.439184869026,6.0,True,-4.968777793343593,-4.740756048438599,0.2524930471928175,0.0775356434168768,47.090552473758514,15.787817264293484,,25.264132246313014
41.0,GIRMS\IRMS-operator,2026-02-20 09:17:40.252,2026-02-20 10:34:46.299,Running,False,SHP2L,,,1.0,22.0,True,QC Standard,SHP2L,"0.002 V, 0.001 V, 0.002 V",40 µbar,72 °C,,7.572 V,9.5235 kV,69 µbar,Carbon Dioxide: 0.0235 kV,"1,136 µbar",6.963 V,8.388 V,698 µbar/min,3.366 V,8.02E-008 mbar,43 %,836 µbar,µ-Volume,,Pre,6.824951414056395,7.41578887813934,7.469999250863517,9.717319085701812,9.973613902656504,6.99644795120726,-0.8681358606795753,-6.120486941248338,-0.8734101022516076,0.0181659951171571,0.0046904397704023,-6.125804875475176,0.0150439687742212,0.0038843360348948,-0.7075957299979525,0.019735147094696884,-6.130389465888146,0.015085593306068904,375e2e180dc6__Natan Pereira BTS coral series 7.xlsx,2026-02-20 09:17:40.252,739667.0,698.0,1136.0,69.0,836.0,5.465745232711775,,SHP2L,,SHP2L,,,OK,16.0,15.0,15.0,0.0,0.0,5.10112818994429,-0.0622651082616618,7.185610860692838,7.127399354883528,0.05821150580931,9.415774032203622,9.515944985373464,-0.100170953169842,-0.0347077806567792,-0.009327657424477,-0.0093713638603216,6.644188528981584,15.0,True,-0.8771904135747761,-6.129567035290692,0.0223973170001801,0.0198936353021604,6.613055974850753,6.675321083112415,,0.3646170427674855
42.0,GIRMS\IRMS-operator,2026-02-20 09:49:39.943,2026-02-20 11:03:42.506,Running,False,BTS,1059,,2.0,22.0,True,Unknown,,"0.002 V, 0.002 V, 0.002 V",45 µbar,72 °C,,20.461 V,9.5231 kV,81 µbar,Carbon Dioxide: 0.0231 kV,"1,202 µbar",18.846 V,23.890 V,899 µbar/min,6.859 V,1.54E-007 mbar,13 %,931 µbar,µ-Volume,,Pre,18.38135042681755,19.93413365221204,20.368427995206726,26.22984200193641,27.22094803526161,19.10146394267144,-1.582511182827373,-3.5937547582353124,-1.7543778211113192,0.0611466973668433,0.0157880093718246,-3.668903674521884,0.0218686812766777,0.0056464692258727,-1.7414754548282934,0.06474272026729316,-3.6688790850051207,0.02177522125815516,375e2e180dc6__Natan Pereira BTS coral series 7.xlsx,2026-02-20 09:49:39.943,739667.0,899.0,1202.0,81.0,931.0,14.009937923952391,,BTS,1059,BTS,1059,,OK,16.0,15.0,15.0,0.0,0.0,12.858732269026875,-0.2833157777786255,19.16149354314984,19.144431713582883,0.0170618295669555,25.211928779623488,25.58240144922493,-0.370472669601444,-0.1568966808255111,-0.0157828300393431,-0.0159083695860328,17.809227793360368,15.0,True,-1.7543778211113188,-3.668903674521884,0.0611466973668433,0.0218686812766777,17.667569904471055,17.95088568224968,,1.1512056549255156
43.0,GIRMS\IRMS-operator,2026-02-20 10:34:46.455,2026-02-20 11:38:31.508,Running,False,BTS,839,,1.0,23.0,True,Unknown,,"0.002 V, 0.002 V, 0.003 V",45 µbar,72 °C,,11.000 V,9.5226 kV,93 µbar,Carbon Dioxide: 0.0226 kV,"1,205 µbar",10.694 V,12.359 V,"1,035 µbar/min",18.040 V,1.05E-007 mbar,25 %,877 µbar,µ-Volume,,Pre,10.514195369217472,11.406610054665729,11.515805763894246,15.001990600931968,15.381150647509422,10.788942979309637,-2.139957211596988,-4.081470825633704,-2.2065272218634893,0.0282640685051705,0.0072977511077727,-4.091604245982774,0.0197219631552683,0.004930490788817,-2.209602627991228,0.03015111086194998,-4.091027203432358,0.019726379729111808,375e2e180dc6__Natan Pereira BTS coral series 7.xlsx,2026-02-20 10:34:46.455,739667.0,1035.0,1205.0,93.0,877.0,8.310203239301321,,BTS,839,BTS,839,,OK,16.0,15.0,15.0,0.0,0.0,7.637752381778823,-0.0717741663623492,11.030013007813618,10.928148669892476,0.1018643379211425,14.505334898341028,14.59569553982052,-0.0903606414794921,-0.0401018856564501,-0.0070106758205887,-0.0070353370542767,10.201951350535198,15.0,True,-2.204467506947397,-4.092279807339379,0.0340045927720361,0.020221638878929,10.166064267354024,10.237838433716371,,0.6724508575224988
44.0,GIRMS\IRMS-operator,2026-02-20 11:03:42.663,2026-02-20 12:12:34.204,Running,False,BTS,1094,,2.0,23.0,True,Unknown,,"0.002 V, 0.002 V, 0.002 V",45 µbar,72 °C,,36.395 V,9.5227 kV,89 µbar,Carbon Dioxide: 0.0227 kV,"1,231 µbar",20.344 V,45.261 V,"1,079 µbar/min",10.458 V,1.61E-007 mbar,10 %,980 µbar,µ-Volume,32.482 V,Pre,35.553344280653455,38.487576155941056,22.09050229100423,49.004626328026426,29.526737386261598,20.718493254118425,-3.2679370665325003,-37.62452937117367,-3.103616763261853,0.1380228725017218,0.0345057181254304,-3.902106648314836,0.1071095318607632,0.0276555622077872,-3.1648375994982896,0.1411391572678931,-3.8993138924631925,0.10692981646567665,375e2e180dc6__Natan Pereira BTS coral series 7.xlsx,2026-02-20 11:03:42.663,739667.0,1079.0,1231.0,89.0,980.0,25.289430969589212,,BTS,1094,BTS,1094,,Partially Saturated Collectors,16.0,15.0,14.0,0.0,1.0,13.805300959007713,14.296099543571469,36.520816593448686,20.72595825700002,15.794858336448666,45.7068652453772,26.017364913498536,19.689500331878666,13.960666469533708,0.7355476029672293,0.5377699164652708,26.58404478543327,14.0,True,-3.2705810581634687,-4.0465723508190665,0.1354762658355197,0.0976491122161627,33.73209455721901,19.43599501364754,,11.484130010581499
45.0,GIRMS\IRMS-operator,2026-02-20 11:38:31.692,2026-02-20 12:59:35.788,Running,False,BTS,837,,1.0,24.0,True,Unknown,,"0.001 V, 0.001 V, 0.002 V",35 µbar,72 °C,,7.131 V,9.5223 kV,76 µbar,Carbon Dioxide: 0.0223 kV,"1,158 µbar",6.517 V,7.882 V,772 µbar/min,3.364 V,7.64E-008 mbar,46 %,831 µbar,µ-Volume,,Pre,6.389887698406458,6.929959694542035,6.99249199437202,9.122791776019945,9.335908183414352,6.548740648820587,-2.7963079793994483,-3.465921587627707,-2.82846037518155,0.0185312421371385,0.0046328105342846,-3.503626173960102,0.0245115899442876,0.0063288653095527,-2.8967435795583043,0.019601806513896595,-3.501003084941042,0.024530626859346,375e2e180dc6__Natan Pereira BTS coral series 7.xlsx,2026-02-20 11:38:31.692,739667.0,772.0,1158.0,76.0,831.0,5.129722085707579,,BTS,837,BTS,837,,OK,16.0,15.0,15.0,0.0,0.0,4.782936733676165,-0.0562518298608472,6.716663746244201,6.672900253088943,0.0437634931552581,8.841732064289578,8.909720072109117,-0.0679880078195385,-0.0313662040430662,-0.0090009212619969,-0.0090416126839217,6.221437682337061,15.0,True,-2.8306038682336903,-3.5104252639679943,0.0170050602462101,0.02729278755232,6.193311767406638,6.249563597267485,,0.34678535203141436
46.0,GIRMS\IRMS-operator,2026-02-20 12:12:34.400,2026-02-20 13:26:30.072,Running,False,SHP2L,,,2.0,24.0,True,QC Standard,SHP2L,"0.002 V, 0.002 V, 0.002 V",54 µbar,72 °C,,7.313 V,9.5220 kV,71 µbar,Carbon Dioxide: 0.0220 kV,"1,234 µbar",6.731 V,8.096 V,864 µbar/min,6.421 V,7.64E-008 mbar,44 %,875 µbar,µ-Volume,,Pre,6.620431097408747,7.193670472136838,7.266782991759281,9.426227641860509,9.702191714323355,6.806062794280977,-0.8599523102802431,-6.1001354804470775,-0.8893386912225484,0.0185971746724253,0.0048017698528542,-6.151279297256542,0.029017277752109,0.0072543194380272,-0.723742598782621,0.0197442372036769,-6.155872932983474,0.029026390982637557,375e2e180dc6__Natan Pereira BTS coral series 7.xlsx,2026-02-20 12:12:34.400,739667.0,864.0,1234.0,71.0,875.0,5.289180208008708,,SHP2L,,SHP2L,,,OK,16.0,15.0,15.0,0.0,0.0,4.960375573950312,-0.0804297974418615,6.968156513696018,6.932728676214879,0.0354278374811389,9.13034475234826,9.255827430761649,-0.1254826784133893,-0.0446946693889775,-0.0123872315179006,-0.0124644314167498,6.452744995153115,15.0,True,-0.8875904493333233,-6.154688885043838,0.0224006332546266,0.0265114083140451,6.412530096432183,6.492959893874045,,0.3288046340583959
1.0,GIRMS\IRMS-operator,2026-02-20 17:48:57.649,2026-02-20 18:44:26.912,Running,False,SHP2L,,1.0,1.0,2.0,True,QC Standard,SHP2L,"0.001 V, 0.001 V, 0.001 V",,72 °C,,8.182 V,9.5210 kV,42 µbar,Carbon Dioxide: 0.0210 kV,"1,041 µbar",7.420 V,9.141 V,508 µbar/min,3.340 V,8.43E-008 mbar,40 %,848 µbar,µ-Volume,,Pre,7.257852574916843,7.885087380684961,7.992188827337408,10.331302881240845,10.672032833099369,7.485415607249402,-1.015171324648123,-6.46952692224112,-1.0485585694862478,0.0250465359408308,0.0062616339852077,-6.494398957031069,0.0264322215105617,0.006824770247578,-0.8817220288130853,0.02606300501530642,-6.498986055860323,0.026439691911951075,ee0a048ed7a4__Natan Pereira BTS coral series 8.1.xlsx,2026-02-20 17:48:57.649,739667.0,508.0,1041.0,42.0,848.0,5.700440916471158,,SHP2L,,SHP2L,,,OK,16.0,15.0,15.0,0.0,0.0,5.425394393235276,-0.1500844955444327,7.587928424157251,7.617275969244964,-0.0293475450877132,9.942014986573165,10.171085596084597,-0.2290706095114316,-0.1633542793015966,-0.0210376482472193,-0.0212612920388163,7.05904868200984,15.0,True,-1.0507843858087895,-6.490311995958811,0.0242323756973477,0.0341618903001274,6.984006434237624,7.134090929782056,,0.27504652323588186
2.0,GIRMS\IRMS-operator,2026-02-20 18:16:40.025,2026-02-20 19:15:50.178,Running,False,BTS,844,2.0,2.0,2.0,True,Unknown,,"0.002 V, 0.002 V, 0.002 V",25 µbar,72 °C,,10.245 V,9.5208 kV,42 µbar,Carbon Dioxide: 0.0208 kV,"1,041 µbar",9.362 V,11.591 V,361 µbar/min,7.295 V,9.44E-008 mbar,31 %,865 µbar,µ-Volume,,Pre,9.164527537023558,9.945538679018776,10.044601598635476,13.084090974981748,13.413972881491148,9.40960693517877,-1.919268379981132,-3.425963513681518,-1.969734320270672,0.0276621009063541,0.0069155252265885,-3.447313181858987,0.0162931276352036,0.0042068674659183,-1.9800263113118401,0.02919652892391181,-3.446568380074059,0.016274366880188483,ee0a048ed7a4__Natan Pereira BTS coral series 8.1.xlsx,2026-02-20 18:16:40.025,739667.0,361.0,1041.0,42.0,865.0,7.192143396099155,,BTS,844,BTS,844,,OK,16.0,15.0,15.0,0.0,0.0,6.718983741680827,-0.0926554203033465,9.605807104960244,9.547772399409068,0.0580347055511758,12.637041238005123,12.750185754950012,-0.113144516944887,-0.1019475810938585,-0.0103596378414861,-0.0104135782913523,8.897558333074581,15.0,True,-1.9730987162899745,-3.4513883158125838,0.0250161074686631,0.018114421836572,8.851230622922909,8.943886043226255,,0.4731596544183283
3.0,GIRMS\IRMS-operator,2026-02-20 18:44:27.026,2026-02-20 19:50:25.301,Running,False,BTS,838,3.0,1.0,3.0,True,Unknown,,"0.002 V, 0.002 V, 0.002 V",32 µbar,72 °C,,6.335 V,9.5206 kV,57 µbar,Carbon Dioxide: 0.0206 kV,"1,114 µbar",6.035 V,6.999 V,816 µbar/min,9.149 V,7.49E-008 mbar,47 %,784 µbar,µ-Volume,,Pre,5.935142783093675,6.438158179019742,6.516173966250341,8.468578378282134,8.699904004655425,6.10259311041549,-2.6070819918869725,-4.027359305778799,-2.611416233840839,0.0175596420079581,0.0045338800708123,-4.023651173218804,0.0195507846432105,0.0048876961608026,-2.645460860401598,0.018801552174737526,-4.022067921803353,0.019561812912789203,ee0a048ed7a4__Natan Pereira BTS coral series 8.1.xlsx,2026-02-20 18:44:27.026,739667.0,816.0,1114.0,57.0,784.0,4.748466419758813,,BTS,838,BTS,838,,OK,16.0,15.0,15.0,0.0,0.0,4.474171979195235,-0.0768452149913629,6.238095188831143,6.222240353320888,0.0158548355102547,8.204902330957,8.307243506036345,-0.1023411750793457,-0.0843102363083554,-0.0131871847314313,-0.0132747127762498,5.788842010114795,15.0,True,-2.614735530479898,-4.023403964381471,0.02104230208609,0.0202110838973085,5.750419402619114,5.827264617610477,,0.2742944405635779
4.0,GIRMS\IRMS-operator,2026-02-20 19:15:50.284,2026-02-20 20:26:37.383,Running,False,BTS,900,4.0,2.0,3.0,True,Unknown,,"0.002 V, 0.002 V, 0.002 V",35 µbar,72 °C,,9.666 V,9.5207 kV,54 µbar,Carbon Dioxide: 0.0207 kV,"1,092 µbar",8.864 V,10.883 V,557 µbar/min,5.936 V,9.07E-008 mbar,31 %,863 µbar,µ-Volume,,Pre,8.689073722004526,9.434314495244484,9.54479170433567,12.40036178618942,12.74533856898819,8.941618601917856,-1.4072869701242663,-3.702158743640327,-1.4397872980729602,0.0196052160887879,0.0049013040221969,-3.694423435244668,0.0195207128112862,0.0048801782028215,-1.4039103026449935,0.021205164451253488,-3.695135833159675,0.01955489925568489,ee0a048ed7a4__Natan Pereira BTS coral series 8.1.xlsx,2026-02-20 19:15:50.284,739667.0,557.0,1092.0,54.0,863.0,6.853031028375206,,BTS,900,BTS,900,,OK,16.0,15.0,15.0,0.0,0.0,6.408742569853196,-0.1045401343365899,9.119929796376686,9.07811713806675,0.0418126583099365,11.987018475833285,12.121426949801789,-0.134408473968504,-0.1147994434059254,-0.0122932248144729,-0.0123692538234926,8.45161202351909,15.0,True,-1.441953986602873,-3.693907748018292,0.0182027824869942,0.0200927304448347,8.399341956350796,8.503882090687386,,0.44428845852200993
5.0,GIRMS\IRMS-operator,2026-02-20 19:50:25.407,2026-02-20 21:06:44.764,Running,False,BTS,1064,5.0,1.0,4.0,True,Unknown,,"0.001 V, 0.001 V, 0.001 V",40 µbar,72 °C,,30.550 V,9.5206 kV,59 µbar,Carbon Dioxide: 0.0206 kV,"1,117 µbar",21.909 V,37.324 V,703 µbar/min,3.359 V,1.70E-007 mbar,10 %,953 µbar,µ-Volume,27.017 V,Pre,29.401103760304924,31.831432232564044,23.760590800946304,41.94166722355656,31.75596358834081,22.28991201073217,-2.925244157886864,-3.641227070644737,-2.93574304227111,0.030553457509266,0.0078888688068295,-3.5596048227849315,0.0533755800587915,0.0133438950146978,-3.0094120823661292,0.031388172521913095,-3.5568112777415664,0.05336784871285005,ee0a048ed7a4__Natan Pereira BTS coral series 8.1.xlsx,2026-02-20 19:50:25.407,739667.0,703.0,1117.0,59.0,953.0,21.321495789292328,,BTS,1064,BTS,1064,,OK,16.0,15.0,15.0,0.0,0.0,14.73905645908773,7.123902440071113,30.315879831021377,22.254768857663223,8.061110973358154,39.94324269352727,29.74092426358037,10.202318429946896,10.623442536792256,0.341277421899879,0.2915309554584456,24.436178411546223,15.0,True,-2.930169277857978,-3.554163339594277,0.0390501329881524,0.0504465422599484,27.998129631581783,20.87422719151067,,6.582439330204599
6.0,GIRMS\IRMS-operator,2026-02-20 20:26:37.501,2026-02-20 21:39:36.529,Running,False,SHP2L,,6.0,2.0,4.0,True,QC Standard,SHP2L,"0.002 V, 0.002 V, 0.003 V",37 µbar,72 °C,,4.049 V,9.5204 kV,52 µbar,Carbon Dioxide: 0.0204 kV,"1,114 µbar",3.752 V,4.400 V,513 µbar/min,20.834 V,5.74E-008 mbar,77 %,738 µbar,µ-Volume,,Pre,3.6971321998843294,4.01805772370375,4.0714354987021375,5.263585962616414,5.434382909335634,3.812477863824885,-0.8221177003017166,-6.10556653038774,-0.8099284002759831,0.0277902144237258,0.0071754025100415,-6.116445205551583,0.0219649469691827,0.0056713249207982,-0.6399552746206923,0.029477672436567,-6.121167017259119,0.022014077554094777,ee0a048ed7a4__Natan Pereira BTS coral series 8.1.xlsx,2026-02-20 20:26:37.501,739667.0,513.0,1114.0,52.0,738.0,3.0055687999932954,,SHP2L,,SHP2L,,,OK,16.0,15.0,15.0,0.0,0.0,2.8590294294193184,-0.0630984876446558,3.904104341780768,3.903344383284634,0.0007599584961344,5.114271113009277,5.210349612911055,-0.096078499901778,-0.0689422424863417,-0.0172619767535866,-0.0174122617826463,3.6237961749197862,15.0,True,-0.8149724808549069,-6.121175845440911,0.0358564955862242,0.0266057351295294,3.592246931097459,3.655345418742115,,0.14653937057397703
7.0,GIRMS\IRMS-operator,2026-02-20 21:06:44.917,2026-02-20 22:14:54.035,Running,False,BTS,840,7.0,1.0,5.0,True,Unknown,,"0.001 V, 0.001 V, 0.002 V",40 µbar,72 °C,,9.985 V,9.5207 kV,57 µbar,Carbon Dioxide: 0.0207 kV,"1,102 µbar",9.162 V,11.248 V,552 µbar/min,3.722 V,9.21E-008 mbar,30 %,877 µbar,µ-Volume,,Pre,8.965494161479436,9.725783598815958,9.847218193301371,12.790964488711312,13.14805591556068,9.22489920091762,-2.281027628729837,-3.9275512661407497,-2.3316176930492967,0.0181428090888428,0.0046844531636339,-3.9197066751276353,0.011325800624811,0.0029243091468239,-2.34976550664423,0.019204768769828674,-3.91865703737199,0.011323280427730354,ee0a048ed7a4__Natan Pereira BTS coral series 8.1.xlsx,2026-02-20 21:06:44.917,739667.0,552.0,1102.0,57.0,877.0,7.054149536362326,,BTS,840,BTS,840,,OK,16.0,15.0,15.0,0.0,0.0,6.595875028937174,-0.107467174530031,9.39788354674534,9.362603091120034,0.0352804556253065,12.359861629754707,12.500779275622325,-0.1409176458676153,-0.1180185386818423,-0.0122530295792328,-0.0123285606886264,8.716927891604861,15.0,True,-2.3316176930492967,-3.921947354243264,0.0181428090888429,0.0155321877392632,8.663194304339845,8.770661478869876,,0.45827450742515197
8.0,GIRMS\IRMS-operator,2026-02-20 21:39:36.643,2026-02-20 22:50:13.785,Running,False,BTS,1011,8.0,2.0,5.0,True,Unknown,,"0.002 V, 0.002 V, 0.002 V",42 µbar,72 °C,,17.608 V,9.5208 kV,54 µbar,Carbon Dioxide: 0.0208 kV,"1,021 µbar",16.096 V,20.476 V,400 µbar/min,8.945 V,1.34E-007 mbar,14 %,941 µbar,µ-Volume,,Pre,15.693591001960831,17.026345527944756,17.381738222418022,22.391748475867537,23.219046044188765,16.29614925715645,-1.4171627063818135,-3.5365641241255075,-1.5680576347549673,0.0428348902642534,0.0110599211086717,-3.5784077059475567,0.0241855852772215,0.0060463963193053,-1.545356007390253,0.04535172395360055,-3.5787275895377557,0.024123344110925538,ee0a048ed7a4__Natan Pereira BTS coral series 8.1.xlsx,2026-02-20 21:39:36.643,739667.0,400.0,1021.0,54.0,941.0,11.976778519755944,,BTS,1011,BTS,1011,,OK,16.0,15.0,15.0,0.0,0.0,11.125159306180633,-0.272408127784729,16.36524061041851,16.38038019019146,-0.0151395797729492,21.52178888304832,21.88002769930961,-0.3582388162612915,-0.2974919953541379,-0.0177398448922692,-0.0178986041227319,15.219518009159168,15.0,True,-1.5680576347549675,-3.581197278069025,0.0428348902642534,0.022210883752622,15.083313945266802,15.355722073051531,,0.8516192135753116
9.0,GIRMS\IRMS-operator,2026-02-20 22:14:54.218,2026-02-20 23:33:31.622,Running,False,BTS,842,9.0,1.0,6.0,True,Unknown,,"0.001 V, 0.001 V, 0.001 V",42 µbar,72 °C,,13.763 V,9.5209 kV,57 µbar,Carbon Dioxide: 0.0209 kV,"1,073 µbar",12.689 V,15.807 V,552 µbar/min,3.365 V,1.14E-007 mbar,22 %,916 µbar,µ-Volume,,Pre,12.404859189688498,13.463999418696496,13.647417811831566,17.699508826439253,18.226920525734297,12.790170823028408,-1.3683416914080926,-3.698339534454642,-1.4741051198710942,0.0313447746903291,0.0080931860244179,-3.69873834829948,0.0133389369816808,0.0034440987190773,-1.4403677222764182,0.03316352338288212,-3.6993965280346894,0.013307463478146998,ee0a048ed7a4__Natan Pereira BTS coral series 8.1.xlsx,2026-02-20 22:14:54.218,739667.0,552.0,1073.0,57.0,916.0,9.60187993715174,,BTS,842,BTS,842,,OK,16.0,15.0,15.0,0.0,0.0,8.92392519040059,-0.1509338617324847,12.972812442263695,12.914878834000792,0.0579336082629033,17.053603093330732,17.24754170626866,-0.1939386129379272,-0.1657162715090275,-0.0124711916227742,-0.0125494448887578,12.027134512355648,15.0,True,-1.4741051198710942,-3.7015397290466696,0.0313447746903291,0.0171245200839336,11.951667581489406,12.102601443221891,,0.6779547467511495
10.0,GIRMS\IRMS-operator,2026-02-20 22:50:13.899,2026-02-21 00:03:14.589,Running,False,BTS,834,10.0,2.0,6.0,True,Unknown,,"0.002 V, 0.002 V, 0.002 V",45 µbar,72 °C,,18.571 V,9.5206 kV,62 µbar,Carbon Dioxide: 0.0206 kV,"1,158 µbar",16.877 V,21.673 V,723 µbar/min,12.329 V,1.39E-007 mbar,14 %,938 µbar,µ-Volume,,Pre,16.45363430362253,17.832356583438177,18.18347264464881,23.48008411544074,24.293553406174077,17.04960624557047,-2.36599411520988,-3.4093736574990485,-2.50420121317018,0.0546497403755062,0.0141105022899263,-3.4443744039757416,0.0225432361070012,0.0056358090267503,-2.5521298527374943,0.057835767550759906,-3.4424391264495164,0.022482860221256482,ee0a048ed7a4__Natan Pereira BTS coral series 8.1.xlsx,2026-02-20 22:50:13.899,739667.0,723.0,1158.0,62.0,938.0,12.509060982846487,,BTS,834,BTS,834,,OK,16.0,15.0,15.0,0.0,0.0,11.592154904877608,-0.2498775720596349,17.12954331573035,17.122807990870736,0.006735324859612,22.551697069580445,22.874307209427247,-0.3226101398468017,-0.2734907492409465,-0.0155658571978527,-0.0156879554348654,15.927988391928958,15.0,True,-2.5031046366404297,-3.446707787074188,0.05770087789476,0.0212405273146348,15.80304960589914,16.052927177958775,,0.9169060779688785
11.0,GIRMS\IRMS-operator,2026-02-20 23:33:31.744,2026-02-21 00:36:41.939,Running,False,SHP2L,,11.0,1.0,7.0,True,QC Standard,SHP2L,"0.002 V, 0.002 V, 0.003 V",42 µbar,72 °C,,3.245 V,9.5206 kV,59 µbar,Carbon Dioxide: 0.0206 kV,"1,126 µbar",3.058 V,3.505 V,611 µbar/min,16.220 V,5.15E-008 mbar,99 %,709 µbar,µ-Volume,,Pre,3.092243254186712,3.3603908107436142,3.341373281712764,4.402148139877168,4.460590494079439,3.1290193200131284,-0.90212920039201,-6.221026073785274,-0.8990911715193172,0.0173643438522492,0.0043410859630623,-6.157449669961964,0.0345113606445003,0.008627840161125,-0.7340824404522481,0.018147658312437438,-6.162020111917812,0.03453390534738626,ee0a048ed7a4__Natan Pereira BTS coral series 8.1.xlsx,2026-02-20 23:33:31.744,739667.0,611.0,1126.0,59.0,709.0,2.5260644480351706,,SHP2L,,SHP2L,,,OK,16.0,15.0,15.0,0.0,0.0,2.3646974338699263,0.0016838263974388,3.266576783487709,3.208172055862135,0.0584047276255739,4.279492121547463,4.282259171708642,-0.0027670501611787,0.0018731362159269,0.0005604940882945,0.000560337055491,3.0050241741789163,15.0,True,-0.8988886362611377,-6.153211243040408,0.0179542307666183,0.0311150941074039,3.005866087377636,3.004182260980197,,0.16136701416524435
12.0,GIRMS\IRMS-operator,2026-02-21 00:03:14.730,2026-02-21 01:13:33.517,Running,False,BTS,920,12.0,2.0,7.0,True,Unknown,,"0.001 V, 0.001 V, 0.001 V",42 µbar,72 °C,,10.566 V,9.5212 kV,57 µbar,Carbon Dioxide: 0.0212 kV,"1,087 µbar",9.671 V,11.925 V,513 µbar/min,3.039 V,9.53E-008 mbar,27 %,887 µbar,µ-Volume,,Pre,9.460619347984457,10.271006966624672,10.40259912112754,13.499988117325795,13.891322412598624,9.74557938235751,-1.4475350623195382,-3.817512562392378,-1.5062315941536395,0.0356139992675339,0.0089034998168834,-3.82695133012568,0.0137358199948601,0.0035465734724397,-1.4702035049477327,0.038147368856450675,-3.8276532962226626,0.013766058149162238,ee0a048ed7a4__Natan Pereira BTS coral series 8.1.xlsx,2026-02-21 00:03:14.730,739668.0,513.0,1087.0,57.0,887.0,7.426879214230079,,BTS,920,BTS,920,,OK,16.0,15.0,15.0,0.0,0.0,6.942964283914863,-0.1213699579238891,9.920695568118507,9.883308554683143,0.0373870134353637,13.038603463280689,13.19780746947576,-0.1592040061950701,-0.1331708963342873,-0.0131084607669972,-0.0131949434663731,9.198217349941396,15.0,True,-1.5101446962759129,-3.824577810354279,0.0331127789151568,0.0179215886375575,9.137532370979452,9.25890232890334,,0.4839149303152155
13.0,GIRMS\IRMS-operator,2026-02-21 00:36:42.079,2026-02-21 01:56:20.773,Running,False,BTS,845,13.0,1.0,8.0,True,Unknown,,"0.001 V, 0.001 V, 0.001 V",42 µbar,72 °C,,10.136 V,9.5211 kV,54 µbar,Carbon Dioxide: 0.0211 kV,"1,095 µbar",9.224 V,11.399 V,596 µbar/min,3.359 V,9.30E-008 mbar,32 %,880 µbar,µ-Volume,,Pre,9.027061854064447,9.794323598456176,9.910150324415952,12.884754531861631,13.233752493032275,9.283874035350502,-2.1219107190332265,-3.5929583885377925,-2.2050639151112907,0.0225252609206365,0.0058159973609734,-3.615312542448408,0.0196838805134603,0.004920970128365,-2.2256507796190115,0.024398004688756438,-3.614225537604196,0.01970956419884876,ee0a048ed7a4__Natan Pereira BTS coral series 8.1.xlsx,2026-02-21 00:36:42.079,739668.0,596.0,1095.0,54.0,880.0,7.1048026757211185,,BTS,845,BTS,845,,OK,16.0,15.0,15.0,0.0,0.0,6.638463897104205,-0.1074671745300293,9.459732925009522,9.422077690672667,0.0376552343368548,12.444318775304613,12.581290248998462,-0.1369714736938494,-0.1180277205619695,-0.0121761825484049,-0.0122507663320131,8.77228179997204,15.0,True,-2.2050639151112903,-3.616802819375782,0.0225252609206366,0.0194179688583231,8.718548212707026,8.826015387237055,,0.46633877861691353
14.0,GIRMS\IRMS-operator,2026-02-21 01:13:33.630,2026-02-21 02:24:32.280,Running,False,BTS,843,14.0,2.0,8.0,True,Unknown,,"0.002 V, 0.002 V, 0.002 V",40 µbar,72 °C,,8.616 V,9.5211 kV,57 µbar,Carbon Dioxide: 0.0211 kV,"1,109 µbar",8.556 V,9.626 V,562 µbar/min,9.042 V,8.90E-008 mbar,33 %,863 µbar,µ-Volume,,Pre,8.340411573324761,9.055562567583278,9.206004547523712,11.904884714203902,12.292821544724534,8.623712449942195,-1.507788048250247,-3.5956744518456096,-1.5798344791209489,0.0175371412268446,0.0045280703941104,-3.612545297064192,0.0184595939697125,0.0047662466681631,-1.5566404334355595,0.01858737095435478,-3.6128678340087452,0.018465843324555822,ee0a048ed7a4__Natan Pereira BTS coral series 8.1.xlsx,2026-02-21 01:13:33.630,739668.0,562.0,1109.0,57.0,863.0,6.596648553434409,,BTS,843,BTS,843,,OK,16.0,15.0,15.0,0.0,0.0,6.194848627541588,-0.141128763076054,8.756630657957183,8.76098179287622,-0.0043511349190374,11.511330145913192,11.697862881737777,-0.1865327358245849,-0.1542091528453656,-0.0171982515956629,-0.017347424279309,8.135430413400558,15.0,True,-1.5798344791209489,-3.616763660255821,0.0175371412268445,0.0213348063073061,8.06486603186253,8.205994794938585,,0.40179992589282065
15.0,GIRMS\IRMS-operator,2026-02-21 01:56:20.906,2026-02-21 02:59:43.896,Running,False,BTS,1095,15.0,1.0,9.0,True,Unknown,,"0.002 V, 0.002 V, 0.002 V",42 µbar,72 °C,,21.386 V,9.5211 kV,71 µbar,Carbon Dioxide: 0.0211 kV,"1,180 µbar",20.620 V,25.209 V,781 µbar/min,8.384 V,1.63E-007 mbar,10 %,955 µbar,µ-Volume,,Pre,20.281584027740557,21.98075906411396,22.32786671296345,28.943044473099384,29.84153978960482,20.94279325339516,-2.024302065943062,-3.423429193300076,-2.2164100001437057,0.0787247715364464,0.0203266486063093,-3.466941805775454,0.0173734072362928,0.0044857944595361,-2.23059410705434,0.0956390564911437,-3.4656581963326736,0.017258738633345483,ee0a048ed7a4__Natan Pereira BTS coral series 8.1.xlsx,2026-02-21 01:56:20.906,739668.0,781.0,1180.0,71.0,955.0,15.207742366525729,,BTS,1095,BTS,1095,,OK,16.0,15.0,15.0,0.0,0.0,13.937664892810673,-0.2077668905258178,21.057423511898385,20.936619798099866,0.1208037137985229,27.72596233026949,27.980191041397724,-0.2542287111282348,-0.2285521118268677,-0.0105810986042317,-0.0106373761672899,19.531779948207934,15.0,True,-2.2164100001437053,-3.466941805775455,0.0787247715364467,0.0173734072362928,19.427896502945025,19.635663393470843,,1.2700774737150553
16.0,GIRMS\IRMS-operator,2026-02-21 02:24:32.386,2026-02-21 03:35:11.428,Running,False,SHP2L,,16.0,2.0,9.0,True,QC Standard,SHP2L,"0.002 V, 0.002 V, 0.003 V",42 µbar,72 °C,,8.189 V,9.5208 kV,49 µbar,Carbon Dioxide: 0.0208 kV,982 µbar,7.929 V,9.124 V,376 µbar/min,19.603 V,8.47E-008 mbar,33 %,848 µbar,µ-Volume,,Pre,7.789424327563212,8.463613546957237,8.535341386275823,11.091001072596796,11.397115627002009,7.994649917451283,-0.8160435077582129,-6.117046250772806,-0.8341161252206769,0.0266106592715638,0.0066526648178909,-6.114844330400049,0.0291492533993998,0.0072873133498499,-0.6661371236055952,0.028243166817159576,-6.119515535175736,0.02916661964610648,ee0a048ed7a4__Natan Pereira BTS coral series 8.1.xlsx,2026-02-21 02:24:32.386,739668.0,376.0,982.0,49.0,848.0,6.175724899669162,,SHP2L,,SHP2L,,,OK,16.0,15.0,15.0,0.0,0.0,5.77162863405341,-0.0774340996725522,8.188896001178529,8.12863576277925,0.0602602383992785,10.730724985371578,10.854013004969842,-0.123288019598263,-0.0852160532491306,-0.0101703308640995,-0.0102223130168886,7.575007686090279,15.0,True,-0.8353209663848411,-6.114697535708531,0.0270891565913129,0.0301662215572631,7.536290636254002,7.613724735926555,,0.4040962656157516
17.0,GIRMS\IRMS-operator,2026-02-21 02:59:44.075,2026-02-21 04:19:21.235,Running,False,BTS,836,17.0,1.0,10.0,True,Unknown,,"0.001 V, 0.001 V, 0.001 V",40 µbar,72 °C,,10.798 V,9.5213 kV,57 µbar,Carbon Dioxide: 0.0213 kV,"1,100 µbar",9.835 V,12.194 V,625 µbar/min,3.352 V,9.62E-008 mbar,29 %,889 µbar,µ-Volume,,Pre,9.624246990507372,10.436966454863184,10.551963075795866,13.736018682513652,14.09157528976005,9.884952462073468,-2.6355146062209123,-3.749964442064213,-2.675864053100524,0.0310599277066656,0.0077649819266664,-3.738632975650593,0.0233864555028357,0.0058466138757089,-2.7249073800653183,0.03310715125399108,-3.736604691878337,0.023400446599229102,ee0a048ed7a4__Natan Pereira BTS coral series 8.1.xlsx,2026-02-21 02:59:44.075,739668.0,625.0,1100.0,57.0,889.0,7.551218709364397,,BTS,836,BTS,836,,OK,16.0,15.0,15.0,0.0,0.0,7.032965062367528,-0.0955015420913714,10.079194385466018,10.023538601484487,0.0556557839815301,13.264992977176124,13.385528470073162,-0.1205354928970372,-0.1050991468019508,-0.0101711442141925,-0.0102231347028846,9.34170827900996,15.0,True,-2.678554016225831,-3.737877544556353,0.0301593035271824,0.0240043630582274,9.293957507964274,9.389459050055644,,0.518253646996869
18.0,GIRMS\IRMS-operator,2026-02-21 03:35:11.604,2026-02-21 04:49:01.842,Running,False,BTS,1050,18.0,2.0,10.0,True,Unknown,,"0.002 V, 0.002 V, 0.002 V",40 µbar,72 °C,,19.143 V,9.5212 kV,54 µbar,Carbon Dioxide: 0.0212 kV,"1,068 µbar",17.456 V,22.387 V,479 µbar/min,9.616 V,1.45E-007 mbar,13 %,943 µbar,µ-Volume,,Pre,17.00812578201294,18.451061888795927,18.844541951280664,24.27217023542722,25.180708934577307,17.6689475774765,-1.4228371217186453,-3.5603543153615025,-1.5854329492992485,0.0622063346816359,0.0160616065500387,-3.596490610352713,0.0222570189070587,0.0055642547267646,-1.5632924890059814,0.06588659187058982,-3.5967923482555992,0.022133765050333265,ee0a048ed7a4__Natan Pereira BTS coral series 8.1.xlsx,2026-02-21 03:35:11.604,739668.0,479.0,1068.0,54.0,943.0,12.906677098954757,,BTS,1050,BTS,1050,,OK,16.0,15.0,15.0,0.0,0.0,11.965560430369065,-0.2932697534561157,17.714929624658655,17.729771181207727,-0.0148415565490722,23.302879502089816,23.68934111765225,-0.3864616155624389,-0.3203059746823171,-0.017643620559511,-0.0178006545568671,16.475223004817963,15.0,True,-1.5854329492992485,-3.5988996966854616,0.0622063346816359,0.0207669656793223,16.328588128089905,16.62185788154602,,0.9411166685856927
19.0,GIRMS\IRMS-operator,2026-02-21 04:19:21.421,2026-02-21 05:23:00.227,Running,False,BTS,1092,19.0,1.0,11.0,True,Unknown,,"0.002 V, 0.002 V, 0.003 V",42 µbar,73 °C,,8.524 V,9.5209 kV,62 µbar,Carbon Dioxide: 0.0209 kV,"1,158 µbar",8.241 V,9.522 V,689 µbar/min,16.747 V,8.59E-008 mbar,33 %,865 µbar,µ-Volume,,Pre,8.096996321831188,8.792768523995344,8.841903642406276,11.558660116173131,11.80662694097781,8.28210507000886,-1.357708760961751,-3.5377780537974024,-1.3857474788774526,0.0201101261672959,0.0051924122490711,-3.53360887127694,0.0220884953048094,0.0055221238262023,-1.3520651501992258,0.02148028912657996,-3.534263339991829,0.02210605608613458,ee0a048ed7a4__Natan Pereira BTS coral series 8.1.xlsx,2026-02-21 04:19:21.421,739668.0,689.0,1158.0,62.0,865.0,6.40637137360758,,BTS,1092,BTS,1092,,OK,16.0,15.0,15.0,0.0,0.0,5.966282451378646,-0.0540017566664152,8.50351349556918,8.417333767716352,0.0861797278528282,11.178125764143704,11.2396526587131,-0.0615268945693969,-0.0596282074203201,-0.0068492607922119,-0.0068727975837234,7.857318072964293,15.0,True,-1.3910888995543935,-3.533330925775576,0.0226152690702849,0.0228347846873455,7.830317194631086,7.884318951297502,,0.4400889222289335
20.0,GIRMS\IRMS-operator,2026-02-21 04:49:01.984,2026-02-21 05:59:04.789,Running,False,BTS,1077,20.0,2.0,11.0,True,Unknown,,"0.002 V, 0.002 V, 0.002 V",42 µbar,73 °C,,23.060 V,9.5210 kV,49 µbar,Carbon Dioxide: 0.0210 kV,860 µbar,19.308 V,27.403 V,234 µbar/min,8.075 V,1.54E-007 mbar,10 %,958 µbar,µ-Volume,20.915 V,Pre,22.41162901170098,24.27243366167469,20.92914953157825,31.96927372504133,27.970085182675295,19.62824111230217,-2.8511782684835785,-3.898002696256619,-2.9135006464175857,0.0322318447122003,0.00805796117805,-3.9054581312748895,0.0148129169064538,0.0038246786991633,-2.973110313646582,0.03435134149645912,-3.903076528982859,0.014797217608197232,ee0a048ed7a4__Natan Pereira BTS coral series 8.1.xlsx,2026-02-21 04:49:01.984,739668.0,234.0,860.0,49.0,958.0,16.654807678315663,,BTS,1077,BTS,1077,,OK,16.0,15.0,15.0,0.0,0.0,13.152031385520527,3.013670444488529,23.22650625631733,19.653714441513248,3.5727918148040807,30.58959011126416,26.26335088301557,4.326239228248593,3.898509164694296,0.1635206749546251,0.1511616476307116,19.936739852498405,15.0,True,-2.917655471613186,-3.902955565377742,0.0285861602701025,0.0187974964124184,21.44357507474267,18.429904630254143,,3.5027762927951365
21.0,GIRMS\IRMS-operator,2026-02-21 05:23:00.335,2026-02-21 06:44:32.323,Running,False,SHP2L,,21.0,1.0,12.0,True,QC Standard,SHP2L,"0.001 V, 0.001 V, 0.002 V",42 µbar,72 °C,,7.876 V,9.5213 kV,57 µbar,Carbon Dioxide: 0.0213 kV,"1,100 µbar",7.181 V,8.730 V,537 µbar/min,3.358 V,7.98E-008 mbar,41 %,858 µbar,µ-Volume,,Pre,7.04337218451865,7.653635246852597,7.701035795405541,10.028461801593236,10.282030002672345,7.21238115477927,-0.8345770526051455,-6.157440842114892,-0.8747320426297703,0.0144979206749336,0.0037433470219102,-6.1479731563598365,0.0263735918614002,0.00659339796535,-0.7083923061479425,0.015470077482736454,-6.152593981164716,0.026401656935133536,ee0a048ed7a4__Natan Pereira BTS coral series 8.1.xlsx,2026-02-21 05:23:00.335,739668.0,537.0,1100.0,57.0,858.0,5.604187672365901,,SHP2L,,SHP2L,,,OK,16.0,15.0,15.0,0.0,0.0,5.240483815853636,-0.0591874122619628,7.407103312152694,7.341545624440508,0.0655576877121859,9.705682890016703,9.802277291538182,-0.0965944015214788,-0.0652384229667575,-0.0086080097142959,-0.0086452187779071,6.846259624246433,15.0,True,-0.8747320426297702,-6.147341977309499,0.0144979206749336,0.0271738875927074,6.816665918115452,6.875853330377415,,0.3637038565122648
22.0,GIRMS\IRMS-operator,2026-02-21 05:59:04.959,2026-02-21 07:14:13.556,Running,False,BTS,398,22.0,2.0,12.0,True,Unknown,,"0.002 V, 0.002 V, 0.002 V",42 µbar,72 °C,,7.750 V,9.5211 kV,49 µbar,Carbon Dioxide: 0.0211 kV,980 µbar,7.147 V,8.607 V,332 µbar/min,7.067 V,7.98E-008 mbar,41 %,850 µbar,µ-Volume,,Pre,7.019483236685459,7.609582605306581,7.685556460602095,10.017501721324562,10.26208938116038,7.198461083784765,-3.163417008413827,-3.850555658028832,-3.2031102891087526,0.0231477093381582,0.0057869273345395,-3.838509089365812,0.0198676656767799,0.0051298092196123,-3.2852266379112676,0.024609643763987107,-3.8354018732086987,0.0198861253277007,ee0a048ed7a4__Natan Pereira BTS coral series 8.1.xlsx,2026-02-21 05:59:04.959,739668.0,332.0,980.0,49.0,850.0,5.5861483484985825,,BTS,398,BTS,398,,OK,16.0,15.0,15.0,0.0,0.0,5.22979665834745,-0.068523416238567,7.366477895958235,7.328405429107955,0.0380724668502807,9.697564063441886,9.784566769542336,-0.087002706100451,-0.0754240885131635,-0.0099836473631823,-0.0100337339941491,6.8293036549030095,15.0,True,-3.2057565078217483,-3.8419967813416793,0.0213083703868029,0.0258305171053184,6.795041946783726,6.8635653630222935,,0.35635169015113277
23.0,GIRMS\IRMS-operator,2026-02-21 06:44:32.527,2026-02-21 07:47:56.461,Running,False,BTS,848,23.0,1.0,13.0,True,Unknown,,"0.002 V, 0.002 V, 0.002 V",42 µbar,73 °C,,48.509 V,9.5212 kV,59 µbar,Carbon Dioxide: 0.0212 kV,"1,080 µbar",20.470 V,49.009 V,596 µbar/min,7.016 V,1.63E-007 mbar,10 %,992 µbar,µ-Volume,48.503 V,Pre,46.55260852368089,48.9746446990794,22.19795838831127,48.98747125356404,29.66714719026296,20.82028499634476,-31.294920197792894,-265.140925652023,-3.7779931354606258,0.2179000772645837,0.0562615580255361,-44.44263064777194,71.53635893257609,18.47060845294556,-2.3346681805930394,2.6265028014856737,-44.479876057859975,71.60875262826633,ee0a048ed7a4__Natan Pereira BTS coral series 8.1.xlsx,2026-02-21 06:44:32.527,739668.0,596.0,1080.0,59.0,992.0,32.02459289522381,,BTS,848,BTS,848,,Partially Saturated Collectors,16.0,15.0,10.0,0.0,5.0,13.875913191012131,24.334177374839783,47.44459346769512,20.821091093999748,26.623502373695366,47.46963897435872,20.60902932374684,26.86060965061188,60.77082182517642,1.2462068347707296,0.7677926257947427,31.693684671237182,10.0,True,-4.083363066175294,-4.592625908597214,0.2179000772645837,0.1243507398526745,43.86077335865708,19.52659598381729,,18.14867970421168
24.0,GIRMS\IRMS-operator,2026-02-21 07:14:13.671,2026-02-21 08:25:09.947,Running,False,BTS,1080,24.0,2.0,13.0,True,Unknown,,"0.002 V, 0.002 V, 0.003 V",42 µbar,73 °C,,14.421 V,9.5210 kV,47 µbar,Carbon Dioxide: 0.0210 kV,850 µbar,13.200 V,16.580 V,259 µbar/min,19.507 V,1.17E-007 mbar,18 %,921 µbar,µ-Volume,,Pre,12.908722567352154,14.00840330342089,14.222696902549616,18.42310061997106,18.99913480824163,13.329412150176864,-1.5303583370664953,-3.6387608543819727,-1.629655949856475,0.0299226221099996,0.0077259878071257,-3.655550317874491,0.0252349671493489,0.0063087417873372,-1.6084728687142094,0.03148134215424013,-3.6558067343561564,0.02521538165575458,ee0a048ed7a4__Natan Pereira BTS coral series 8.1.xlsx,2026-02-21 07:14:13.671,739668.0,259.0,850.0,47.0,921.0,9.977329293191621,,BTS,1080,BTS,1080,,OK,16.0,15.0,15.0,0.0,0.0,9.26658153777746,-0.1687407493591308,13.49626529434954,13.450816752708306,0.0454485416412335,17.749344616591237,17.96708038395574,-0.2177357673645019,-0.1850954052870716,-0.0133866924215893,-0.01347689796552,12.520741033347942,15.0,True,-1.629655949856475,-3.65666961544066,0.0299226221099996,0.0257062735748074,12.436370658668377,12.605111408027508,,0.710747755414161
25.0,GIRMS\IRMS-operator,2026-02-21 07:47:56.606,2026-02-21 09:06:46.184,Running,False,BTS,814,25.0,1.0,14.0,True,Unknown,,"0.001 V, 0.001 V, 0.002 V",45 µbar,72 °C,,7.657 V,9.5215 kV,49 µbar,Carbon Dioxide: 0.0215 kV,958 µbar,7.008 V,8.495 V,366 µbar/min,3.347 V,7.87E-008 mbar,42 %,846 µbar,µ-Volume,,Pre,6.869168045822557,7.45406356442439,7.556352351593061,9.802896847655022,10.089336795189832,7.076905134025986,-2.2200977782179665,-3.9105662213231303,-2.270206948751456,0.0190547509509383,0.0049199155399409,-3.919276630487478,0.0158641458326494,0.0040961048407771,-2.284029050617035,0.020182173313142204,-3.9183666013086205,0.015865938642775437,ee0a048ed7a4__Natan Pereira BTS coral series 8.1.xlsx,2026-02-21 07:47:56.606,739668.0,366.0,958.0,49.0,846.0,5.468502772936297,,BTS,814,BTS,814,,OK,16.0,15.0,15.0,0.0,0.0,5.146118086341854,-0.0986467597081182,7.216360241060133,7.205996583728612,0.0103636573315215,9.49024098165758,9.621341272814073,-0.1311002911564927,-0.1080728378816973,-0.0146170677655338,-0.0147246836146444,6.699414553804667,15.0,True,-2.270206948751456,-3.9226319984964726,0.0190547509509383,0.0189187750929557,6.650091173950608,6.748737933658727,,0.3223846865944431
26.0,GIRMS\IRMS-operator,2026-02-21 08:25:10.131,2026-02-21 09:38:41.895,Running,False,SHP2L,,26.0,2.0,14.0,True,QC Standard,SHP2L,"0.002 V, 0.002 V, 0.002 V",42 µbar,72 °C,,5.768 V,9.5213 kV,49 µbar,Carbon Dioxide: 0.0213 kV,"1,007 µbar",5.646 V,6.339 V,313 µbar/min,6.896 V,7.02E-008 mbar,52 %,799 µbar,µ-Volume,,Pre,5.560440812057381,6.042874118727663,6.074136754912356,7.918470942883358,8.109690673670201,5.688194126457124,-0.8138034412492612,-6.049947290153512,-0.8323662887872748,0.0153836216162566,0.0039720340216078,-6.05541879326142,0.0154426499562709,0.0041272218057318,-0.6664359737898657,0.016470294908230026,-6.060043372228073,0.015461302686170145,ee0a048ed7a4__Natan Pereira BTS coral series 8.1.xlsx,2026-02-21 08:25:10.131,739668.0,313.0,1007.0,49.0,799.0,4.466567366009372,,SHP2L,,SHP2L,,,OK,16.0,15.0,15.0,0.0,0.0,4.187133560057433,-0.0457763671875008,5.859205174576263,5.805933624915675,0.0532715496605877,7.677497394403844,7.751898892244726,-0.0744014978408822,-0.0504659162725089,-0.0084191222756521,-0.0084547129065349,5.414301785708007,15.0,True,-0.8297770663965681,-6.055974076396938,0.0209811766905212,0.0262905660622193,5.391413602114257,5.437189969301758,,0.279433805951939
27.0,GIRMS\IRMS-operator,2026-02-21 09:06:46.324,2026-02-21 10:15:27.948,Running,False,BTS,833,27.0,1.0,15.0,True,Unknown,,"0.002 V, 0.002 V, 0.002 V",40 µbar,72 °C,,12.627 V,9.5214 kV,49 µbar,Carbon Dioxide: 0.0214 kV,977 µbar,11.616 V,14.437 V,484 µbar/min,5.570 V,1.08E-007 mbar,23 %,897 µbar,µ-Volume,,Pre,11.361547495464531,12.322522901851348,12.47028534653244,16.21925584814637,16.656306905961923,11.684932495693417,-2.265305393391981,-3.4473142572228888,-2.3505589418945467,0.0285447068980834,0.0073702116292432,-3.480273575884992,0.0143978891210122,0.003717518985748,-2.3864109982832797,0.030711783843932618,-3.47871631150188,0.01439613553626382,ee0a048ed7a4__Natan Pereira BTS coral series 8.1.xlsx,2026-02-21 09:06:46.324,739668.0,484.0,977.0,49.0,897.0,8.838127254378865,,BTS,833,BTS,833,,OK,16.0,15.0,15.0,0.0,0.0,8.209413321673402,-0.1145302157113867,11.88506951268356,11.817388438541103,0.067681074142456,15.643296165681772,15.783665104127817,-0.1403689384460449,-0.1260181743181748,-0.0103436649213695,-0.0103974387325143,11.015233526044598,15.0,True,-2.3505589418945467,-3.4797098436540663,0.0285447068980834,0.0158707561460591,10.957968418188903,11.072498633900292,,0.6287139327054625
28.0,GIRMS\IRMS-operator,2026-02-21 09:38:42.037,2026-02-21 10:50:43.427,Running,False,BTS,1062,28.0,2.0,15.0,True,Unknown,,"0.002 V, 0.002 V, 0.002 V",40 µbar,72 °C,,20.697 V,9.5210 kV,47 µbar,Carbon Dioxide: 0.0210 kV,902 µbar,19.694 V,24.365 V,420 µbar/min,11.285 V,1.58E-007 mbar,10 %,929 µbar,µ-Volume,,Pre,19.43206930699704,21.068334036969706,21.321370655202436,27.736888772533216,28.49654997019557,19.996808415082672,-1.732720246133579,-3.310551655737348,-1.91133398901715,0.0587184823378061,0.0151610469472598,-3.361386495338784,0.0276617132485579,0.0069154283121394,-1.9206847721595495,0.0621027847501856,-3.360703009813004,0.02755403769264009,ee0a048ed7a4__Natan Pereira BTS coral series 8.1.xlsx,2026-02-21 09:38:42.037,739668.0,420.0,902.0,47.0,929.0,14.600345648822309,,BTS,1062,BTS,1062,,OK,16.0,15.0,15.0,0.0,0.0,13.373173995699865,-0.1451671123504638,20.191966944837137,20.012959295415445,0.1790076494216919,26.58216798929957,26.746050960109518,-0.16388297080994,-0.1601491306441416,-0.0077350481829833,-0.007765079816245,18.69486415925381,15.0,True,-1.9113339890171497,-3.364775484645548,0.0587184823378062,0.024958674490556,18.62228060307858,18.767447715429043,,1.2271716531224435
29.0,GIRMS\IRMS-operator,2026-02-21 10:15:28.074,2026-02-21 11:35:29.513,Running,False,BTS,1033,29.0,1.0,16.0,True,Unknown,,"0.001 V, 0.001 V, 0.002 V",40 µbar,72 °C,,18.555 V,9.5213 kV,57 µbar,Carbon Dioxide: 0.0213 kV,"1,102 µbar",17.037 V,21.659 V,679 µbar/min,3.354 V,1.43E-007 mbar,14 %,924 µbar,µ-Volume,,Pre,16.602565181648295,17.984249376123188,18.371977590387104,23.696891209336123,24.550250908585397,17.224524748718302,-2.992545966843396,-3.524102789681405,-3.140193421931933,0.046789886791182,0.0120810968208785,-3.561564694767272,0.0134214595593405,0.0034654059570081,-3.2283093170730823,0.04976438738146822,-3.558298783647706,0.013371677017985232,ee0a048ed7a4__Natan Pereira BTS coral series 8.1.xlsx,2026-02-21 10:15:28.074,739668.0,679.0,1102.0,57.0,924.0,12.601993561773806,,BTS,1033,BTS,1033,,OK,16.0,15.0,15.0,0.0,0.0,11.696786743684036,-0.2753734588623047,17.26732470876479,17.29730584508681,-0.0299811363220214,22.75118901416858,23.11193122551044,-0.3607422113418579,-0.3009622177060868,-0.0169826048593199,-0.0171280442631872,16.077343953048747,15.0,True,-3.1401934219319325,-3.5615646947672714,0.0467898867911821,0.0134214595593404,15.939657223617594,16.2150306824799,,0.9052068180897699
30.0,GIRMS\IRMS-operator,2026-02-21 10:50:43.628,2026-02-21 12:03:57.273,Running,False,BTS,1073,30.0,2.0,16.0,True,Unknown,,"0.002 V, 0.002 V, 0.003 V",37 µbar,72 °C,,24.981 V,9.5211 kV,45 µbar,Carbon Dioxide: 0.0211 kV,850 µbar,20.215 V,29.839 V,269 µbar/min,16.413 V,1.61E-007 mbar,10 %,938 µbar,µ-Volume,22.640 V,Pre,24.340149333816708,26.379035359990304,21.883578545224378,34.72669949964465,29.24976280168476,20.524707010132012,-2.111723630213836,-3.793972412865832,-2.186517162379876,0.0291626226787982,0.007529756797781,-3.756469673894369,0.0201128492822348,0.0050282123205587,-2.200725466170665,0.031136865120479196,-3.7555748538021105,0.020149366357441325,ee0a048ed7a4__Natan Pereira BTS coral series 8.1.xlsx,2026-02-21 10:50:43.628,739668.0,269.0,850.0,45.0,938.0,17.958461625617684,,BTS,1073,BTS,1073,,OK,16.0,15.0,15.0,0.0,0.0,13.696068076455969,3.994911909103397,25.201739317547982,20.53454662002296,4.667192697525024,33.17583134607258,27.44430830911579,5.731523036956787,5.362980383695786,0.207453196194546,0.1879570507335575,21.254387071472344,15.0,True,-2.186517162379876,-3.753969491296272,0.0291626226787981,0.0180627506765192,23.251843026024044,19.256931116920647,,4.262393549161715
31.0,GIRMS\IRMS-operator,2026-02-21 11:35:29.666,2026-02-21 12:40:13.493,Running,False,SHP2L,,31.0,1.0,17.0,True,QC Standard,SHP2L,"0.002 V, 0.002 V, 0.003 V",37 µbar,72 °C,,5.127 V,9.5209 kV,57 µbar,Carbon Dioxide: 0.0209 kV,"1,119 µbar",4.887 V,5.619 V,645 µbar/min,19.281 V,6.62E-008 mbar,56 %,770 µbar,µ-Volume,,Pre,4.797841982284163,5.214331914577151,5.289329387342623,6.831447418673653,7.0615141336289415,4.952987522149044,-0.8398006673234759,-6.198009222536882,-0.8663892450629854,0.0140093008870211,0.0036171859351627,-6.174053328191764,0.0202991804354014,0.0050747951088503,-0.6961201121926732,0.01741462087534725,-6.178720168600438,0.020326888143466504,ee0a048ed7a4__Natan Pereira BTS coral series 8.1.xlsx,2026-02-21 11:35:29.666,739668.0,645.0,1119.0,57.0,770.0,3.8697722424625,,SHP2L,,SHP2L,,,OK,16.0,15.0,15.0,0.0,0.0,3.671774063894738,-0.0847477411840493,5.0590268570455,5.061560049616773,-0.0025331925712732,6.627943560625269,6.757441328293709,-0.1294977676684396,-0.09253823267477,-0.0178804106142129,-0.0180417071804973,4.697323836164448,15.0,True,-0.8658144090848123,-6.172456268568757,0.0152960334166726,0.019944041411926,4.654949965572423,4.7396977067564725,,0.19799817856776203
32.0,GIRMS\IRMS-operator,2026-02-21 12:03:57.413,2026-02-21 13:17:14.937,Running,False,BTS,841,32.0,2.0,17.0,True,Unknown,,"0.002 V, 0.002 V, 0.002 V",37 µbar,72 °C,,7.774 V,9.5213 kV,45 µbar,Carbon Dioxide: 0.0213 kV,926 µbar,7.119 V,8.660 V,322 µbar/min,4.829 V,7.94E-008 mbar,37 %,826 µbar,µ-Volume,,Pre,6.981739660676424,7.579959120571236,7.68002812510973,9.964330960116197,10.253979731402206,7.193231639806237,-1.6809257108402198,-3.728573271928548,-1.7175251838376924,0.0215829246977833,0.0053957311744458,-3.7639394693423407,0.0190072797386792,0.0049076585256406,-1.6986339372008774,0.022935985588906378,-3.7640946231877113,0.019029472624849327,ee0a048ed7a4__Natan Pereira BTS coral series 8.1.xlsx,2026-02-21 12:03:57.413,739668.0,322.0,926.0,45.0,826.0,5.5508311512323045,,BTS,841,BTS,841,,OK,16.0,15.0,15.0,0.0,0.0,5.22541358898132,-0.1001358032226571,7.337390824618397,7.322951599421558,0.0144392251968383,9.645361927719067,9.776849648697118,-0.1314877209780505,-0.109706023482571,-0.0146003767287248,-0.0147077460452705,6.808371786842017,15.0,True,-1.719965148704191,-3.763090045893037,0.019925785027937,0.0208919313303855,6.7583038852306885,6.858439688453346,,0.3254175622509843
33.0,GIRMS\IRMS-operator,2026-02-21 12:40:13.619,2026-02-21 13:57:58.707,Running,False,BTS,1087,33.0,1.0,18.0,True,Unknown,,"0.001 V, 0.001 V, 0.001 V",35 µbar,72 °C,,48.538 V,9.5213 kV,52 µbar,Carbon Dioxide: 0.0213 kV,"1,043 µbar",20.902 V,49.024 V,479 µbar/min,3.353 V,1.63E-007 mbar,10 %,977 µbar,µ-Volume,48.534 V,Pre,49.01829210352343,48.98139109093035,22.646598715365773,48.98920599380752,30.264764465487204,21.24306407999438,-79.8193287777319,-301.98164004781614,-43.11958650949944,37.51995746827743,9.379989367069358,-201.43277797871048,122.88405578093526,30.72101394523381,-38.1326574166739,35.91249087516411,-201.54922455966533,122.94276569259759,ee0a048ed7a4__Natan Pereira BTS coral series 8.1.xlsx,2026-02-21 12:40:13.619,739668.0,479.0,1043.0,52.0,977.0,43.413005184942904,,BTS,1087,BTS,1087,,Fully Saturated Collectors,16.0,7.0,2.0,8.0,13.0,14.126222927684012,32.65154361724853,46.63350452858293,13.274677295268418,33.358827233314514,46.64035085598251,13.618647493517598,33.02170336246491,126.48314294654168,2.484177207455627,1.1079745926745734,29.469577942604243,2.0,True,,,,,45.79534975122851,13.14380613397998,,29.286782257258892
34.0,GIRMS\IRMS-operator,2026-02-21 13:17:15.153,2026-02-21 14:29:58.681,Running,False,BTS,1020,34.0,2.0,18.0,True,Unknown,,"0.002 V, 0.002 V, 0.003 V",37 µbar,72 °C,,18.650 V,9.5211 kV,47 µbar,Carbon Dioxide: 0.0211 kV,"1,041 µbar",18.570 V,21.729 V,420 µbar/min,19.977 V,1.51E-007 mbar,11 %,911 µbar,µ-Volume,,Pre,18.120153732154996,19.65995420418441,20.075145258528583,25.85448177653068,26.825590451533724,18.82675189480605,-1.0733014461857815,-3.549326119210105,-1.2671021086513157,0.0659159399043834,0.0170194224999524,-3.602745608533775,0.0200300547350433,0.005171737894163,-1.2225277680755133,0.07000723715258299,-3.603749211408891,0.019946271959265252,ee0a048ed7a4__Natan Pereira BTS coral series 8.1.xlsx,2026-02-21 13:17:15.153,739668.0,420.0,1041.0,47.0,911.0,13.698549293503735,,BTS,1020,BTS,1020,,OK,16.0,15.0,15.0,0.0,0.0,12.67301943899945,-0.3084391355514526,18.86523057423293,18.86971582375228,-0.0044852495193481,24.80777951079123,25.21352322893851,-0.4057437181472778,-0.3369466573310665,-0.0174311781999735,-0.0175844369267819,17.540461308811334,15.0,True,-1.2671021086513152,-3.602745608533775,0.0659159399043835,0.0200300547350434,17.386241741035608,17.69468087658706,,1.0255298545042848
35.0,GIRMS\IRMS-operator,2026-02-21 13:57:58.840,2026-02-21 15:05:48.441,Running,False,BTS,823,35.0,1.0,19.0,True,Unknown,,"0.002 V, 0.002 V, 0.003 V",37 µbar,73 °C,,8.718 V,9.5211 kV,49 µbar,Carbon Dioxide: 0.0211 kV,"1,046 µbar",8.675 V,9.751 V,493 µbar/min,17.778 V,8.90E-008 mbar,30 %,841 µbar,µ-Volume,,Pre,8.417491455097043,9.135940313590536,9.340831084606876,12.014673598481954,12.472109444810693,8.750264186878049,-1.817149433359977,-3.4914668829435502,-1.8572329426905487,0.0227006135260328,0.005861273209001,-3.5019587658593543,0.0216152663729156,0.0054038165932289,-1.857724678844597,0.02369745048615047,-3.501531599775738,0.021604299757982972,ee0a048ed7a4__Natan Pereira BTS coral series 8.1.xlsx,2026-02-21 13:57:58.840,739668.0,493.0,1046.0,49.0,841.0,6.652844940705395,,BTS,823,BTS,823,,OK,16.0,15.0,15.0,0.0,0.0,6.282773696171136,-0.1852959394454956,8.836233544321326,8.888774988583405,-0.0525414442620792,11.620537884904683,11.867509730531514,-0.246971845626831,-0.2014283271095478,-0.0222542254635528,-0.0225046370975246,8.233678181190335,15.0,True,-1.855845132074715,-3.502658224720408,0.0257567791348514,0.0221857062381355,8.141030211467587,8.326326150913083,,0.37007124453425977
36.0,GIRMS\IRMS-operator,2026-02-21 14:29:58.819,2026-02-21 15:44:11.775,Running,False,SHP2L,,36.0,2.0,19.0,True,QC Standard,SHP2L,"0.002 V, 0.002 V, 0.002 V",37 µbar,72 °C,,15.054 V,9.5212 kV,49 µbar,Carbon Dioxide: 0.0212 kV,"1,053 µbar",13.712 V,17.325 V,474 µbar/min,8.497 V,1.22E-007 mbar,16 %,897 µbar,µ-Volume,,Pre,13.398599188995796,14.548299716147836,14.78263537708228,19.071220335873942,19.74534886828361,13.85551349468275,-0.8573635928750267,-6.111428544363196,-0.9436698291356016,0.0485083404743093,0.0121270851185773,-6.1288621323347945,0.0191043971213923,0.004776099280348,-0.7828427126572031,0.05148845729718838,-6.133301547811997,0.01906027471261714,ee0a048ed7a4__Natan Pereira BTS coral series 8.1.xlsx,2026-02-21 14:29:58.819,739668.0,474.0,1053.0,49.0,897.0,10.321762418239324,,SHP2L,,SHP2L,,,OK,16.0,15.0,15.0,0.0,0.0,9.60200371490172,-0.1952350139617902,14.008236930999214,13.97271256271308,0.0355243682861345,18.362655219945296,18.662779507550574,-0.3001242876052821,-0.2138272396537087,-0.0149083769052486,-0.0150203413603716,12.998041074943975,15.0,True,-0.94942357821964,-6.130024371532902,0.0441996570674119,0.0191804920458824,12.900423567963085,13.095658581924871,,0.7197587033376038
37.0,GIRMS\IRMS-operator,2026-02-21 15:05:48.582,2026-02-21 16:25:09.582,Running,False,BTS,945,37.0,1.0,20.0,True,Unknown,,"0.001 V, 0.001 V, 0.001 V",35 µbar,72 °C,,28.239 V,9.5215 kV,49 µbar,Carbon Dioxide: 0.0215 kV,"1,063 µbar",20.805 V,34.170 V,625 µbar/min,3.358 V,1.63E-007 mbar,10 %,943 µbar,µ-Volume,25.078 V,Pre,27.152672888163465,29.409744044752788,22.52126505038328,38.72660137191172,30.096832285073955,21.12557041776552,-2.567543443252052,-3.8220296275481846,-2.5900416871381373,0.031508153556945,0.0081353702663862,-3.767624312313026,0.037848886613793,0.0094622216534482,-2.6318298726924,0.03312224136584496,-3.7658322003658666,0.03783823799277559,ee0a048ed7a4__Natan Pereira BTS coral series 8.1.xlsx,2026-02-21 15:05:48.582,739668.0,625.0,1063.0,49.0,943.0,19.82663712782039,,BTS,945,BTS,945,,OK,16.0,15.0,15.0,0.0,0.0,14.052758706873044,6.079718470573425,28.042175075026226,21.118499537916847,6.9236755371093786,36.92354596629497,28.22025455012675,8.703291416168216,8.834234993608124,0.3069434078373237,0.2661039770586069,22.847153724554914,15.0,True,-2.586124169662847,-3.7639972912973496,0.037574372289308,0.0361848485665685,25.887012959841627,19.8072944892682,,5.773878420947346
38.0,GIRMS\IRMS-operator,2026-02-21 15:44:11.931,2026-02-21 16:57:20.099,Running,False,BTS,819,38.0,2.0,20.0,True,Unknown,,"0.002 V, 0.002 V, 0.003 V",37 µbar,72 °C,,6.075 V,9.5210 kV,47 µbar,Carbon Dioxide: 0.0210 kV,"1,048 µbar",5.861 V,6.684 V,425 µbar/min,19.870 V,6.85E-008 mbar,48 %,792 µbar,µ-Volume,,Pre,5.830342935839155,6.334445335056671,6.316525758216505,8.321530151939738,8.432215871729511,5.91566690346385,-1.022916250607353,-3.595425365809035,-1.0251885307952442,0.0162426208236072,0.0041938266632395,-3.590420998744204,0.0180996791975327,0.0046733170735827,-0.9642404729459653,0.017621070967605595,-3.591963357162564,0.01812559660708407,ee0a048ed7a4__Natan Pereira BTS coral series 8.1.xlsx,2026-02-21 15:44:11.931,739668.0,425.0,1048.0,47.0,792.0,4.677121892300782,,BTS,819,BTS,819,,OK,16.0,15.0,15.0,0.0,0.0,4.348541123581577,-0.0010670132780044,6.140738990087344,6.036249817321425,0.104489172765918,8.067286782115682,8.058033169839232,0.0092536122764492,-0.0011860869853109,-0.0001887460662266,-0.0001887638804465,5.652634791572208,15.0,True,-1.0225959757944971,-3.5861434483634698,0.0194233480244364,0.0235836600152164,5.652101284933205,5.6531682982112095,,0.3285807687192053
39.0,GIRMS\IRMS-operator,2026-02-21 16:25:09.835,2026-02-21 17:33:05.686,Running,False,BTS,1075,39.0,1.0,21.0,True,Unknown,,"0.002 V, 0.002 V, 0.002 V",35 µbar,72 °C,,31.310 V,9.5214 kV,49 µbar,Carbon Dioxide: 0.0214 kV,"1,038 µbar",19.549 V,38.418 V,620 µbar/min,5.780 V,1.57E-007 mbar,10 %,946 µbar,µ-Volume,28.066 V,Pre,30.49650589898924,33.00931564272733,21.176661166561555,43.49263969577285,28.296480213770582,19.86112992242674,-3.4037190344281543,-3.9369175634415,-3.278497154966157,0.1052049683949523,0.026301242098738,-3.797020447663814,0.08008782165184,0.02002195541296,-3.3675780651342415,0.10978321432965192,-3.7936956173734715,0.07995045949523472,ee0a048ed7a4__Natan Pereira BTS coral series 8.1.xlsx,2026-02-21 16:25:09.835,739668.0,620.0,1038.0,49.0,946.0,22.032350180305045,,BTS,1075,BTS,1075,,OK,16.0,15.0,15.0,0.0,0.0,13.298374496177436,10.381832718849182,31.420062097919896,19.880513462437104,11.539548635482792,41.39685097850295,26.562715207705214,14.834135770797731,17.97036845774974,0.5568768436840719,0.435591448262089,23.833876354254286,15.0,True,-3.2701490296686893,-3.7876939732786346,0.103266435422792,0.0733557563153109,29.02479271367888,18.642959994829692,,8.733975684127609
40.0,GIRMS\IRMS-operator,2026-02-21 16:57:20.282,2026-02-21 18:10:01.245,Running,False,BTS,1046,40.0,2.0,21.0,True,Unknown,,"0.002 V, 0.002 V, 0.003 V",35 µbar,72 °C,,17.920 V,9.5211 kV,49 µbar,Carbon Dioxide: 0.0211 kV,"1,080 µbar",17.792 V,20.988 V,523 µbar/min,18.651 V,1.46E-007 mbar,11 %,909 µbar,µ-Volume,,Pre,17.449331336065825,18.914944199459686,19.27351084126724,24.88383794596005,25.75135374834347,18.073868804022368,-2.0520021326447813,-4.039488066697516,-2.227566964322595,0.0612232252993722,0.0158077687990382,-4.093085967304909,0.0164364661415107,0.0042438773091048,-2.232089631476068,0.06512764876800237,-4.0924493295122275,0.016367257101067716,ee0a048ed7a4__Natan Pereira BTS coral series 8.1.xlsx,2026-02-21 16:57:20.282,739668.0,523.0,1080.0,49.0,909.0,13.183254002218312,,BTS,1046,BTS,1046,,OK,16.0,15.0,15.0,0.0,0.0,12.219678070652963,-0.2564042806625366,18.149113921063076,18.12813308610214,0.0209808349609339,23.87489522268581,24.219573982260705,-0.3446787595748901,-0.2807714444048353,-0.0150845072080376,-0.0151991429991006,16.86965381388336,15.0,True,-2.227566964322595,-4.09308596730491,0.0612232252993722,0.0164364661415107,16.741451673552092,16.99785595421463,,0.9635759315653498
41.0,GIRMS\IRMS-operator,2026-02-21 17:33:05.903,2026-02-21 18:53:44.963,Running,False,SHP2L,,41.0,1.0,22.0,True,QC Standard,SHP2L,"0.001 V, 0.001 V, 0.002 V",35 µbar,72 °C,,12.113 V,9.5216 kV,52 µbar,Carbon Dioxide: 0.0216 kV,"1,080 µbar",11.043 V,13.824 V,581 µbar/min,3.362 V,1.05E-007 mbar,25 %,875 µbar,µ-Volume,,Pre,10.78585268434709,11.715141353408823,11.867696191137837,15.352995638490246,15.84714794600062,11.119817509023605,-0.8500560089838016,-6.092943489306557,-0.9285300876690364,0.0237562138591795,0.0061338280430362,-6.131480438280496,0.0220837053307467,0.0055209263326866,-0.7664504609463217,0.025556224156484574,-6.135967810878294,0.022094552921277256,ee0a048ed7a4__Natan Pereira BTS coral series 8.1.xlsx,2026-02-21 17:33:05.903,739668.0,581.0,1080.0,52.0,875.0,8.383171211985498,,SHP2L,,SHP2L,,,OK,16.0,15.0,15.0,0.0,0.0,7.846152308241117,-0.1472979784011858,11.294135595625448,11.255038638014533,0.0390969576109156,14.800669197679088,15.028642062783762,-0.2279728651046753,-0.1614791453611792,-0.0139681121595165,-0.0140663523531888,10.471654249994211,15.0,True,-0.9285300876690368,-6.134049568212093,0.0237562138591795,0.0202330136017626,10.39800526079362,10.545303239194808,,0.5370189037443813
42.0,GIRMS\IRMS-operator,2026-02-21 18:10:01.416,2026-02-21 19:27:39.029,Running,False,BTS,818,42.0,2.0,22.0,True,Unknown,,"0.002 V, 0.002 V, 0.002 V",35 µbar,72 °C,,17.420 V,9.5215 kV,45 µbar,Carbon Dioxide: 0.0215 kV,892 µbar,15.736 V,20.322 V,239 µbar/min,10.772 V,1.33E-007 mbar,15 %,914 µbar,µ-Volume,,Pre,15.34641171971805,16.655105722796662,16.95101298178409,21.89301002240949,22.64326858735853,15.892062440314366,-1.1119205436965762,-3.682335750571752,-1.2442900364820098,0.0427775835549579,0.0110451245799565,-3.749306564369078,0.0180336517283506,0.0046562688543471,-1.1926905704063406,0.045366745935158936,-3.7505187889356346,0.017993996594176134,ee0a048ed7a4__Natan Pereira BTS coral series 8.1.xlsx,2026-02-21 18:10:01.416,739668.0,239.0,892.0,45.0,914.0,11.700446019013958,,BTS,818,BTS,818,,OK,16.0,15.0,15.0,0.0,0.0,10.878379108123141,-0.2380311489105224,16.003701461207612,15.98319746340488,0.0205039978027326,21.03516507364088,21.34867060399824,-0.3135055303573608,-0.260439938121995,-0.0158867143089146,-0.0160139185836671,14.864016428389618,15.0,True,-1.24429003648201,-3.7493065643690775,0.042777583554958,0.0180336517283506,14.745000853934355,14.98303200284488,,0.8220669108908165
43.0,GIRMS\IRMS-operator,2026-02-21 18:53:45.153,2026-02-21 20:01:57.571,Running,False,BTS,1045,43.0,1.0,23.0,True,Unknown,,"0.002 V, 0.002 V, 0.003 V",40 µbar,72 °C,,7.048 V,9.5214 kV,54 µbar,Carbon Dioxide: 0.0214 kV,"1,070 µbar",6.828 V,7.820 V,508 µbar/min,15.162 V,7.71E-008 mbar,40 %,828 µbar,µ-Volume,,Pre,6.705671548843384,7.269220730061121,7.342228930087139,9.563079267129645,9.801184921846136,6.876923557249943,-3.1670614985721546,-4.276970889011023,-3.191210257309125,0.0191746745257217,0.0047936686314304,-4.282998082282727,0.0157588193457937,0.00406890965881,-3.2560536057780958,0.02043802038075104,-4.280393658297925,0.01577343379163904,ee0a048ed7a4__Natan Pereira BTS coral series 8.1.xlsx,2026-02-21 18:53:45.153,739668.0,508.0,1070.0,54.0,828.0,5.3437963976972735,,BTS,1045,BTS,1045,,OK,16.0,15.0,15.0,0.0,0.0,5.013050500248411,-0.06905198097229,7.0381784460896055,7.005641501040508,0.0325369450490979,9.258991270646794,9.351497679338202,-0.092506408691408,-0.0759644132971429,-0.0105238057388124,-0.0105794739028989,6.526976823806763,15.0,True,-3.1928201745582565,-4.28698828193644,0.018694884891974,0.0208717681387415,6.492450833320618,6.561502814292908,,0.3307458974488622
44.0,GIRMS\IRMS-operator,2026-02-21 19:27:39.181,2026-02-21 20:39:27.228,Running,False,BTS,821,44.0,2.0,23.0,True,Unknown,,"0.002 V, 0.002 V, 0.002 V",40 µbar,72 °C,,7.362 V,9.5212 kV,59 µbar,Carbon Dioxide: 0.0212 kV,"1,148 µbar",6.789 V,8.173 V,650 µbar/min,6.714 V,7.79E-008 mbar,39 %,833 µbar,µ-Volume,,Pre,6.671748781468177,7.246023197231134,7.311558504161676,9.523217708515578,9.760543162387458,6.848297739292885,-1.2884819360806654,-3.412636911419576,-1.3180073939620025,0.0182853523509896,0.0047212576756611,-3.3921564959625026,0.0175128027374993,0.0045217862231833,-1.2816693935349746,0.022315290323509013,-3.392827004558311,0.017531648678023162,ee0a048ed7a4__Natan Pereira BTS coral series 8.1.xlsx,2026-02-21 19:27:39.181,739668.0,650.0,1148.0,59.0,833.0,5.316808293963832,,BTS,821,BTS,821,,OK,16.0,15.0,15.0,0.0,0.0,4.991401655653739,-0.0721365213394173,7.016597749510222,6.974687953052361,0.0419097964578609,9.221866185229866,9.310533637627126,-0.0886674523972601,-0.0793161152660045,-0.0110426919508564,-0.0111040009819895,6.496444070603157,15.0,True,-1.3169983306317763,-3.39481754398859,0.0203339496251417,0.0230152182499195,6.460375809933448,6.532512331272866,,0.32540663831009287
45.0,GIRMS\IRMS-operator,2026-02-21 20:01:57.792,2026-02-21 21:19:55.676,Running,False,BTS,824,45.0,1.0,24.0,True,Unknown,,"0.001 V, 0.001 V, 0.001 V",40 µbar,72 °C,,2.301 V,9.5214 kV,52 µbar,Carbon Dioxide: 0.0214 kV,"1,060 µbar",3.359 V,2.462 V,615 µbar/min,3.358 V,4.86E-008 mbar,100 %,633 µbar,µ-Volume,2.146 V,Pre,2.211669198289448,2.4009708128091565,3.662397608361606,3.1565126921954056,4.888625505871239,3.429478013838872,-1.9466568624620928,-3.685989505373244,-1.991647320850628,0.0274073911408113,0.0070765579634236,-3.6900647683853354,0.0408412600016615,0.0102103150004153,-1.9945005273253715,0.028964717242357607,-3.6895375451108103,0.04086199043858269,ee0a048ed7a4__Natan Pereira BTS coral series 8.1.xlsx,2026-02-21 20:01:57.792,739668.0,615.0,1060.0,52.0,633.0,1.8215024483554543,,BTS,824,BTS,824,,OK,16.0,15.0,15.0,0.0,0.0,2.5791302423838154,-1.1356920003890991,3.51072990827741,2.336058710712708,1.174671197564702,4.68628783758191,3.071013399178074,1.6152744384038358,-0.8264812015674161,-0.3454486582269582,-0.4175738153362715,2.7197395015645998,15.0,True,-1.9899831039797384,-3.69033645258614,0.0308731822842795,0.0422597518962508,2.1518935013700498,3.287585501759149,,-0.7576277940283611
46.0,GIRMS\IRMS-operator,2026-02-21 20:39:27.463,2026-02-21 21:53:16.418,Running,False,SHP2L,,46.0,2.0,24.0,True,QC Standard,SHP2L,"0.001 V, 0.001 V, 0.001 V",40 µbar,72 °C,,9.787 V,9.5214 kV,57 µbar,Carbon Dioxide: 0.0214 kV,"1,146 µbar",8.912 V,11.026 V,762 µbar/min,3.338 V,8.98E-008 mbar,32 %,870 µbar,µ-Volume,,Pre,8.718948633344676,9.472208198462177,9.57841828581988,12.41228414838816,12.78895570104624,8.97269147211874,-0.8683158314800599,-6.119966529646415,-0.9263897225047985,0.018437321129231,0.0047604958454793,-6.132010098432561,0.0173927077461548,0.004490777829754,-0.7640756248708487,0.01993127363695362,-6.136499420655831,0.017413400631656348,ee0a048ed7a4__Natan Pereira BTS coral series 8.1.xlsx,2026-02-21 20:39:27.463,739668.0,762.0,1146.0,57.0,870.0,6.881858398124953,,SHP2L,,SHP2L,,,OK,16.0,15.0,15.0,0.0,0.0,6.42736598212397,-0.1044720411300659,9.15608957526385,9.10887353157553,0.0472160436883211,11.998285186939489,12.161813354399142,-0.1635281674596527,-0.1147303796933076,-0.0122440481784634,-0.0123194682599172,8.480239481599833,15.0,True,-0.9263897225047988,-6.136331020048691,0.018437321129231,0.021703661336902,8.4280034610348,8.532475502164866,,0.4544924160009831
1.0,GIRMS\IRMS-operator,2026-02-23 12:28:35.137,2026-02-23 13:28:22.760,Running,False,SHP2L,,1.0,1.0,2.0,True,QC Standard,SHP2L,"0.001 V, 0.001 V, 0.001 V",54 µbar,72 °C,,2.139 V,9.5214 kV,67 µbar,Carbon Dioxide: 0.0214 kV,"1,180 µbar",3.323 V,2.278 V,645 µbar/min,3.323 V,5.52E-008 mbar,100 %,650 µbar,µ-Volume,1.997 V,Pre,2.054078361048532,2.2323215407199326,3.633714809883761,2.924350409249407,4.851060343095365,3.402656956227104,-0.8695858879302909,-6.275558611836152,-0.8868186646404207,0.0238550805063691,0.0061593553015736,-6.194667955687483,0.0231403644771822,0.005974816416353,-0.7193236400784582,0.02582482556656233,-6.199292264067952,0.02318252986614963,3f525473c511__Natan Pereira BTS coral series 9.xlsx,2026-02-23 12:28:35.137,739670.0,645.0,1180.0,67.0,650.0,1.698724899580358,,SHP2L,,SHP2L,,,OK,16.0,15.0,15.0,0.0,0.0,2.5587333053475625,-1.2606841039423264,3.4819504263912613,2.173367502117789,1.3085829242734723,4.648265747765642,2.847331628135625,1.8009341196300168,-0.5767627746335938,-0.3866500446717529,-0.479313298884477,2.6301880354172558,15.0,True,-0.8928652694246698,-6.194667955687482,0.0299031945235948,0.0231403644771823,1.999845983446092,3.2605300873884184,,-0.8600084057672044
2.0,GIRMS\IRMS-operator,2026-02-23 12:59:20.098,2026-02-23 13:59:03.563,Running,False,BTS,812,2.0,2.0,2.0,True,Unknown,,"0.001 V, 0.001 V, 0.001 V",42 µbar,72 °C,,11.502 V,9.5213 kV,54 µbar,Carbon Dioxide: 0.0213 kV,992 µbar,10.537 V,12.999 V,352 µbar/min,3.304 V,1.03E-007 mbar,25 %,889 µbar,µ-Volume,,Pre,10.321401534826022,11.18718135464246,11.327535391927311,14.730315950565751,15.127849128895216,10.612863667850949,-3.0220763297500453,-3.710277336225309,-3.082997557411294,0.0312066840138524,0.0078016710034631,-3.724309226013121,0.0176559722970086,0.0044139930742521,-3.1610813197564185,0.03314622331645694,-3.7213472177984737,0.017648017622940524,3f525473c511__Natan Pereira BTS coral series 9.xlsx,2026-02-23 12:59:20.098,739670.0,352.0,992.0,54.0,889.0,8.140985485246034,,BTS,812,BTS,812,,OK,16.0,15.0,15.0,0.0,0.0,7.509473142466003,-0.0910907983779907,10.816112638593266,10.748222948194096,0.0678896903991699,14.24133434598964,14.354032562230763,-0.1126982162411263,-0.0673303049471272,-0.009046067880054,-0.0090871694559219,10.02411133850143,15.0,True,-3.087058972588711,-3.7252446853323073,0.0275797991921394,0.017860531453471,9.978565939312436,10.069656737690426,,0.6315123427800309
3.0,GIRMS\IRMS-operator,2026-02-23 13:28:22.848,2026-02-23 14:29:07.651,Running,False,BTS,828,3.0,1.0,3.0,True,Unknown,,"0.002 V, 0.002 V, 0.002 V",47 µbar,72 °C,,8.860 V,9.5211 kV,67 µbar,Carbon Dioxide: 0.0211 kV,"1,190 µbar",8.735 V,9.941 V,791 µbar/min,10.288 V,9.07E-008 mbar,31 %,877 µbar,µ-Volume,,Pre,8.609869268535721,9.349702761056736,9.393586680772616,12.284418723472964,12.54399695146979,8.799263027309527,-1.3219399533319631,-4.057038440628991,-1.3663321303359528,0.0239672342609949,0.006188313276499,-4.075020821419618,0.0172055778269945,0.0043013944567486,-1.3111811116290228,0.025567757158484566,-4.076292469266877,0.017229838628660784,3f525473c511__Natan Pereira BTS coral series 9.xlsx,2026-02-23 13:28:22.848,739670.0,791.0,1190.0,67.0,877.0,6.808683499093071,,BTS,828,BTS,828,,OK,16.0,15.0,15.0,0.0,0.0,6.312610214542219,-0.0433623377205503,9.041502044084384,8.93470542180808,0.1067966222763061,11.8791220401615,11.930754563698184,-0.0516325235366839,-0.0321765352231674,-0.0051812040318107,-0.0051946613319291,8.347481183041165,15.0,True,-1.3761879072595145,-4.076219646805661,0.0330746404620291,0.0171037900393013,8.325800014180889,8.369162351901439,,0.4960732845508522
4.0,GIRMS\IRMS-operator,2026-02-23 13:59:03.656,2026-02-23 15:06:50.240,Running,False,BTS,825,4.0,2.0,3.0,True,Unknown,,"0.002 V, 0.002 V, 0.002 V",37 µbar,73 °C,,6.021 V,9.5212 kV,52 µbar,Carbon Dioxide: 0.0212 kV,987 µbar,5.854 V,6.593 V,371 µbar/min,8.554 V,7.34E-008 mbar,47 %,804 µbar,µ-Volume,,Pre,5.816717280373495,6.309412619019691,6.324916307289852,8.301212357622445,8.44463603411323,5.923418368351621,-2.6637905556158303,-3.846580389965659,-2.6984870813654345,0.0230620706129602,0.0059546010275369,-3.8665687034757927,0.0236098842962801,0.0060960459123584,-2.7442262066316907,0.024380868376756334,-3.864632325594419,0.023605514512892195,3f525473c511__Natan Pereira BTS coral series 9.xlsx,2026-02-23 13:59:03.656,739670.0,371.0,987.0,52.0,804.0,4.716273210181438,,BTS,825,BTS,825,,OK,16.0,15.0,15.0,0.0,0.0,4.352006869175331,-0.0110327249360331,6.127661245605196,6.0437912683084525,0.083869977296743,8.061966047713227,8.068924883354292,-0.0069588356410648,-0.0082133065984068,-0.0019492235524448,-0.0019511251419851,5.654545010274557,15.0,True,-2.6966678082076387,-3.871819756781147,0.0267725201133986,0.0273151314558297,5.64902864780654,5.6600613727425735,,0.36426634100610666
5.0,GIRMS\IRMS-operator,2026-02-23 14:29:07.778,2026-02-23 15:44:37.000,Running,False,BTS,1089,5.0,1.0,4.0,True,Unknown,,"0.001 V, 0.001 V, 0.001 V",47 µbar,72 °C,,36.281 V,9.5213 kV,57 µbar,Carbon Dioxide: 0.0213 kV,"1,100 µbar",19.840 V,45.306 V,625 µbar/min,3.329 V,1.58E-007 mbar,10 %,997 µbar,µ-Volume,31.857 V,Pre,35.01614871821539,37.899509550129096,21.462619782482307,48.99227562619243,28.68328932000194,20.13011220297949,-3.4211983093336285,-22.921715721944235,-3.2434552581822733,0.1425965429502766,0.0356491357375691,-4.485989844654173,0.1096966057362796,0.0283235418101394,-3.2918822805386942,0.14505661611879125,-4.48351105384482,0.10951289388899293,3f525473c511__Natan Pereira BTS coral series 9.xlsx,2026-02-23 14:29:07.778,739670.0,625.0,1100.0,57.0,997.0,24.952689552821084,,BTS,1089,BTS,1089,,OK,16.0,15.0,15.0,0.0,0.0,13.449812464623536,14.34797048568726,35.98132777312867,20.1443289528238,15.83699882030487,47.37719836903606,26.91879811955486,20.4584002494812,18.830753891868785,0.7595216911667029,0.5504734342896818,26.064782770492,15.0,True,-3.2316057214388496,-4.485989844654174,0.1392089503158194,0.1096966057362796,33.23876801333563,18.89079752764837,,11.502877088197549
6.0,GIRMS\IRMS-operator,2026-02-23 15:06:50.398,2026-02-23 16:17:39.176,Running,False,SHP2L,,6.0,2.0,4.0,True,QC Standard,SHP2L,"0.002 V, 0.002 V, 0.003 V",40 µbar,72 °C,,23.545 V,9.5210 kV,57 µbar,Carbon Dioxide: 0.0210 kV,"1,048 µbar",18.883 V,27.712 V,425 µbar/min,18.934 V,1.54E-007 mbar,10 %,948 µbar,µ-Volume,21.514 V,Pre,22.980995208723257,24.928369318469557,20.432435666545423,32.70168502333986,27.304514241250622,19.16206601331921,-1.3187544921585692,-6.273872622898913,-1.4151817784985163,0.0357983739797517,0.0092431004163255,-6.286309089371188,0.0213299219571463,0.0053324804892865,-1.2815042013635185,0.03804242611412805,-6.289868529588351,0.021318776607594868,3f525473c511__Natan Pereira BTS coral series 9.xlsx,2026-02-23 15:06:50.398,739670.0,425.0,1048.0,57.0,948.0,17.276071675820063,,SHP2L,,SHP2L,,,OK,16.0,15.0,15.0,0.0,0.0,12.876980228472751,4.024937748908997,23.898788486941843,19.20151034496644,4.697278141975403,31.34922583106386,25.656088185342423,5.693137645721436,3.673359257233447,0.2235497406532215,0.2010746479523757,20.01713189552517,15.0,True,-1.4151817784985157,-6.287138187136006,0.0357983739797516,0.0218100678187176,22.02960076997967,18.004663021070673,,4.3990914473473115
7.0,GIRMS\IRMS-operator,2026-02-23 15:44:37.099,2026-02-23 16:49:17.489,Running,False,BTS,1072,7.0,1.0,5.0,True,Unknown,,"0.002 V, 0.002 V, 0.003 V",47 µbar,72 °C,,23.162 V,9.5210 kV,71 µbar,Carbon Dioxide: 0.0210 kV,"1,222 µbar",18.035 V,27.403 V,840 µbar/min,18.081 V,1.49E-007 mbar,10 %,982 µbar,µ-Volume,21.045 V,Pre,22.53516162049196,24.34166350422192,19.518098021128655,32.11791861303892,26.08026612051572,18.30259109150789,-5.605481221578001,-4.730817662004783,-5.614583787321314,0.0294539699255219,0.007604982333416,-4.70260953150871,0.0163325048871833,0.0042170346286608,-5.8337053077849905,0.031551521279045605,-4.69499108842107,0.016353435060299425,3f525473c511__Natan Pereira BTS coral series 9.xlsx,2026-02-23 15:44:37.099,739670.0,840.0,1222.0,71.0,982.0,16.787716692799542,,BTS,1072,BTS,1072,,OK,16.0,15.0,15.0,0.0,0.0,12.354934417583593,4.352837800979611,23.29594471512127,18.35725286064434,4.938691854476929,30.737162115655792,24.52789294966305,6.20926916599274,4.067882573717704,0.2528910755791928,0.224503597462365,19.388721829766247,15.0,True,-5.607469152859516,-4.697772337574497,0.0420188194225662,0.0180371394103797,21.56514073025605,17.212302929276444,,4.432782275215949
8.0,GIRMS\IRMS-operator,2026-02-23 16:17:39.257,2026-02-23 17:26:51.271,Running,False,BTS,1083,8.0,2.0,5.0,True,Unknown,,"0.002 V, 0.002 V, 0.002 V",40 µbar,72 °C,,15.308 V,9.5210 kV,57 µbar,Carbon Dioxide: 0.0210 kV,997 µbar,15.350 V,17.537 V,357 µbar/min,17.233 V,1.33E-007 mbar,12 %,924 µbar,µ-Volume,,Pre,14.931607617689131,16.200880329930534,16.587818782651173,21.31119897564004,22.162621523934103,15.551302208257678,-1.368335535529286,-3.4296652644513204,-1.4970985797981562,0.0684165750988278,0.0171041437747069,-3.477301349237224,0.0263327734303806,0.0065831933575951,-1.4732753446398545,0.07245902879567565,-3.477651568090358,0.026242310334796324,3f525473c511__Natan Pereira BTS coral series 9.xlsx,2026-02-23 16:17:39.257,739670.0,357.0,997.0,57.0,924.0,11.57229019062938,,BTS,1083,BTS,1083,,OK,16.0,15.0,15.0,0.0,0.0,10.662899341414107,-0.2801716327667218,15.61177782329296,15.646497528874626,-0.0347197055816668,20.534669663506254,20.90330949028085,-0.3686398267745971,-0.2049891114328612,-0.0191016043682428,-0.0192857992215707,14.527354015661238,15.0,True,-1.505682782749414,-3.480477088222952,0.0612530853740623,0.0238757916887804,14.387268199277878,14.6674398320446,,0.9093908492152725
9.0,GIRMS\IRMS-operator,2026-02-23 16:49:17.636,2026-02-23 18:07:55.266,Running,False,BTS,817,9.0,1.0,6.0,True,Unknown,,"0.001 V, 0.001 V, 0.001 V",49 µbar,72 °C,,11.712 V,9.5213 kV,67 µbar,Carbon Dioxide: 0.0213 kV,"1,200 µbar",10.635 V,13.266 V,713 µbar/min,3.345 V,1.02E-007 mbar,25 %,931 µbar,µ-Volume,,Pre,10.41323759346436,11.30693521340625,11.417680643398928,14.85727576247826,15.248028912464529,10.697864673428043,-1.166602239955239,-3.907962693393552,-1.2419575262374585,0.0286344383156343,0.0073933801816303,-3.9253835182395815,0.0135178460435595,0.0034902928402201,-1.1835402759965863,0.03046621155885905,-3.9268059488424423,0.013507818717012322,3f525473c511__Natan Pereira BTS coral series 9.xlsx,2026-02-23 16:49:17.636,739670.0,713.0,1200.0,67.0,931.0,8.145261127881554,,BTS,817,BTS,817,,OK,16.0,15.0,15.0,0.0,0.0,7.569274755661968,-0.1000165939331054,10.91349985440509,10.833659432728457,0.0798404216766339,14.33995289663117,14.46810213557854,-0.1281492389473708,-0.0738676406982903,-0.0098532646678899,-0.0099020484198072,10.100596330456243,15.0,True,-1.2419575262374578,-3.928979242574493,0.0286344383156343,0.0155705188042561,10.05058803348969,10.150604627422796,,0.5759863722195862
10.0,GIRMS\IRMS-operator,2026-02-23 17:26:51.407,2026-02-23 18:38:11.175,Running,False,BTS,1059,10.0,2.0,6.0,True,Unknown,,"0.002 V, 0.002 V, 0.002 V",40 µbar,72 °C,,23.892 V,9.5211 kV,59 µbar,Carbon Dioxide: 0.0211 kV,"1,041 µbar",19.113 V,28.161 V,435 µbar/min,10.372 V,1.53E-007 mbar,10 %,963 µbar,µ-Volume,21.808 V,Pre,23.283748318289376,25.238020228735348,20.674554514280697,33.209324361962,27.628988506477977,19.39064114246235,-1.9615053380497292,-3.930431011734181,-2.0377749515667105,0.0272606201119306,0.0070386618467196,-3.93367924753516,0.0175536311022727,0.004532328061638,-2.035012120526229,0.028656569939382114,-3.9333068948983247,0.01753235171356762,3f525473c511__Natan Pereira BTS coral series 9.xlsx,2026-02-23 17:26:51.407,739670.0,435.0,1041.0,59.0,963.0,17.4705297990618,,BTS,1059,BTS,1059,,OK,16.0,15.0,15.0,0.0,0.0,13.007271590183203,4.105746746063236,24.19067721306457,19.418103503576656,4.772573709487919,31.830013277214675,25.94772029129853,5.882292985916141,3.752981927488488,0.2254672461611858,0.2026246367364921,20.262821008299447,15.0,True,-2.03777495156671,-3.9309648748209183,0.0272606201119305,0.0209174725763529,22.315694381331063,18.209947635267827,,4.463258208878598
11.0,GIRMS\IRMS-operator,2026-02-23 18:07:55.378,2026-02-23 19:11:19.613,Running,False,SHP2L,,11.0,1.0,7.0,True,QC Standard,SHP2L,"0.002 V, 0.002 V, 0.003 V",52 µbar,72 °C,,8.614 V,9.5207 kV,67 µbar,Carbon Dioxide: 0.0207 kV,"1,190 µbar",7.865 V,9.616 V,674 µbar/min,18.293 V,8.34E-008 mbar,33 %,899 µbar,µ-Volume,,Pre,7.730533022643677,8.399055844914624,8.439965905627147,11.005688568473332,11.269051691413395,7.905711073638551,-0.8437752291262646,-6.144225277143312,-0.8663703275445593,0.0228736737111646,0.0057184184277911,-6.147040793780346,0.0166830928177768,0.0043075560430988,-0.6993615505715908,0.024462614555958235,-6.151674189758483,0.01669999422130866,3f525473c511__Natan Pereira BTS coral series 9.xlsx,2026-02-23 18:07:55.378,739670.0,674.0,1190.0,67.0,899.0,6.1407098691367,,SHP2L,,SHP2L,,,OK,16.0,15.0,15.0,0.0,0.0,5.711273506058534,-0.0480932885624563,8.12883818782539,8.038641459119033,0.090196728706358,10.651160141349306,10.733120713789791,-0.0819605724404848,-0.0356438221501846,-0.0063871812524381,-0.0064076446463167,7.505611065698099,15.0,True,-0.8678766674391123,-6.149952120825009,0.0228402837500687,0.0196951313698091,7.481564421416872,7.529657709979328,,0.4294363630781657
12.0,GIRMS\IRMS-operator,2026-02-23 18:38:11.277,2026-02-23 19:47:33.071,Running,False,BTS,820,12.0,2.0,7.0,True,Unknown,,"0.002 V, 0.002 V, 0.002 V",42 µbar,72 °C,,4.089 V,9.5213 kV,54 µbar,Carbon Dioxide: 0.0213 kV,936 µbar,3.951 V,4.404 V,303 µbar/min,7.716 V,5.83E-008 mbar,68 %,758 µbar,µ-Volume,,Pre,3.918305130194456,4.2576292773665445,4.290842680967407,5.593611285018882,5.728025572145128,4.018057718459989,-1.0213622655966814,-3.513210477704365,-1.0079467429395288,0.0198874786354164,0.0051349249035349,-3.4761460309615795,0.0333993419386667,0.0083498354846666,-0.9499417036382388,0.021444714374179805,-3.477605456845681,0.03344208716039791,3f525473c511__Natan Pereira BTS coral series 9.xlsx,2026-02-23 18:38:11.277,739670.0,303.0,936.0,54.0,758.0,3.212085945898118,,BTS,820,BTS,820,,OK,16.0,15.0,15.0,0.0,0.0,3.0063348010573563,-0.040405272399314,4.140342573169722,4.112149656851543,0.0281929163181793,5.439300672853137,5.48935367330327,-0.0500530004501333,-0.0298221876869671,-0.0104930417784264,-0.0105483840959332,3.8304703385698415,15.0,True,-1.0037596102635402,-3.4736750678453943,0.0231974827788811,0.0330231331643526,3.810267702370184,3.8506729747694974,,0.20575114484076185
13.0,GIRMS\IRMS-operator,2026-02-23 19:11:19.713,2026-02-23 20:25:37.992,Running,False,BTS,835,13.0,1.0,8.0,True,Unknown,,"0.001 V, 0.001 V, 0.001 V",52 µbar,73 °C,,0.457 V,9.5214 kV,57 µbar,Carbon Dioxide: 0.0214 kV,"1,102 µbar",3.333 V,0.461 V,982 µbar/min,3.331 V,4.83E-008 mbar,100 %,330 µbar,µ-Volume,0.435 V,Pre,0.4334271879809691,0.4696581423710828,3.635562994745483,0.6178526539442797,4.853198459445641,3.404402972305821,-3.777436518064836,-4.92693597559235,-3.9175237491441206,0.1064504722070627,0.0266126180517656,-5.074837776928084,0.1811951468994352,0.0452987867248588,-4.004013666870185,0.1081306689301059,-5.071445392826279,0.18118174479880542,3f525473c511__Natan Pereira BTS coral series 9.xlsx,2026-02-23 19:11:19.713,739670.0,982.0,1102.0,57.0,330.0,0.3730446619383613,,BTS,835,BTS,835,,OK,16.0,15.0,15.0,0.0,0.0,2.5527335892122274,-2.8308944065224644,3.4757185434981754,0.4593512463756886,3.016367297122487,4.639739732483985,0.604384279844139,4.035355452639847,-0.275013468631565,-0.8697590109041332,-1.5390682505682165,1.839355990533436,15.0,True,-3.926862897882741,-5.084697897017133,0.1031790460793095,0.1830577478240347,0.4239087872722039,3.254803193794668,,-2.179688927273866
14.0,GIRMS\IRMS-operator,2026-02-23 19:47:33.172,2026-02-23 21:00:57.889,Running,False,BTS,1074,14.0,2.0,8.0,True,Unknown,,"0.001 V, 0.001 V, 0.001 V",42 µbar,72 °C,,18.598 V,9.5215 kV,64 µbar,Carbon Dioxide: 0.0215 kV,"1,102 µbar",16.958 V,21.526 V,479 µbar/min,3.313 V,1.41E-007 mbar,12 %,953 µbar,µ-Volume,,Pre,16.569224030802562,17.97042930473525,18.26723063339431,23.64697518491945,24.40744104528628,17.128345401118114,-1.638298710872177,-3.386238026177768,-1.8187405058540365,0.0657826080318332,0.016984996358492,-3.4423863128236127,0.0302543903723283,0.007563597593082,-1.8185948792188193,0.06961166636433902,-3.4419989081959366,0.030140167014295338,3f525473c511__Natan Pereira BTS coral series 9.xlsx,2026-02-23 19:47:33.172,739670.0,479.0,1102.0,64.0,953.0,12.753628433543216,,BTS,1074,BTS,1074,,OK,16.0,15.0,15.0,0.0,0.0,11.633618473012396,-0.1728832721710205,17.30151617874343,17.19845974792678,0.1030564308166503,22.76569070959292,22.976974274160483,-0.2112835645675659,-0.1275715827633991,-0.0107219746119867,-0.0107797647942101,16.037759215662792,15.0,True,-1.818740505854036,-3.446129531933336,0.0657826080318331,0.0272122827036453,15.951317579577282,16.124200851748302,,1.1200099605308207
15.0,GIRMS\IRMS-operator,2026-02-23 20:25:38.134,2026-02-23 21:31:24.607,Running,False,BTS,1088,15.0,1.0,9.0,True,Unknown,,"0.002 V, 0.002 V, 0.002 V",52 µbar,72 °C,,31.641 V,9.5210 kV,79 µbar,Carbon Dioxide: 0.0210 kV,"1,246 µbar",18.328 V,38.620 V,879 µbar/min,16.295 V,1.49E-007 mbar,10 %,"1,016 µbar",µ-Volume,28.512 V,Pre,30.92602661433509,33.4639630653543,19.832947049347837,44.08290929744477,26.50269813487764,18.59957745852759,-3.791266511511737,-4.571075912202072,-3.6450904891843288,0.1208719338837553,0.0302179834709388,-4.4075339390473305,0.0932095335772427,0.0233023833943106,-3.7372283570942737,0.1260771491937285,-4.404038531549213,0.09305213873359068,3f525473c511__Natan Pereira BTS coral series 9.xlsx,2026-02-23 20:25:38.134,739670.0,879.0,1246.0,79.0,1016.0,22.37102876040032,,BTS,1088,BTS,1088,,OK,16.0,15.0,15.0,0.0,0.0,12.539922167505065,11.951178312301632,31.85796061536498,18.6493776180429,13.20858299732208,41.96461982677216,24.918615293004468,17.046004533767697,15.006893029373233,0.6834392670163081,0.5093756176387908,23.46240750136664,15.0,True,-3.635345421029168,-4.396631140837015,0.1184297384251492,0.0852689924925571,29.437996657517456,17.486818345215823,,9.831106592895257
16.0,GIRMS\IRMS-operator,2026-02-23 21:00:58.073,2026-02-23 22:10:24.630,Running,False,SHP2L,,16.0,2.0,9.0,True,QC Standard,SHP2L,"0.002 V, 0.002 V, 0.003 V",45 µbar,72 °C,,18.495 V,9.5210 kV,69 µbar,Carbon Dioxide: 0.0210 kV,"1,161 µbar",17.458 V,21.410 V,654 µbar/min,17.505 V,1.43E-007 mbar,10 %,955 µbar,µ-Volume,,Pre,17.224632892815546,18.69403687720121,18.872970020816933,24.516022475020307,25.219163568274396,17.697610650269464,-0.878563362893936,-6.11063843124704,-1.0664534223870998,0.064788407830473,0.0167282949703144,-6.143903817588482,0.0189089598556527,0.0047272399639131,-0.9135844331314535,0.06890443959293698,-6.148109194369159,0.018797832361127507,3f525473c511__Natan Pereira BTS coral series 9.xlsx,2026-02-23 21:00:58.073,739670.0,654.0,1161.0,69.0,955.0,13.208814873661707,,SHP2L,,SHP2L,,,OK,16.0,15.0,15.0,0.0,0.0,11.98645194720827,-0.0871419906616211,17.97992852930845,17.760687744663368,0.2192407846450805,23.578575523154157,23.73122301842393,-0.1526474952697754,-0.0646593733220065,-0.0052329150711247,-0.0052466426889245,16.609095726220087,15.0,True,-1.0664534223870998,-6.146121510011244,0.064788407830473,0.0172851569658257,16.565524730889276,16.652666721550897,,1.222362926453437
17.0,GIRMS\IRMS-operator,2026-02-23 21:31:24.745,2026-02-23 22:51:04.788,Running,False,BTS,1019,17.0,1.0,10.0,True,Unknown,,"0.001 V, 0.001 V, 0.001 V",54 µbar,72 °C,,19.468 V,9.5216 kV,76 µbar,Carbon Dioxide: 0.0216 kV,"1,248 µbar",17.637 V,22.800 V,904 µbar/min,3.349 V,1.43E-007 mbar,12 %,992 µbar,µ-Volume,,Pre,17.169459141809426,18.628734238701057,19.014957435684394,24.498139634073237,25.409807577074027,17.831279315072976,-1.1658059005564825,-3.6489060638552617,-1.288767985817029,0.06602634162132,0.01650658540533,-3.692613566553829,0.025191546565091,0.0062978866412727,-1.2423827261493423,0.06985029063250478,-3.6936646723622557,0.025090766495360944,3f525473c511__Natan Pereira BTS coral series 9.xlsx,2026-02-23 21:31:24.745,739670.0,904.0,1248.0,76.0,992.0,13.029289418365996,,BTS,1019,BTS,1019,,OK,16.0,15.0,15.0,0.0,0.0,12.070105846161088,-0.2931952476501465,17.88534510906239,17.892303951339915,-0.0069588422775268,23.518462791383723,23.906623139322257,-0.388160347938534,-0.2148731205302785,-0.0174773820649286,-0.0176314579282151,16.62909833343693,15.0,True,-1.2969654581677312,-3.6955274000670673,0.0593202652151254,0.0231169512584982,16.482500709611855,16.775695957262002,,0.9591835722049087
18.0,GIRMS\IRMS-operator,2026-02-23 22:10:24.750,2026-02-23 23:21:31.576,Running,False,BTS,1090,18.0,2.0,10.0,True,Unknown,,"0.002 V, 0.002 V, 0.003 V",45 µbar,73 °C,,31.723 V,9.5211 kV,64 µbar,Carbon Dioxide: 0.0211 kV,"1,031 µbar",18.462 V,38.320 V,405 µbar/min,16.918 V,1.50E-007 mbar,10 %,985 µbar,µ-Volume,28.738 V,Pre,30.999163430111945,33.57708257028337,19.94782489129778,44.20033045148912,26.65707416868272,18.70752338685328,-2.7649905662326946,-4.290097990776731,-2.674440081680185,0.0890009742561405,0.0229799527393511,-4.153311320637141,0.0852230734003908,0.0213057683500977,-2.7077519574632745,0.09236123051239972,-4.151764633055311,0.08509816116141991,3f525473c511__Natan Pereira BTS coral series 9.xlsx,2026-02-23 22:10:24.750,739670.0,405.0,1031.0,64.0,985.0,22.64984164752299,,BTS,1090,BTS,1090,,OK,16.0,15.0,15.0,0.0,0.0,12.606539378928987,11.966794729232788,32.0160220224547,18.757475431649645,13.258546590805054,42.14413411951128,25.063886717320106,17.080247402191173,14.999132368721458,0.6803729767158397,0.5076703747024603,23.57197765626246,15.0,True,-2.652769141141646,-4.144192209294502,0.1037335984517961,0.0797256983099179,29.555375020878856,17.588580291646068,,10.043302268594003
19.0,GIRMS\IRMS-operator,2026-02-23 22:51:04.910,2026-02-23 23:54:24.736,Running,False,BTS,829,19.0,1.0,11.0,True,Unknown,,"0.002 V, 0.002 V, 0.003 V",57 µbar,72 °C,,5.914 V,9.5210 kV,57 µbar,Carbon Dioxide: 0.0210 kV,"1,021 µbar",5.418 V,6.492 V,366 µbar/min,17.701 V,6.46E-008 mbar,48 %,853 µbar,µ-Volume,,Pre,5.416456340821793,5.883465045745313,5.857835072934541,7.729208083621589,7.820641521509318,5.485860172767742,-1.2966207607857383,-3.918779888077984,-1.3006553895752104,0.0179055064938287,0.0044763766234571,-3.9140959332359255,0.0289488546261041,0.007237213656526,-1.2468997622776534,0.0188175309500669,-3.915357727516708,0.028966030403134512,3f525473c511__Natan Pereira BTS coral series 9.xlsx,2026-02-23 22:51:04.910,739670.0,366.0,1021.0,57.0,853.0,4.358585001666918,,BTS,829,BTS,829,,OK,16.0,15.0,15.0,0.0,0.0,4.04803384087145,0.0083203291670805,5.706758265061345,5.601013804682425,0.1057444603789203,7.497026040521934,7.477304193873863,0.0197218466480713,0.0062160067409763,0.0015862666674518,0.0015850095435486,5.249387425423605,15.0,True,-1.3009243648278417,-3.913783669579789,0.0185004710311491,0.0299370061255094,5.2535475900071456,5.245227260840065,,0.31055116079546785
20.0,GIRMS\IRMS-operator,2026-02-23 23:21:31.687,2026-02-24 00:31:04.471,Running,False,BTS,1031,20.0,2.0,11.0,True,Unknown,,"0.002 V, 0.002 V, 0.002 V",45 µbar,73 °C,,17.450 V,9.5214 kV,71 µbar,Carbon Dioxide: 0.0214 kV,"1,168 µbar",17.093 V,20.088 V,689 µbar/min,5.347 V,1.42E-007 mbar,10 %,948 µbar,µ-Volume,,Pre,16.774359713642568,18.18439794907647,18.47227348218041,23.943865450553503,24.68415513866385,17.321306835262746,-2.066506362672582,-3.299537013542242,-2.2337181635720813,0.0624150113144011,0.0161154866249348,-3.3392378459928005,0.0201800408799689,0.0052104641502603,-2.2666190271997273,0.06612117957895089,-3.337788346667077,0.020064040844226996,3f525473c511__Natan Pereira BTS coral series 9.xlsx,2026-02-23 23:21:31.687,739670.0,689.0,1168.0,71.0,948.0,12.893542103639364,,BTS,1031,BTS,1031,,OK,16.0,15.0,15.0,0.0,0.0,11.75484133181706,-0.1623779535293579,17.497484220362484,17.387170924044426,0.1103132963180577,23.03796425693473,23.2322903000637,-0.1943260431289708,-0.1199118416178106,-0.0099607745966056,-0.0100106314181686,16.220550607292623,15.0,True,-2.2337181635720813,-3.3384499064977056,0.0624150113144011,0.0219904370956115,16.139361630527944,16.3017395840573,,1.138700771822304
21.0,GIRMS\IRMS-operator,2026-02-23 23:54:24.869,2026-02-24 01:12:52.450,Running,False,SHP2L,,21.0,1.0,12.0,True,QC Standard,SHP2L,"0.001 V, 0.001 V, 0.001 V",54 µbar,72 °C,,15.126 V,9.5215 kV,71 µbar,Carbon Dioxide: 0.0215 kV,"1,209 µbar",13.733 V,17.411 V,825 µbar/min,3.345 V,1.19E-007 mbar,17 %,965 µbar,µ-Volume,,Pre,13.392494563272964,14.54132165826542,14.758491181504557,19.06433263562897,19.715468676316533,13.83277917306758,-0.9128784507027587,-6.137998058106664,-0.9879191634835012,0.0375413352658354,0.0093853338164588,-6.161443183130201,0.0173908613800514,0.0043477153450128,-0.8289826451385179,0.03974258776942061,-6.165817798410994,0.017353129730311456,3f525473c511__Natan Pereira BTS coral series 9.xlsx,2026-02-23 23:54:24.869,739670.0,825.0,1209.0,71.0,965.0,10.335042727914336,,SHP2L,,SHP2L,,,OK,16.0,15.0,15.0,0.0,0.0,9.584632423257329,-0.1773387193679809,14.003181122910808,13.949849866998024,0.0533312559127825,18.35810700200776,18.63334635041932,-0.2752393484115565,-0.1304832491916684,-0.0135647413502478,-0.0136573707007882,12.984836045912278,15.0,True,-0.9929218776688842,-6.163006191465104,0.0328783059067574,0.0167977721309973,12.896166686228288,13.073505405596269,,0.7504103046570076
22.0,GIRMS\IRMS-operator,2026-02-24 00:31:04.607,2026-02-24 01:43:16.515,Running,False,BTS,815,22.0,2.0,12.0,True,Unknown,,"0.002 V, 0.002 V, 0.002 V",45 µbar,72 °C,,7.578 V,9.5214 kV,54 µbar,Carbon Dioxide: 0.0214 kV,926 µbar,7.478 V,8.380 V,278 µbar/min,13.296 V,8.26E-008 mbar,36 %,860 µbar,µ-Volume,,Pre,7.337143027950553,7.964418359988827,8.06240156902621,10.470000445256249,10.765107197187069,7.551667620479661,-1.8075423117145384,-3.8902005815367735,-1.865799671217968,0.0217235466788951,0.0056089956338613,-3.896135711672334,0.0219874839999876,0.0054968709999969,-1.8522694281989383,0.023212258840467764,-3.8961118263777794,0.02200610828548295,3f525473c511__Natan Pereira BTS coral series 9.xlsx,2026-02-24 00:31:04.607,739671.0,278.0,926.0,54.0,860.0,5.895626422061646,,BTS,815,BTS,815,,OK,16.0,15.0,15.0,0.0,0.0,5.472596045067268,-0.0824630260467511,7.723251140254237,7.684500313913049,0.0387508263411877,10.152859031567589,10.26024143625582,-0.1073824046882343,-0.0608047265665211,-0.0114572287486955,-0.0115232409524548,7.1562355058785245,15.0,True,-1.865799671217968,-3.896531387014704,0.0217235466788951,0.0227001693438795,7.115003992855149,7.1974670189019,,0.42303037699437773
23.0,GIRMS\IRMS-operator,2026-02-24 01:12:52.566,2026-02-24 02:15:17.237,Running,False,BTS,1091,23.0,1.0,13.0,True,Unknown,,"0.002 V, 0.002 V, 0.002 V",54 µbar,72 °C,,48.430 V,9.5215 kV,81 µbar,Carbon Dioxide: 0.0215 kV,"1,263 µbar",17.988 V,48.985 V,874 µbar/min,7.342 V,1.46E-007 mbar,10 %,"1,034 µbar",µ-Volume,36.427 V,Pre,39.16530112852843,42.34899286497199,19.4317371057328,48.985202927167215,25.966500062520307,18.22265784373076,-4.536238413655691,-126.60451208304212,-4.259436375790778,0.2044678664502615,0.0511169666125653,-10.974809233297863,19.374129936321623,5.00237883937548,-4.127976671371051,0.6466131602851058,-10.976919060245729,19.394340838471024,3f525473c511__Natan Pereira BTS coral series 9.xlsx,2026-02-24 01:12:52.566,739671.0,874.0,1263.0,81.0,1034.0,27.584217368862937,,BTS,1091,BTS,1091,,Partially Saturated Collectors,16.0,15.0,13.0,0.0,2.0,12.311507155698461,19.94851231575013,40.11110667455756,18.282291333561776,21.828815340995785,47.56160559135179,21.685128230626383,25.87647736072541,32.19525575352124,1.1637085368455766,0.7356610277417462,27.116445704601126,13.0,True,-4.538435284231368,-4.7877253531618535,0.1973718933740712,0.1290901604667652,37.09070186247619,17.142189546726062,,15.272710213164476
24.0,GIRMS\IRMS-operator,2026-02-24 01:43:16.688,2026-02-24 02:52:17.941,Running,False,BTS,1032,24.0,2.0,13.0,True,Unknown,,"0.002 V, 0.002 V, 0.003 V",45 µbar,73 °C,,22.247 V,9.5213 kV,64 µbar,Carbon Dioxide: 0.0213 kV,"1,034 µbar",17.164 V,26.037 V,454 µbar/min,17.205 V,1.42E-007 mbar,10 %,973 µbar,µ-Volume,20.364 V,Pre,21.6754039989553,23.472090383716967,18.557866235920336,30.931520836807977,24.797755854584462,17.401274131401586,-3.1474383676441957,-3.5474631700632697,-3.1632464567102376,0.0218970462037363,0.005653793018547,-3.5355865405538665,0.0147258740333612,0.0038022043259704,-3.253938672865749,0.023336771519708515,-3.532240706434712,0.014732740113046573,3f525473c511__Natan Pereira BTS coral series 9.xlsx,2026-02-24 01:43:16.688,739671.0,454.0,1034.0,64.0,973.0,16.350923875137376,,BTS,1032,BTS,1032,,OK,16.0,15.0,15.0,0.0,0.0,11.807633666439198,4.414483904838562,22.52105357284203,17.470841427990344,5.050212144851685,29.675755279518857,23.34390916154553,6.331846117973328,4.180181651709476,0.2694997196390005,0.2374970283599494,18.587533222302007,15.0,True,-3.1603905525269638,-3.532147954982704,0.0264303939121603,0.0175127867000911,20.794775174721288,16.380291269882726,,4.543290208698178
25.0,GIRMS\IRMS-operator,2026-02-24 02:15:17.357,2026-02-24 03:30:46.977,Running,False,BTS,1060,25.0,1.0,14.0,True,Unknown,,"0.001 V, 0.001 V, 0.002 V",54 µbar,72 °C,,48.534 V,9.5217 kV,86 µbar,Carbon Dioxide: 0.0217 kV,"1,266 µbar",18.915 V,49.014 V,913 µbar/min,3.334 V,1.53E-007 mbar,10 %,"1,046 µbar",µ-Volume,48.515 V,Pre,49.0023579843012,48.97839930740168,20.43048647132685,48.98779811693683,27.302838586106443,19.16071143221533,-79.74057602344998,-301.8911267851165,-8.684665156573187,16.847869311613618,4.502782475800078,-106.25478632829508,123.28875356008623,30.82218839002156,-6.237105902727334,15.663633033156342,-106.32648887423125,123.36692593249246,3f525473c511__Natan Pereira BTS coral series 9.xlsx,2026-02-24 02:15:17.357,739671.0,913.0,1266.0,86.0,1046.0,36.34479571354066,,BTS,1060,BTS,1060,,Partially Saturated Collectors,16.0,12.0,7.0,3.0,8.0,12.88296828335335,29.511407017707825,46.37434688297083,16.05552044597438,30.318826436996453,46.46476330591693,16.242541096940187,30.222222208976746,62.71800162000842,1.849178696815998,0.9608172768625264,30.714900458571076,7.0,True,-4.417415183989859,-4.566619706002806,0.2885278656466035,0.1070359898249525,45.470603967424985,15.95919694971716,,23.461827430187313
26.0,GIRMS\IRMS-operator,2026-02-24 02:52:18.083,2026-02-24 04:05:34.218,Running,False,SHP2L,,26.0,2.0,14.0,True,QC Standard,SHP2L,"0.002 V, 0.002 V, 0.003 V",45 µbar,72 °C,,6.306 V,9.5215 kV,67 µbar,Carbon Dioxide: 0.0215 kV,"1,114 µbar",5.803 V,6.908 V,415 µbar/min,18.116 V,6.72E-008 mbar,46 %,850 µbar,µ-Volume,,Pre,5.807064208877456,6.310869325188765,6.275932599783674,8.268710080556819,8.37874668578625,5.877531800163162,-0.7888709780430325,-6.049309876367315,-0.8141372962325495,0.0186652173587898,0.0048193383989289,-6.0619430406789965,0.0163597044866309,0.0042240575350397,-0.646600823774109,0.02044773066834206,-6.066608444625883,0.01640141830691712,3f525473c511__Natan Pereira BTS coral series 9.xlsx,2026-02-24 02:52:18.083,739671.0,415.0,1114.0,67.0,850.0,4.704877278534193,,SHP2L,,SHP2L,,,OK,16.0,15.0,15.0,0.0,0.0,4.321029177241954,0.0233740420466794,6.1293670304413705,5.997334291519325,0.1320327389220459,8.030291501455256,8.00637513773913,0.0239163637161254,0.0175073372601548,0.0041617385315042,0.0041530964806798,5.6280999383026895,15.0,True,-0.8115776173350426,-6.066686400115289,0.024192066827764,0.0218340104846398,5.639786959326029,5.61641291727935,,0.383848101292239
27.0,GIRMS\IRMS-operator,2026-02-24 03:30:47.159,2026-02-24 04:36:35.453,Running,False,BTS,1061,27.0,1.0,15.0,True,Unknown,,"0.002 V, 0.002 V, 0.002 V",57 µbar,72 °C,,17.259 V,9.5216 kV,81 µbar,Carbon Dioxide: 0.0216 kV,"1,270 µbar",16.890 V,20.019 V,874 µbar/min,5.727 V,1.39E-007 mbar,11 %,987 µbar,µ-Volume,,Pre,16.57719910144806,17.978630207433454,18.20222213114714,23.65759398034504,24.321649327787668,17.06686615943909,-1.6657249173023247,-3.5002583431711365,-1.8343115657244595,0.0567486906819557,0.014652448928686,-3.5417582742756237,0.01536654550248,0.0039676249879895,-1.8317151476097655,0.06032746935014903,-3.541416940370741,0.015294113605575565,3f525473c511__Natan Pereira BTS coral series 9.xlsx,2026-02-24 03:30:47.159,739671.0,874.0,1270.0,81.0,987.0,12.640065513551235,,BTS,1061,BTS,1061,,OK,16.0,15.0,15.0,0.0,0.0,11.598940290382394,-0.1388788223266601,17.274997375859968,17.136148355855696,0.1388490200042724,22.73066724828175,22.896368160757333,-0.1657009124755823,-0.1026947400731523,-0.0086441646323818,-0.0086816876008361,15.996754169464111,15.0,True,-1.8343115657244595,-3.541758274275623,0.0567486906819557,0.01536654550248,15.92731475830078,16.06619358062744,,1.0411252231688408
28.0,GIRMS\IRMS-operator,2026-02-24 04:05:34.437,2026-02-24 05:13:55.606,Running,False,BTS,1076,28.0,2.0,15.0,True,Unknown,,"0.002 V, 0.002 V, 0.002 V",45 µbar,73 °C,,24.804 V,9.5215 kV,67 µbar,Carbon Dioxide: 0.0215 kV,"1,104 µbar",16.982 V,29.280 V,479 µbar/min,16.169 V,1.40E-007 mbar,10 %,980 µbar,µ-Volume,22.606 V,Pre,24.176068814423587,26.18401805927488,18.352191253206456,34.49362708089844,24.52238095758454,17.20757058444312,-3.0447461761312637,-3.7465164618472047,-2.996051778089364,0.0574954211529147,0.0143738552882286,-3.687522647178691,0.0462730413016642,0.011568260325416,-3.069409414947835,0.060008603681509336,-3.684717233639494,0.046207894373435844,3f525473c511__Natan Pereira BTS coral series 9.xlsx,2026-02-24 04:05:34.437,739671.0,479.0,1104.0,67.0,980.0,18.0792447421222,,BTS,1076,BTS,1076,,OK,16.0,15.0,15.0,0.0,0.0,11.692064918876973,6.953537464141846,25.0855789618704,17.28570024540159,7.799878716468807,33.044206032734074,23.095401058178105,9.94880497455597,7.412131936303614,0.4290740551359714,0.3532819876189022,19.6826832610636,15.0,True,-2.9928054848865697,-3.683589726200789,0.0579757530039344,0.0450441268481439,23.159451993134525,16.20591452899268,,6.387179823245226
29.0,GIRMS\IRMS-operator,2026-02-24 04:36:35.589,2026-02-24 05:52:35.593,Running,False,BTS,1043,29.0,1.0,16.0,True,Unknown,,"0.001 V, 0.001 V, 0.002 V",54 µbar,72 °C,,27.319 V,9.5216 kV,86 µbar,Carbon Dioxide: 0.0216 kV,"1,275 µbar",18.974 V,32.823 V,991 µbar/min,3.349 V,1.52E-007 mbar,10 %,"1,012 µbar",µ-Volume,24.292 V,Pre,26.234235915431945,28.41139222240864,20.469013701443064,37.41737905886478,27.356100119617643,19.197117838153805,-2.8798872716490065,-4.0311819452912845,-2.8808092925721285,0.0377497718426505,0.009746949177981,-3.966255812613042,0.0475174436372734,0.0118793609093183,-2.9356258904884136,0.03900948514010086,-3.964026918797028,0.04748242511947803,3f525473c511__Natan Pereira BTS coral series 9.xlsx,2026-02-24 04:36:35.589,739671.0,991.0,1275.0,86.0,1012.0,19.21745699186083,,BTS,1043,BTS,1043,,OK,16.0,15.0,15.0,0.0,0.0,12.896281148617849,6.99324905872345,27.105841885570868,19.23025036907612,7.875591516494747,35.69641415026493,25.697407163646883,9.999006986618046,7.239214181596932,0.387809393780836,0.3248244142023264,21.52932092834469,15.0,True,-2.87275889591252,-3.961927403767825,0.0491231535475434,0.0458040720240635,25.025945457706417,18.032696398982967,,6.32117584324298
30.0,GIRMS\IRMS-operator,2026-02-24 05:13:55.744,2026-02-24 06:26:36.906,Running,False,BTS,832,30.0,2.0,16.0,True,Unknown,,"0.002 V, 0.002 V, 0.003 V",45 µbar,73 °C,,3.328 V,9.5215 kV,74 µbar,Carbon Dioxide: 0.0215 kV,"1,195 µbar",3.333 V,3.571 V,698 µbar/min,18.150 V,5.41E-008 mbar,84 %,731 µbar,µ-Volume,,Pre,3.1786906934142047,3.450565013554575,3.630761163861147,4.538120277725148,4.84711545328878,3.3997941232085163,-2.0345604811367046,-3.523891717923444,-2.0231299256255952,0.0196022119905956,0.0049005529976489,-3.443686072043865,0.040576383363534,0.0101440958408835,-2.0344827120813314,0.01866690702978323,-3.4428135242673963,0.040632598244811365,3f525473c511__Natan Pereira BTS coral series 9.xlsx,2026-02-24 05:13:55.744,739671.0,698.0,1195.0,74.0,731.0,2.622150671675505,,BTS,832,BTS,832,,OK,16.0,15.0,15.0,0.0,0.0,2.5605039030256087,-0.1665980955449888,3.360443048495194,3.4837498045908246,-0.1233067560956304,4.419691360851211,4.650787957511829,-0.2310965966606177,-0.1179198670255075,-0.051069642146643,-0.052407867670442,3.178875671733345,15.0,True,-2.0223678885915217,-3.4383390289852267,0.0200434040057922,0.0356919705155322,3.095576623960851,3.26217471950584,,0.061646768649896266
31.0,GIRMS\IRMS-operator,2026-02-24 05:52:35.730,2026-02-24 06:58:20.586,Running,False,SHP2L,,31.0,1.0,17.0,True,QC Standard,SHP2L,"0.001 V, 0.001 V, 0.002 V",57 µbar,72 °C,,2.698 V,9.5218 kV,71 µbar,Carbon Dioxide: 0.0218 kV,"1,231 µbar",3.187 V,2.883 V,825 µbar/min,3.307 V,4.69E-008 mbar,100 %,716 µbar,µ-Volume,2.501 V,Pre,2.5827858606014678,2.8068535016428253,3.4918506373548204,3.6775870590659103,4.661409471946702,3.269660113571394,-0.9609062913134014,-6.153425414840208,-0.9482833492324928,0.0172322377325081,0.0044493446503927,-6.148368456820159,0.0238738136592117,0.0059684534148029,-0.7869964349192182,0.018005318867105304,-6.152827163460537,0.02387152022836296,3f525473c511__Natan Pereira BTS coral series 9.xlsx,2026-02-24 05:52:35.730,739671.0,825.0,1231.0,71.0,716.0,2.126388356651046,,SHP2L,,SHP2L,,,OK,16.0,15.0,15.0,0.0,0.0,2.464482411828902,-0.6230949304154914,3.3496714485977046,2.731376253090747,0.6182951955069576,4.471464551354319,3.578457604894352,0.893006946459967,-0.3724338469437405,-0.1986683107971404,-0.2205793768998277,2.8248104567747463,15.0,True,-0.9432742372114924,-6.14803132628549,0.0231910712412193,0.0246722907039801,2.5132629915670006,3.136357921982492,,-0.33809405517785596
32.0,GIRMS\IRMS-operator,2026-02-24 06:26:37.096,2026-02-24 07:36:10.669,Running,False,BTS,1039,32.0,2.0,17.0,True,Unknown,,"0.001 V, 0.001 V, 0.001 V",45 µbar,73 °C,,28.372 V,9.5218 kV,64 µbar,Carbon Dioxide: 0.0218 kV,"1,080 µbar",17.639 V,33.984 V,415 µbar/min,3.162 V,1.44E-007 mbar,10 %,985 µbar,µ-Volume,25.434 V,Pre,27.37800776958466,29.66099443493657,19.071007395370536,39.04655910476759,25.48508680805281,17.88292825222015,-2.665749582944743,-4.148092730229869,-2.5833057229659944,0.0861628583665927,0.0215407145916481,-4.028644630328822,0.0639155389718173,0.0159788847429543,-2.615126277980842,0.09010627234031149,-4.027136548733552,0.06381211328900284,3f525473c511__Natan Pereira BTS coral series 9.xlsx,2026-02-24 06:26:37.096,739671.0,415.0,1080.0,64.0,985.0,20.214569754898548,,BTS,1039,BTS,1039,,OK,16.0,15.0,15.0,0.0,0.0,12.09515263246508,9.3354731798172,28.34410431443029,17.9433918243485,10.400712490081789,37.3101863954933,23.97588230117872,13.334304094314575,10.827333028418238,0.5549003161151407,0.4343811870976599,21.491430699825287,15.0,True,-2.577809465634077,-4.020681423668752,0.0862349157453252,0.0573578387694515,26.159167289733887,16.823694109916687,,8.119417122433468
33.0,GIRMS\IRMS-operator,2026-02-24 06:58:20.789,2026-02-24 08:18:49.903,Running,False,BTS,826,33.0,1.0,18.0,True,Unknown,,"0.001 V, 0.001 V, 0.001 V",54 µbar,72 °C,,10.825 V,9.5218 kV,84 µbar,Carbon Dioxide: 0.0218 kV,"1,270 µbar",9.882 V,12.240 V,967 µbar/min,3.343 V,9.72E-008 mbar,26 %,936 µbar,µ-Volume,,Pre,9.683906403823068,10.502598900924632,10.624400992523146,13.81511986255646,14.189139008522035,9.953656937219302,-2.4573545318928858,-4.153873236775518,-2.536795301840936,0.0406432687720146,0.0101608171930036,-4.149517371282434,0.0132407843336117,0.0034187558143201,-2.5609766486300383,0.043562946087482575,-4.14825011386315,0.013248771245311484,3f525473c511__Natan Pereira BTS coral series 9.xlsx,2026-02-24 06:58:20.789,739671.0,967.0,1270.0,84.0,936.0,7.610552027968225,,BTS,826,BTS,826,,OK,16.0,15.0,15.0,0.0,0.0,7.0827741732186125,-0.1015866227140414,10.143719334732006,10.091595072875927,0.0521242618560791,13.342559337615963,13.477176427841188,-0.1346170902252215,-0.0749596028160419,-0.0107452441672494,-0.010803286140946,9.40330760369412,15.0,True,-2.5420913531708056,-4.146493150152614,0.0359032142630363,0.0168605752861346,9.3525142923371,9.45410091505114,,0.5277778547496128
34.0,GIRMS\IRMS-operator,2026-02-24 07:36:10.838,2026-02-24 08:48:59.132,Running,False,BTS,822,34.0,2.0,18.0,True,Unknown,,"0.002 V, 0.002 V, 0.002 V",45 µbar,73 °C,,8.511 V,9.5215 kV,67 µbar,Carbon Dioxide: 0.0215 kV,"1,121 µbar",8.469 V,9.480 V,542 µbar/min,9.668 V,8.77E-008 mbar,31 %,872 µbar,µ-Volume,,Pre,8.278260265955637,8.987643509779536,9.077741695738432,11.819596012607146,12.122473864816651,8.503357206949902,-1.5636501418970772,-3.3840748574733848,-1.5918661683099604,0.0214423105225094,0.0053605776306273,-3.3970525350043155,0.0145957600142778,0.0037686090307025,-1.5777449150262968,0.022898266648541547,-3.3971020068687645,0.01460884153323302,3f525473c511__Natan Pereira BTS coral series 9.xlsx,2026-02-24 07:36:10.838,739671.0,542.0,1121.0,67.0,872.0,6.6232295340622755,,BTS,822,BTS,822,,OK,16.0,15.0,15.0,0.0,0.0,6.113714141183694,-0.0693418068003417,8.712514583184944,8.641072302733027,0.071442280451917,11.457077412866582,11.538500775919712,-0.0814233630531298,-0.05127917071611,-0.0085673160578742,-0.0086041733943171,8.059089888418615,15.0,True,-1.593747236737486,-3.3952039476382665,0.0207835267617472,0.0177680408714513,8.024418985018444,8.093760791818786,,0.5095153928785816
35.0,GIRMS\IRMS-operator,2026-02-24 08:18:50.071,2026-02-24 09:21:05.324,Running,False,BTS,1057,35.0,1.0,19.0,True,Unknown,,"0.002 V, 0.002 V, 0.002 V",54 µbar,72 °C,,24.590 V,9.5214 kV,69 µbar,Carbon Dioxide: 0.0214 kV,"1,192 µbar",17.785 V,29.345 V,650 µbar/min,8.296 V,1.45E-007 mbar,10 %,"1,009 µbar",µ-Volume,22.279 V,Pre,23.9358851943034,25.93870358464294,19.21190218922668,34.13425332128503,25.674730001086967,18.015668753148923,-2.3797833502742227,-4.277371908719352,-2.389808962101037,0.0462042749635916,0.0115510687408979,-4.226332667932181,0.029536803469553,0.0073842008673882,-2.400757050605384,0.048798571143154536,-4.225473177309659,0.029506809507365388,3f525473c511__Natan Pereira BTS coral series 9.xlsx,2026-02-24 08:18:50.071,739671.0,650.0,1192.0,69.0,1009.0,17.746664609374413,,BTS,1057,BTS,1057,,OK,16.0,15.0,15.0,0.0,0.0,12.176706248649255,5.94095885753632,24.803428816767276,18.072619008989868,6.730809807777405,32.638549266452564,24.150162397022022,8.488386869430542,5.9850331044207286,0.3506020497386843,0.2983082991675776,19.915499750139126,15.0,True,-2.390477336222825,-4.222930051879702,0.0477458387279277,0.0271341513171733,22.885979178907284,16.945020321370965,,5.569958360725158
36.0,GIRMS\IRMS-operator,2026-02-24 08:48:59.257,2026-02-24 09:58:44.504,Running,False,SHP2L,,36.0,2.0,19.0,True,QC Standard,SHP2L,"0.002 V, 0.002 V, 0.003 V",45 µbar,73 °C,,7.224 V,9.5213 kV,57 µbar,Carbon Dioxide: 0.0213 kV,"1,014 µbar",6.656 V,7.964 V,386 µbar/min,17.021 V,7.71E-008 mbar,38 %,850 µbar,µ-Volume,,Pre,6.555390887175983,7.123407260357786,7.179621712651046,9.335096540848127,9.586786535324284,6.724117853595524,-0.8276056386928854,-6.0901004493684185,-0.8386178800021542,0.022553054841722,0.0056382637104305,-6.103273816635009,0.0127099384876435,0.0032816920062642,-0.6714868073867605,0.024100395294116953,-6.107921927252469,0.012721193920487634,3f525473c511__Natan Pereira BTS coral series 9.xlsx,2026-02-24 08:48:59.257,739671.0,386.0,1014.0,57.0,850.0,5.280600311426166,,SHP2L,,SHP2L,,,OK,16.0,15.0,15.0,0.0,0.0,4.90673636772339,-0.0572502613067626,6.911147491421492,6.851782139930065,0.0593653514914267,9.05673733049793,9.149079826416202,-0.0923424959182721,-0.0423221909858569,-0.008921484159742,-0.0089614589166284,6.38849788180489,15.0,True,-0.8393520294227724,-6.101168896865251,0.0231458884827388,0.0169535210515694,6.359872751151508,6.417123012458271,,0.3738639437027764
37.0,GIRMS\IRMS-operator,2026-02-24 09:21:05.456,2026-02-24 10:38:45.409,Running,False,BTS,1069,37.0,1.0,20.0,True,Unknown,,"0.001 V, 0.001 V, 0.001 V",49 µbar,72 °C,,14.716 V,9.5216 kV,79 µbar,Carbon Dioxide: 0.0216 kV,"1,246 µbar",13.369 V,16.790 V,"1,050 µbar/min",3.340 V,1.19E-007 mbar,17 %,948 µbar,µ-Volume,,Pre,13.072452203453764,14.18082941848011,14.369910252868843,18.655859610600032,19.198038360638183,13.46769060295938,-1.889994824688768,-3.783440853322606,-2.03115448385256,0.0417945482714234,0.0107913059611656,-3.814405770956952,0.0230663511117016,0.0057665877779254,-2.0321686034123103,0.044154256081744205,-3.81393291890373,0.023003952623946347,3f525473c511__Natan Pereira BTS coral series 9.xlsx,2026-02-24 09:21:05.456,739671.0,1050.0,1246.0,79.0,948.0,10.14960491621564,,BTS,1069,BTS,1069,,OK,16.0,15.0,15.0,0.0,0.0,9.353082858043638,-0.1313686370849591,13.671179903328133,13.588031423866465,0.0831484794616699,17.985292455715694,18.152096054119628,-0.1668035984039342,-0.0969774071224456,-0.0103166444878089,-0.0103701369961485,12.667975084007963,15.0,True,-2.03115448385256,-3.8164700987992406,0.0417945482714234,0.0222936577118374,12.602290765465485,12.733659402550444,,0.7965220581720018
38.0,GIRMS\IRMS-operator,2026-02-24 09:58:44.679,2026-02-24 11:13:13.789,Running,False,BTS,846,38.0,2.0,20.0,True,Unknown,,"0.002 V, 0.002 V, 0.002 V",40 µbar,72 °C,,8.812 V,9.5213 kV,67 µbar,Carbon Dioxide: 0.0213 kV,"1,161 µbar",8.151 V,9.784 V,576 µbar/min,12.960 V,8.81E-008 mbar,31 %,882 µbar,µ-Volume,,Pre,8.01632773259639,8.696753157429184,8.779743773544906,11.444197167577832,11.725065646860845,8.223587785983028,-2.3739001981630814,-3.622755863013527,-2.3723320320665637,0.0147160291301543,0.0037996623828927,-3.639146895167443,0.022687383473008,0.005671845868252,-2.4037241237708193,0.015584993735543203,-3.6377033322287504,0.022694541275295348,3f525473c511__Natan Pereira BTS coral series 9.xlsx,2026-02-24 09:58:44.679,739671.0,576.0,1161.0,67.0,882.0,6.430797950345038,,BTS,846,BTS,846,,OK,16.0,15.0,15.0,0.0,0.0,5.925336011679582,-0.0513563571123132,8.438948167614427,8.359375966839279,0.0795722007751482,11.104331807189425,11.1630087477901,-0.0586769406006784,-0.0380556157143018,-0.0065593304877134,-0.0065809136815878,7.803833874314279,15.0,True,-2.368969877051426,-3.6402396306443703,0.0193603918099278,0.0230437216974308,7.778155695758122,7.829512052870435,,0.505461938665456
39.0,GIRMS\IRMS-operator,2026-02-24 10:38:45.614,2026-02-24 11:44:11.449,Running,False,BTS,1078,39.0,1.0,21.0,True,Unknown,,"0.002 V, 0.002 V, 0.002 V",52 µbar,72 °C,,14.898 V,9.5214 kV,69 µbar,Carbon Dioxide: 0.0214 kV,"1,207 µbar",14.716 V,17.106 V,767 µbar/min,8.001 V,1.29E-007 mbar,14 %,948 µbar,µ-Volume,,Pre,14.455392956733704,15.674948146413202,15.8442551398977,20.62791968964381,21.17135013722224,14.851808547973633,-2.12822024434578,-3.865063916449252,-2.266146117969285,0.0459072310182531,0.0118531960802793,-3.905477470794921,0.0219302631001197,0.0054825657750299,-2.2802194336247528,0.04877388864360257,-3.904571897072891,0.021873894276181832,3f525473c511__Natan Pereira BTS coral series 9.xlsx,2026-02-24 10:38:45.614,739671.0,767.0,1207.0,69.0,948.0,11.13640869922535,,BTS,1078,BTS,1078,,OK,16.0,15.0,15.0,0.0,0.0,10.223840334139062,-0.1012234914555616,15.091925313542715,14.956637671063776,0.1352876424789411,19.860122457969617,19.983220950592,-0.123098492622379,-0.0749577528439992,-0.007220873065373,-0.0072470380362528,13.967567294279007,15.0,True,-2.266146117969285,-3.9081717077513,0.0459072310182531,0.0197699402558892,13.916955548551227,14.018179040006787,,0.9125683650862886
40.0,GIRMS\IRMS-operator,2026-02-24 11:13:13.937,2026-02-24 12:22:29.495,Running,False,BTS,1097,40.0,2.0,21.0,True,Unknown,,"0.002 V, 0.002 V, 0.002 V",40 µbar,73 °C,,7.597 V,9.5213 kV,54 µbar,Carbon Dioxide: 0.0213 kV,"1,031 µbar",7.016 V,8.392 V,454 µbar/min,14.196 V,8.18E-008 mbar,35 %,836 µbar,µ-Volume,,Pre,6.909193523362744,7.499040638818344,7.5612231251784285,9.865997256135891,10.097322882509186,7.081413912345215,-2.0295117813030616,-3.4503402924801474,-2.039729069769965,0.0290120082895606,0.0072530020723901,-3.4368858360415517,0.0179081274107605,0.004623858614909,-2.0555157173698104,0.03133763391063451,-3.43597063157024,0.017951428491730058,3f525473c511__Natan Pereira BTS coral series 9.xlsx,2026-02-24 11:13:13.937,739671.0,454.0,1031.0,54.0,836.0,5.554839470257251,,BTS,1097,BTS,1097,,OK,16.0,15.0,15.0,0.0,0.0,5.149646838590453,-0.052735159172859,7.271917356503359,7.210286212581642,0.0616311439217165,9.567601503229094,9.628150161108952,-0.0605486578798579,-0.0390281430932085,-0.0078096020109821,-0.0078402164962398,6.726237623431766,15.0,True,-2.0404102223344247,-3.432675572391124,0.0298975594549193,0.0215687229205598,6.699870043845336,6.752605203018195,,0.4051926316667984
41.0,GIRMS\IRMS-operator,2026-02-24 11:44:11.596,2026-02-24 13:02:26.821,Running,False,SHP2L,,41.0,1.0,22.0,True,QC Standard,SHP2L,"0.001 V, 0.001 V, 0.001 V",45 µbar,73 °C,,13.210 V,9.5212 kV,71 µbar,Carbon Dioxide: 0.0212 kV,"1,207 µbar",11.989 V,15.069 V,845 µbar/min,3.341 V,1.10E-007 mbar,20 %,929 µbar,µ-Volume,,Pre,11.720460683775242,12.72896553603543,12.877366200364955,16.687335018115043,17.201544288592334,12.066766585260115,-0.9004874346779657,-6.141208652052144,-0.962762213625486,0.0341684551316033,0.0088222571793556,-6.166849569716312,0.0179534674702944,0.0044883668675736,-0.8018169026584587,0.03625402561713849,-6.171273433223587,0.017954086858242364,3f525473c511__Natan Pereira BTS coral series 9.xlsx,2026-02-24 11:44:11.596,739671.0,845.0,1207.0,71.0,929.0,9.106082782850036,,SHP2L,,SHP2L,,,OK,16.0,15.0,15.0,0.0,0.0,8.450262494305916,-0.1301204653112151,12.2695776375903,12.195384756006131,0.0741928815841674,16.083599571185108,16.289488915400504,-0.2058893442153966,-0.0959520701209905,-0.011387417543877,-0.0114526254579085,11.361627583949463,15.0,True,-0.9731690509074816,-6.168558964227255,0.0374602044953596,0.0171830851431881,11.296567351293858,11.426687816605073,,0.6558202885441204
42.0,GIRMS\IRMS-operator,2026-02-24 12:22:29.641,2026-02-24 13:36:34.931,Running,False,BTS,1054,42.0,2.0,22.0,True,Unknown,,"0.002 V, 0.002 V, 0.002 V",37 µbar,72 °C,,7.719 V,9.5210 kV,54 µbar,Carbon Dioxide: 0.0210 kV,"1,058 µbar",7.682 V,8.511 V,547 µbar/min,11.605 V,8.34E-008 mbar,34 %,853 µbar,µ-Volume,,Pre,7.464313181935619,8.110184326226662,8.28237376766348,10.705188395717869,11.058658840397127,7.757694267725715,-0.848769618428391,1.14052629297956,-0.8925535219265756,0.0245863923483931,0.0061465980870982,1.1563328981004428,0.0150375467612046,0.003882677878264,-0.9976823206263654,0.026563397264109202,1.159591290872397,0.015084231146218383,3f525473c511__Natan Pereira BTS coral series 9.xlsx,2026-02-24 12:22:29.641,739671.0,547.0,1058.0,54.0,853.0,6.012569612400658,,BTS,1054,BTS,1054,,OK,16.0,15.0,15.0,0.0,0.0,5.615859577325077,-0.1493541962106741,7.867227812716919,7.890056369894884,-0.0228285571779647,10.3849177381785,10.534853222110996,-0.1499354839324933,-0.1091523368888979,-0.0202100023070238,-0.0204163091343772,7.315435675843576,15.0,True,-0.8954724488264546,1.1541988354488275,0.022396632577555,0.0191500556874779,7.240758577738238,7.390112773948912,,0.3967100350755812
43.0,GIRMS\IRMS-operator,2026-02-24 13:02:26.981,2026-02-24 14:10:15.802,Running,False,BTS,1055,43.0,1.0,23.0,True,Unknown,,"0.002 V, 0.002 V, 0.002 V",49 µbar,72 °C,,19.809 V,9.5216 kV,74 µbar,Carbon Dioxide: 0.0216 kV,"1,234 µbar",17.284 V,23.145 V,733 µbar/min,7.555 V,1.42E-007 mbar,10 %,"1,007 µbar",µ-Volume,18.000 V,Pre,19.194665920187884,20.789902485205623,18.65152624924371,27.375900899690507,24.92275253466976,17.48931742851918,-2.9532335177570035,-4.076015463709726,-3.05429907457256,0.0298414636309096,0.0077050327779311,-4.121539252796362,0.014214564273853,0.0036701847137485,-3.115660595955442,0.03152187408282743,-4.1190687497108724,0.014177366782407523,3f525473c511__Natan Pereira BTS coral series 9.xlsx,2026-02-24 13:02:26.981,739671.0,733.0,1234.0,74.0,1007.0,14.502642300178461,,BTS,1055,BTS,1055,,OK,16.0,15.0,15.0,0.0,0.0,11.857808521944042,1.95389986038208,19.945483482672664,17.556097186400386,2.389386296272278,26.262441431802632,23.45597163371456,2.80646979808807,1.6304270969111687,0.1187073076464409,0.1120563536247076,17.436761032988482,15.0,True,-3.0542990745725604,-4.121539252796362,0.0298414636309096,0.0142145642738532,18.41371096317952,16.459811102797442,,2.6448337782344193
44.0,GIRMS\IRMS-operator,2026-02-24 13:36:35.065,2026-02-24 14:48:17.665,Running,False,BTS,1027,44.0,2.0,23.0,True,Unknown,,"0.002 V, 0.002 V, 0.002 V",47 µbar,72 °C,,7.119 V,9.5215 kV,52 µbar,Carbon Dioxide: 0.0215 kV,943 µbar,6.577 V,7.857 V,327 µbar/min,16.514 V,7.60E-008 mbar,37 %,841 µbar,µ-Volume,,Pre,6.483618316492752,7.040010807285781,7.078187545856244,9.254024870382842,9.449647314535676,6.62912121595516,-1.604817820905824,-3.642810753863968,-1.6303803250216446,0.0146288413325776,0.0037771505903589,-3.653338534763975,0.0238832248999852,0.0059708062249963,-1.609331515238632,0.015765606433931934,-3.653571624946207,0.02391573326119417,3f525473c511__Natan Pereira BTS coral series 9.xlsx,2026-02-24 13:36:35.065,739671.0,327.0,943.0,52.0,841.0,5.227872849460599,,BTS,1027,BTS,1027,,OK,16.0,15.0,15.0,0.0,0.0,4.845339186193414,-0.0381320714950579,6.829025467153392,6.756114154965541,0.072911312187851,8.976287988379529,9.019644505964813,-0.0433565175852841,-0.0282714319985751,-0.006026512317462,-0.0060447266271992,6.308320267698489,15.0,True,-1.634600062441649,-3.654040386823975,0.0158098724693755,0.024550099445476,6.28925423195096,6.327386303446018,,0.38253366326718563
45.0,GIRMS\IRMS-operator,2026-02-24 14:10:15.969,2026-02-24 15:26:51.636,Running,False,BTS,1009,45.0,1.0,24.0,True,Unknown,,"0.001 V, 0.001 V, 0.001 V",47 µbar,73 °C,,18.580 V,9.5217 kV,79 µbar,Carbon Dioxide: 0.0217 kV,"1,236 µbar",17.994 V,21.695 V,"1,016 µbar/min",3.344 V,1.45E-007 mbar,10 %,953 µbar,µ-Volume,,Pre,17.67117980189353,19.164342531865188,19.39461017579372,25.20779970426116,25.914293558783864,18.18649175829917,-1.6342091895765742,-3.8213262230729623,-1.8097241333997929,0.0657055377850391,0.0169650969063372,-3.872373039872172,0.0207806667084635,0.005365545072331,-1.7931619016984999,0.06964307996673863,-3.8724419222333495,0.020675121739554655,3f525473c511__Natan Pereira BTS coral series 9.xlsx,2026-02-24 14:10:15.969,739671.0,1016.0,1236.0,79.0,953.0,13.366852921909512,,BTS,1009,BTS,1009,,OK,16.0,15.0,15.0,0.0,0.0,12.296775916689574,-0.1478195190429723,18.388990411465716,18.240857968037677,0.1481324434280395,24.186712534613942,24.370831282325128,-0.1841187477111852,-0.1093061196538265,-0.0086429835983066,-0.0086804962918444,17.028924853277502,15.0,True,-1.8097241333997924,-3.872373039872172,0.0657055377850392,0.0207806667084636,16.955015093756014,17.102834612798986,,1.0700770052199378
46.0,GIRMS\IRMS-operator,2026-02-24 14:48:17.883,2026-02-24 15:59:55.507,Running,False,SHP2L,,46.0,2.0,24.0,True,QC Standard,SHP2L,"0.002 V, 0.002 V, 0.003 V",37 µbar,72 °C,,29.858 V,9.5214 kV,49 µbar,Carbon Dioxide: 0.0214 kV,982 µbar,17.524 V,35.902 V,347 µbar/min,17.243 V,1.44E-007 mbar,10 %,938 µbar,µ-Volume,27.047 V,Pre,29.16202044889177,31.619971776413145,18.936714315818968,41.50995511929453,25.301425646943446,17.756388549058094,-1.8927805709205716,-5.972023026290962,-1.7442998477501526,0.1270109954925433,0.0317527488731358,-5.855080633083986,0.0839322980714422,0.0209830745178605,-1.6496879088291618,0.13295723049397704,-5.857423063033419,0.08375085252395661,3f525473c511__Natan Pereira BTS coral series 9.xlsx,2026-02-24 14:48:17.883,739671.0,347.0,982.0,49.0,938.0,21.441134650556698,,SHP2L,,SHP2L,,,OK,16.0,15.0,15.0,0.0,0.0,12.047149267344132,11.120438575744627,30.19162097017688,17.835637712883177,12.355983257293705,39.63194687287272,23.82777531067789,15.804171562194831,13.811139243140149,0.6650411861255222,0.4990851095193536,22.28164768621172,15.0,True,-1.734401132872125,-5.847284473536856,0.1249172872467861,0.0806589978193303,27.841866974084034,16.721428398339405,,9.393985383212566
1.0,GIRMS\IRMS-operator,2026-03-25 19:16:25.172,2026-03-25 20:12:11.585,Running,False,SHP2L,1,1.0,1.0,2.0,True,Unknown,,"0.001 V, 0.001 V, 0.001 V",69 µbar,72 °C,,6.063 V,9.5180 kV,67 µbar,Carbon Dioxide: 0.0180 kV,98 µbar,5.643 V,6.788 V,63 µbar/min,2.734 V,7.79E-008 mbar,28 %,743 µbar,µ-Volume,,Pre,5.611411467039518,6.101909559953283,6.096836877714811,8.001290559724566,8.146331670273408,5.705908711861857,-0.8638237668184834,-6.165846047291645,-0.8717321859621961,0.009885888769498,0.0037365147389911,-6.148725970445357,0.0101791750788106,0.0038473665443313,-0.7053298941103815,0.010676259935620415,-6.153335173009326,0.010209597612174173,35a2b0e7ba09__SHP2L 25032026.xlsx,2026-03-25 19:16:25.172,739700.0,63.0,98.0,67.0,743.0,4.971679063565276,,SHP2L,1,SHP2L,1,,OK,8.0,7.0,7.0,0.0,0.0,4.814577507704568,-0.004887580871582,5.88903786824591,5.79192989893021,0.0971079693156999,7.721983460675092,7.73877705332494,-0.0167935926498481,-0.0062742934844052,-0.0009016972689186,-0.0009021039812667,5.417979493582182,7.0,True,-0.8781828961122847,-6.140140583012155,0.0164309955373751,0.0166318549027264,5.415535703146391,5.420423284017973,,0.15710155586070762
2.0,GIRMS\IRMS-operator,2026-03-25 19:49:16.905,2026-03-25 20:41:45.444,Running,False,SHP2L,2,2.0,2.0,2.0,True,Unknown,,"0.001 V, 0.001 V, 0.002 V",64 µbar,72 °C,,6.438 V,9.5179 kV,74 µbar,Carbon Dioxide: 0.0179 kV,74 µbar,6.179 V,7.211 V,54 µbar/min,5.557 V,8.10E-008 mbar,23 %,719 µbar,µ-Volume,,Pre,6.078228236873323,6.610102107221364,6.666122354187716,8.667710313756688,8.906417943840188,6.238577280929408,-0.7849393177055131,-6.028999180207273,-0.8122825049223515,0.0198669116564894,0.0070240139767688,-6.047089954628853,0.0197225490352223,0.0069729740825449,-0.6452866397996387,0.021142502811180977,-6.051737817851635,0.01973588393474191,35a2b0e7ba09__SHP2L 25032026.xlsx,2026-03-25 19:49:16.905,739700.0,54.0,74.0,74.0,719.0,5.399412168419836,,SHP2L,2,SHP2L,2,,OK,8.0,7.0,7.0,0.0,0.0,5.2489685240157895,-0.0517754110860986,6.38200368585167,6.325899041809787,0.0561046440418824,8.36818851481399,8.45185209270261,-0.0836635778886201,-0.0659433996614601,-0.0087456054542015,-0.008784016224302,5.894275438933699,7.0,True,-0.816188674524757,-6.049674350974795,0.0178344340974275,0.0197856123342375,5.86838773339065,5.920163144476748,,0.15044364440404667
3.0,GIRMS\IRMS-operator,2026-03-25 20:12:11.698,2026-03-25 21:13:45.184,Running,False,SHP2L,3,3.0,1.0,3.0,True,Unknown,,"0.001 V, 0.001 V, 0.002 V",76 µbar,72 °C,,7.795 V,9.5178 kV,67 µbar,Carbon Dioxide: 0.0178 kV,84 µbar,7.249 V,8.799 V,103 µbar/min,6.069 V,8.55E-008 mbar,17 %,770 µbar,µ-Volume,,Pre,7.164313773262179,7.790311436399264,7.806836808403418,10.215344915520234,10.4312329388967,7.307029504626573,-0.7967718853110206,-6.081922317667354,-0.8316769071932961,0.0350765102962177,0.0124014191454076,-6.099474867681475,0.0213856117637243,0.0075609555489761,-0.6640969440784711,0.03718988754780283,-6.1041351153975905,0.0213737716749802,35a2b0e7ba09__SHP2L 25032026.xlsx,2026-03-25 20:12:11.698,739700.0,103.0,84.0,67.0,770.0,6.313764765437567,,SHP2L,3,SHP2L,3,,OK,8.0,7.0,7.0,0.0,0.0,6.113439295868961,-0.0207275152206438,7.502264996983561,7.393628002564649,0.1086369944189122,9.837188287981832,9.878623376022862,-0.0414350880410303,-0.0265526029052151,-0.0029952985057999,-0.0029997911407607,6.909652788489641,7.0,True,-0.836663338890764,-6.10198237482635,0.0346893810884732,0.02179183936321,6.899289030879319,6.920016546099963,,0.20032546956860564
4.0,GIRMS\IRMS-operator,2026-03-25 20:41:45.539,2026-03-25 21:50:25.708,Running,False,SHP2L,4,4.0,2.0,3.0,True,Unknown,,"0.001 V, 0.001 V, 0.002 V",62 µbar,72 °C,,5.768 V,9.5178 kV,69 µbar,Carbon Dioxide: 0.0178 kV,67 µbar,5.461 V,6.447 V,63 µbar/min,7.086 V,7.53E-008 mbar,27 %,699 µbar,µ-Volume,,Pre,5.403813459389193,5.876565603716163,5.9065169377157964,7.705942581596354,7.891499668227143,5.52780590343479,-0.792796782725258,-6.023104633569587,-0.8140019877126842,0.0166095937289267,0.0058723781792388,-6.027990639488306,0.0159970218249486,0.0056558013056051,-0.6478346420143166,0.017950679331344005,-6.032614183642995,0.016024847232456788,35a2b0e7ba09__SHP2L 25032026.xlsx,2026-03-25 20:41:45.539,739700.0,63.0,67.0,69.0,699.0,4.810662877235739,,SHP2L,4,SHP2L,4,,OK,8.0,7.0,7.0,0.0,0.0,4.669519683733307,-0.0310838222503662,5.678082136614112,5.612237145480882,0.0658449911332299,7.445381125451504,7.498377233611054,-0.0529961081595491,-0.0397026236223663,-0.0059181643194813,-0.00593572862817,5.236732370622088,7.0,True,-0.8170313027108879,-6.028688640333838,0.0153690829416985,0.0171466685820449,5.2211904594969045,5.252274281747271,,0.14114319350243232
5.0,GIRMS\IRMS-operator,2026-03-25 21:13:45.265,2026-03-25 22:28:40.608,Running,False,SHP2L,5,5.0,1.0,4.0,True,Unknown,,"0.001 V, 0.001 V, 0.001 V",76 µbar,72 °C,,6.524 V,9.5178 kV,67 µbar,Carbon Dioxide: 0.0178 kV,69 µbar,6.033 V,7.326 V,249 µbar/min,2.736 V,7.94E-008 mbar,25 %,753 µbar,µ-Volume,,Pre,5.902988414438787,6.418888579003027,6.51171612533463,8.41635218265418,8.700046615628379,6.094399937381176,-0.8605548232787363,-6.152909535700135,-0.8622703825268418,0.0110297604393797,0.0038996092007742,-6.151990694184345,0.0123009028618025,0.0043490259141487,-0.6948856490156667,0.01183677111523541,-6.156638238655476,0.012315505436198892,35a2b0e7ba09__SHP2L 25032026.xlsx,2026-03-25 21:13:45.265,739700.0,249.0,69.0,67.0,753.0,5.220506049528116,,SHP2L,5,SHP2L,5,,OK,8.0,7.0,7.0,0.0,0.0,5.132731485181651,-0.0930815589072491,6.189725760499784,6.1817153242489695,0.0080104362508146,8.115676552084722,8.258868356902507,-0.1431918048177856,-0.1176743597816483,-0.0160896151919342,-0.016220102798132,5.738654068084496,7.0,True,-0.8625154624194283,-6.151859431110661,0.0118899517439498,0.0132804404973115,5.692113288630871,5.78519484753812,,0.08777456434646513
6.0,GIRMS\IRMS-operator,2026-03-25 21:50:25.786,2026-03-25 22:57:32.172,Running,False,SHP2L,6,6.0,2.0,4.0,True,Unknown,,"0.001 V, 0.001 V, 0.002 V",62 µbar,72 °C,,6.069 V,9.5178 kV,74 µbar,Carbon Dioxide: 0.0178 kV,64 µbar,6.019 V,6.791 V,83 µbar/min,5.934 V,7.83E-008 mbar,24 %,706 µbar,µ-Volume,,Pre,5.953754711767084,6.474589644176199,6.500905069748189,8.490210112449418,8.685459841367754,6.084295040004214,-0.7748782605575544,-5.963387229160233,-0.8021562753766642,0.018825330724999,0.0066557595068631,-6.003463199826642,0.0267633177679188,0.0094622617403729,-0.636068766457526,0.019845460489888566,-6.008087174904919,0.026778303474481305,35a2b0e7ba09__SHP2L 25032026.xlsx,2026-03-25 21:50:25.786,739700.0,83.0,64.0,74.0,706.0,5.2954039301939755,,SHP2L,6,SHP2L,6,,OK,8.0,7.0,7.0,0.0,0.0,5.123962992824776,-0.0249415667269605,6.2533140533381175,6.170844664074596,0.0824693892635215,8.199861263485538,8.244349528155137,-0.0444882646695994,-0.0319085219806806,-0.0043188031174394,-0.0043281493298486,5.76264006302959,7.0,True,-0.806053134636537,-6.009188338493272,0.0164841482503078,0.0230159449494851,5.7501692796661095,5.77511084639307,,0.17144093736919963
7.0,GIRMS\IRMS-operator,2026-03-25 22:28:40.708,2026-03-25 23:30:06.261,Running,False,SHP2L,7,7.0,1.0,5.0,True,Unknown,,"0.001 V, 0.001 V, 0.002 V",81 µbar,72 °C,,8.454 V,9.5178 kV,69 µbar,Carbon Dioxide: 0.0178 kV,84 µbar,7.883 V,9.578 V,112 µbar/min,5.921 V,8.98E-008 mbar,14 %,799 µbar,µ-Volume,,Pre,7.704693271997313,8.37664155078015,8.495320719694844,10.98436313673299,11.35180692343726,7.952156619944101,-0.861291944295739,-6.191238956364753,-0.8868182332948255,0.0266669258617226,0.0094281820551115,-6.167601706639172,0.0155770014949261,0.0055073016938076,-0.720573674187,0.028518553089485598,-6.172210663452277,0.015591545722586322,35a2b0e7ba09__SHP2L 25032026.xlsx,2026-03-25 22:28:40.708,739700.0,112.0,84.0,69.0,799.0,6.783605769778713,,SHP2L,7,SHP2L,7,,OK,8.0,7.0,7.0,0.0,0.0,6.635183451363772,-0.1065806579346881,8.065535107374998,8.039458075285765,0.0260770320892334,10.57639519839301,10.742215320158149,-0.1658201217651367,-0.1350038034768995,-0.0141633592549399,-0.0142643749886959,7.471807073156016,7.0,True,-0.8904648460089807,-6.164224956678376,0.02656187312775,0.013291376730402,7.418516744188672,7.52509740212336,,0.14842231841494158
8.0,GIRMS\IRMS-operator,2026-03-25 22:57:32.267,2026-03-26 00:04:33.559,Running,False,SHP2L,8,8.0,2.0,5.0,True,Unknown,,"0.002 V, 0.002 V, 0.002 V",64 µbar,72 °C,,7.418 V,9.5179 kV,74 µbar,Carbon Dioxide: 0.0179 kV,64 µbar,7.448 V,8.334 V,88 µbar/min,7.706 V,8.68E-008 mbar,15 %,741 µbar,µ-Volume,,Pre,7.258293547810995,7.891818881034851,8.035443032277758,10.34989037247236,10.737305662351204,7.521589414648342,-0.8106632458025897,-6.019256153133035,-0.8268436674691987,0.0198050973597239,0.0070021593225602,-6.023265557092553,0.0209067550864211,0.0073916541471073,-0.6617507546857887,0.021205728876782983,-6.027855112703401,0.020929159190070462,35a2b0e7ba09__SHP2L 25032026.xlsx,2026-03-25 22:57:32.267,739700.0,88.0,64.0,74.0,741.0,6.424903771414382,,SHP2L,8,SHP2L,8,,OK,8.0,7.0,7.0,0.0,0.0,6.288103848520171,-0.1196413091265604,7.613196969032288,7.608271851715914,0.0049251173163735,9.983888051229073,10.166089276567302,-0.182201225338229,-0.1511421361104977,-0.0168002764511757,-0.0169425966045544,7.061568655562455,7.0,True,-0.8291551562787143,-6.02383832908677,0.0201927638073318,0.0225139773744114,7.001748000999175,7.121389310125736,,0.13679992289421072
9.0,GIRMS\IRMS-operator,2026-03-25 23:30:06.362,2026-03-26 00:43:51.966,Running,False,SHP2L,9,9.0,1.0,6.0,True,Unknown,,"0.001 V, 0.001 V, 0.001 V",79 µbar,72 °C,,6.105 V,9.5180 kV,67 µbar,Carbon Dioxide: 0.0180 kV,79 µbar,5.678 V,6.842 V,259 µbar/min,2.730 V,7.64E-008 mbar,27 %,748 µbar,µ-Volume,,Pre,5.651627657341441,6.1461438973342375,6.136032348197748,8.059587148736531,8.197974232743793,5.742509752790796,-0.7846208865575077,-5.970043720335383,-0.8267110892791057,0.0269753635726625,0.0095372312536011,-5.969767345081034,0.02037568415316,0.0072038922180073,-0.6635923078517902,0.029317640157141264,-5.974299928711957,0.02043351563163976,35a2b0e7ba09__SHP2L 25032026.xlsx,2026-03-25 23:30:06.362,739700.0,259.0,79.0,67.0,748.0,5.003374374374793,,SHP2L,9,SHP2L,9,,OK,8.0,7.0,7.0,0.0,0.0,4.845610645074261,-0.0036713622026107,5.92799723677044,5.828630257420334,0.0993669793501057,7.7737302819053715,7.787238625596575,-0.0135083436912033,-0.0047140858141803,-0.0006730493185317,-0.000673275892472,5.452983306933376,7.0,True,-0.8327239753821912,-5.969727862901841,0.0226164502039825,0.0220079237161938,5.451147625832071,5.454818988034682,,0.15776372930053206
10.0,GIRMS\IRMS-operator,2026-03-26 00:04:33.649,2026-03-26 01:15:17.165,Running,False,SHP2L,10,10.0,2.0,6.0,True,Unknown,,"0.001 V, 0.001 V, 0.002 V",62 µbar,72 °C,,8.812 V,9.5179 kV,69 µbar,Carbon Dioxide: 0.0179 kV,311 µbar,8.235 V,9.961 V,122 µbar/min,5.592 V,9.16E-008 mbar,13 %,743 µbar,µ-Volume,,Pre,8.065025634984043,8.768275380134584,8.873760700225832,11.499238534558632,11.85692600785575,8.306543425284612,-0.8574145504992581,-6.038185418345443,-0.873258756228984,0.0129628370407061,0.0045830549874497,-6.072813071355781,0.0080739463611967,0.0030516648815145,-0.7097396013294177,0.013595590330386839,-6.077346003705163,0.008076000430450262,35a2b0e7ba09__SHP2L 25032026.xlsx,2026-03-26 00:04:33.649,739701.0,122.0,311.0,69.0,743.0,7.1218574169505455,,SHP2L,10,SHP2L,10,,OK,8.0,7.0,7.0,0.0,0.0,6.917750834919715,-0.082075595855712,8.450448513031006,8.391133410833179,0.0593151021978268,11.081737800229408,11.211869640935278,-0.1301318407058698,-0.1043553243779514,-0.0104496051365169,-0.0105044890177149,7.813382994384398,7.0,True,-0.8755222141903733,-6.072813071355781,0.0121747310730094,0.0080739463611968,7.772345196456541,7.854420792312253,,0.2041065820308301
11.0,GIRMS\IRMS-operator,2026-03-26 00:43:52.058,2026-03-26 01:46:11.431,Running,False,SHP2L,11,11.0,1.0,7.0,True,Unknown,,"0.002 V, 0.002 V, 0.002 V",79 µbar,72 °C,,7.127 V,9.5178 kV,69 µbar,Carbon Dioxide: 0.0178 kV,84 µbar,6.731 V,8.035 V,103 µbar/min,8.053 V,8.26E-008 mbar,19 %,782 µbar,µ-Volume,,Pre,6.63991073964491,7.219652925193453,7.26428939797982,9.466570184564128,9.705540106629863,6.799055141195204,-0.860266470979032,-6.15532688663567,-0.8819935960440728,0.0155013388290684,0.0054805509017523,-6.145524782367157,0.020935882119764,0.0074019521085036,-0.7162297364503162,0.01716395052722021,-6.150120974278556,0.020983903904442873,35a2b0e7ba09__SHP2L 25032026.xlsx,2026-03-26 00:43:52.058,739701.0,103.0,84.0,69.0,782.0,5.866088270281982,,SHP2L,11,SHP2L,11,,OK,8.0,7.0,7.0,0.0,0.0,5.705797370575533,-0.0464783698217106,6.95927003449216,6.887931128630025,0.0713389058621354,9.125124976968303,9.202944486533449,-0.0778195095651455,-0.0592885940462163,-0.0072094997498006,-0.0072355822138809,6.423583956042277,7.0,True,-0.8850974710533643,-6.144124481757368,0.0137993616660943,0.0222049956100475,6.400344771131421,6.446823140953132,,0.16029089970644872
12.0,GIRMS\IRMS-operator,2026-03-26 01:15:17.288,2026-03-26 02:21:23.758,Running,False,SHP2L,12,12.0,2.0,7.0,True,Unknown,,"0.002 V, 0.001 V, 0.002 V",64 µbar,72 °C,,7.031 V,9.5180 kV,71 µbar,Carbon Dioxide: 0.0180 kV,69 µbar,6.939 V,7.895 V,59 µbar/min,6.606 V,8.43E-008 mbar,17 %,741 µbar,µ-Volume,,Pre,6.8825773100946925,7.48390915849714,7.48817089059858,9.81467668567756,10.00519291243904,7.008931297869134,-0.7735302516658216,-5.933969163131048,-0.8085975852930721,0.029244366746115,0.0103394450188421,-5.951187735105751,0.013692973848785,0.0048411973315429,-0.6448992047922986,0.03137399709379058,-5.955741237766876,0.013717877544302681,35a2b0e7ba09__SHP2L 25032026.xlsx,2026-03-26 01:15:17.288,739701.0,59.0,69.0,71.0,741.0,6.093477950444779,,SHP2L,12,SHP2L,12,,OK,8.0,7.0,7.0,0.0,0.0,5.875362940427566,-0.0049918889999389,7.217670289479913,7.0970677673564095,0.1206025221235034,9.46551267658332,9.482395692215952,-0.0168830156326311,-0.0064091595412217,-0.0007514860065086,-0.0007517684782543,6.640194613546778,7.0,True,-0.8136072043826793,-5.953647531102137,0.0276322246449785,0.0127387161474357,6.6376986690468085,6.642690558046748,,0.2181150100172129
13.0,GIRMS\IRMS-operator,2026-03-26 01:46:11.586,2026-03-26 03:01:23.100,Running,False,SHP2L,13,13.0,1.0,8.0,True,Unknown,,"0.001 V, 0.001 V, 0.001 V",76 µbar,72 °C,,9.044 V,9.5180 kV,64 µbar,Carbon Dioxide: 0.0180 kV,81 µbar,8.296 V,10.280 V,98 µbar/min,2.729 V,9.16E-008 mbar,13 %,797 µbar,µ-Volume,,Pre,8.103213927064965,8.810380526796626,8.932459719423896,11.552939439683982,11.935035015016622,8.361227287075721,-0.8134522581488834,-6.096445800328754,-0.8551814110511202,0.0284785059543484,0.0100686723391906,-6.1304592275279735,0.0213289743766887,0.0075409312087553,-0.6880985839455844,0.030556857188514717,-6.1350996926521075,0.021357902534173336,35a2b0e7ba09__SHP2L 25032026.xlsx,2026-03-26 01:46:11.586,739701.0,98.0,81.0,64.0,797.0,7.109648269838775,,SHP2L,13,SHP2L,13,,OK,8.0,7.0,7.0,0.0,0.0,6.960663760189457,-0.1129576850834457,8.473652966265327,8.446637161020881,0.0270158052444458,11.110691703719198,11.285687113672322,-0.1749954099531248,-0.1430635082945348,-0.0142871100836849,-0.0143899051632656,7.849786624848846,7.0,True,-0.8611427186085826,-6.135318288556434,0.024789428503706,0.0176176497077287,7.7933077823071235,7.906265467390569,,0.14898450964931786
14.0,GIRMS\IRMS-operator,2026-03-26 02:21:23.864,2026-03-26 03:30:35.596,Running,False,SHP2L,14,14.0,2.0,8.0,True,Unknown,,"0.002 V, 0.002 V, 0.002 V",59 µbar,72 °C,,14.334 V,9.5179 kV,69 µbar,Carbon Dioxide: 0.0179 kV,59 µbar,8.981 V,16.508 V,88 µbar/min,8.106 V,9.58E-008 mbar,10 %,780 µbar,µ-Volume,13.278 V,Pre,13.995393561360542,15.206564319867445,9.68194390608723,19.950235045362803,12.937167442251534,9.063591822406892,-1.415756559126624,-6.218188235640243,-1.3414336233891486,0.0536293497583419,0.0189608384423743,-6.208406557628873,0.0176587632817672,0.0062433156319528,-1.2055110331546797,0.05728974327997599,-6.212035111127833,0.01765986612471652,35a2b0e7ba09__SHP2L 25032026.xlsx,2026-03-26 02:21:23.864,739701.0,88.0,59.0,69.0,780.0,12.144694612081395,,SHP2L,14,SHP2L,14,,OK,8.0,7.0,7.0,0.0,0.0,7.5200985494512205,4.849836230278015,14.56997181250508,9.143227928526622,5.426743883978457,19.11413089077601,12.216323769499152,6.897807121276857,9.76255457759338,0.5666563727693977,0.4415521912331263,10.983608113763038,7.0,True,-1.330816061140938,-6.207009175055821,0.0479925739311454,0.0185897528824532,13.408526228902046,8.55868999862403,,4.624596062630174
15.0,GIRMS\IRMS-operator,2026-03-26 03:01:23.211,2026-03-26 04:03:20.684,Running,False,SHP2L,15,15.0,1.0,9.0,True,Unknown,,"0.002 V, 0.002 V, 0.002 V",76 µbar,72 °C,,6.556 V,9.5180 kV,69 µbar,Carbon Dioxide: 0.0180 kV,84 µbar,6.133 V,7.362 V,103 µbar/min,8.764 V,7.87E-008 mbar,22 %,772 µbar,µ-Volume,,Pre,6.005542896105195,6.530456927901025,6.6223902984202265,8.562397048550025,8.84746224694198,6.198035912831672,-0.8328484282592585,-6.107580416293668,-0.8633777113296326,0.0515802411270646,0.0182363691380923,-6.107661523782662,0.0054542872671203,0.002061526812558,-0.6978715751455172,0.05529345643028735,-6.112254825332064,0.005558404977268658,35a2b0e7ba09__SHP2L 25032026.xlsx,2026-03-26 03:01:23.211,739701.0,103.0,84.0,69.0,772.0,5.316062639582363,,SHP2L,15,SHP2L,15,,OK,8.0,7.0,7.0,0.0,0.0,5.217680881793642,-0.0898986197484772,6.2990120922381845,6.285260276548263,0.0137518156899218,8.258464610144681,8.396860048847573,-0.1383954387028918,-0.1137436424455845,-0.0152829532855357,-0.0154006368926345,5.837331298387525,7.0,True,-0.8677390374825432,-6.102819084133951,0.0540963086196083,0.0139574438013083,5.792381988513287,5.882280608261764,,0.09838175778872049
16.0,GIRMS\IRMS-operator,2026-03-26 03:30:35.697,2026-03-26 04:39:45.774,Running,False,SHP2L,16,16.0,2.0,9.0,True,Unknown,,"0.001 V, 0.002 V, 0.002 V",67 µbar,72 °C,,8.643 V,9.5181 kV,71 µbar,Carbon Dioxide: 0.0181 kV,67 µbar,8.049 V,9.764 V,98 µbar/min,6.023 V,9.03E-008 mbar,12 %,763 µbar,µ-Volume,,Pre,7.883825296563142,8.571221902717308,8.679016799992379,11.240989448352934,11.596564320026092,8.124159221164165,-0.8785347834845414,-6.015089407334084,-0.889407851671159,0.0154030717453246,0.0054458082411109,-6.043129741172853,0.016706917066618,0.0059067871752634,-0.7279595973604253,0.01623661374947748,-6.047599614543875,0.016710553305356778,35a2b0e7ba09__SHP2L 25032026.xlsx,2026-03-26 03:30:35.697,739701.0,98.0,67.0,71.0,763.0,6.958680169452922,,SHP2L,16,SHP2L,16,,OK,8.0,7.0,7.0,0.0,0.0,6.7724719799855935,-0.0877826568768922,8.260309470916878,8.210577750769575,0.049731720147303,10.832503916545988,10.970135002007485,-0.1376310854614963,-0.1115018894448325,-0.0114221992569857,-0.0114878072688109,7.641376184576137,7.0,True,-0.8909611471263901,-6.04713550314982,0.0159461052462756,0.0132618771936299,7.59748485613769,7.685267513014582,,0.18620818946732864
17.0,GIRMS\IRMS-operator,2026-03-26 04:03:20.790,2026-03-26 05:17:07.702,Running,False,SHP2L,17,17.0,1.0,10.0,True,Unknown,,"0.001 V, 0.001 V, 0.001 V",76 µbar,72 °C,,13.538 V,9.5182 kV,64 µbar,Carbon Dioxide: 0.0182 kV,81 µbar,9.144 V,15.640 V,278 µbar/min,2.725 V,9.72E-008 mbar,10 %,841 µbar,µ-Volume,12.392 V,Pre,13.085064798251503,14.217841990634788,9.853326705625294,18.65234915304544,13.166635671142364,9.22450175847184,-1.3342627096254445,-6.213695144898002,-1.2636598887192791,0.0524048372567902,0.0185279078956269,-6.210835731147606,0.006920106393949,0.0026155543663567,-1.1220648329369753,0.05625906929409426,-6.2146356047962295,0.006994475453764704,35a2b0e7ba09__SHP2L 25032026.xlsx,2026-03-26 04:03:20.790,739701.0,278.0,81.0,64.0,841.0,11.314236033626889,,SHP2L,17,SHP2L,17,,OK,8.0,7.0,7.0,0.0,0.0,7.6483295868579475,3.81469114854,13.609309814161913,9.303891614067878,4.305418200094035,17.85312537241342,12.431489451088142,5.421635921325278,7.048183966805016,0.4379877883398509,0.3593026925193083,10.61692892361224,7.0,True,-1.2535737714469697,-6.214625611332489,0.0474815791018845,0.0131801428195775,12.52427449788224,8.70958334934224,,3.6659064467689415
18.0,GIRMS\IRMS-operator,2026-03-26 04:39:45.900,2026-03-26 05:48:51.316,Running,False,SHP2L,18,18.0,2.0,10.0,True,Unknown,,"0.002 V, 0.002 V, 0.002 V",62 µbar,72 °C,,10.895 V,9.5181 kV,67 µbar,Carbon Dioxide: 0.0181 kV,62 µbar,8.902 V,12.472 V,98 µbar/min,8.915 V,9.53E-008 mbar,10 %,758 µbar,µ-Volume,10.202 V,Pre,10.708471913565296,11.638911492177137,9.596990472622997,15.266310738830558,12.823295163421625,8.984035034407277,-1.0941823125212302,-6.1044874677747,-1.0606906965582723,0.0261040460626345,0.0092291739936474,-6.103869481642052,0.0130190934615735,0.0049207547992615,-0.9087476968877433,0.027776669081866708,-6.108023235225064,0.013031122714769881,35a2b0e7ba09__SHP2L 25032026.xlsx,2026-03-26 04:39:45.900,739701.0,98.0,62.0,67.0,758.0,9.38652763023108,,SHP2L,18,SHP2L,18,,OK,8.0,7.0,7.0,0.0,0.0,7.458567897204462,1.8104612827301023,11.192100173779613,9.065799655262175,2.126300518517437,14.679517912178031,12.112927006988516,2.566590905189516,2.8225027082027494,0.2133398848843041,0.1927764337879411,9.391507287253042,7.0,True,-1.0559061799921357,-6.111087608829359,0.0241109208128781,0.0233369796900171,10.296737928618091,8.48627664588799,,1.9279597330266185
19.0,GIRMS\IRMS-operator,2026-03-26 05:17:07.807,2026-03-26 06:21:09.323,Running,False,SHP2L,19,19.0,1.0,11.0,True,Unknown,,"0.002 V, 0.002 V, 0.002 V",74 µbar,72 °C,,7.304 V,9.5181 kV,71 µbar,Carbon Dioxide: 0.0181 kV,98 µbar,6.897 V,8.233 V,303 µbar/min,8.690 V,8.22E-008 mbar,17 %,797 µbar,µ-Volume,,Pre,6.796944247914036,7.390596655735075,7.442772945797019,9.689940901058112,9.943722335325695,6.966228399588779,-0.8502094554299067,-6.156621044628441,-0.90015341432359,0.0259039242344063,0.0091584202427456,-6.14560291756222,0.0203368071084558,0.0071901471070359,-0.7356583183688731,0.02812016180124673,-6.150158284241842,0.0203892033601866,35a2b0e7ba09__SHP2L 25032026.xlsx,2026-03-26 05:17:07.807,739701.0,303.0,98.0,71.0,797.0,6.002858774093635,,SHP2L,19,SHP2L,19,,OK,8.0,7.0,7.0,0.0,0.0,5.841674950038751,-0.0518641663014536,7.123649982008949,7.055447432267729,0.0682025497412199,9.340071356086654,9.425738131790084,-0.0856667757034301,-0.066115837340821,-0.0078543107529322,-0.0078852774627148,6.577341957425174,7.0,True,-0.9072882655941162,-6.144028899409904,0.0175420983477433,0.0214334559645726,6.551409874274448,6.603274040575902,,0.16118382405488418
20.0,GIRMS\IRMS-operator,2026-03-26 05:48:51.439,2026-03-26 06:57:02.199,Running,False,SHP2L,20,20.0,2.0,11.0,True,Unknown,,"0.002 V, 0.002 V, 0.002 V",67 µbar,72 °C,,7.873 V,9.5182 kV,71 µbar,Carbon Dioxide: 0.0182 kV,69 µbar,7.511 V,8.861 V,39 µbar/min,6.761 V,8.64E-008 mbar,14 %,760 µbar,µ-Volume,,Pre,7.396769754610881,8.042536400307334,8.097304868333707,10.546287198566713,10.818248291515625,7.578891573037187,-0.8506682912255981,-6.042310640288706,-0.8834234098705207,0.0198527478909742,0.0070190063294474,-6.03913411781061,0.0144933825418054,0.0051241845388206,-0.7217042277796598,0.021511631459976952,-6.043613195378079,0.014530888850377798,35a2b0e7ba09__SHP2L 25032026.xlsx,2026-03-26 05:48:51.439,739701.0,39.0,69.0,71.0,760.0,6.541426884458928,,SHP2L,20,SHP2L,20,,OK,8.0,7.0,7.0,0.0,0.0,6.335469050559596,-0.044576651866798,7.753326791377984,7.666199784968346,0.0871270064096378,10.167087174960391,10.242318411373413,-0.0752312364130212,-0.0569198350418307,-0.0062124870693544,-0.0062318446966525,7.153042804603648,7.0,True,-0.8881027125340811,-6.038680328885168,0.0159830758428757,0.0155931352243326,7.130754478670249,7.175331130537047,,0.20595783389933153
21.0,GIRMS\IRMS-operator,2026-03-26 06:21:09.429,2026-03-26 07:35:51.301,Running,False,SHP2L,21,21.0,1.0,12.0,True,Unknown,,"0.001 V, 0.001 V, 0.001 V",76 µbar,72 °C,,12.456 V,9.5185 kV,67 µbar,Carbon Dioxide: 0.0185 kV,418 µbar,9.157 V,14.320 V,308 µbar/min,2.735 V,9.77E-008 mbar,10 %,838 µbar,µ-Volume,10.925 V,Pre,11.36667253272752,12.354006660290212,9.86624289781615,16.20343709995988,13.18316544106248,9.236363439689033,-1.0986419957098592,-6.170173647401245,-1.0777115721362085,0.0181515137024764,0.0068606273108762,-6.176611781857272,0.0138296863210669,0.0048895324896546,-0.9244209471722664,0.019431316966789992,-6.180781403368904,0.013868306299279227,35a2b0e7ba09__SHP2L 25032026.xlsx,2026-03-26 06:21:09.429,739701.0,308.0,418.0,67.0,838.0,9.877812008041026,,SHP2L,21,SHP2L,21,,OK,8.0,7.0,7.0,0.0,0.0,7.660405308606217,2.176342319162064,11.845191610165088,9.317125744370676,2.528065865794412,15.535626659896405,12.448880920913249,3.0867457389831543,3.4941216226021696,0.2495342337496013,0.2218541331853118,9.80978937788909,7.0,True,-1.0843403190985106,-6.17753151535099,0.030996643543848,0.0146711202878511,10.89796053747012,8.721618218308057,,2.217406699434809
22.0,GIRMS\IRMS-operator,2026-03-26 06:57:02.338,2026-03-26 08:07:38.842,Running,False,SHP2L,22,22.0,2.0,12.0,True,Unknown,,"0.002 V, 0.002 V, 0.002 V",62 µbar,72 °C,,7.673 V,9.5183 kV,64 µbar,Carbon Dioxide: 0.0183 kV,64 µbar,7.241 V,8.655 V,59 µbar/min,8.934 V,8.34E-008 mbar,16 %,726 µbar,µ-Volume,,Pre,7.173240116048063,7.799438859148821,7.808878269718019,10.227306063800876,10.432520186947,7.309146158286849,-0.8355654519495159,-6.008121441054004,-0.8393299165932872,0.0224583414052361,0.0079402227509225,-6.0279783093163255,0.0220123565908876,0.0077825433076565,-0.6749366412804048,0.02392368137876991,-6.03254478027719,0.02202847905175674,35a2b0e7ba09__SHP2L 25032026.xlsx,2026-03-26 06:57:02.338,739701.0,59.0,64.0,64.0,726.0,6.3519158092281,,SHP2L,22,SHP2L,22,,OK,8.0,7.0,7.0,0.0,0.0,6.119065470759973,-0.0037770721593952,7.524870062990984,7.397874833632734,0.1269952293582497,9.86702111964048,9.883412396953714,-0.0163912773132341,-0.0048504381286891,-0.0005454817915499,-0.0005456306073305,6.9223978799027535,7.0,True,-0.8398676972566831,-6.030815004782371,0.0242020799394436,0.0221403997006751,6.920509343823055,6.924286415982451,,0.23285033846812642
23.0,GIRMS\IRMS-operator,2026-03-26 07:35:51.428,2026-03-26 08:38:01.060,Running,False,SHP2L,23,23.0,1.0,13.0,True,Unknown,,"0.002 V, 0.002 V, 0.002 V",74 µbar,72 °C,,10.938 V,9.5185 kV,71 µbar,Carbon Dioxide: 0.0185 kV,719 µbar,8.707 V,12.486 V,225 µbar/min,7.105 V,9.48E-008 mbar,10 %,838 µbar,µ-Volume,10.154 V,Pre,10.6695077102566,11.596436892524212,9.390712875047234,15.210440539012978,12.5478886115816,8.790979714696906,-1.110972777892294,-6.129344276879833,-1.0577086650712526,0.0369625510498292,0.013068235248644,-6.132410083347958,0.0092433723110733,0.0032680256210959,-0.9047356943859275,0.039561892566082835,-6.136596398092289,0.009255955371192268,35a2b0e7ba09__SHP2L 25032026.xlsx,2026-03-26 07:35:51.428,739701.0,225.0,719.0,71.0,838.0,9.307042898525369,,SHP2L,23,SHP2L,23,,OK,8.0,7.0,7.0,0.0,0.0,7.3050929772880995,1.933061536226948,11.129900245168836,8.874218259826154,2.255681985342683,14.597809098850318,11.85669579375846,2.741113305091858,3.0617427139979845,0.2327084188269594,0.2084539269567693,9.273327513891548,7.0,True,-1.050099506096818,-6.132848055700547,0.0324583077297591,0.0098939174411721,10.239858282005022,8.306796745778074,,2.0019499212372693
24.0,GIRMS\IRMS-operator,2026-03-26 08:07:38.964,2026-03-26 09:13:39.984,Running,False,SHP2L,24,24.0,2.0,13.0,True,Unknown,,"0.002 V, 0.002 V, 0.002 V",67 µbar,72 °C,,12.589 V,9.5185 kV,71 µbar,Carbon Dioxide: 0.0185 kV,64 µbar,8.477 V,14.416 V,83 µbar/min,8.489 V,9.25E-008 mbar,10 %,797 µbar,µ-Volume,11.701 V,Pre,12.29889960236817,13.365185041314149,9.144609947091125,17.533507991031456,12.218651223377032,8.56029123121374,-1.2870055920146672,-6.107325779411088,-1.2178939678400835,0.0542675824542647,0.0191864877760053,-6.105604633771287,0.0141831437715287,0.0050144985696958,-1.0771319957378067,0.05814724480435658,-6.109401388113514,0.01421679232599932,35a2b0e7ba09__SHP2L 25032026.xlsx,2026-03-26 08:07:38.964,739701.0,83.0,64.0,71.0,797.0,10.71682428932478,,SHP2L,24,SHP2L,24,,OK,8.0,7.0,7.0,0.0,0.0,7.121579137282141,3.70919704437256,12.8249434422312,8.644407768136045,4.180535674095156,16.82400410194759,11.549514579967305,5.274489521980287,6.950507186531516,0.4583908807984829,0.3729194444860599,9.946376085281372,7.0,True,-1.208020878672286,-6.105358755822743,0.050259380076355,0.0153011188950052,11.800974607467651,8.091777563095091,,3.595245152042639
25.0,GIRMS\IRMS-operator,2026-03-26 08:38:01.187,2026-03-26 09:54:15.449,Running,False,SHP2L,25,25.0,1.0,14.0,True,Unknown,,"0.001 V, 0.001 V, 0.001 V",74 µbar,72 °C,,10.126 V,9.5186 kV,69 µbar,Carbon Dioxide: 0.0186 kV,911 µbar,9.071 V,11.561 V,381 µbar/min,2.719 V,9.72E-008 mbar,10 %,802 µbar,µ-Volume,,Pre,8.863878757158478,9.636826054300414,9.760421400164455,12.636365896997829,13.041722184954065,9.136793524423798,-0.8297723716260696,-6.151248982733004,-0.8713394954684844,0.0240368046547658,0.0084982937847206,-6.175304671744138,0.0185850070849672,0.0065707922690902,-0.703725413913614,0.02524080504735062,-6.179956743304141,0.018566912172897135,35a2b0e7ba09__SHP2L 25032026.xlsx,2026-03-26 08:38:01.187,739701.0,381.0,911.0,69.0,802.0,7.75940078884328,,SHP2L,25,SHP2L,25,,OK,8.0,7.0,7.0,0.0,0.0,7.579824359364512,-0.1098003575126362,9.261659518922912,9.217686192239867,0.0439733266830426,12.143793112574,12.315916425524136,-0.172123312950136,-0.1392849695540374,-0.0127256639459031,-0.0128071537130309,8.57336141760504,7.0,True,-0.8772776560174008,-6.178741198745731,0.0185729095127644,0.0171098081998253,8.518461238848722,8.628261596361359,,0.17957642947876806
26.0,GIRMS\IRMS-operator,2026-03-26 09:13:40.094,2026-03-26 10:22:34.916,Running,False,SHP2L,26,26.0,2.0,14.0,True,Unknown,,"0.002 V, 0.002 V, 0.002 V",57 µbar,72 °C,,8.813 V,9.5186 kV,62 µbar,Carbon Dioxide: 0.0186 kV,57 µbar,8.845 V,9.982 V,73 µbar/min,8.845 V,9.48E-008 mbar,10 %,726 µbar,µ-Volume,,Pre,9.088076856297954,9.879789016431646,9.536078832334356,12.957351813969304,12.742417464909249,8.927031015309455,-0.8929462156408441,-6.046752934533606,-0.9109993429188696,0.022467931304524,0.0079436132923312,-6.036962207036283,0.0236929500040103,0.0083767228070747,-0.7512917159142596,0.024013526219396147,-6.041376835316483,0.023715846690831044,35a2b0e7ba09__SHP2L 25032026.xlsx,2026-03-26 09:13:40.094,739701.0,73.0,57.0,62.0,726.0,8.006428512091137,,SHP2L,26,SHP2L,26,,OK,8.0,7.0,7.0,0.0,0.0,7.411826723510684,0.3196746110916137,9.515381119436103,9.008920452779607,0.5064606666564959,12.479367266354254,12.036951790508915,0.4424154758453369,0.4263140947510977,0.0379080835027006,0.0372029374725726,8.592725005311474,7.0,True,-0.9135783611014446,-6.035563531679523,0.0229535066736898,0.0252320522518667,8.75256231085728,8.432887699765667,,0.5946017885804533
27.0,GIRMS\IRMS-operator,2026-03-26 09:54:15.600,2026-03-26 10:55:31.458,Running,False,SHP2L,27,27.0,1.0,15.0,True,Unknown,,"0.002 V, 0.002 V, 0.002 V",69 µbar,72 °C,,8.951 V,9.5186 kV,79 µbar,Carbon Dioxide: 0.0186 kV,"1,002 µbar",8.620 V,10.156 V,469 µbar/min,8.632 V,9.53E-008 mbar,10 %,802 µbar,µ-Volume,,Pre,8.479302949292535,9.218566692536278,9.28820908875419,12.088769372982409,12.411406421554332,8.694848040401723,-0.8415391188277832,-6.124006782972202,-0.8939912061448936,0.0109051574995202,0.0041217621073887,-6.1377833801044,0.0254070069043853,0.0089827334358721,-0.7292815470694635,0.012132284624348288,-6.14235902781908,0.025434718471322917,35a2b0e7ba09__SHP2L 25032026.xlsx,2026-03-26 09:54:15.600,739701.0,469.0,1002.0,79.0,802.0,7.447993667130568,,SHP2L,27,SHP2L,27,,OK,8.0,7.0,7.0,0.0,0.0,7.2278851519148635,-0.056794912006211,8.871369967832225,8.777999380836706,0.093370586995519,11.63320817936683,11.728560709846263,-0.0953525304794329,-0.0724702481200166,-0.0069121566754807,-0.0069361284788643,8.188272777713939,7.0,True,-0.8939912061448936,-6.139751465409,0.0109051574995202,0.026775934007893,8.159875321710834,8.216670233717045,,0.22010851521570451
28.0,GIRMS\IRMS-operator,2026-03-26 10:22:35.072,2026-03-26 11:31:57.867,Running,False,SHP2L,28,28.0,2.0,15.0,True,Unknown,,"0.002 V, 0.002 V, 0.002 V",62 µbar,72 °C,,6.729 V,9.5186 kV,64 µbar,Carbon Dioxide: 0.0186 kV,59 µbar,6.350 V,7.542 V,269 µbar/min,8.402 V,8.10E-008 mbar,19 %,716 µbar,µ-Volume,,Pre,6.278282416314064,6.826979918423523,6.857728896663182,8.95148850843591,9.162310137006468,6.418315093900114,-0.8380451201979167,-6.110102871391798,-0.856989066581465,0.014586283722425,0.0051570300662188,-6.116179687743931,0.0129230313297213,0.004568981543366,-0.6905622621975056,0.015719590392532238,-6.120800794944911,0.012944100956557897,35a2b0e7ba09__SHP2L 25032026.xlsx,2026-03-26 10:22:35.072,739701.0,269.0,59.0,64.0,716.0,5.570812589477686,,SHP2L,28,SHP2L,28,,OK,8.0,7.0,7.0,0.0,0.0,5.396534616461396,-0.0301771814532587,6.588606042805542,6.506381435337891,0.0822246074676504,8.638951553556149,8.69240201875848,-0.0534504652023315,-0.0385819069705046,-0.0049558205228505,-0.0049681311058979,6.07415158940427,7.0,True,-0.8596953446362576,-6.117047804365663,0.0134112951081408,0.0137041969786794,6.059062998677641,6.0892401801309,,0.17427797301629067
29.0,GIRMS\IRMS-operator,2026-03-26 10:55:31.576,2026-03-26 12:09:47.742,Running,False,SHP2L,29,29.0,1.0,16.0,True,Unknown,,"0.001 V, 0.001 V, 0.001 V",69 µbar,72 °C,,13.648 V,9.5186 kV,59 µbar,Carbon Dioxide: 0.0186 kV,533 µbar,9.072 V,15.761 V,176 µbar/min,2.727 V,9.86E-008 mbar,10 %,816 µbar,µ-Volume,12.471 V,Pre,13.174674167950387,14.316543936729431,9.77328419685364,18.782303693454192,13.059959771792816,9.1490119601644,-1.289999123353036,-6.186510223724184,-1.2121458063874129,0.0591300766110528,0.0209056390718777,-6.186144297094576,0.0147525217599448,0.0052158040880295,-1.0679951399600596,0.06353995765764466,-6.190040249090146,0.014833900632571877,35a2b0e7ba09__SHP2L 25032026.xlsx,2026-03-26 10:55:31.576,739701.0,176.0,533.0,59.0,816.0,11.388299649434597,,SHP2L,29,SHP2L,29,,OK,8.0,7.0,7.0,0.0,0.0,7.586405975413646,3.971212877778141,13.703599572181702,9.228140115737917,4.475459456443787,17.976955535571502,12.331039669673368,5.645915865898134,7.448263981059092,0.4597189321195035,0.3737979377370328,10.62395609194584,7.0,True,-1.2010239039637527,-6.186092021861774,0.054079487428234,0.015933744364009,12.609562530834909,8.638349653056768,,3.801893674020951
30.0,GIRMS\IRMS-operator,2026-03-26 11:31:57.986,2026-03-26 12:43:19.458,Running,False,SHP2L,30,30.0,2.0,16.0,True,Unknown,,"0.002 V, 0.002 V, 0.002 V",54 µbar,72 °C,,7.552 V,9.5185 kV,57 µbar,Carbon Dioxide: 0.0185 kV,59 µbar,7.170 V,8.550 V,34 µbar/min,8.845 V,8.72E-008 mbar,16 %,699 µbar,µ-Volume,,Pre,7.088195847152162,7.707668722078136,7.732345021481997,10.108224301002643,10.33144369568648,7.237333906657924,-0.8094772774713821,-5.925164429449237,-0.8347288175718087,0.0156129504046821,0.0055200115527399,-5.943766593807951,0.0163776305989218,0.0057903668281329,-0.6731354317296018,0.016884287205060956,-5.948253279537338,0.016404927471671094,35a2b0e7ba09__SHP2L 25032026.xlsx,2026-03-26 11:31:57.986,739701.0,34.0,59.0,57.0,699.0,6.272511734862169,,SHP2L,30,SHP2L,30,,OK,8.0,7.0,7.0,0.0,0.0,6.058917945925991,-0.0189770622749705,7.435022435730067,7.325960940961444,0.109061494768623,9.750223903320451,9.787536410949846,-0.0373125076293945,-0.0243157633507751,-0.0027678448125507,-0.0027716806034408,6.8467709632241815,7.0,True,-0.8383361804432983,-5.946424045859194,0.012764650385105,0.0157168307321692,6.837282432086696,6.856259494361667,,0.2135937889361781
31.0,GIRMS\IRMS-operator,2026-03-26 12:09:47.877,2026-03-26 13:14:25.142,Running,False,SHP2L,31,31.0,1.0,17.0,True,Unknown,,"0.002 V, 0.002 V, 0.002 V",67 µbar,72 °C,,8.269 V,9.5185 kV,69 µbar,Carbon Dioxide: 0.0185 kV,826 µbar,7.855 V,9.353 V,283 µbar/min,7.034 V,9.07E-008 mbar,13 %,794 µbar,µ-Volume,,Pre,7.743233931758554,8.419576177386208,8.461574002814388,11.040070329607811,11.306219969691124,7.920185052181756,-0.7963843226060918,-6.159044911554834,-0.8210619490991167,0.021621113336502,0.0076442179285217,-6.1641250661240425,0.0211673368087405,0.00748378369856,-0.650341639899632,0.0229287863709595,-6.168878429811079,0.0211764705677387,35a2b0e7ba09__SHP2L 25032026.xlsx,2026-03-26 12:09:47.877,739701.0,283.0,826.0,69.0,794.0,6.814554032565967,,SHP2L,31,SHP2L,31,,OK,8.0,7.0,7.0,0.0,0.0,6.607625205270819,-0.0388919936256462,8.106964716700478,8.007103920979672,0.0998607957208062,10.629886065424763,10.69899765104183,-0.0691115856170654,-0.0497122250815768,-0.0051895360903362,-0.0052030367638689,7.474864274594609,7.0,True,-0.8245873243124059,-6.164850802491073,0.0207216660015489,0.0227555788385125,7.455418277781785,7.494310271407431,,0.2069288272951484
32.0,GIRMS\IRMS-operator,2026-03-26 12:43:19.603,2026-03-26 13:49:03.829,Running,False,SHP2L,32,32.0,2.0,17.0,True,Unknown,,"0.002 V, 0.002 V, 0.002 V",62 µbar,72 °C,,11.934 V,9.5183 kV,64 µbar,Carbon Dioxide: 0.0183 kV,62 µbar,8.409 V,13.637 V,93 µbar/min,7.676 V,9.53E-008 mbar,10 %,777 µbar,µ-Volume,11.094 V,Pre,11.65426351484736,12.66582106899683,9.067277703941013,16.61659483893516,12.116727280455851,8.48811581575081,-1.1666886166129542,-6.091050722125124,-1.1639172302591514,0.0168250352658564,0.006359265587621,-6.10706731722356,0.0111309767969528,0.0039353945871777,-1.0193493176959199,0.017879571976219494,-6.1110101190306745,0.011145471315673334,35a2b0e7ba09__SHP2L 25032026.xlsx,2026-03-26 12:43:19.603,739701.0,93.0,62.0,64.0,777.0,10.166959503493938,,SHP2L,32,SHP2L,32,,OK,8.0,7.0,7.0,0.0,0.0,7.059072758680921,3.1635612249374407,12.157718930900243,8.570592199027683,3.5871267318725604,15.94954435809257,11.452731537658002,4.4968128204345685,5.667605676679667,0.3943144594176657,0.3293756656454968,9.604720551342568,7.0,True,-1.1519117855734848,-6.109355402237624,0.0348477072425732,0.0097818868443312,11.186501163811288,8.022939938873847,,3.107886744813017
33.0,GIRMS\IRMS-operator,2026-03-26 13:14:25.272,2026-03-26 14:28:04.455,Running,False,SHP2L,33,33.0,1.0,18.0,True,Unknown,,"0.001 V, 0.001 V, 0.001 V",67 µbar,72 °C,,13.785 V,9.5184 kV,59 µbar,Carbon Dioxide: 0.0184 kV,545 µbar,9.027 V,15.942 V,181 µbar/min,2.723 V,9.91E-008 mbar,10 %,816 µbar,µ-Volume,12.590 V,Pre,13.30894757586689,14.461115958566094,9.72332155930462,18.974439265972933,12.99412644172366,9.102355513330924,-1.3615649654328266,-6.214440110703268,-1.2735172653919742,0.0476371209624017,0.016842265634359,-6.203034152460832,0.0127582075312249,0.0045107075305572,-1.1330379601613705,0.05081390546690384,-6.206809943654565,0.012735747709259731,35a2b0e7ba09__SHP2L 25032026.xlsx,2026-03-26 13:14:25.272,739701.0,181.0,545.0,59.0,816.0,11.497287034195475,,SHP2L,33,SHP2L,33,,OK,8.0,7.0,7.0,0.0,0.0,7.548447145412261,4.142861587656414,13.840840222710993,9.180576565141106,4.660263657569885,18.158958318478422,12.268725736286813,5.89023258219161,7.889125836295566,0.4820600746046428,0.3884354609599271,10.66550818356878,7.0,True,-1.2609390225289954,-6.2014047298547705,0.0342178905885525,0.0128499157340715,12.736938977396989,8.594077389740573,,3.9488398887832137
34.0,GIRMS\IRMS-operator,2026-03-26 13:49:03.966,2026-03-26 14:59:58.803,Running,False,SHP2L,34,34.0,2.0,18.0,True,Unknown,,"0.002 V, 0.002 V, 0.002 V",52 µbar,72 °C,,10.902 V,9.5184 kV,64 µbar,Carbon Dioxide: 0.0184 kV,54 µbar,8.788 V,12.446 V,68 µbar/min,8.800 V,9.72E-008 mbar,10 %,731 µbar,µ-Volume,10.195 V,Pre,10.694402825285842,11.624893806165533,9.47060313004859,15.25107600763494,12.656321907789051,8.865589279779245,-1.0011231026458844,-5.951759095111808,-1.0073681585456158,0.0249734645927695,0.0088294530816347,-5.9229995787423855,0.0153463456000775,0.0054257525201235,-0.8586339274102989,0.026646569375041975,-5.927075079550898,0.015354805371050004,35a2b0e7ba09__SHP2L 25032026.xlsx,2026-03-26 13:49:03.966,739701.0,68.0,54.0,64.0,731.0,9.372110811797064,,SHP2L,34,SHP2L,34,,OK,8.0,7.0,7.0,0.0,0.0,7.362339959966433,1.9082855860847587,11.178916952794866,8.94757826172818,2.2313386910666857,14.665832901746573,11.956667686254324,2.7091652154922485,3.0105695824118834,0.2278424605299986,0.2045409085845284,9.329603546256577,7.0,True,-1.0082603093884344,-5.918891076403897,0.0268363723370883,0.0108266949472009,10.283746339298956,8.375460753214197,,2.0097708518306314
35.0,GIRMS\IRMS-operator,2026-03-26 14:28:04.575,2026-03-26 15:32:18.327,Running,False,SHP2L,35,35.0,1.0,19.0,True,Unknown,,"0.002 V, 0.002 V, 0.002 V",71 µbar,72 °C,,7.744 V,9.5182 kV,67 µbar,Carbon Dioxide: 0.0182 kV,601 µbar,7.289 V,8.743 V,332 µbar/min,8.583 V,8.81E-008 mbar,15 %,777 µbar,µ-Volume,,Pre,7.195466333618075,7.823658293398912,7.860710519837463,10.259294188835892,10.503807342865738,7.357628110325314,-0.8473698280102582,-6.16667923056724,-0.8664600947654033,0.0198498977852635,0.0070179986649098,-6.1557485250724735,0.0174402015337593,0.0061660423848906,-0.6992294192989107,0.0213365777730054,-6.1603906539123985,0.01746494625152095,35a2b0e7ba09__SHP2L 25032026.xlsx,2026-03-26 14:28:04.575,739701.0,332.0,601.0,67.0,777.0,6.343857844428173,,SHP2L,35,SHP2L,35,,OK,8.0,7.0,7.0,0.0,0.0,6.155144772620777,-0.037386977780363,7.536401647614562,7.445362874941327,0.0910387726732349,9.88281635127333,9.948306954720293,-0.0654906034469604,-0.0477800599348369,-0.0053651345939578,-0.0053795656408178,6.94981347502972,7.0,True,-0.8691872757304241,-6.15418699571608,0.0197552870463558,0.0182234988711345,6.931119986139539,6.968506963919902,,0.1887130718073955
36.0,GIRMS\IRMS-operator,2026-03-26 14:59:58.969,2026-03-26 16:08:14.324,Running,False,SHP2L,36,36.0,2.0,19.0,True,Unknown,,"0.002 V, 0.002 V, 0.002 V",59 µbar,72 °C,,8.111 V,9.5182 kV,67 µbar,Carbon Dioxide: 0.0182 kV,64 µbar,7.742 V,9.156 V,83 µbar/min,7.137 V,9.12E-008 mbar,12 %,741 µbar,µ-Volume,,Pre,7.621597324956299,8.287093052710324,8.340656207609339,10.86786645422736,11.145605139671682,7.807034352290286,-0.8120351852465291,-6.087640293825469,-0.8676650533105639,0.0149738936529839,0.0056595998234462,-6.0879512414524495,0.0181575599100651,0.006419666871104,-0.7030308033029017,0.015663466955744575,-6.092533745252593,0.018160810372114707,35a2b0e7ba09__SHP2L 25032026.xlsx,2026-03-26 14:59:58.969,739701.0,83.0,64.0,67.0,741.0,6.7342194584199735,,SHP2L,36,SHP2L,36,,OK,8.0,7.0,7.0,0.0,0.0,6.516324771168737,-0.0419020253162143,7.987662600088282,7.893517063665553,0.0941455364227294,10.474903874336595,10.54741292470586,-0.0725090503692627,-0.0535337344955264,-0.00567153075989,-0.0056876596281564,7.3671822956459,7.0,True,-0.8676650533105639,-6.087995662542019,0.0149738936529839,0.0196119367229675,7.346231282987793,7.388133308304007,,0.21789468725123662
37.0,GIRMS\IRMS-operator,2026-03-26 15:32:18.472,2026-03-26 16:46:30.226,Running,False,SHP2L,37,37.0,1.0,20.0,True,Unknown,,"0.001 V, 0.001 V, 0.001 V",69 µbar,72 °C,,15.109 V,9.5183 kV,67 µbar,Carbon Dioxide: 0.0183 kV,858 µbar,8.977 V,17.565 V,332 µbar/min,2.717 V,9.82E-008 mbar,10 %,819 µbar,µ-Volume,13.782 V,Pre,14.597410104676388,15.859541803256386,9.6711096607147,20.81162215632718,12.92431832713406,9.05317976276507,-1.4997946580201926,-6.23056917733511,-1.419370574039694,0.0676196093184722,0.0239071421451383,-6.203766773198103,0.0227385198956497,0.0080392808061795,-1.289077633994662,0.07176941242057451,-6.2072147941102385,0.022656926255051967,35a2b0e7ba09__SHP2L 25032026.xlsx,2026-03-26 15:32:18.472,739701.0,332.0,858.0,67.0,819.0,12.56891443708362,,SHP2L,37,SHP2L,37,,OK,8.0,7.0,7.0,0.0,0.0,7.510756806120576,5.40409355153913,15.160006791011206,9.132501989261025,6.027504801750181,19.89320398730557,12.204234613602564,7.688969373703008,11.333048649305251,0.6321544102089965,0.4803323146675142,11.250739095660972,7.0,True,-1.4078814191853368,-6.199937858321387,0.0640505567393259,0.0215958677291842,13.952785871430535,8.548692319891407,,5.058157630963044
38.0,GIRMS\IRMS-operator,2026-03-26 16:08:14.453,2026-03-26 17:18:56.824,Running,False,SHP2L,38,38.0,2.0,20.0,True,Unknown,,"0.002 V, 0.002 V, 0.002 V",54 µbar,72 °C,,13.386 V,9.5183 kV,62 µbar,Carbon Dioxide: 0.0183 kV,59 µbar,8.744 V,15.384 V,73 µbar/min,8.756 V,9.67E-008 mbar,10 %,760 µbar,µ-Volume,12.454 V,Pre,13.108604825498247,14.246730014755698,9.42501227565047,18.692347779128585,12.593928351256883,8.821693849957104,-1.231771737469356,-6.063916996669971,-1.2272301195634523,0.0327921358292581,0.0115937708072293,-6.052738042837458,0.0206578601665275,0.0073036565042775,-1.0890819947679402,0.034663550320974235,-6.056457148473873,0.020638533938986632,35a2b0e7ba09__SHP2L 25032026.xlsx,2026-03-26 16:08:14.453,739701.0,73.0,59.0,62.0,760.0,11.417535206630287,,SHP2L,38,SHP2L,38,,OK,8.0,7.0,7.0,0.0,0.0,7.3276964904265744,4.242390394210814,13.668430849983665,8.904008075668782,4.76442277431488,17.934564127776657,11.89905740246538,6.0355067253112775,8.22548673594636,0.5089968180189375,0.4057373164951504,10.45600249653527,7.0,True,-1.226581317005466,-6.051141049432813,0.0353640502469046,0.0217731049014133,12.577197693640676,8.334807299429864,,4.089838716203713
39.0,GIRMS\IRMS-operator,2026-03-26 16:46:30.355,2026-03-26 17:50:27.837,Running,False,SHP2L,39,39.0,1.0,21.0,True,Unknown,,"0.002 V, 0.002 V, 0.002 V",71 µbar,72 °C,,15.965 V,9.5181 kV,71 µbar,Carbon Dioxide: 0.0181 kV,841 µbar,8.526 V,18.573 V,532 µbar/min,8.539 V,9.58E-008 mbar,10 %,865 µbar,µ-Volume,14.684 V,Pre,15.560330395810396,16.904217524743967,9.19265799067109,22.18311444858611,12.285047927895194,8.605481629483492,-1.6589149869884467,-6.2691288165501735,-1.6063870636108537,0.0783887158613065,0.0277145962770176,-6.26856566799943,0.0073227649361805,0.0027677449900739,-1.4869659601841887,0.08362250734733852,-6.271626913830923,0.007351485523741827,35a2b0e7ba09__SHP2L 25032026.xlsx,2026-03-26 16:46:30.355,739701.0,532.0,841.0,71.0,865.0,13.392865589103124,,SHP2L,39,SHP2L,39,,OK,8.0,7.0,7.0,0.0,0.0,7.1560097028751155,6.736599693829925,16.154614610887457,8.69074217817872,7.463872432708737,21.200129548111565,11.61161975006164,9.588509798049929,15.824547347621294,0.8282176747468968,0.5856817048716138,11.50215148910387,7.0,True,-1.5988830745569114,-6.262984645510356,0.0815068337873973,0.0162580451709464,14.870451336018832,8.133851642188908,,6.236855886228009
40.0,GIRMS\IRMS-operator,2026-03-26 17:18:56.952,2026-03-26 18:26:16.751,Running,False,SHP2L,40,40.0,2.0,21.0,True,Unknown,,"0.002 V, 0.002 V, 0.002 V",62 µbar,72 °C,,13.176 V,9.5180 kV,71 µbar,Carbon Dioxide: 0.0180 kV,62 µbar,8.306 V,15.136 V,88 µbar/min,8.318 V,9.39E-008 mbar,10 %,799 µbar,µ-Volume,12.257 V,Pre,12.89066720167352,14.007369312241115,8.959094318344633,18.37865811024492,11.97261911068742,8.386627318059933,-1.3602624121358264,-6.212568970414223,-1.307040302782253,0.0459023580586999,0.0162289343278798,-6.208890552556385,0.0184711622295645,0.0065305420344609,-1.1686913380593162,0.0487144703116206,-6.212597100501913,0.018429928975049532,35a2b0e7ba09__SHP2L 25032026.xlsx,2026-03-26 17:18:56.952,739701.0,88.0,62.0,71.0,799.0,11.223322258984577,,SHP2L,40,SHP2L,40,,OK,8.0,7.0,7.0,0.0,0.0,6.9804593872488905,4.435860209816558,13.436669739677944,8.47036603350882,4.966303706169125,17.628891283615282,11.31927769814317,6.309613585472112,8.888266373915595,0.5594683264929312,0.4371754248348393,10.146636699655255,7.0,True,-1.2994371443031711,-6.208365064290979,0.043802466200344,0.0198864405874111,12.364566804563534,7.928706594746976,,4.242862871735687
41.0,GIRMS\IRMS-operator,2026-03-26 17:50:27.992,2026-03-26 19:05:36.156,Running,False,SHP2L,41,41.0,1.0,22.0,True,Unknown,,"0.001 V, 0.001 V, 0.001 V",74 µbar,72 °C,,15.136 V,9.5180 kV,81 µbar,Carbon Dioxide: 0.0180 kV,"1,060 µbar",8.995 V,17.584 V,733 µbar/min,2.728 V,9.62E-008 mbar,10 %,831 µbar,µ-Volume,13.795 V,Pre,14.609832415401725,15.872164999040178,9.688883458169512,20.828140293791467,12.948927795126604,9.07028103810528,-1.5115727824993597,-6.282772056467434,-1.425362856812579,0.0693046267391409,0.0245028857674245,-6.256994497531116,0.0250074248285994,0.0088414598381577,-1.2935159256212414,0.07342647525821627,-6.260486032059254,0.024910902708362454,35a2b0e7ba09__SHP2L 25032026.xlsx,2026-03-26 17:50:27.992,739701.0,733.0,1060.0,81.0,831.0,12.581215138340312,,SHP2L,41,SHP2L,41,,OK,8.0,7.0,7.0,0.0,0.0,7.525528062063662,5.399689078330994,15.173270736726336,9.150361189337966,6.02290954738837,19.91012445612209,12.228233133986166,7.681891322135929,11.311529525764811,0.6303840897401874,0.4793095367319172,11.2655573580859,7.0,True,-1.4130471531430386,-6.2533119891116415,0.0647147997332781,0.0245567046288601,13.965401897251397,8.565712818920403,,5.05568707627665
42.0,GIRMS\IRMS-operator,2026-03-26 18:26:16.893,2026-03-26 19:38:27.770,Running,False,SHP2L,42,42.0,2.0,22.0,True,Unknown,,"0.002 V, 0.002 V, 0.002 V",54 µbar,72 °C,,10.390 V,9.5179 kV,59 µbar,Carbon Dioxide: 0.0179 kV,42 µbar,8.760 V,11.808 V,493 µbar/min,8.773 V,9.62E-008 mbar,10 %,731 µbar,µ-Volume,9.717 V,Pre,10.179934903285815,11.066216599593682,9.442576592278767,14.522042442727766,12.61919396059581,8.839635058543994,-0.9100809159872104,-5.639803145980449,-0.9031541262932846,0.0142683412975757,0.0050446204438999,-5.631631093317311,0.0108076410922024,0.0038210781524633,-0.7579233915156885,0.015417183007206294,-5.635629410013804,0.01083090553156003,35a2b0e7ba09__SHP2L 25032026.xlsx,2026-03-26 18:26:16.893,739701.0,493.0,42.0,59.0,731.0,8.944481299786917,,SHP2L,42,SHP2L,42,,OK,8.0,7.0,7.0,0.0,0.0,7.341707367575307,1.4445334672927856,10.648228394673826,8.92018116677813,1.728047227895695,13.972785641122542,11.920865942407332,2.05191969871521,2.177136840722913,0.1729931260604715,0.159221052276497,9.072502955100846,7.0,True,-0.902164584908438,-5.630463657222576,0.0151121594704319,0.0111154018361079,9.79476968874724,8.350236221454454,,1.6027739322116101
43.0,GIRMS\IRMS-operator,2026-03-26 19:05:36.319,2026-03-26 20:13:03.896,Running,False,SHP2L,43,43.0,1.0,23.0,True,Unknown,,"0.002 V, 0.002 V, 0.002 V",69 µbar,72 °C,,0.045 V,9.5178 kV,74 µbar,Carbon Dioxide: 0.0178 kV,"1,009 µbar",2.594 V,0.043 V,987 µbar/min,8.552 V,5.57E-008 mbar,100 %,111 µbar,µ-Volume,0.046 V,Pre,0.0416347634861867,0.0448907797374697,2.849424717612859,0.0588597584796045,3.8069861251383097,2.6663141095466383,-9.463683480859464,-14.712013906546751,-8.913975523975076,0.3266977254625526,0.1155050885363959,-13.911305775711634,0.588035579285586,0.2079019728458987,-9.022191577487709,0.33169229063656946,-13.90617884221286,0.588061672644884,35a2b0e7ba09__SHP2L 25032026.xlsx,2026-03-26 19:05:36.319,739701.0,987.0,1009.0,74.0,111.0,0.03902921302327367,,SHP2L,43,SHP2L,43,,Failed Sample,8.0,7.0,7.0,0.0,0.0,2.2894087366886904,-2.5051593049761696,2.7207479999018807,0.0439376503235649,2.676810349578316,3.634944328422779,0.0576171073186289,3.57732722110415,-0.0515066722553043,-0.983998323283784,-1.9370013767381389,1.2933182882888778,7.0,True,,,,,0.040738635800793,2.545897940776962,,-2.2503795236654165
44.0,GIRMS\IRMS-operator,2026-03-26 19:38:27.914,2026-03-26 20:50:37.026,Running,False,SHP2L,44,44.0,2.0,23.0,True,Unknown,,"0.001 V, 0.001 V, 0.001 V",59 µbar,72 °C,,9.937 V,9.5179 kV,67 µbar,Carbon Dioxide: 0.0179 kV,67 µbar,8.445 V,11.295 V,59 µbar/min,2.577 V,9.53E-008 mbar,10 %,770 µbar,µ-Volume,8.851 V,Pre,9.182291154836076,9.982768544971734,9.107465172882629,13.09449819596636,12.17043248685229,8.525007227633301,-0.9085431693023338,-5.987330862582518,-0.9100831703167668,0.0092305429243534,0.0032634897479219,-5.959467335480071,0.0176021922088546,0.006223314737315,-0.7531844689593338,0.009669174176563962,-5.963801061210167,0.017613810830353478,35a2b0e7ba09__SHP2L 25032026.xlsx,2026-03-26 19:38:27.914,739701.0,59.0,67.0,67.0,770.0,8.078574033173268,,SHP2L,44,SHP2L,44,,OK,8.0,7.0,7.0,0.0,0.0,7.089226882151356,0.7828474044799805,9.610477933704644,8.607540378391533,1.0029375553131104,12.60632125409472,11.501895343778417,1.1044259103163032,1.103601569715293,0.0971665079746969,0.0926645620223392,8.448185448621171,7.0,True,-0.9103031704616856,-5.955486831608291,0.0099474456953993,0.0146149077645663,8.839609150861161,8.05676174638118,,0.9893471510219118
45.0,GIRMS\IRMS-operator,2026-03-26 20:13:04.066,2026-03-26 21:28:23.408,Running,False,SHP2L,45,45.0,1.0,24.0,True,Unknown,,"0.001 V, 0.001 V, 0.001 V",71 µbar,72 °C,,14.619 V,9.5180 kV,62 µbar,Carbon Dioxide: 0.0180 kV,626 µbar,8.948 V,16.971 V,195 µbar/min,2.725 V,9.77E-008 mbar,10 %,828 µbar,µ-Volume,13.358 V,Pre,14.13121667813542,15.354488143628188,9.641671292123934,20.146823185379173,12.8842952427217,9.025190599508337,-1.4511003368035125,-6.221257874020947,-1.3796718800319212,0.0490608326422513,0.0173456237259971,-6.201914125714858,0.0166322115288829,0.005880374779101,-1.2466676914034691,0.05232931310943649,-6.205449588582046,0.016619826091012407,35a2b0e7ba09__SHP2L 25032026.xlsx,2026-03-26 20:13:04.066,739701.0,195.0,626.0,62.0,828.0,12.184430765008136,,SHP2L,45,SHP2L,45,,OK,8.0,7.0,7.0,0.0,0.0,7.488352693839403,4.990607500076292,14.684219011967729,9.105274704176647,5.578944307791078,19.26594104140487,12.166983145172262,7.098957896232607,10.167119997261285,0.5855570856694142,0.4529446198770045,11.018140587322735,7.0,True,-1.369467814778837,-6.199150733099702,0.042852211195887,0.0158575862635873,13.513444337360882,8.52283683728459,,4.696078071168733
46.0,GIRMS\IRMS-operator,2026-03-26 20:50:37.193,2026-03-26 22:00:27.268,Running,False,SHP2L,46,46.0,2.0,24.0,True,Unknown,,"0.002 V, 0.002 V, 0.002 V",57 µbar,72 °C,,19.802 V,9.5178 kV,64 µbar,Carbon Dioxide: 0.0178 kV,59 µbar,8.717 V,23.222 V,68 µbar/min,8.730 V,9.62E-008 mbar,10 %,784 µbar,µ-Volume,18.290 V,Pre,19.3742383783542,21.03863601887355,9.397267748953196,27.620267439907163,12.557816077297296,8.796759446483993,-2.032066423308998,-6.245124929076584,-1.847344375721344,0.1190348892610739,0.0420851886971475,-6.206931289675435,0.0235385690856471,0.0083221409099445,-1.7469034188865444,0.126597317621776,-6.209418629610941,0.023326399348086835,35a2b0e7ba09__SHP2L 25032026.xlsx,2026-03-26 20:50:37.193,739701.0,68.0,59.0,64.0,784.0,16.617748937555433,,SHP2L,46,SHP2L,46,,OK,8.0,7.0,7.0,0.0,0.0,7.3072612907815016,10.18507778644562,20.086854149938915,8.87840931618342,11.208444833755497,26.368391085689638,11.863541174953546,14.504849910736088,29.12503803500323,1.225560985157497,0.7599056355139138,13.403082317658548,7.0,True,-1.8209555117802505,-6.201475055475272,0.1001567889062664,0.0191976652658788,18.49562121088136,8.310543424435737,,9.310487646773932
1.0,GIRMS\IRMS-operator,2026-03-12 16:43:02.827,2026-03-12 17:41:04.183,Success,False,SHP2L,,1.0,1.0,2.0,True,QC Standard,SHP2L,"0.001 V, 0.001 V, 0.001 V",18 µbar,73 °C,,6.568 V,9.5200 kV,23 µbar,Carbon Dioxide: 0.0200 kV,692 µbar,6.334 V,7.266 V,176 µbar/min,3.234 V,8.26E-008 mbar,36 %,743 µbar,µ-Volume,,Pre,6.311696119344119,6.859458703484923,6.771892544055148,8.989609611764404,9.043060025992446,6.341624148445318,-0.819939560512184,-6.097853977754641,-0.8553980025319078,0.0141778520408591,0.0036607056559493,-6.12052532729479,0.0229666716676505,0.0057416679169126,-0.6863273167011589,0.01759395797122195,-6.125159662957457,0.022996284923141083,d6b24e7268cd__Natan Pereira BTS coral series 15.xlsx,2026-03-12 16:43:02.827,739687.0,176.0,692.0,23.0,743.0,5.036565682912711,,SHP2L,,SHP2L,,,OK,16.0,15.0,15.0,0.0,0.0,4.638650488189558,0.0586572225043431,6.643674988236815,6.46536930668965,0.1783056815471653,8.706562324822196,8.633495811760543,0.0730665130616525,0.096749372738956,0.0096883657739285,0.0096416598104727,6.0837266256407165,15.0,True,-0.8553980025319078,-6.1220367505974655,0.0141778520408591,0.0229343224017366,6.1130552368928885,6.054398014388545,,0.3979151947231525
2.0,GIRMS\IRMS-operator,2026-03-12 17:14:43.249,2026-03-12 18:15:51.429,Success,False,BTS,528,2.0,2.0,2.0,True,Unknown,,"0.002 V, 0.001 V, 0.002 V",15 µbar,72 °C,,4.635 V,9.5197 kV,27 µbar,Carbon Dioxide: 0.0197 kV,672 µbar,4.313 V,5.039 V,127 µbar/min,6.236 V,7.06E-008 mbar,56 %,687 µbar,µ-Volume,,Pre,4.286833309489894,4.662621037124654,4.662998490320073,6.139569075833451,6.225748824633059,4.365949191467125,-0.249817160073773,-0.5741212446120914,-0.2003020325392457,0.0223912726067882,0.0057814017270987,-0.5528741313479204,0.0226737601719682,0.005668440042992,-0.19389583387573092,0.024005160899996266,-0.5530264312364476,0.02270201891053663,d6b24e7268cd__Natan Pereira BTS coral series 15.xlsx,2026-03-12 17:14:43.249,739687.0,127.0,672.0,27.0,687.0,3.5035233141158537,,BTS,528,BTS,528,,OK,16.0,15.0,15.0,0.0,0.0,3.2518425998091938,-0.0139579217133665,4.533701361255759,4.466923960661185,0.0667774005945744,5.969227893511013,5.963154396701638,0.0060734968093747,-0.0227252177030194,-0.0033378097239826,-0.0033433895230131,4.174781794730122,15.0,True,-0.1914581056621678,-0.551457657130309,0.0271333758313524,0.0227249944127623,4.167802833873439,4.181760755586805,,0.25168071430665995
3.0,GIRMS\IRMS-operator,2026-03-12 17:41:04.304,2026-03-12 18:46:34.917,Success,False,BTS,529,3.0,1.0,3.0,True,Unknown,,"0.001 V, 0.001 V, 0.002 V",32 µbar,72 °C,,6.542 V,9.5197 kV,37 µbar,Carbon Dioxide: 0.0197 kV,894 µbar,6.382 V,7.244 V,337 µbar/min,4.270 V,8.26E-008 mbar,34 %,784 µbar,µ-Volume,,Pre,6.326362195466314,6.871375330133061,6.841543205422978,9.032530655082208,9.135670684113643,6.406753883439633,-1.4232533087452648,-3.6571732218912967,-1.4236843300053703,0.0127766791644431,0.0032989243749149,-3.655767847988282,0.0127866461435573,0.0033014978378563,-1.3882063428605649,0.013533637743358537,-3.6564982218126434,0.012801572847196845,d6b24e7268cd__Natan Pereira BTS coral series 15.xlsx,2026-03-12 17:41:04.304,739687.0,337.0,894.0,37.0,784.0,5.066025293111961,,BTS,529,BTS,529,,OK,16.0,15.0,15.0,0.0,0.0,4.682427829666099,0.014728643389084,6.6584011062687845,6.53054926515459,0.127851841114194,8.752165574596944,8.720405123963497,0.0317604506334472,0.0241183057041456,0.0024084922944235,0.0024055953654729,6.122660361123678,15.0,True,-1.412560600285858,-3.653221322088688,0.0450508383859674,0.0159091586743564,6.13002468281822,6.115296039429136,,0.3835974634458621
4.0,GIRMS\IRMS-operator,2026-03-12 18:15:51.522,2026-03-12 19:21:17.332,Success,False,BTS,530,4.0,2.0,3.0,True,Unknown,,"0.001 V, 0.001 V, 0.002 V",27 µbar,72 °C,,1.710 V,9.5196 kV,804 µbar,Carbon Dioxide: 0.0196 kV,528 µbar,3.096 V,1.809 V,225 µbar/min,6.277 V,6.15E-008 mbar,100 %,821 µbar,µ-Volume,1.603 V,Pre,1.6372391098392702,1.777757484439476,3.3495488922656014,2.339230584177887,4.472260012553866,3.1360734335190554,-1.887804651831137,-2.9964044796260136,-1.930103897749569,0.0240136391093023,0.0062002949568108,-2.968625283520688,0.0470390895926138,0.0117597723981534,-1.955399480931042,0.02572869768898409,-2.967461721799118,0.047085705591300195,d6b24e7268cd__Natan Pereira BTS coral series 15.xlsx,2026-03-12 18:15:51.522,739687.0,225.0,528.0,804.0,821.0,1.367318235610436,,BTS,530,BTS,530,,OK,16.0,15.0,15.0,0.0,0.0,2.3630061745842363,-1.4094852483408649,3.210297939309267,1.7331862518858212,1.4771116874234458,4.286150278383972,2.280579669652774,2.005570608731198,-1.2227865669582971,-0.468931168962502,-0.6125540007822383,2.30099753905931,15.0,True,-1.928636731467496,-2.966773337113667,0.0272383789843182,0.0480825257290999,1.5962549148888776,3.0057401632297425,,-0.9956879389738003
5.0,GIRMS\IRMS-operator,2026-03-12 18:46:35.059,2026-03-12 20:05:49.511,Success,False,BTS,531,5.0,1.0,4.0,True,Unknown,,"0.001 V, 0.001 V, 0.001 V",30 µbar,72 °C,,14.165 V,9.5196 kV,42 µbar,Carbon Dioxide: 0.0196 kV,924 µbar,12.739 V,16.215 V,464 µbar/min,3.246 V,1.24E-007 mbar,11 %,850 µbar,µ-Volume,,Pre,12.446954758263235,13.501982471389072,13.669546029013889,17.76464809069182,18.262048851342456,12.809291393852837,-2.055597924628172,-3.833406905049186,-2.152966167171512,0.051236759936311,0.0128091899840777,-3.856986466246096,0.0189111352558158,0.0047277838139539,-2.16100969794171,0.054595500994836635,-3.856264670125981,0.018893277068340816,d6b24e7268cd__Natan Pereira BTS coral series 15.xlsx,2026-03-12 18:46:35.059,739687.0,464.0,924.0,42.0,850.0,9.704311242151306,,BTS,531,BTS,531,,OK,16.0,15.0,15.0,0.0,0.0,8.920490350017527,-0.1130551099777239,13.022969743651643,12.93262609319386,0.0903436504577861,17.13410545477416,17.276456247658984,-0.1423507928848231,-0.182961073292374,-0.0093295902520369,-0.0093733148454425,12.06137976179183,15.0,True,-2.1594573833410684,-3.8585584369925576,0.0457207912732976,0.0184611628315492,12.004852206802967,12.117907316780691,,0.7838208921337788
6.0,GIRMS\IRMS-operator,2026-03-12 19:21:17.441,2026-03-12 20:31:55.919,Success,False,SHP2L,,6.0,2.0,4.0,True,QC Standard,SHP2L,"0.002 V, 0.002 V, 0.002 V",37 µbar,72 °C,,24.675 V,9.5193 kV,32 µbar,Carbon Dioxide: 0.0193 kV,650 µbar,13.059 V,29.485 V,215 µbar/min,12.372 V,1.26E-007 mbar,10 %,909 µbar,µ-Volume,22.422 V,Pre,24.09388268520318,26.134604368300604,14.031002078147104,34.293800058877004,18.746032777344716,13.149248009223568,-2.0716888723090188,-6.520202351982807,-1.862528381123406,0.1577066910550167,0.0394266727637541,-6.417113901685963,0.0699662304311388,0.0174915576077847,-1.7553570973664823,0.1662627611706614,-6.419792270912696,0.06970047953042127,d6b24e7268cd__Natan Pereira BTS coral series 15.xlsx,2026-03-12 19:21:17.441,739687.0,215.0,650.0,32.0,909.0,17.827101556260217,,SHP2L,,SHP2L,,,OK,16.0,15.0,15.0,0.0,0.0,9.144608022651664,10.584190487861637,24.980598840804262,13.279566321463752,11.701032519340512,32.776355209862714,17.739429536377916,15.0369256734848,31.99742882805021,0.850623714758147,0.5967983149472366,17.734953706760038,15.0,True,-1.848584348377698,-6.410241338332841,0.1526916487195284,0.0665976139217057,23.02704895069085,12.442858462829218,,8.682493533608554
7.0,GIRMS\IRMS-operator,2026-03-12 20:05:49.623,2026-03-12 21:09:58.194,Success,False,BTS,532,7.0,1.0,5.0,True,Unknown,,"0.002 V, 0.002 V, 0.002 V",25 µbar,72 °C,,7.306 V,9.5194 kV,35 µbar,Carbon Dioxide: 0.0194 kV,750 µbar,6.778 V,8.086 V,337 µbar/min,12.633 V,8.43E-008 mbar,30 %,770 µbar,µ-Volume,,Pre,6.753505233374875,7.331489745882989,7.281503820475245,9.641257417846122,9.723044663939644,6.819122965500528,-1.887235691009459,-3.690537157613583,-1.9342928000807356,0.0152233429323513,0.0039306502433734,-3.701845528958469,0.0191455580397149,0.0049433618294442,-1.932859052731846,0.016317602015611693,-3.7014580039578395,0.01916074426980982,d6b24e7268cd__Natan Pereira BTS coral series 15.xlsx,2026-03-12 20:05:49.623,739687.0,337.0,750.0,35.0,770.0,5.433816373910137,,BTS,532,BTS,532,,OK,16.0,15.0,15.0,0.0,0.0,4.967893779795693,0.0463060821324949,7.112688565310145,6.946853542383814,0.1658350229263305,9.353331953559088,9.275920421157052,0.0774115324020368,0.0761829337652941,0.0071179677194372,0.0070927248262591,6.528673149853109,15.0,True,-1.934292800080736,-3.699419575535072,0.0152233429323513,0.0226631284328106,6.551826190919357,6.505520108786862,,0.4659225941144438
8.0,GIRMS\IRMS-operator,2026-03-12 20:31:56.023,2026-03-12 21:42:20.008,Success,False,BTS,533,8.0,2.0,5.0,True,Unknown,,"0.002 V, 0.002 V, 0.002 V",35 µbar,72 °C,,10.761 V,9.5195 kV,35 µbar,Carbon Dioxide: 0.0195 kV,760 µbar,9.994 V,12.171 V,366 µbar/min,6.670 V,1.05E-007 mbar,16 %,850 µbar,µ-Volume,,Pre,9.884681591319683,10.723353867216348,10.739268307371375,14.109370154968255,14.342439217201228,10.059844574104927,-2.3253274728005646,-3.730379495816893,-2.3663031258603087,0.0241377556212016,0.0060344389053004,-3.762410733955631,0.0205403081489284,0.0053034847591178,-2.3929159659102917,0.025117611452570993,-3.7611030319322296,0.020516644712286758,d6b24e7268cd__Natan Pereira BTS coral series 15.xlsx,2026-03-12 20:31:56.023,739687.0,366.0,760.0,35.0,850.0,7.758344271895311,,BTS,533,BTS,533,,OK,16.0,15.0,15.0,0.0,0.0,7.143826788516715,-0.0057220458984392,10.356625935065807,10.19743698184635,0.1591889532194592,13.626393718353269,13.618123573890678,0.008270144462589,-0.0093417965329177,-0.0005990551614794,-0.0005992346487841,9.548923631251323,15.0,True,-2.369034836064292,-3.7608752175980023,0.0222783221719843,0.0237205976334131,9.546062608302105,9.551784654200544,,0.614517483378596
9.0,GIRMS\IRMS-operator,2026-03-12 21:09:58.300,2026-03-12 22:26:08.912,Success,False,BTS,534,9.0,1.0,6.0,True,Unknown,,"0.001 V, 0.001 V, 0.001 V",27 µbar,72 °C,,5.259 V,9.5197 kV,45 µbar,Carbon Dioxide: 0.0197 kV,970 µbar,5.160 V,5.745 V,440 µbar/min,3.253 V,7.42E-008 mbar,47 %,743 µbar,µ-Volume,,Pre,5.061364416759926,5.494231706398291,5.564609823599031,7.226945881875035,7.429571871788976,5.210505847735004,-2.082922189899028,-3.527194183256644,-2.1108463402892483,0.019265895154275,0.004974432738819,-3.5358813203140924,0.0221673079685988,0.0055418269921497,-2.127853372527588,0.020810164148973926,-3.5348989508625426,0.022195515915860612,d6b24e7268cd__Natan Pereira BTS coral series 15.xlsx,2026-03-12 21:09:58.300,739687.0,440.0,970.0,45.0,743.0,4.103315741880181,,BTS,534,BTS,534,,OK,16.0,15.0,15.0,0.0,0.0,3.8506940953101347,-0.0689625740051278,5.334258557453609,5.321801186695551,0.0124573707580575,7.016735200913427,7.105255745429043,-0.0885205445156156,-0.1110964953383445,-0.013839542063767,-0.013935975825586,4.948528532785968,15.0,True,-2.117865841389325,-3.536460462784589,0.0262725426873045,0.0228197059239043,4.914047245783404,4.983009819788531,,0.25262164657004593
10.0,GIRMS\IRMS-operator,2026-03-12 21:42:20.155,2026-03-12 22:52:47.545,Success,False,BTS,535,10.0,2.0,6.0,True,Unknown,,"0.001 V, 0.001 V, 0.002 V",35 µbar,72 °C,,8.038 V,9.5196 kV,32 µbar,Carbon Dioxide: 0.0196 kV,645 µbar,7.731 V,8.989 V,200 µbar/min,5.102 V,9.03E-008 mbar,27 %,816 µbar,µ-Volume,,Pre,7.615795988095559,8.262956287544156,8.254349967372937,10.874657316134511,11.022342724726734,7.730661188973942,-2.3805577942490608,-3.443370681135427,-2.4506654003191968,0.0224817796497221,0.0058047705450985,-3.471383483379449,0.0234036222737505,0.0058509055684376,-2.4937666881279594,0.02399836907782408,-3.4695860638368003,0.023412244898228633,d6b24e7268cd__Natan Pereira BTS coral series 15.xlsx,2026-03-12 21:42:20.155,739687.0,200.0,645.0,32.0,816.0,6.0505589760628435,,BTS,535,BTS,535,,OK,16.0,15.0,15.0,0.0,0.0,5.588606717029654,0.0068992310531328,7.998207356613064,7.863686596919456,0.1345207596936077,10.525999946520864,10.500687282210716,0.0253126643101477,0.0112809756277743,0.0009368081711051,0.0009363695717721,7.368064128862953,15.0,True,-2.4506654003191963,-3.4732510035290503,0.0224817796497222,0.0229578985331,7.371513744389519,7.364614513336386,,0.4619522590331897
11.0,GIRMS\IRMS-operator,2026-03-12 22:26:09.076,2026-03-12 23:29:44.974,Success,False,SHP2L,,11.0,1.0,7.0,True,QC Standard,SHP2L,"0.002 V, 0.002 V, 0.002 V",27 µbar,72 °C,,29.861 V,9.5195 kV,37 µbar,Carbon Dioxide: 0.0195 kV,870 µbar,13.070 V,36.234 V,332 µbar/min,7.570 V,1.25E-007 mbar,10 %,887 µbar,µ-Volume,27.105 V,Pre,29.2801429092078,31.745315554642723,14.014230134987878,41.66439462691818,18.7214343646196,13.13251448265598,-2.5835968070925253,-6.76100457879647,-2.2719834794003857,0.2268966483130127,0.0567241620782531,-6.564946072759759,0.1122875295739279,0.0280718823934819,-2.18800257734289,0.23878333318356929,-6.566860671723401,0.11191652879855783,d6b24e7268cd__Natan Pereira BTS coral series 15.xlsx,2026-03-12 22:26:09.076,739687.0,332.0,870.0,37.0,887.0,21.4515477924733,,SHP2L,,SHP2L,,,OK,16.0,15.0,15.0,0.0,0.0,9.136428034325958,15.517175197601324,30.301676157021568,13.2640758781672,17.03760027885437,39.76685095817123,17.718213687243804,22.04863727092743,56.9973451478929,1.248550535038368,0.768681614505727,20.18673909298466,15.0,True,-2.251209257554243,-6.551875505690644,0.2185430563723779,0.1028611428179011,27.94532669178532,12.428151494183998,,12.315119758147341
12.0,GIRMS\IRMS-operator,2026-03-12 22:52:47.743,2026-03-13 00:02:36.837,Success,False,BTS,536,12.0,2.0,7.0,True,Unknown,,"0.002 V, 0.002 V, 0.002 V",35 µbar,72 °C,,12.539 V,9.5195 kV,35 µbar,Carbon Dioxide: 0.0195 kV,523 µbar,12.368 V,14.288 V,142 µbar/min,12.673 V,1.21E-007 mbar,10 %,872 µbar,µ-Volume,,Pre,12.14338111726359,13.162846004706132,13.273829853277908,17.33372621181425,17.73093156459745,12.43673999791804,-2.9310487052353063,-3.6971062795128073,-3.018313541227454,0.0218633505594502,0.0058432262228853,-3.690516531385353,0.0179814494425092,0.0046427902821006,-3.0928731005923877,0.023056244728259737,-3.6876911238583836,0.017960911632789546,d6b24e7268cd__Natan Pereira BTS coral series 15.xlsx,2026-03-12 22:52:47.743,739687.0,142.0,523.0,35.0,872.0,9.440369909633919,,BTS,536,BTS,536,,OK,16.0,15.0,15.0,0.0,0.0,8.68572113056638,-0.0606477260589581,12.694591915350662,12.564311063032854,0.1302808523178082,16.716967150000894,16.78230874183592,-0.0653415918350255,-0.0985622255323906,-0.005152144464113,-0.0051654510391009,11.741032022155023,15.0,True,-3.012801976821522,-3.694329545647524,0.029992047912817,0.0243979884634971,11.710708159125543,11.771355885184503,,0.7546487790675389
13.0,GIRMS\IRMS-operator,2026-03-12 23:29:45.084,2026-03-13 00:48:05.580,Success,False,BTS,537,13.0,1.0,8.0,True,Unknown,,"0.001 V, 0.001 V, 0.001 V",30 µbar,72 °C,,13.481 V,9.5196 kV,42 µbar,Carbon Dioxide: 0.0196 kV,897 µbar,12.251 V,15.419 V,454 µbar/min,3.254 V,1.18E-007 mbar,13 %,853 µbar,µ-Volume,,Pre,11.966254381249955,12.972950374534223,13.13087288086662,17.078283317557137,17.540711052885815,12.30339315326076,-2.73920950229678,-3.842905374054295,-2.795994231728001,0.0351965127256054,0.0087991281814013,-3.868951596652189,0.0176670268736105,0.0044167567184026,-2.848623338171513,0.03719949715270678,-3.866792325764888,0.01762973302723019,d6b24e7268cd__Natan Pereira BTS coral series 15.xlsx,2026-03-12 23:29:45.084,739687.0,454.0,897.0,42.0,853.0,9.344757928378169,,BTS,537,BTS,537,,OK,16.0,15.0,15.0,0.0,0.0,8.598055747774621,-0.1016110181808489,12.517734801223371,12.431531583716964,0.0862032175064069,16.47766221331672,16.605052240362927,-0.1273900270462071,-0.1645411929553236,-0.008724146503871,-0.008762368597554,11.596295801709704,15.0,True,-2.799779880356749,-3.870688011492048,0.0328877366321221,0.0168145872453334,11.54549029261928,11.647101310800128,,0.7467021806035472
14.0,GIRMS\IRMS-operator,2026-03-13 00:02:36.968,2026-03-13 01:15:36.364,Success,False,BTS,538,14.0,2.0,8.0,True,Unknown,,"0.002 V, 0.002 V, 0.002 V",37 µbar,72 °C,,9.219 V,9.5192 kV,35 µbar,Carbon Dioxide: 0.0192 kV,584 µbar,8.510 V,10.354 V,181 µbar/min,11.913 V,9.53E-008 mbar,22 %,836 µbar,µ-Volume,,Pre,8.342498694366956,9.047357779541986,9.104667590838629,11.90683485167478,12.15903700488065,8.527726417852678,-2.756503922565323,-3.897533012593213,-2.804333882669208,0.0161856146060373,0.0043257874607254,-3.901246086484754,0.0174770654908442,0.004369266372711,-2.8564030968924303,0.01743823597524481,-3.8991025588585098,0.017489797653808134,d6b24e7268cd__Natan Pereira BTS coral series 15.xlsx,2026-03-13 00:02:36.968,739688.0,181.0,584.0,35.0,836.0,6.594443127706388,,BTS,538,BTS,538,,OK,16.0,15.0,15.0,0.0,0.0,6.1225336144983356,-0.0453889369964599,8.749364642175822,8.662142067234086,0.0872225749417356,11.514263760022862,11.567252289228186,-0.052988529205324,-0.0737314484504102,-0.0055946716213718,-0.0056103656982505,8.090192233032727,15.0,True,-2.8075858604724724,-3.90149362474419,0.0200472461329154,0.0180614254045081,8.067497764534497,8.112886701530957,,0.4719095132080522
15.0,GIRMS\IRMS-operator,2026-03-13 00:48:05.742,2026-03-13 01:51:36.675,Success,False,BTS,539,15.0,1.0,9.0,True,Unknown,,"0.002 V, 0.002 V, 0.002 V",27 µbar,72 °C,,0.008 V,9.5192 kV,42 µbar,Carbon Dioxide: 0.0192 kV,963 µbar,3.084 V,0.008 V,425 µbar/min,8.325 V,5.94E-008 mbar,100 %,35 µbar,µ-Volume,0.012 V,Pre,0.008612162804381,0.0092303842699906,3.344415590646577,0.0121634233941238,4.465102129131333,3.131291297230032,-14.763215647167428,-14.358776097638692,-14.522710165630391,1.0623873089405385,0.2655968272351346,-15.344281876636735,1.4086826804695367,0.3521706701173842,-14.970323713754528,1.1302365572984703,-15.32812220236568,1.4098571670462872,d6b24e7268cd__Natan Pereira BTS coral series 15.xlsx,2026-03-13 00:48:05.742,739688.0,425.0,963.0,42.0,35.0,0.007286389634213958,,BTS,539,BTS,539,,Failed Sample,16.0,15.0,15.0,0.0,0.0,2.349297856733484,-2.9842633740719005,3.1959404205110795,0.0087794617411506,3.1871609587699288,4.26677347927589,0.0115967003676845,4.255176778908205,-0.0133677757987503,-0.9972579037615308,-1.9890616091664823,1.500337325057748,15.0,True,,,,,0.0082056380217978,2.9924690120936983,,-2.34201146709927
16.0,GIRMS\IRMS-operator,2026-03-13 01:15:36.473,2026-03-13 02:25:21.624,Success,False,SHP2L,,16.0,2.0,9.0,True,QC Standard,SHP2L,"0.001 V, 0.001 V, 0.001 V",40 µbar,72 °C,,9.633 V,9.5192 kV,35 µbar,Carbon Dioxide: 0.0192 kV,611 µbar,8.710 V,10.854 V,190 µbar/min,3.068 V,9.58E-008 mbar,21 %,848 µbar,µ-Volume,,Pre,8.6576130610127,9.40665403163074,9.3319098070824,12.329467318348396,12.46225156574677,8.740424901350208,-0.8801484102055612,-6.091767529110781,-0.8818596511252533,0.0309092394576904,0.0079807313109048,-6.100340500614744,0.0128624921494715,0.0033210811923751,-0.7176655236087162,0.03306261469208457,-6.104908471559209,0.01288642296117919,d6b24e7268cd__Natan Pereira BTS coral series 15.xlsx,2026-03-13 01:15:36.473,739688.0,190.0,611.0,35.0,848.0,6.8335906933811525,,SHP2L,,SHP2L,,,OK,16.0,15.0,15.0,0.0,0.0,6.265029179193932,0.0571607998268106,9.096158535834537,8.876455815192447,0.2197027206420898,11.921428821377264,11.854164979748235,0.0672638416290283,0.0940184948090581,0.006875296851902,0.0068517429684714,8.342519573462985,15.0,True,-0.8733440486318781,-6.103948581044417,0.0455449186600455,0.017159096005521,8.37109997337639,8.31393917354958,,0.5685615141872207
17.0,GIRMS\IRMS-operator,2026-03-13 01:51:36.812,2026-03-13 03:08:58.621,Success,False,BTS,540,17.0,1.0,10.0,True,Unknown,,"0.001 V, 0.001 V, 0.001 V",27 µbar,72 °C,,8.359 V,9.5191 kV,47 µbar,Carbon Dioxide: 0.0191 kV,963 µbar,7.847 V,9.329 V,415 µbar/min,3.249 V,8.98E-008 mbar,27 %,809 µbar,µ-Volume,,Pre,7.749383239696006,8.40994726090371,8.393257976282746,11.061462613835207,11.207806778355316,7.860530895042252,-2.164320324581359,-3.816407042302572,-2.18136413681067,0.0145324242141846,0.0037522557974372,-3.8377823816838976,0.0157127802143022,0.0039281950535755,-2.192101842433503,0.015372195901205218,-3.8369812249322153,0.015718950578843628,d6b24e7268cd__Natan Pereira BTS coral series 15.xlsx,2026-03-13 01:51:36.812,739688.0,415.0,963.0,47.0,809.0,6.182033691959122,,BTS,540,BTS,540,,OK,16.0,15.0,15.0,0.0,0.0,5.674114505596087,0.0177770853042593,8.143231631054876,7.993296290111864,0.1499353409430117,10.71022767829876,10.673581513799837,0.0366461644989257,0.0291091816125884,0.002374772862557,0.0023719564336721,7.494693010333965,15.0,True,-2.179992398639374,-3.83920740430932,0.0170151574493765,0.0151563434504529,7.503581552986094,7.485804467681834,,0.5079191863630346
18.0,GIRMS\IRMS-operator,2026-03-13 02:25:21.747,2026-03-13 03:36:18.260,Success,False,BTS,541,18.0,2.0,10.0,True,Unknown,,"0.002 V, 0.002 V, 0.002 V",40 µbar,72 °C,,6.528 V,9.5192 kV,37 µbar,Carbon Dioxide: 0.0192 kV,821 µbar,6.086 V,7.225 V,337 µbar/min,7.703 V,7.98E-008 mbar,36 %,802 µbar,µ-Volume,,Pre,6.028575276069346,6.544834155240796,6.555145758786939,8.605438362150776,8.752012259654919,6.138090032923559,-1.9561203227947963,-3.8035767932737,-1.9614144664822224,0.0214812582425194,0.0053703145606298,-3.805469816590327,0.0211578670763346,0.0054629377885276,-1.9578096173587731,0.02274194854543458,-3.805125435136499,0.021165342992539183,d6b24e7268cd__Natan Pereira BTS coral series 15.xlsx,2026-03-13 02:25:21.747,739688.0,337.0,821.0,37.0,802.0,4.828868201888336,,BTS,541,BTS,541,,OK,16.0,15.0,15.0,0.0,0.0,4.492739134097365,-0.0194697500775085,6.341492909589551,6.258963831524653,0.0825290780648977,8.33808172801076,8.3566336736971,-0.0185519456863403,-0.0316996544007971,-0.0033220747283331,-0.0033276019995875,5.850985207943123,15.0,True,-1.9617674093947173,-3.809707475970396,0.0221871429103688,0.0264543327306801,5.841250332904369,5.860720082981877,,0.3361290677909716
19.0,GIRMS\IRMS-operator,2026-03-13 03:08:58.791,2026-03-13 04:13:53.158,Success,False,BTS,542,19.0,1.0,11.0,True,Unknown,,"0.001 V, 0.001 V, 0.002 V",32 µbar,72 °C,,4.957 V,9.5193 kV,47 µbar,Carbon Dioxide: 0.0193 kV,970 µbar,4.619 V,5.428 V,435 µbar/min,5.991 V,7.16E-008 mbar,50 %,731 µbar,µ-Volume,,Pre,4.589516697463512,4.982764289259774,5.006035462160936,6.552009746499734,6.683729158971527,4.68708940790824,-1.9938031073594156,-3.7482205350855,-2.026773835098077,0.0189449207591467,0.0047362301897866,-3.756314908121258,0.0185750508160212,0.0047960574976937,-2.0268897855340473,0.01739868210418215,-3.755771148231912,0.018580054271141754,d6b24e7268cd__Natan Pereira BTS coral series 15.xlsx,2026-03-13 03:08:58.791,739688.0,435.0,970.0,47.0,731.0,3.726740128960037,,BTS,542,BTS,542,,OK,16.0,15.0,15.0,0.0,0.0,3.478237056123096,-0.0282572771428171,4.839589491625657,4.791091018411064,0.0484984732145932,6.363675776821629,6.396502972318769,-0.0328271954971404,-0.0458696379577256,-0.0062990843627661,-0.0063189862765878,4.47180542985376,15.0,True,-2.028971883613987,-3.7600062149476825,0.0173701513106409,0.0220316289268799,4.457676791282352,4.485934068425169,,0.24850307283694084
20.0,GIRMS\IRMS-operator,2026-03-13 03:36:18.394,2026-03-13 04:46:26.209,Success,False,BTS,543,20.0,2.0,11.0,True,Unknown,,"0.001 V, 0.001 V, 0.002 V",40 µbar,72 °C,,7.987 V,9.5193 kV,37 µbar,Carbon Dioxide: 0.0193 kV,748 µbar,7.584 V,8.917 V,220 µbar/min,4.570 V,9.03E-008 mbar,26 %,831 µbar,µ-Volume,,Pre,7.475770253786754,8.113804260539967,8.15747287890681,10.673427250503666,10.8932640815965,7.63965322459669,-2.0989809002219806,-3.6163999966811744,-2.123668486816421,0.0156303199677271,0.00403573126206,-3.6520357367655634,0.0201323350106409,0.0050330837526602,-2.1372592594860245,0.01658476226422914,-3.6511537090960635,0.02014589401767122,d6b24e7268cd__Natan Pereira BTS coral series 15.xlsx,2026-03-13 03:36:18.394,739688.0,220.0,748.0,37.0,831.0,5.939580269840986,,BTS,543,BTS,543,,OK,16.0,15.0,15.0,0.0,0.0,5.521787386967635,-0.041447613661175,7.851879865143383,7.769342333290661,0.0825375318527221,10.328395435995125,10.374301340698368,-0.0459059047032432,-0.0673221070100336,-0.0056967534668196,-0.0057130263180613,7.254931336503877,15.0,True,-2.128306177411213,-3.6544114527711886,0.0179328340890788,0.0183713622740419,7.23420752967329,7.275655143334465,,0.4177928828733517
21.0,GIRMS\IRMS-operator,2026-03-13 04:13:53.330,2026-03-13 05:30:49.824,Success,False,SHP2L,,21.0,1.0,12.0,True,QC Standard,SHP2L,"0.001 V, 0.001 V, 0.001 V",32 µbar,72 °C,,16.008 V,9.5193 kV,47 µbar,Carbon Dioxide: 0.0193 kV,865 µbar,13.245 V,18.448 V,313 µbar/min,3.252 V,1.26E-007 mbar,10 %,872 µbar,µ-Volume,13.924 V,Pre,14.522559659436968,15.76955177709007,14.20405068322563,20.67766884008815,18.97620955149105,13.310827033475665,-1.018465173175942,-6.162729545844292,-1.0857911781023095,0.0180276725486442,0.0046547250367853,-6.162696046149932,0.0107621460769992,0.0027787741683779,-0.9337518842884732,0.019235935227346686,-6.166856989754395,0.01078443827823141,d6b24e7268cd__Natan Pereira BTS coral series 15.xlsx,2026-03-13 04:13:53.330,739688.0,313.0,865.0,47.0,872.0,11.197546681099652,,SHP2L,,SHP2L,,,OK,16.0,15.0,15.0,0.0,0.0,9.240424195646888,1.3940781354904177,15.180374764646526,13.431097649778364,1.7492771148681625,19.90414956251552,17.941532522835036,1.962617039680481,2.5296016032524773,0.1107739876701593,0.1049605389465974,13.281926231340195,15.0,True,-1.0857911781023095,-6.160266386965814,0.0180276725486442,0.0142897876547739,13.978965299085406,12.584887163594988,,1.9571224854527642
22.0,GIRMS\IRMS-operator,2026-03-13 04:46:26.303,2026-03-13 05:59:25.003,Success,False,BTS,544,22.0,2.0,12.0,True,Unknown,,"0.002 V, 0.002 V, 0.002 V",40 µbar,72 °C,,4.282 V,9.5191 kV,828 µbar,Carbon Dioxide: 0.0191 kV,638 µbar,3.926 V,4.639 V,171 µbar/min,12.864 V,6.72E-008 mbar,61 %,882 µbar,µ-Volume,,Pre,3.929211335234972,4.2642124620199935,4.268414581461752,5.613227422754153,5.698947807474487,3.996445310422297,-2.4068653421324138,-3.0823724577954126,-2.4246929589103905,0.0240257667837594,0.0062034263088909,-3.038688083735003,0.0258132728952766,0.0064533182238191,-2.482081561001633,0.026121847182877442,-3.0364588557573455,0.025858014803259707,d6b24e7268cd__Natan Pereira BTS coral series 15.xlsx,2026-03-13 04:46:26.303,739688.0,171.0,638.0,828.0,882.0,3.2075987654478633,,BTS,544,BTS,544,,OK,16.0,15.0,15.0,0.0,0.0,2.9862767459017934,-0.0107097939381954,4.144456488989603,4.090220693312169,0.0542357956774344,5.45552290250795,5.460734771225528,-0.0052118687175779,-0.0174463334020194,-0.0027966206470336,-0.0028005366663655,3.82419343650094,15.0,True,-2.433350966482532,-3.035775792130976,0.0370256719018822,0.023843731866703,3.8188385395318414,3.8295483334700378,,0.2213220195460699
23.0,GIRMS\IRMS-operator,2026-03-13 05:30:50.053,2026-03-13 06:33:43.753,Success,False,BTS,545,23.0,1.0,13.0,True,Unknown,,"0.001 V, 0.001 V, 0.001 V",37 µbar,72 °C,,5.403 V,9.5193 kV,62 µbar,Carbon Dioxide: 0.0193 kV,"1,102 µbar",5.327 V,5.916 V,777 µbar/min,3.892 V,7.64E-008 mbar,42 %,772 µbar,µ-Volume,,Pre,5.2198917521975865,5.66309423098226,5.758267765998252,7.453647910248062,7.688587204229926,5.39175775668391,-2.6797321714674416,-3.5474748055515093,-2.6939063997856936,0.0191487386605552,0.0047871846651388,-3.52622984165895,0.0211608545127675,0.0052902136281918,-2.752079063432368,0.020440801932979605,-3.523932718258426,0.02118011294478299,d6b24e7268cd__Natan Pereira BTS coral series 15.xlsx,2026-03-13 05:30:50.053,739688.0,777.0,1102.0,62.0,772.0,4.231122005985422,,BTS,545,BTS,545,,OK,16.0,15.0,15.0,0.0,0.0,3.9748674829496986,-0.0867395765880809,5.498502040251215,5.505535381627196,-0.0070333413759806,7.236903206122017,7.350680984595487,-0.1137777784734694,-0.1393113843057077,-0.016826874841618,-0.016969647912382,5.111454111242395,15.0,True,-2.694851348340244,-3.524813510732779,0.0194308484841106,0.0211039740087622,5.068084322948354,5.154823899536435,,0.2562545230357234
24.0,GIRMS\IRMS-operator,2026-03-13 05:59:25.171,2026-03-13 07:09:13.547,Success,False,BTS,546,24.0,2.0,13.0,True,Unknown,,"0.001 V, 0.001 V, 0.002 V",42 µbar,72 °C,,9.175 V,9.5194 kV,37 µbar,Carbon Dioxide: 0.0194 kV,638 µbar,8.499 V,10.307 V,200 µbar/min,5.255 V,9.62E-008 mbar,21 %,848 µbar,µ-Volume,,Pre,8.40272200650086,9.113567956217778,9.125211483641651,11.996991290086298,12.186769497446132,8.546703298152147,-2.69224371485588,-3.6068188778368704,-2.745964628607826,0.0174901691218665,0.004515942248756,-3.576424909551964,0.0222441557768031,0.0055610389442007,-2.805998964849358,0.018817525263327136,-3.574071843965639,0.022282982949236814,d6b24e7268cd__Natan Pereira BTS coral series 15.xlsx,2026-03-13 05:59:25.171,739688.0,200.0,638.0,37.0,848.0,6.639835676878884,,BTS,546,BTS,546,,OK,16.0,15.0,15.0,0.0,0.0,6.133758390352471,-0.0085614917459224,8.810707875418316,8.682775386103641,0.1279324893146753,11.598650467447351,11.595089089922023,0.0035613775253295,-0.0139711217001958,-0.0010528268921578,-0.001053381406294,8.12762755709091,15.0,True,-2.7459646286078256,-3.5743986449996368,0.0174901691218666,0.0214420439202582,8.12334681121795,8.131908302963872,,0.5060772865264136
25.0,GIRMS\IRMS-operator,2026-03-13 06:33:43.906,2026-03-13 07:55:57.875,Success,False,BTS,547,25.0,1.0,14.0,True,Unknown,,"0.001 V, 0.001 V, 0.001 V",30 µbar,72 °C,,0.009 V,9.5194 kV,45 µbar,Carbon Dioxide: 0.0194 kV,"1,009 µbar",3.230 V,0.009 V,508 µbar/min,3.229 V,6.21E-008 mbar,100 %,42 µbar,µ-Volume,0.012 V,Pre,0.0098864692853712,0.0106267450795317,3.5324235426344504,0.0139844050288028,4.716062686034961,3.307128274859573,-11.957378018831122,-12.936877051111464,-12.205732071857746,0.8033003471491076,0.2008250867872769,-13.519721541797244,1.736722851359069,0.4341807128397671,-12.55900556043183,0.8579513235382182,-13.5067861681867,1.7384873818641415,d6b24e7268cd__Natan Pereira BTS coral series 15.xlsx,2026-03-13 06:33:43.906,739688.0,508.0,1009.0,45.0,42.0,0.008638642192117924,,BTS,547,BTS,547,,Failed Sample,16.0,15.0,15.0,0.0,0.0,2.4768545576785392,-3.1498741998412005,3.374285363033294,0.0102307595142506,3.3640546035190435,4.505266085285222,0.0134291381664813,4.491836947118741,-0.0155175711022098,-0.9969842785598592,-1.9879733831656765,1.5844649765004888,15.0,True,,,,,0.0095278765798886,3.159402076421089,,-2.468215915486421
26.0,GIRMS\IRMS-operator,2026-03-13 07:09:13.664,2026-03-13 08:22:58.189,Success,False,SHP2L,,26.0,2.0,14.0,True,QC Standard,SHP2L,"0.001 V, 0.001 V, 0.001 V",40 µbar,72 °C,,8.242 V,9.5198 kV,40 µbar,Carbon Dioxide: 0.0198 kV,821 µbar,7.690 V,9.206 V,234 µbar/min,3.214 V,8.90E-008 mbar,27 %,843 µbar,µ-Volume,,Pre,7.608755859369875,8.268486526532552,8.213835657110574,10.835874447173351,10.96777952606129,7.692276788209627,-0.8428089197439759,-6.079483756674331,-0.8848216164850358,0.0247624340850781,0.0063936329882044,-6.066675553172731,0.0163673990298544,0.0040918497574636,-0.722185982934757,0.026673474429586966,-6.071166000556752,0.01639705377122675,d6b24e7268cd__Natan Pereira BTS coral series 15.xlsx,2026-03-13 07:09:13.664,739688.0,234.0,821.0,40.0,843.0,6.048223449783122,,SHP2L,,SHP2L,,,OK,16.0,15.0,15.0,0.0,0.0,5.558549985354686,0.0370591525467363,8.002775811243268,7.824111058917021,0.178664752326247,10.48797703678059,10.447177657431835,0.0407993793487531,0.0608451291156825,0.0050577621128667,0.0050450038980792,7.345713362252354,15.0,True,-0.8947079819004775,-6.065821672939291,0.0344853532678811,0.0165688811509126,7.364242938525723,7.327183785978987,,0.48967346442843596
27.0,GIRMS\IRMS-operator,2026-03-13 07:55:58.002,2026-03-13 08:59:12.308,Success,False,BTS,548,27.0,1.0,15.0,True,Unknown,,"0.002 V, 0.001 V, 0.002 V",35 µbar,72 °C,,6.175 V,9.5197 kV,47 µbar,Carbon Dioxide: 0.0197 kV,990 µbar,5.740 V,6.834 V,523 µbar/min,7.528 V,7.71E-008 mbar,38 %,777 µbar,µ-Volume,,Pre,5.709607733328428,6.192923860015924,6.1351137388752415,8.150251994493562,8.191096038373983,5.744798319125266,-2.850945574727759,-3.754608051736108,-2.826522431055606,0.0211888458841032,0.0052972114710258,-3.769441404745215,0.0235136230432192,0.0060711913636924,-2.8851296536623745,0.023246051158515465,-3.7671085242324764,0.023565135511502744,d6b24e7268cd__Natan Pereira BTS coral series 15.xlsx,2026-03-13 07:55:58.002,739688.0,523.0,990.0,47.0,777.0,4.590092705928081,,BTS,548,BTS,548,,OK,16.0,15.0,15.0,0.0,0.0,4.222620226466293,0.046849250793457,6.004996799330565,5.862341914197925,0.1426548851326394,7.902773745399791,7.826837500374389,0.0759362450254013,0.0771849609913023,0.0085344269243632,0.0084981634468988,5.512867702086058,15.0,True,-2.8248942214774626,-3.765969692311762,0.02087077913738,0.0290522509075446,5.536292327482786,5.489443076689329,,0.36747247946178785
28.0,GIRMS\IRMS-operator,2026-03-13 08:22:58.358,2026-03-13 09:33:29.096,Success,False,BTS,549,28.0,2.0,15.0,True,Unknown,,"0.001 V, 0.001 V, 0.002 V",42 µbar,72 °C,,3.833 V,9.5198 kV,37 µbar,Carbon Dioxide: 0.0198 kV,721 µbar,3.561 V,4.169 V,171 µbar/min,5.658 V,6.24E-008 mbar,67 %,721 µbar,µ-Volume,,Pre,3.5258839007930263,3.824854697431445,3.824769416297796,5.0318808158522,5.106108706089303,3.5811075515120474,-2.809119928055992,-4.026894371803924,-2.83482936966708,0.0211083982159429,0.0054501649836974,-3.995556407996364,0.021716886751417,0.0054292216878542,-2.885476283133078,0.02272559099977311,-3.993434676868489,0.021749851781045656,d6b24e7268cd__Natan Pereira BTS coral series 15.xlsx,2026-03-13 08:22:58.358,739688.0,171.0,721.0,37.0,721.0,2.868506425298311,,BTS,549,BTS,549,,OK,16.0,15.0,15.0,0.0,0.0,2.689041128039147,-0.0085905593180468,3.716266017094834,3.667922766217863,0.0483432508769712,4.888909587664999,4.896931553159081,-0.0080219654940814,-0.013998227535038,-0.0025013965869692,-0.0025045289971119,3.430009925200656,15.0,True,-2.841677429175027,-3.9934672104091926,0.027780070022609,0.0207481640816556,3.4257146455416327,3.43430520485968,,0.17946529725916394
29.0,GIRMS\IRMS-operator,2026-03-13 08:59:12.464,2026-03-13 10:20:00.861,Success,False,BTS,550,29.0,1.0,16.0,True,Unknown,,"0.001 V, 0.001 V, 0.001 V",32 µbar,72 °C,,0.845 V,9.5199 kV,59 µbar,Carbon Dioxide: 0.0199 kV,936 µbar,3.237 V,0.891 V,474 µbar/min,3.235 V,6.00E-008 mbar,100 %,408 µbar,µ-Volume,0.808 V,Pre,0.8204392952818633,0.8905024556965658,3.504794953753092,1.1720585504811702,4.679260086839036,3.281578636989334,-2.24464241166622,-3.036482523771311,-2.282082323960537,0.0489042555488404,0.0122260638872101,-3.053508427126713,0.0801604385791623,0.0200401096447905,-2.3289199151785356,0.050821814766907204,-3.0516327103380783,0.08018822510495484,d6b24e7268cd__Natan Pereira BTS coral series 15.xlsx,2026-03-13 08:59:12.464,739688.0,474.0,936.0,59.0,408.0,0.6940529833983587,,BTS,550,BTS,550,,OK,16.0,15.0,15.0,0.0,0.0,2.4639211880209144,-2.340031921662204,3.3544686494908325,0.8691913443437164,2.485277305147116,4.478407526655092,1.1439911986118931,3.334416328043199,-0.974616609518014,-0.7450396096962003,-1.1873515936480543,1.9707994954322,15.0,True,-2.284578318113491,-3.054643487350406,0.0495545848585277,0.0828407387216652,0.8007835346010983,3.140815456263302,,-1.7698682046225556
30.0,GIRMS\IRMS-operator,2026-03-13 09:33:29.237,2026-03-13 10:46:49.685,Success,False,BTS,551,30.0,2.0,16.0,True,Unknown,,"0.001 V, 0.001 V, 0.001 V",52 µbar,72 °C,,7.509 V,9.5201 kV,45 µbar,Carbon Dioxide: 0.0201 kV,736 µbar,7.091 V,8.366 V,171 µbar/min,3.219 V,8.64E-008 mbar,30 %,850 µbar,µ-Volume,,Pre,7.001439932376432,7.59689605462017,7.621609334540717,9.991405036763844,10.177053709523236,7.137800328417922,-2.3627850339602574,-4.019386792826984,-2.41635604253696,0.0180400772725224,0.0046579279227182,-4.003104376056236,0.0186694313923652,0.0046673578480913,-2.4374720059258927,0.01921587253187078,-4.0019529369906754,0.01869108227341644,d6b24e7268cd__Natan Pereira BTS coral series 15.xlsx,2026-03-13 09:33:29.237,739688.0,171.0,736.0,45.0,850.0,5.584103625525396,,BTS,551,BTS,551,,OK,16.0,15.0,15.0,0.0,0.0,5.185476358325255,-0.0250041484832763,7.355713267775948,7.2659338572033345,0.0897794105726133,9.674740762227971,9.701453347699202,-0.0267125854712286,-0.0406960760694298,-0.0036747060794409,-0.003681470239977,6.791892057623243,15.0,True,-2.41635604253696,-4.002018881604852,0.0180400772725224,0.0187948006844547,6.779389983381605,6.804394131864881,,0.3986272672001405
31.0,GIRMS\IRMS-operator,2026-03-13 10:20:01.006,2026-03-13 11:23:00.283,Success,False,SHP2L,,31.0,1.0,17.0,True,QC Standard,SHP2L,"0.001 V, 0.001 V, 0.002 V",37 µbar,72 °C,,9.853 V,9.5200 kV,47 µbar,Carbon Dioxide: 0.0200 kV,904 µbar,9.302 V,11.106 V,342 µbar/min,6.962 V,1.01E-007 mbar,19 %,846 µbar,µ-Volume,,Pre,9.184254685562198,9.978272346480074,9.974810370164914,13.080428634033046,13.321559224471889,9.343875924270694,-0.8331959306261405,-5.9411851450624775,-0.8801871106678554,0.0237901858857807,0.0061425995825871,-5.978085361266946,0.0307425296993553,0.0076856324248388,-0.7205196331069307,0.024954084483576396,-5.982514652864389,0.030754223354815962,d6b24e7268cd__Natan Pereira BTS coral series 15.xlsx,2026-03-13 10:20:01.006,739688.0,342.0,904.0,47.0,846.0,7.254370905027068,,SHP2L,,SHP2L,,,OK,16.0,15.0,15.0,0.0,0.0,6.669629784871772,-0.0023454357545986,9.646587715785332,9.481075295167964,0.1655124206173699,12.644808087692102,12.661604044102214,-0.0167959564101121,-0.0038304353841889,-0.000264099241142,-0.0002641341199523,8.879715180386519,15.0,True,-0.8793997703095819,-5.980545375680579,0.0255842345637235,0.0301474305527613,8.87854246250922,8.880887898263818,,0.5847411201552966
32.0,GIRMS\IRMS-operator,2026-03-13 10:46:49.808,2026-03-13 11:58:19.036,Success,False,BTS,552,32.0,2.0,17.0,True,Unknown,,"0.002 V, 0.002 V, 0.002 V",42 µbar,72 °C,,6.564 V,9.5201 kV,35 µbar,Carbon Dioxide: 0.0201 kV,526 µbar,6.064 V,7.273 V,142 µbar/min,9.088 V,8.02E-008 mbar,35 %,816 µbar,µ-Volume,,Pre,5.9656496544674695,6.475488093104184,6.520989498732047,8.51420429540317,8.706906111962008,6.106578400577246,-2.041151972380306,-3.94418951946296,-2.049954043026969,0.0189282914553337,0.0048872638385778,-3.970562705051606,0.0133634374406826,0.0034504247103898,-2.0466864006702945,0.020082127915890577,-3.970200184332221,0.01337267141704022,d6b24e7268cd__Natan Pereira BTS coral series 15.xlsx,2026-03-13 10:46:49.808,739688.0,142.0,526.0,35.0,816.0,4.802433813621729,,BTS,552,BTS,552,,OK,16.0,15.0,15.0,0.0,0.0,4.474244265431912,-0.0467597546391411,6.27911234360157,6.227160478632382,0.0519518649691876,8.256048226700646,8.314520327461961,-0.0584721007613158,-0.0757730955303916,-0.0080186781327302,-0.0080509571497523,5.807974600955282,15.0,True,-2.0473291490377727,-3.969800028044716,0.0226084252457377,0.0151792130329079,5.784594723635711,5.831354478274852,,0.32818954818981716
33.0,GIRMS\IRMS-operator,2026-03-13 11:23:00.451,2026-03-13 12:45:26.840,Success,False,BTS,553,33.0,1.0,18.0,True,Unknown,,"0.001 V, 0.001 V, 0.001 V",32 µbar,72 °C,,0.024 V,9.5202 kV,47 µbar,Carbon Dioxide: 0.0202 kV,"1,034 µbar",3.235 V,0.023 V,464 µbar/min,3.234 V,6.15E-008 mbar,100 %,64 µbar,µ-Volume,0.026 V,Pre,0.0234841256388484,0.0253670749835809,3.5269812379169307,0.0334535209823371,4.708619359372952,3.302110223822581,-7.085982552084702,-5.854241055009868,-6.638193229091605,0.502512835270392,0.1297482561505133,-5.633227363425843,0.8195471257232699,0.2048867814308174,-6.892372080672734,0.51868942202404,-5.624481196180295,0.8195536631870354,d6b24e7268cd__Natan Pereira BTS coral series 15.xlsx,2026-03-13 11:23:00.451,739688.0,464.0,1034.0,47.0,64.0,0.020942770238146804,,BTS,553,BTS,553,,Failed Sample,16.0,15.0,15.0,0.0,0.0,2.4729960409656258,-3.131957396615624,3.369561829886867,0.024764161043919,3.344797668842948,4.498269800166545,0.0326422423085772,4.465627557857968,-0.0371917585528991,-0.9927307173333556,-1.971132713796653,1.5889124941684292,15.0,True,,,,,0.0229337958606171,3.1548911924762413,,-2.452053270727479
34.0,GIRMS\IRMS-operator,2026-03-13 11:58:19.164,2026-03-13 13:12:58.348,Success,False,BTS,554,34.0,2.0,18.0,True,Unknown,,"0.001 V, 0.001 V, 0.001 V",42 µbar,72 °C,,0.056 V,9.5202 kV,794 µbar,Carbon Dioxide: 0.0202 kV,787 µbar,3.209 V,0.049 V,220 µbar/min,3.208 V,6.09E-008 mbar,100 %,775 µbar,µ-Volume,0.053 V,Pre,0.0494392986294829,0.0533086464577118,3.5040965097593584,0.0696121034884297,4.678175809429372,3.2806145831460585,-8.857597673370577,-17.406789346171458,-8.215023125516487,0.4325504701891801,0.108137617547295,-16.551583370803232,0.6186539391274563,0.159735760220417,-8.179866763251288,0.4400309509823996,-16.55075990561982,0.6185709947427697,d6b24e7268cd__Natan Pereira BTS coral series 15.xlsx,2026-03-13 11:58:19.164,739688.0,220.0,787.0,794.0,775.0,0.044259088948312666,,BTS,554,BTS,554,,Failed Sample,16.0,15.0,15.0,0.0,0.0,2.4583583260581863,-3.086362382893745,3.3481635656906765,0.0522969703110112,3.2958665953796653,4.469937501072882,0.0682682998513216,4.40166920122156,-0.0779857613592605,-0.9845321807605472,-1.9390711593360483,1.591670510921599,15.0,True,,,,,0.0484893194747264,3.134851702368472,,-2.4140992371098737
35.0,GIRMS\IRMS-operator,2026-03-13 12:45:27.019,2026-03-13 13:49:26.215,Success,False,BTS,555,35.0,1.0,19.0,True,Unknown,,"0.001 V, 0.001 V, 0.001 V",42 µbar,72 °C,,6.466 V,9.5201 kV,52 µbar,Carbon Dioxide: 0.0201 kV,"1,058 µbar",6.188 V,7.126 V,557 µbar/min,3.188 V,8.06E-008 mbar,35 %,792 µbar,µ-Volume,,Pre,6.0991475887933655,6.625421436007037,6.67051914619967,8.706443209231736,8.906506199420337,6.246200713804461,-1.3307667905017029,-3.807675261475629,-1.3603727626883346,0.0195073281059018,0.0048768320264754,-3.8284020429214114,0.0243471077756543,0.0060867769439135,-1.3139727608709462,0.020630303390815247,-3.829437255749531,0.024360513886247426,d6b24e7268cd__Natan Pereira BTS coral series 15.xlsx,2026-03-13 12:45:27.019,739688.0,557.0,1058.0,52.0,792.0,4.915635433203878,,BTS,555,BTS,555,,OK,16.0,15.0,15.0,0.0,0.0,4.568909845711206,-0.0457702028798756,6.427295785720981,6.367459329839196,0.0598364558817845,8.446134824336411,8.502103585780503,-0.0559687614440918,-0.0741951514210862,-0.0076762704248106,-0.0077058465056252,5.939672279542995,15.0,True,-1.3623464941674437,-3.8297838283511294,0.0184644250985501,0.0245436716048905,5.916787178103057,5.962557380982933,,0.34672558749267246
36.0,GIRMS\IRMS-operator,2026-03-13 13:12:58.472,2026-03-13 14:23:52.590,Success,False,SHP2L,,36.0,2.0,19.0,True,QC Standard,SHP2L,"0.001 V, 0.001 V, 0.002 V",40 µbar,72 °C,,6.812 V,9.5201 kV,609 µbar,Carbon Dioxide: 0.0201 kV,621 µbar,6.731 V,7.518 V,142 µbar/min,6.092 V,8.39E-008 mbar,31 %,858 µbar,µ-Volume,,Pre,6.59464674953259,7.166570202334971,7.251804844363781,9.39497105139681,9.683119993709296,6.790946513269605,-0.8842738554447616,-5.783448196553298,-0.9165782482818704,0.0194228055389636,0.0050149468259354,-5.7990549799770506,0.0130041506337366,0.0033576572557356,-0.7660812364812976,0.020688850417017565,-5.803202321746529,0.013009118164612617,d6b24e7268cd__Natan Pereira BTS coral series 15.xlsx,2026-03-13 13:12:58.472,739688.0,142.0,621.0,609.0,858.0,5.296307311749862,,SHP2L,,SHP2L,,,OK,16.0,15.0,15.0,0.0,0.0,4.944367513306313,-0.0840424689841583,6.948223487361521,6.917579624681794,0.0306438626797271,9.108630337895836,9.236750521840536,-0.1281201839447003,-0.1355085734953858,-0.0129738481250603,-0.0130585579991671,6.435815423840725,15.0,True,-0.9144273601400906,-5.803293810882241,0.0244035367345407,0.0172297292028282,6.393794189348646,6.477836658332804,,0.3519397984435493
37.0,GIRMS\IRMS-operator,2026-03-13 13:49:26.463,2026-03-13 15:09:53.033,Success,False,BTS,556,37.0,1.0,20.0,True,Unknown,,"0.001 V, 0.001 V, 0.001 V",42 µbar,72 °C,,6.541 V,9.5201 kV,47 µbar,Carbon Dioxide: 0.0201 kV,858 µbar,6.259 V,7.208 V,454 µbar/min,3.233 V,8.22E-008 mbar,35 %,797 µbar,µ-Volume,,Pre,6.168393221341675,6.69898427222547,6.692116018232786,8.80623944147471,8.936231146731089,6.266762146913184,-1.5500557996184217,-3.7367969187988015,-1.5713256270372054,0.0141422393700905,0.0035355598425226,-3.738801543501717,0.0152797229929083,0.0039452075124131,-1.5429185800801686,0.015043061315131554,-3.739263929238164,0.015287156000387478,d6b24e7268cd__Natan Pereira BTS coral series 15.xlsx,2026-03-13 13:49:26.463,739688.0,454.0,858.0,47.0,797.0,4.95905035828897,,BTS,556,BTS,556,,OK,16.0,15.0,15.0,0.0,0.0,4.583892639098002,-0.0007239721958995,6.497349985933122,6.389599792099001,0.1077501938341205,8.540858636774729,8.53191794005842,0.0089406967163085,-0.00118252041295,-0.0001209988148897,-0.0001210061356892,5.982937904561536,15.0,True,-1.5727436155317909,-3.741747655866545,0.013409692888322,0.01873521320085,5.982575918463586,5.983299890659485,,0.37515771919096785
38.0,GIRMS\IRMS-operator,2026-03-13 14:23:52.793,2026-03-13 15:38:07.271,Success,False,BTS,557,38.0,2.0,20.0,True,Unknown,,"0.001 V, 0.001 V, 0.002 V",42 µbar,72 °C,,7.964 V,9.5201 kV,42 µbar,Carbon Dioxide: 0.0201 kV,665 µbar,7.711 V,8.851 V,200 µbar/min,6.165 V,9.07E-008 mbar,26 %,831 µbar,µ-Volume,,Pre,7.583394646644592,8.2311080035874,8.248080410001045,10.82694674009177,11.014015917719336,7.724449038505554,-1.9975591751589803,-3.6135605350928746,-2.038245616635037,0.019855518554967,0.0051266728462466,-3.672504397180972,0.0171599457640775,0.0044306789444063,-2.0452587182331703,0.020747789046998803,-3.6718237405717478,0.01715653851553075,d6b24e7268cd__Natan Pereira BTS coral series 15.xlsx,2026-03-13 14:23:52.793,739688.0,200.0,665.0,42.0,831.0,6.057531955411427,,BTS,557,BTS,557,,OK,16.0,15.0,15.0,0.0,0.0,5.579431742153615,-0.0109225407385444,7.9722682604825295,7.8542281940932,0.1180400663893292,10.486385123164355,10.48842216008994,-0.0020370369255822,-0.0178163045486609,-0.0014848848609737,-0.0014859881216064,7.350355349231599,15.0,True,-2.0469410171588693,-3.672504397180972,0.0277539359630434,0.0171599457640776,7.3448940788623265,7.355816619600871,,0.4781002132578127
39.0,GIRMS\IRMS-operator,2026-03-13 15:09:53.225,2026-03-13 16:13:52.532,Success,False,BTS,558,39.0,1.0,21.0,True,Unknown,,"0.002 V, 0.002 V, 0.002 V",40 µbar,72 °C,,6.495 V,9.5201 kV,54 µbar,Carbon Dioxide: 0.0201 kV,"1,043 µbar",6.066 V,7.177 V,508 µbar/min,7.562 V,7.98E-008 mbar,35 %,802 µbar,µ-Volume,,Pre,6.019036085317634,6.532130222266382,6.478537453253354,8.594583555227631,8.65054609043325,6.06654962455288,-2.3002616789239427,-3.5526526157368954,-2.347485610078436,0.0258938349667725,0.0064734587416931,-3.5904947768815583,0.0231175861535637,0.0057793965383909,-2.379019954180536,0.027324666192544173,-3.589048133972789,0.02311565140862168,d6b24e7268cd__Natan Pereira BTS coral series 15.xlsx,2026-03-13 15:09:53.225,739688.0,508.0,1043.0,54.0,802.0,4.848079592729816,,BTS,558,BTS,558,,OK,16.0,15.0,15.0,0.0,0.0,4.446300774036197,0.0457763671875,6.336284447468726,6.18631078108081,0.1499736663879165,8.336757438013208,8.260239975282799,0.0765174627304094,0.0753701085562366,0.0079024607082438,0.0078713591550223,5.815560729215644,15.0,True,-2.350633872155401,-3.5930175876245367,0.023419447587168,0.0215287914741757,5.838448912809394,5.792672545621894,,0.40177881869361887
40.0,GIRMS\IRMS-operator,2026-03-13 15:38:07.451,2026-03-13 16:48:11.885,Success,False,BTS,559,40.0,2.0,21.0,True,Unknown,,"0.001 V, 0.001 V, 0.002 V",40 µbar,72 °C,,0.011 V,9.5201 kV,755 µbar,Carbon Dioxide: 0.0201 kV,706 µbar,3.066 V,0.010 V,234 µbar/min,5.967 V,6.06E-008 mbar,100 %,758 µbar,µ-Volume,0.014 V,Pre,0.0105225206448805,0.011350728068193,3.320409658027104,0.0149592594126785,4.433002298926956,3.108597536534456,-8.45843596912399,-7.955469933051962,-7.287005953705772,0.670621807920814,0.1731538062453881,-8.523006748520066,1.074587207960226,0.277457224031832,-7.477605398803244,0.7126283042077949,-8.516016601179237,1.0760117453258227,d6b24e7268cd__Natan Pereira BTS coral series 15.xlsx,2026-03-13 15:38:07.451,739688.0,234.0,706.0,755.0,758.0,0.00909183339350129,,BTS,559,BTS,559,,Failed Sample,16.0,15.0,15.0,0.0,0.0,2.3331414954691643,-2.9607168037561875,3.1729886441251502,0.0109098016762643,3.162078842448886,4.236341479495871,0.0143329215953302,4.222008557900541,-0.0164639125623879,-0.996595942627192,-1.9864299636909155,1.490471276548298,15.0,True,,,,,0.0101128746702039,2.970829678426392,,-2.3240496620756628
41.0,GIRMS\IRMS-operator,2026-03-13 16:13:52.648,2026-03-13 17:32:39.715,Success,False,SHP2L,,41.0,1.0,22.0,True,QC Standard,SHP2L,"0.001 V, 0.001 V, 0.001 V",37 µbar,72 °C,,8.662 V,9.5200 kV,52 µbar,Carbon Dioxide: 0.0200 kV,916 µbar,7.989 V,9.685 V,366 µbar/min,3.232 V,9.30E-008 mbar,25 %,841 µbar,µ-Volume,,Pre,7.914462345860477,8.60057379934232,8.538614771098299,11.272114390244598,11.40336014459441,7.996806162617679,-0.8203349816965355,-6.107941197234346,-0.8796790741467813,0.021449014868987,0.0055381118253427,-6.123495138016244,0.0131451110521201,0.0033940530792605,-0.7144245450777965,0.02308926404927584,-6.128075695886825,0.01313913405135657,d6b24e7268cd__Natan Pereira BTS coral series 15.xlsx,2026-03-13 16:13:52.648,739688.0,366.0,916.0,52.0,841.0,6.305298293398332,,SHP2L,,SHP2L,,,OK,16.0,15.0,15.0,0.0,0.0,5.766015481110839,0.0467526825286839,8.326064607829256,8.1310001757173,0.1950644321119554,10.911879161930417,10.858245865801075,0.053633296129341,0.0768429695095465,0.0061397187167829,0.0061209283276742,7.638168595652958,15.0,True,-0.8796790741467811,-6.127416295822098,0.021449014868987,0.0165146731895756,7.6615449369173,7.614792254388616,,0.5392828122874933
42.0,GIRMS\IRMS-operator,2026-03-13 16:48:12.094,2026-03-13 18:01:44.953,Success,False,BTS,560,42.0,2.0,22.0,True,Unknown,,"0.002 V, 0.002 V, 0.002 V",42 µbar,72 °C,,4.432 V,9.5199 kV,40 µbar,Carbon Dioxide: 0.0199 kV,658 µbar,4.101 V,4.807 V,181 µbar/min,7.836 V,7.02E-008 mbar,58 %,741 µbar,µ-Volume,,Pre,4.073673053786478,4.418089120566443,4.449496016735753,5.816321150965059,5.941041019806605,4.165885626646619,-3.06595621623229,-3.723707380863028,-3.080462130116849,0.0218077751858321,0.0056307433408375,-3.6793144514752822,0.0274275661708995,0.007081767133793,-3.1599264785267938,0.023438645242026625,-3.676324887577261,0.027483275020723855,d6b24e7268cd__Natan Pereira BTS coral series 15.xlsx,2026-03-13 16:48:12.094,739688.0,181.0,658.0,40.0,741.0,3.323465804930579,,BTS,560,BTS,560,,OK,16.0,15.0,15.0,0.0,0.0,3.1078747675491236,-0.0319182568375997,4.294226213249507,4.2630977468883975,0.0311284663611095,5.653502343281118,5.692081412820122,-0.0385790695390042,-0.0517239438242634,-0.0079966126829266,-0.0080287139407899,3.975513024002383,15.0,True,-3.076515207435075,-3.6810658830192633,0.0288433455477868,0.0310627387323856,3.9595538955835834,3.9914721524211823,,0.21559103738145557
43.0,GIRMS\IRMS-operator,2026-03-13 17:32:39.833,2026-03-13 18:35:24.642,Success,False,BTS,561,43.0,1.0,23.0,True,Unknown,,"0.001 V, 0.001 V, 0.001 V",40 µbar,72 °C,,0.014 V,9.5198 kV,806 µbar,Carbon Dioxide: 0.0198 kV,"1,029 µbar",3.137 V,0.013 V,645 µbar/min,4.057 V,6.27E-008 mbar,100 %,804 µbar,µ-Volume,0.016 V,Pre,0.0132634171870162,0.0143020962353654,3.43197823191869,0.0188059528087612,4.582487725567226,3.2130591445334558,-8.900241436448741,-10.664001169585546,-9.15725604196267,0.7642526467817459,0.1910631616954364,-10.68184292456794,0.8119732239787861,0.2029933059946965,-9.402595715018467,0.8086188729879904,-10.672692410559222,0.8122998636861655,d6b24e7268cd__Natan Pereira BTS coral series 15.xlsx,2026-03-13 17:32:39.833,739688.0,645.0,1029.0,806.0,804.0,0.01165142106857737,,BTS,561,BTS,561,,Failed Sample,16.0,15.0,15.0,0.0,0.0,2.4090688761472387,-3.057281075886051,3.279569155228016,0.0138396738115242,3.265729481416492,4.378192805599576,0.018199473898374,4.359993331701202,-0.0209032812757692,-0.9958145728689785,-1.983328070621461,1.541490347044841,15.0,True,,,,,0.0128498091018153,3.0701308849878663,,-2.3974174550786613
44.0,GIRMS\IRMS-operator,2026-03-13 18:01:45.139,2026-03-13 19:05:23.290,Running,False,BTS,562,44.0,2.0,23.0,True,Unknown,,"0.001 V, 0.001 V, 0.001 V",40 µbar,72 °C,,10.136 V,9.5197 kV,45 µbar,Carbon Dioxide: 0.0197 kV,789 µbar,9.277 V,11.390 V,381 µbar/min,3.119 V,1.02E-007 mbar,18 %,863 µbar,µ-Volume,,Pre,9.087672063980458,9.855846666395331,9.969140194952155,12.969169864589205,13.315010914737211,9.337737594636492,-2.7013887399963687,-4.081301985075059,-2.7355988079522886,0.0279175255042514,0.0088282967229275,-4.095220229804664,0.0236900068919735,0.0074914379563722,-2.7756178895882666,0.029187310672083727,-4.093440179959362,0.02366595846136291,d6b24e7268cd__Natan Pereira BTS coral series 15.xlsx,2026-03-13 18:01:45.139,739688.0,381.0,789.0,45.0,863.0,7.871998083722706,,BTS,562,BTS,562,,OK,10.0,9.0,9.0,0.0,0.0,7.555448509268483,-0.0828951597213745,9.53415082813788,9.474391840994024,0.059758987143855,12.545231828624235,12.653280148440826,-0.1080483198165893,-0.1341505219947597,-0.0093416988559645,-0.0093855372874349,8.832223151715807,9.0,True,-2.7393999266140576,-4.096766701441287,0.0267257572279264,0.0245858346711493,8.79077557185512,8.873670731576494,,0.31654957445422305
45.0,GIRMS\IRMS-operator,2026-03-13 18:35:24.848,2026-03-13 19:05:23.307,Running,False,BTS,563,45.0,1.0,24.0,True,Unknown,,"0.001 V, 0.001 V, 0.001 V",42 µbar,72 °C,,,,,,,,,557 µbar/min,,,,,,,Pre,,,,,,,,,,,,,,,,,,,d6b24e7268cd__Natan Pereira BTS coral series 15.xlsx,2026-03-13 18:35:24.848,739688.0,557.0,,,,,,BTS,563,BTS,563,,Failed Sample,0.0,0.0,0.0,0.0,0.0,,,,,,,,,,,,,0.0,True,,,,,,,,
1.0,GIRMS\IRMS-operator,2026-03-13 19:14:56.458,2026-03-13 20:22:25.927,Success,False,SHP2L,,1.0,1.0,2.0,True,QC Standard,SHP2L,"0.001 V, 0.001 V, 0.001 V",32 µbar,72 °C,,11.691 V,9.5196 kV,52 µbar,Carbon Dioxide: 0.0196 kV,"1,016 µbar",10.639 V,13.285 V,464 µbar/min,3.243 V,1.08E-007 mbar,15 %,843 µbar,µ-Volume,,Pre,10.399722712998178,11.29775513652181,11.38237883094167,14.810562611543332,15.203088999711666,10.662955979843858,-0.8824694799608457,-6.06354044868973,-0.9316843010048018,0.0250710972788473,0.0064733294821414,-6.100822850086221,0.0096499718900117,0.0025790634717445,-0.7710581155620398,0.026376624305973147,-6.105244299702321,0.009626920009189013,5320cca3aecc__Natan Pereira BTS coral series 16.xlsx,2026-03-13 19:14:56.458,739688.0,464.0,1016.0,52.0,843.0,8.152435727159773,,SHP2L,,SHP2L,,,OK,16.0,15.0,15.0,0.0,0.0,7.538200739368845,-0.0768851422254393,10.906156642853984,10.798968567880149,0.1071880749738358,14.296472550355588,14.42296850773016,-0.1264959573745727,-0.1973616098232402,-0.0076005370304114,-0.0076295312979889,10.077308713014302,15.0,True,-0.9392427399848692,-6.103536777437565,0.0262372719763858,0.0140339379403017,10.038866141901584,10.115751284127022,,0.6142349877909279
2.0,GIRMS\IRMS-operator,2026-03-13 19:53:31.945,2026-03-13 20:50:33.863,Success,False,BTS,564,2.0,2.0,2.0,True,Unknown,,"0.002 V, 0.002 V, 0.002 V",45 µbar,72 °C,,7.183 V,9.5194 kV,45 µbar,Carbon Dioxide: 0.0194 kV,951 µbar,6.688 V,7.968 V,278 µbar/min,10.384 V,8.34E-008 mbar,31 %,831 µbar,µ-Volume,,Pre,6.63033797647055,7.195991701568712,7.206727878735663,9.463576139828108,9.622884302223431,6.748541973837099,-2.1995945884767387,-3.9141549170014223,-2.208002650574733,0.0167358129769367,0.0041839532442341,-3.905788210026391,0.0249497051900529,0.0064419861795906,-2.2155060527748143,0.015899930203759693,-3.904996812490768,0.024993260926195516,5320cca3aecc__Natan Pereira BTS coral series 16.xlsx,2026-03-13 19:53:31.945,739688.0,278.0,951.0,45.0,831.0,5.3251381607903205,,BTS,564,BTS,564,,OK,16.0,15.0,15.0,0.0,0.0,4.916529761756433,-0.0110185649838934,6.974515953960284,6.874112025588787,0.100403928371497,9.171960693370671,9.17844269230828,-0.006481998937609,-0.0284521272585513,-0.0017117281798348,-0.0017131944414362,6.431590435616787,15.0,True,-2.208563188047933,-3.9097160986849415,0.0171670427561035,0.0304028650036475,6.42608115312484,6.437099718108733,,0.4086083990338878
3.0,GIRMS\IRMS-operator,2026-03-13 20:22:26.040,2026-03-13 21:27:35.117,Success,False,BTS,565,3.0,1.0,3.0,True,Unknown,,"0.001 V, 0.001 V, 0.002 V",35 µbar,72 °C,,7.999 V,9.5196 kV,52 µbar,Carbon Dioxide: 0.0196 kV,"1,056 µbar",7.781 V,8.895 V,469 µbar/min,6.576 V,8.98E-008 mbar,24 %,841 µbar,µ-Volume,,Pre,7.656764488401145,8.31229020684698,8.35124830077921,10.938131479741712,11.15190732570204,7.820938361595611,-1.8414218274337424,-3.0495941609266497,-1.8878513413626083,0.0493168167785543,0.0127335473380868,-3.058141387042346,0.0187367821789348,0.0048378163560353,-1.9068217541928112,0.052945526084344025,-3.0571319275937,0.01875369524571,5320cca3aecc__Natan Pereira BTS coral series 16.xlsx,2026-03-13 20:22:26.040,739688.0,469.0,1056.0,52.0,841.0,6.13023410697796,,BTS,565,BTS,565,,OK,16.0,15.0,15.0,0.0,0.0,5.646271197712702,-0.0285654987664232,8.055349484381463,7.953536687802765,0.1018127965786979,10.599606899739882,10.620766548635146,-0.0211596488952636,-0.0736049121262475,-0.0038350641784205,-0.0038424321653982,7.434223308783432,15.0,True,-1.902691534060397,-3.062244618490732,0.0652620907724473,0.0229883004825365,7.419940559400221,7.448506058166644,,0.48396290926525776
4.0,GIRMS\IRMS-operator,2026-03-13 20:50:33.982,2026-03-13 22:01:25.250,Success,False,BTS,566,4.0,2.0,3.0,True,Unknown,,"0.002 V, 0.002 V, 0.002 V",45 µbar,72 °C,,6.476 V,9.5196 kV,40 µbar,Carbon Dioxide: 0.0196 kV,765 µbar,5.996 V,7.160 V,244 µbar/min,7.633 V,7.94E-008 mbar,34 %,821 µbar,µ-Volume,,Pre,5.964999743382638,6.475842734825346,6.450078627121183,8.516197221393735,8.611981885547788,6.03969919320845,-1.951873135870641,-3.653882774996897,-1.9659316266342413,0.0213603760516643,0.005340094012916,-3.679300786978068,0.0173281932889449,0.0044741202685298,-1.9673488759808233,0.022857277105583582,-3.6788058265151857,0.017333244569202617,5320cca3aecc__Natan Pereira BTS coral series 16.xlsx,2026-03-13 20:50:33.982,739688.0,244.0,765.0,40.0,821.0,4.783988473130986,,BTS,566,BTS,566,,OK,16.0,15.0,15.0,0.0,0.0,4.4261710776285685,0.0133841612865852,6.275907391613239,6.15929736758444,0.116610024028799,8.252983110065612,8.223768512811308,0.0292145972543043,0.0347001680985406,0.0023206570631803,0.0023179674594018,5.774093692427792,15.0,True,-1.9668688593518149,-3.6841527608339657,0.0217668944828315,0.019726068017124,5.780785773071084,5.767401611784499,,0.3578173955024173
5.0,GIRMS\IRMS-operator,2026-03-13 21:27:35.204,2026-03-13 22:46:16.686,Success,False,BTS,567,5.0,1.0,4.0,True,Unknown,,"0.001 V, 0.001 V, 0.001 V",32 µbar,72 °C,,13.316 V,9.5197 kV,49 µbar,Carbon Dioxide: 0.0197 kV,992 µbar,12.004 V,15.261 V,523 µbar/min,3.236 V,1.16E-007 mbar,12 %,872 µbar,µ-Volume,,Pre,11.72954035234123,12.727717077362849,12.864537254227807,16.745109686942815,17.185126075835942,12.053804521080547,-1.8429433170576992,-3.566772838444088,-1.9388942146691068,0.033224197441742,0.0085784508921982,-3.5975413231152107,0.0178906719473782,0.0044726679868445,-1.9414796005733,0.0352238264795849,-3.5970374635651217,0.017850274942057754,5320cca3aecc__Natan Pereira BTS coral series 16.xlsx,2026-03-13 21:27:35.204,739688.0,523.0,992.0,49.0,872.0,9.134131602966914,,BTS,567,BTS,567,,OK,16.0,15.0,15.0,0.0,0.0,8.438913822724063,-0.1029556604345689,12.274034038438014,12.18292833889883,0.0911056995391845,16.14818407067847,16.272936592193368,-0.1247525215148961,-0.263905777904674,-0.0090198996546197,-0.0090607632422394,11.362802192491989,15.0,True,-1.9388942146691064,-3.5995925554266184,0.0332241974417419,0.0164562823046029,11.311324362274704,11.414280022709272,,0.6952177802428512
6.0,GIRMS\IRMS-operator,2026-03-13 22:01:25.359,2026-03-13 23:14:16.603,Success,False,SHP2L,,6.0,2.0,4.0,True,QC Standard,SHP2L,"0.002 V, 0.002 V, 0.002 V",45 µbar,72 °C,,48.496 V,9.5196 kV,52 µbar,Carbon Dioxide: 0.0196 kV,863 µbar,12.472 V,49.022 V,225 µbar/min,11.655 V,1.21E-007 mbar,10 %,968 µbar,µ-Volume,37.348 V,Pre,39.65213218250651,42.95288169893342,13.407202010479738,49.02349651878804,17.91063190525501,12.563445358661609,-3.484829122153421,-137.03201465772497,-2.961659933074761,0.3310738843481566,0.0827684710870391,-14.313896325778378,22.076133113641436,5.700033059852757,-2.596575947970862,0.6985049589128414,-14.32249918752229,22.098920792289128,5320cca3aecc__Natan Pereira BTS coral series 16.xlsx,2026-03-13 22:01:25.359,739688.0,225.0,863.0,52.0,968.0,27.974567129401166,,SHP2L,,SHP2L,,,Partially Saturated Collectors,16.0,15.0,12.0,0.0,3.0,8.775896357283731,25.62589943408966,40.66300535711365,12.707398777333069,27.95560657978058,45.71640730923146,14.461504827198675,31.25490248203278,208.9509730563489,2.1523290500257577,1.0366852068298422,24.719075053123436,12.0,True,-3.418874415024531,-6.928081580108492,0.3107819270308375,0.1341514486615621,37.53202477016826,11.9061253360786,,19.198670772117435
7.0,GIRMS\IRMS-operator,2026-03-13 22:46:16.777,2026-03-13 23:48:35.368,Success,False,BTS,82,7.0,1.0,5.0,True,Unknown,,"0.002 V, 0.002 V, 0.002 V",45 µbar,72 °C,,0.006 V,9.5196 kV,631 µbar,Carbon Dioxide: 0.0196 kV,"1,024 µbar",3.050 V,0.006 V,459 µbar/min,12.120 V,5.88E-008 mbar,100 %,643 µbar,µ-Volume,0.011 V,Pre,0.0065597753681209,0.0070981970310123,3.338906226289149,0.0093775929864079,4.457594460388997,3.1260148204678684,-5.345325701465953,-2.3621464178091856,-7.294488630120743,1.5952953772655294,0.4119034952287382,-6.966943217193156,1.842795400531448,0.4758077264483949,-7.564166074664398,1.7110741321959866,-6.958297531596247,1.8464848761184782,5320cca3aecc__Natan Pereira BTS coral series 16.xlsx,2026-03-13 22:46:16.777,739688.0,459.0,1024.0,631.0,643.0,0.005298882311332995,,BTS,82,BTS,82,,Failed Sample,16.0,15.0,15.0,0.0,0.0,2.3463266312980675,-2.9820013054877648,3.191482134721926,0.0066228159838715,3.1848593187380545,4.260671260777647,0.0087383067120771,4.25193295406557,-0.0158324188582721,-0.997947393473636,-1.991806392147496,1.4971341176753004,15.0,True,,,,,0.006133464931418,2.9881347704191827,,-2.3410277489867344
8.0,GIRMS\IRMS-operator,2026-03-13 23:14:16.717,2026-03-14 00:24:14.885,Success,False,BTS,83,8.0,2.0,5.0,True,Unknown,,"0.001 V, 0.001 V, 0.001 V",42 µbar,72 °C,,3.867 V,9.5198 kV,47 µbar,Carbon Dioxide: 0.0198 kV,824 µbar,3.819 V,4.177 V,205 µbar/min,3.028 V,6.46E-008 mbar,60 %,736 µbar,µ-Volume,,Pre,3.717412644046028,4.030392012574849,4.142861333805496,5.307683769208492,5.531111567071692,3.878843316043989,-3.400484273468174,-3.6222050367281655,-3.381841626988756,0.0269044987245961,0.006726124681149,-3.634192392620049,0.0352353924638243,0.008808848115956,-3.4841896178707183,0.028818426906469432,-3.6304594364474436,0.035273335668069984,5320cca3aecc__Natan Pereira BTS coral series 16.xlsx,2026-03-13 23:14:16.717,739688.0,205.0,824.0,47.0,736.0,3.0448984224971127,,BTS,83,BTS,83,,OK,16.0,15.0,15.0,0.0,0.0,2.902810318203584,-0.102542643715239,3.919695713317179,3.970732141733975,-0.0510364284167961,5.161195993423462,5.301073193550111,-0.1398772001266488,-0.2579234619697099,-0.0275828645633407,-0.027968591499013,3.6663499382461695,15.0,True,-3.3805987838901284,-3.634991549679507,0.0273692510232785,0.0363216943730721,3.615078616388551,3.71762126010379,,0.1420881042935287
9.0,GIRMS\IRMS-operator,2026-03-13 23:48:35.472,2026-03-14 01:05:06.121,Success,False,BTS,84,9.0,1.0,6.0,True,Unknown,,"0.001 V, 0.001 V, 0.001 V",45 µbar,72 °C,,0.011 V,9.5195 kV,787 µbar,Carbon Dioxide: 0.0195 kV,"1,131 µbar",3.228 V,0.010 V,674 µbar/min,3.227 V,5.97E-008 mbar,100 %,794 µbar,µ-Volume,0.013 V,Pre,0.0110621982236497,0.0119251269590823,3.5275566481781837,0.0157068828987364,4.709430998420222,3.3027608129307646,-9.030958206473706,-9.07921723477656,-9.035754628562744,0.7654882545415534,0.1913720636353883,-7.634644033060695,1.306770383699429,0.3266925959248573,-9.385720662292986,0.8250714563189199,-7.622479420877092,1.3083445293156164,5320cca3aecc__Natan Pereira BTS coral series 16.xlsx,2026-03-13 23:48:35.472,739688.0,674.0,1131.0,787.0,794.0,0.00972865332114787,,BTS,84,BTS,84,,Failed Sample,16.0,15.0,15.0,0.0,0.0,2.4739736062063864,-3.1449973065892443,3.370181943020636,0.0115183998764059,3.35866354314423,4.49936952940078,0.015200255497084,4.484169273903696,-0.0275828762565327,-0.9966093298965883,-1.986483150762954,1.5831985815642768,15.0,True,,,,,0.0106999282696547,3.155697234858899,,-2.4642449528852386
10.0,GIRMS\IRMS-operator,2026-03-14 00:24:14.988,2026-03-14 01:37:01.204,Success,False,BTS,85,10.0,2.0,6.0,True,Unknown,,"0.001 V, 0.001 V, 0.001 V",42 µbar,72 °C,,5.594 V,9.5195 kV,47 µbar,Carbon Dioxide: 0.0195 kV,980 µbar,5.439 V,6.127 V,332 µbar/min,3.211 V,7.38E-008 mbar,42 %,789 µbar,µ-Volume,,Pre,5.3904034995600805,5.842228477335861,5.873488311401144,7.696606894764512,7.842317393031277,5.499863765911353,-3.6185124973200367,-3.560162152602797,-3.631892184100531,0.0185436835662133,0.0047879585086189,-3.5198998919137474,0.0200789476007968,0.0051843619778171,-3.755694789764297,0.019378728454892257,-3.5154737885017147,0.020098918495314852,5320cca3aecc__Natan Pereira BTS coral series 16.xlsx,2026-03-14 00:24:14.988,739689.0,332.0,980.0,47.0,789.0,4.364876518152759,,BTS,85,BTS,85,,OK,16.0,15.0,15.0,0.0,0.0,4.050879096659836,-0.0236331965766973,5.671324257484213,5.613522653213278,0.057801604270935,7.471882482800095,7.495046162592311,-0.0231636797922165,-0.0608554054691201,-0.0044961205963922,-0.0045062509201796,5.244536310853087,15.0,True,-3.6366508618791658,-3.522980596507856,0.0233903509410143,0.02848362615608,5.232719712564739,5.2563529091414365,,0.31399742149292287
11.0,GIRMS\IRMS-operator,2026-03-14 01:05:06.230,2026-03-14 02:10:52.456,Success,False,SHP2L,,11.0,1.0,7.0,True,QC Standard,SHP2L,"0.001 V, 0.001 V, 0.001 V",45 µbar,72 °C,,19.817 V,9.5192 kV,452 µbar,Carbon Dioxide: 0.0192 kV,"1,063 µbar",12.546 V,23.177 V,518 µbar/min,5.364 V,1.19E-007 mbar,10 %,946 µbar,µ-Volume,18.039 V,Pre,19.216427351301714,20.85072997421302,13.48969045490302,27.352441203077348,18.020589005430253,12.64109625942092,-1.7735732480976818,-6.4284556793512415,-1.6468299839282954,0.0964893526414766,0.0241223381603691,-6.396399584474147,0.0268928655317344,0.0069437080224135,-1.5254981968328627,0.10217542613677147,-6.399520608388888,0.02673493390796329,5320cca3aecc__Natan Pereira BTS coral series 16.xlsx,2026-03-14 01:05:06.230,739689.0,518.0,1063.0,452.0,946.0,14.553974336682227,,SHP2L,,SHP2L,,,OK,16.0,15.0,15.0,0.0,0.0,8.816955336583172,6.479886141835353,20.01475993007697,12.768936189117802,7.245823740959167,26.254344832380323,17.056647788961442,9.19769704341888,25.83857264769212,0.5415847585904476,0.4261787900324112,15.204619031703928,15.0,True,-1.6383804329836698,-6.389204042194222,0.09354836370172,0.031711040751999,18.444562102621603,11.96467596078625,,5.737019000099055
12.0,GIRMS\IRMS-operator,2026-03-14 01:37:01.310,2026-03-14 02:48:54.358,Success,False,BTS,86,12.0,2.0,7.0,True,Unknown,,"0.002 V, 0.002 V, 0.002 V",42 µbar,72 °C,,5.317 V,9.5190 kV,49 µbar,Carbon Dioxide: 0.0190 kV,992 µbar,4.896 V,5.801 V,376 µbar/min,12.163 V,6.96E-008 mbar,45 %,782 µbar,µ-Volume,,Pre,4.8871630923074,5.296121647989921,5.263881095147493,6.978471894268342,7.027653446531718,4.9289906517785305,-3.779259318452133,-3.4429619927867083,-3.799768276413616,0.0175100640362636,0.0043775160090659,-3.4622194059981823,0.0255706425508026,0.0063926606377006,-3.937750435645447,0.018452968814862917,-3.4573587645700536,0.025585446072914905,5320cca3aecc__Natan Pereira BTS coral series 16.xlsx,2026-03-14 01:37:01.310,739689.0,376.0,992.0,49.0,782.0,3.967970104625996,,BTS,86,BTS,86,,OK,16.0,15.0,15.0,0.0,0.0,3.651428432839118,0.0300605323011442,5.144105675698087,5.03764659892347,0.1064590767746169,6.778059234566359,6.725607197186175,0.052452037380184,0.0782509068496531,0.0063729995855429,0.0063527565281824,4.731887987173487,15.0,True,-3.8011355402777154,-3.4635032335456133,0.017217882366336,0.025928879714854,4.74691825332406,4.716857721022915,,0.3165416717868781
13.0,GIRMS\IRMS-operator,2026-03-14 02:10:52.544,2026-03-14 03:29:23.411,Success,False,BTS,87,13.0,1.0,8.0,True,Unknown,,"0.001 V, 0.001 V, 0.001 V",45 µbar,72 °C,,7.762 V,9.5192 kV,545 µbar,Carbon Dioxide: 0.0192 kV,980 µbar,7.250 V,8.622 V,386 µbar/min,3.243 V,8.43E-008 mbar,29 %,877 µbar,µ-Volume,,Pre,7.162454949650046,7.758295309761568,7.759383094528719,10.22752011678488,10.361441394247246,7.267001396882821,-4.051892005445201,-3.444567288507949,-4.083863705174496,0.0191974598269075,0.0047993649567268,-3.437299787520553,0.0168385949645998,0.0042096487411499,-4.242662719603128,0.020627178425029487,-3.431771432028816,0.01686205264757793,5320cca3aecc__Natan Pereira BTS coral series 16.xlsx,2026-03-14 02:10:52.544,739689.0,386.0,980.0,545.0,877.0,5.727188223509759,,BTS,87,BTS,87,,OK,16.0,15.0,15.0,0.0,0.0,5.26996908592595,0.0120174196712872,7.516128893412532,7.396442880845026,0.1196860125675058,9.907964714982816,9.876543170273232,0.031421544709584,0.0311385069380726,0.0017349368453776,0.0017334331468599,6.93272751421453,15.0,True,-4.085995151823116,-3.4368152874547278,0.0178040954383037,0.0173137776071524,6.9387362240501735,6.926718804378886,,0.4572191375838095
14.0,GIRMS\IRMS-operator,2026-03-14 02:48:54.462,2026-03-14 04:02:37.425,Success,False,BTS,88,14.0,2.0,8.0,True,Unknown,,"0.002 V, 0.002 V, 0.002 V",45 µbar,72 °C,,5.146 V,9.5192 kV,49 µbar,Carbon Dioxide: 0.0192 kV,"1,070 µbar",4.765 V,5.620 V,425 µbar/min,7.121 V,6.99E-008 mbar,48 %,777 µbar,µ-Volume,,Pre,4.748504060141867,5.144090170730322,5.121386206779341,6.780313611526973,6.837585718676685,4.795343371934519,-4.15103468070277,-3.510495239077316,-4.180078253960218,0.0082572432141317,0.0022068410761818,-3.4961747313853806,0.0201312448267172,0.0050328112066793,-4.345289885071991,0.011109301841013188,-3.4904931643906028,0.02015710359664983,5320cca3aecc__Natan Pereira BTS coral series 16.xlsx,2026-03-14 02:48:54.462,739689.0,425.0,1070.0,49.0,777.0,3.858816095058375,,BTS,88,BTS,88,,OK,16.0,15.0,15.0,0.0,0.0,3.5537284557039164,0.0280488087586459,4.996499693914765,4.896036160955335,0.1004635329594298,6.585785896823047,6.536567361399769,0.0492185354232779,0.0729957080880892,0.0061185775583482,0.0060999161533065,4.598228574574995,15.0,True,-4.181779031637404,-3.495220030872584,0.0103296461009095,0.0204594660897846,4.612252978954318,4.584204170195672,,0.3050876393544586
15.0,GIRMS\IRMS-operator,2026-03-14 03:29:23.539,2026-03-14 04:35:22.389,Success,False,BTS,89,15.0,1.0,9.0,True,Unknown,,"0.001 V, 0.001 V, 0.002 V",42 µbar,72 °C,,2.061 V,9.5193 kV,57 µbar,Carbon Dioxide: 0.0193 kV,"1,143 µbar",3.140 V,2.210 V,713 µbar/min,4.708 V,5.74E-008 mbar,100 %,621 µbar,µ-Volume,1.924 V,Pre,1.979896141896752,2.144195684659272,3.390576033389011,2.825770628276497,4.52661417404368,3.1745716710082834,-4.4645932967739554,-3.970199412359987,-4.516229882288017,0.0386393407858201,0.009659835196455,-3.9506048700482954,0.0305193914445246,0.0078800729867352,-4.686476190876859,0.041200608555521344,-3.944651055686806,0.03054556015359785,5320cca3aecc__Natan Pereira BTS coral series 16.xlsx,2026-03-14 03:29:23.539,739689.0,713.0,1143.0,57.0,621.0,1.6409670322478371,,BTS,89,BTS,89,,OK,16.0,15.0,15.0,0.0,0.0,2.3909824474510604,-1.1163848535750576,3.2508520108881305,2.0874124393033657,1.1634395715847647,4.3401766893074205,2.7510021969706484,1.589174492336772,-1.8285668334546368,-0.366767543847846,-0.4491308539287043,2.485656115160314,15.0,True,-4.519672321322287,-3.944111151107162,0.03736966596846,0.0359346460711256,1.9274636883727847,3.0438485419478427,,-0.7500154152032232
16.0,GIRMS\IRMS-operator,2026-03-14 04:02:37.528,2026-03-14 05:15:17.921,Success,False,SHP2L,,16.0,2.0,9.0,True,QC Standard,SHP2L,"0.001 V, 0.001 V, 0.001 V",35 µbar,72 °C,,9.765 V,9.5195 kV,54 µbar,Carbon Dioxide: 0.0195 kV,"1,126 µbar",8.977 V,10.967 V,718 µbar/min,3.117 V,9.67E-008 mbar,19 %,868 µbar,µ-Volume,,Pre,8.79336598440192,9.568270112354089,9.614925648052026,12.57903921720026,12.840748311247806,9.00633338018439,0.6653117365051919,-1.5803463143083674,0.5873335537820878,0.0217486135162562,0.0056154678634374,-1.6028845529792926,0.0215586607810856,0.0055664222781119,0.6879357408631216,0.023454086166212883,-1.6059405048584128,0.02157562714206898,5320cca3aecc__Natan Pereira BTS coral series 16.xlsx,2026-03-14 04:02:37.528,739689.0,718.0,1126.0,54.0,868.0,6.983682811636964,,SHP2L,,SHP2L,,,OK,16.0,15.0,15.0,0.0,0.0,6.441945574761817,-0.0520646572113037,9.260611428809655,9.141783977824977,0.1188274509846802,12.17475581284998,12.208506942954044,-0.0337511301040667,-0.1338529813285992,-0.0060802989059407,-0.0060988402919179,8.536812692127445,15.0,True,0.5873335537820878,-1.6081151974181178,0.0217486135162562,0.0249509536663167,8.510780363521793,8.562845020733096,,0.5417372368751465
17.0,GIRMS\IRMS-operator,2026-03-14 04:35:22.570,2026-03-14 05:54:04.461,Success,False,BTS,90,17.0,1.0,10.0,True,Unknown,,"0.001 V, 0.001 V, 0.001 V",42 µbar,72 °C,,2.378 V,9.5195 kV,59 µbar,Carbon Dioxide: 0.0195 kV,"1,141 µbar",3.243 V,2.533 V,767 µbar/min,3.242 V,5.31E-008 mbar,100 %,650 µbar,µ-Volume,2.215 V,Pre,2.282038919993267,2.47251172670931,3.5397904603848205,3.2565711692875743,4.725960554468531,3.3142894146070523,-4.047943864378123,-4.086570585527305,-4.0373176939062025,0.0294811713058164,0.0073702928264541,-4.057139820498178,0.0242000063434927,0.006248414769764,-4.1697222278299435,0.03181945401711845,-4.052375704603639,0.024220663561540606,5320cca3aecc__Natan Pereira BTS coral series 16.xlsx,2026-03-14 04:35:22.570,739689.0,767.0,1141.0,59.0,650.0,1.8907247771157865,,BTS,90,BTS,90,,OK,16.0,15.0,15.0,0.0,0.0,2.4939343297476944,-0.9551405997368708,3.3935134683292816,2.407584717289466,0.9859287510398156,4.530139970493778,3.170997547424705,1.359142423069073,-1.7278853948255668,-0.3006189002533327,-0.3537980977876558,2.699677035318973,15.0,True,-4.036609282541407,-4.060341798442503,0.0303746237185613,0.0306816875261477,2.222106735450537,3.1772473351874084,,-0.6032095526319079
18.0,GIRMS\IRMS-operator,2026-03-14 05:15:18.017,2026-03-14 06:26:22.123,Success,False,BTS,91,18.0,2.0,10.0,True,Unknown,,"0.001 V, 0.001 V, 0.001 V",35 µbar,72 °C,,4.123 V,9.5195 kV,40 µbar,Carbon Dioxide: 0.0195 kV,587 µbar,4.074 V,4.472 V,112 µbar/min,3.219 V,5.97E-008 mbar,59 %,736 µbar,µ-Volume,,Pre,3.975726531550348,4.311601410174629,4.42467590333304,5.68138756286671,5.907196651008158,4.1430259783108,-3.040546071416239,-2.68223900206066,-3.08297945158361,0.0262628555184598,0.0065657138796149,-2.6932676679141268,0.0206025383366192,0.0053195525244884,-3.1990947802329748,0.02787644151894919,-2.689198188764652,0.020606909367238094,5320cca3aecc__Natan Pereira BTS coral series 16.xlsx,2026-03-14 05:15:18.017,739689.0,112.0,587.0,40.0,736.0,3.251065850097419,,BTS,91,BTS,91,,OK,16.0,15.0,15.0,0.0,0.0,3.0923898878917777,-0.1035032682356478,4.192705271785306,4.239335437158405,-0.0466301653730987,5.524648294032381,5.659965609785061,-0.1353173157526805,-0.2607435658728469,-0.0260743565872846,-0.026418782971181,3.917790927332063,15.0,True,-3.0858083435947683,-2.6980934137019816,0.0245319507365421,0.0256853220661899,3.866039293214239,3.969542561449887,,0.1586759622056415
19.0,GIRMS\IRMS-operator,2026-03-14 05:54:04.623,2026-03-14 06:59:50.084,Success,False,BTS,92,19.0,1.0,11.0,True,Unknown,,"0.001 V, 0.001 V, 0.001 V",42 µbar,72 °C,,2.562 V,9.5197 kV,52 µbar,Carbon Dioxide: 0.0197 kV,"1,063 µbar",3.181 V,2.756 V,508 µbar/min,4.026 V,5.15E-008 mbar,97 %,672 µbar,µ-Volume,2.378 V,Pre,2.457295237618531,2.664147769110356,3.4732063161303146,3.506689791348181,4.636453874555128,3.25189174182502,-3.37313015224916,-3.981098058810528,-3.3524904890285394,0.0284830336302577,0.0071207584075644,-3.966641497795804,0.0324533031727764,0.0083794068478389,-3.4407116706711847,0.031276334895808534,-3.963336801853494,0.03251614126886501,5320cca3aecc__Natan Pereira BTS coral series 16.xlsx,2026-03-14 05:54:04.623,739689.0,508.0,1063.0,52.0,672.0,2.0272033028573695,,BTS,92,BTS,92,,OK,16.0,15.0,15.0,0.0,0.0,2.4493363524360676,-0.7285149917030651,3.331321395339565,2.5919249424530952,0.7393964528864698,4.446985790666202,3.4116503665271374,1.0353354241390642,-1.444279023487838,-0.2335587436414893,-0.2644398649553359,2.754936332410061,15.0,True,-3.3511145114804983,-3.958735223474948,0.0289270667377267,0.0417843415354146,2.3906788365585285,3.1191938282615936,,-0.4221330495786981
20.0,GIRMS\IRMS-operator,2026-03-14 06:26:22.269,2026-03-14 07:40:02.031,Success,False,BTS,93,20.0,2.0,11.0,True,Unknown,,"0.001 V, 0.001 V, 0.001 V",37 µbar,72 °C,,0.007 V,9.5199 kV,42 µbar,Carbon Dioxide: 0.0199 kV,721 µbar,3.147 V,0.007 V,147 µbar/min,3.146 V,5.15E-008 mbar,100 %,45 µbar,µ-Volume,0.010 V,Pre,0.0078413267152654,0.0084416716915262,3.4316091202615384,0.0111248596745749,4.581455650832497,3.213117118083037,-10.324379564341736,-9.810709766125411,-11.283401985009776,1.1986101817327788,0.2996525454331947,-11.247823980159929,1.558285372106653,0.3895713430266632,-11.656579388751052,1.2776017181111274,-11.234506247686586,1.5596788642285342,5320cca3aecc__Natan Pereira BTS coral series 16.xlsx,2026-03-14 06:26:22.269,739689.0,147.0,721.0,42.0,45.0,0.006800561589255615,,BTS,93,BTS,93,,Failed Sample,16.0,15.0,15.0,0.0,0.0,2.411075182589081,-3.0636821157735965,3.279904148700595,0.0080835595637407,3.2718205891368544,4.378581188396705,0.0106629241181017,4.367918264278603,-0.0194042056400466,-0.9975513966977254,-1.9902295108429164,1.5393612139114767,15.0,True,,,,,0.0075201560246786,3.071202271798275,,-2.4042746209998254
21.0,GIRMS\IRMS-operator,2026-03-14 06:59:50.234,2026-03-14 08:18:36.932,Success,False,SHP2L,,21.0,1.0,12.0,True,QC Standard,SHP2L,"0.001 V, 0.001 V, 0.001 V",47 µbar,72 °C,,16.836 V,9.5196 kV,52 µbar,Carbon Dioxide: 0.0196 kV,"1,038 µbar",12.754 V,19.538 V,518 µbar/min,3.252 V,1.18E-007 mbar,10 %,936 µbar,µ-Volume,15.272 V,Pre,16.23411811077956,17.6204750555637,13.665125729429969,23.108083851496247,18.25377727286008,12.80601878174935,-1.3908013910413075,-6.294154935476581,-1.337032912001636,0.0465247220419714,0.0116311805104928,-6.274879431131821,0.0204774180498884,0.0051193545124721,-1.1983374260634212,0.049237718173092214,-6.278589089557973,0.020423873806699733,5320cca3aecc__Natan Pereira BTS coral series 16.xlsx,2026-03-14 06:59:50.234,739689.0,518.0,1038.0,52.0,936.0,12.401006857864807,,SHP2L,,SHP2L,,,OK,16.0,15.0,15.0,0.0,0.0,8.921966104850444,3.4878700971603376,16.939089657652627,12.931169034827006,4.007920622825621,22.21343303457883,17.272818930307892,4.940614104270939,11.618600561813992,0.287833693711932,0.2516211685342667,13.86159247839812,15.0,True,-1.3334483467323244,-6.273594397508838,0.0458136446108826,0.0205175099626093,15.605527526978287,12.11765742981795,,3.479040753014363
22.0,GIRMS\IRMS-operator,2026-03-14 07:40:02.214,2026-03-14 08:51:39.057,Success,False,BTS,94,22.0,2.0,12.0,True,Unknown,,"0.002 V, 0.002 V, 0.002 V",37 µbar,72 °C,,5.782 V,9.5199 kV,42 µbar,Carbon Dioxide: 0.0199 kV,889 µbar,5.334 V,6.342 V,371 µbar/min,12.364 V,7.34E-008 mbar,41 %,787 µbar,µ-Volume,,Pre,5.327751011369685,5.777945895763653,5.72626866874339,7.60481719065564,7.644692698010377,5.362288120719988,-2.952016170824634,-3.695516928674758,-2.9641850399116194,0.0136811915548872,0.0035324684698901,-3.7163922338373783,0.0181387378985505,0.0045346844746376,-3.034175003702784,0.01447391063536322,-3.7136954306007945,0.01814149068018199,5320cca3aecc__Natan Pereira BTS coral series 16.xlsx,2026-03-14 07:40:02.214,739689.0,371.0,889.0,42.0,787.0,4.315222939107986,,BTS,94,BTS,94,,OK,16.0,15.0,15.0,0.0,0.0,3.958682540855647,0.0455081028861013,5.610227497723023,5.475869556041974,0.1343579416810492,7.383907475956849,7.31037769613818,0.0735297798186689,0.1187571778091813,0.0088750939818803,0.0088358843299596,5.150373317110752,15.0,True,-2.9622940526697894,-3.71778392084822,0.0170329726371927,0.017869321139096,5.173127368553803,5.127619265667701,,0.3565403982523394
23.0,GIRMS\IRMS-operator,2026-03-14 08:18:37.058,2026-03-14 09:25:07.846,Success,False,BTS,95,23.0,1.0,13.0,True,Unknown,,"0.001 V, 0.001 V, 0.002 V",42 µbar,72 °C,,0.007 V,9.5203 kV,684 µbar,Carbon Dioxide: 0.0203 kV,"1,024 µbar",3.112 V,0.007 V,518 µbar/min,5.261 V,5.77E-008 mbar,100 %,694 µbar,µ-Volume,0.011 V,Pre,0.0076332056113577,0.0082546706723593,3.3713073942088267,0.0109046449661289,4.500601653437406,3.1565852864293795,-5.880363915668152,-2.940215207805963,-6.757519839418011,0.5819870423249871,0.1454967605812467,-4.859221832272779,1.432449143844746,0.3698567785599849,-7.060190930656962,0.6121349726996721,-4.849150984595308,1.4337632671354736,5320cca3aecc__Natan Pereira BTS coral series 16.xlsx,2026-03-14 08:18:37.058,739689.0,518.0,1024.0,684.0,694.0,0.006489507878952647,,BTS,95,BTS,95,,Failed Sample,16.0,15.0,15.0,0.0,0.0,2.370029018259784,-3.010093275892879,3.222456569573218,0.0078567147655032,3.214599854807715,4.301993806119735,0.0103745563312027,4.291619249788532,-0.018761338783406,-0.9975903712515872,-1.9903846544194863,1.5123173649923465,15.0,True,,,,,0.0072707270459068,3.017364002938786,,-2.363539510380831
24.0,GIRMS\IRMS-operator,2026-03-14 08:51:39.180,2026-03-14 09:59:57.832,Success,False,BTS,96,24.0,2.0,13.0,True,Unknown,,"0.001 V, 0.001 V, 0.001 V",42 µbar,72 °C,,5.488 V,9.5204 kV,45 µbar,Carbon Dioxide: 0.0204 kV,538 µbar,5.301 V,6.006 V,293 µbar/min,3.094 V,7.38E-008 mbar,41 %,794 µbar,µ-Volume,,Pre,5.287339318539987,5.732952507543498,5.6692441588867934,7.54781064560892,7.569663424075485,5.308966423832461,-3.1571691988556694,-3.7015070622066215,-3.2166338044196805,0.0299943796303789,0.0074985949075947,-3.696813125405834,0.0145697588012387,0.0038939318315835,-3.30507265240923,0.0324516010201797,-3.6935209688124964,0.014588807060049462,5320cca3aecc__Natan Pereira BTS coral series 16.xlsx,2026-03-14 08:51:39.180,739689.0,293.0,538.0,45.0,794.0,4.282159452905182,,BTS,96,BTS,96,,OK,16.0,15.0,15.0,0.0,0.0,3.9195759691270444,0.0561474682856202,5.566023913735508,5.422144087362224,0.1438798263732836,7.327832479060532,7.2389545720921475,0.088877906968384,0.1468386196413832,0.0110587184575085,0.010997907078507,5.105286659072439,15.0,True,-3.2205981114572806,-3.697111687166947,0.0263535940513955,0.0257229449669811,5.133360393215249,5.077212924929629,,0.3625834837781374
25.0,GIRMS\IRMS-operator,2026-03-14 09:25:08.010,2026-03-14 10:44:00.309,Success,False,BTS,97,25.0,1.0,14.0,True,Unknown,,"0.001 V, 0.001 V, 0.001 V",45 µbar,72 °C,,5.798 V,9.5204 kV,52 µbar,Carbon Dioxide: 0.0204 kV,"1,031 µbar",5.605 V,6.372 V,547 µbar/min,3.243 V,7.56E-008 mbar,41 %,804 µbar,µ-Volume,,Pre,5.590207114461723,6.06119245804306,6.017204272149223,7.981334967882491,8.033950917879487,5.634660476449726,-3.1697481671698613,-3.572505341352561,-3.178546074351172,0.0092146854906242,0.0024627282880566,-3.5527228143670926,0.018855196264096,0.0048683907413544,-3.2698542903871672,0.0102151011918783,-3.549364780768786,0.018871711957864332,5320cca3aecc__Natan Pereira BTS coral series 16.xlsx,2026-03-14 09:25:08.010,739689.0,547.0,1031.0,52.0,804.0,4.5162020393703415,,BTS,97,BTS,97,,OK,16.0,15.0,15.0,0.0,0.0,4.147013798672141,0.0395327806472769,5.8815293288689485,5.750399235418492,0.1311300934504569,7.744861629143775,7.677962516455462,0.0668991126883122,0.1030072531701889,0.0073414561832696,0.0073146062526189,5.404635503534143,15.0,True,-3.179000818663817,-3.548194227960636,0.0162885586305192,0.0217064035959928,5.424401893857781,5.384869113210504,,0.36918824069820033
26.0,GIRMS\IRMS-operator,2026-03-14 09:59:58.016,2026-03-14 11:13:39.474,Success,False,SHP2L,,26.0,2.0,14.0,True,QC Standard,SHP2L,"0.001 V, 0.001 V, 0.002 V",42 µbar,72 °C,,12.522 V,9.5205 kV,45 µbar,Carbon Dioxide: 0.0205 kV,728 µbar,11.454 V,14.221 V,220 µbar/min,5.535 V,1.13E-007 mbar,12 %,889 µbar,µ-Volume,,Pre,11.218648125073535,12.185078892286253,12.277140980753568,15.974884526174778,16.39994014922928,11.503763219334637,-0.8563908069214587,-6.055565495188819,-0.9306498594358208,0.0304333572220131,0.0078578590460025,-6.0795758530202,0.0207865593409518,0.0051966398352379,-0.7657721638162224,0.037053944059031445,-6.0840022896754755,0.020792620185502562,5320cca3aecc__Natan Pereira BTS coral series 16.xlsx,2026-03-14 09:59:58.016,739689.0,220.0,728.0,45.0,889.0,8.79985503634797,,SHP2L,,SHP2L,,,OK,16.0,15.0,15.0,0.0,0.0,8.08402196504911,-0.0678706980931238,11.76777187305255,11.635449561651182,0.1323223114013672,15.427013532560585,15.541216031950231,-0.1142024993896502,-0.1744631783168516,-0.0062257770407044,-0.0062452177072123,10.867627242961108,15.0,True,-0.930649859435821,-6.081176543542292,0.0304333572220131,0.0204699872690307,10.833691893914546,10.90156259200767,,0.7158330712988601
27.0,GIRMS\IRMS-operator,2026-03-14 10:44:00.473,2026-03-14 11:48:01.286,Success,False,BTS,98,27.0,1.0,15.0,True,Unknown,,"0.002 V, 0.002 V, 0.002 V",42 µbar,72 °C,,3.795 V,9.5204 kV,59 µbar,Carbon Dioxide: 0.0204 kV,"1,124 µbar",3.501 V,4.116 V,762 µbar/min,11.139 V,6.30E-008 mbar,68 %,731 µbar,µ-Volume,,Pre,3.4822524161313564,3.774151184257095,3.796506982496278,4.971432145412192,5.06898036644224,3.5548507349974785,-3.659176257782781,-3.6678784370067774,-3.6442640117461047,0.0246856842095591,0.0063738162555572,-3.657075714015308,0.0257614463331196,0.0066515768414925,-3.764347500794811,0.026536132115508197,-3.652784005958979,0.025806671077206352,5320cca3aecc__Natan Pereira BTS coral series 16.xlsx,2026-03-14 10:44:00.473,739689.0,762.0,1124.0,59.0,731.0,2.847331171555127,,BTS,98,BTS,98,,OK,16.0,15.0,15.0,0.0,0.0,2.670791674332961,-0.0240802075952322,3.669553188213407,3.641539005168974,0.0280141830444331,4.833233820237714,4.861575774770424,-0.0283419545327099,-0.061846618637061,-0.0070623068438363,-0.0070873333050888,3.397640065543697,15.0,True,-3.638477356530785,-3.651546957430256,0.0304426049916835,0.0315305546067078,3.385599961746081,3.409680169341313,,0.1765394972221661
28.0,GIRMS\IRMS-operator,2026-03-14 11:13:39.603,2026-03-14 12:23:31.459,Success,False,BTS,99,28.0,2.0,15.0,True,Unknown,,"0.001 V, 0.001 V, 0.001 V",42 µbar,72 °C,,6.349 V,9.5205 kV,42 µbar,Carbon Dioxide: 0.0205 kV,433 µbar,6.026 V,7.020 V,127 µbar/min,3.473 V,7.90E-008 mbar,34 %,809 µbar,µ-Volume,,Pre,5.947790970743121,6.4445003991433705,6.462128456024268,8.492149134238224,8.628822584708193,6.051479301791729,-3.834872686574342,-3.6064219282924137,-3.881680695585003,0.0136198219751324,0.0035166229125331,-3.614745098750386,0.0214051055804243,0.0055267744957863,-4.0195927000931615,0.01471763964458623,-3.6098686914748597,0.02142388729170369,5320cca3aecc__Natan Pereira BTS coral series 16.xlsx,2026-03-14 11:13:39.603,739689.0,127.0,433.0,42.0,809.0,4.781830662570786,,BTS,99,BTS,99,,OK,16.0,15.0,15.0,0.0,0.0,4.4356672358626685,-0.0116944659736661,6.248392840656845,6.170802494320481,0.0775903463363647,8.23374809797571,8.239857574065187,-0.0061094760894775,-0.0301879990949039,-0.002023769642669,-0.002025819538711,5.772708649609994,15.0,True,-3.881680695585003,-3.619010076079261,0.0136198219751325,0.0255922173840036,5.766861416623161,5.778555882596828,,0.3461634267081175
29.0,GIRMS\IRMS-operator,2026-03-14 11:48:01.460,2026-03-14 13:04:21.732,Success,False,BTS,100,29.0,1.0,16.0,True,Unknown,,"0.001 V, 0.001 V, 0.001 V",42 µbar,72 °C,,2.784 V,9.5204 kV,57 µbar,Carbon Dioxide: 0.0204 kV,"1,095 µbar",3.228 V,2.989 V,596 µbar/min,3.227 V,6.09E-008 mbar,91 %,667 µbar,µ-Volume,2.583 V,Pre,2.67073066775989,2.8946759127823567,3.525861333157858,3.8130196469919047,4.70763072671209,3.301251974818809,-3.679909866024844,-3.706401740341203,-3.703383744416664,0.0292473766492589,0.0073118441623147,-3.721431421521877,0.0340062823555792,0.0085015705888948,-3.825017283618358,0.031048498181010627,-3.717066958343327,0.03402869607969268,5320cca3aecc__Natan Pereira BTS coral series 16.xlsx,2026-03-14 11:48:01.460,739689.0,596.0,1095.0,57.0,667.0,2.1924203983873074,,BTS,100,BTS,100,,OK,16.0,15.0,15.0,0.0,0.0,2.4856745241185307,-0.5690111584516337,3.3817971815163013,2.815103939664452,0.5666932418518495,4.515108091295364,3.70807362730836,0.8070344639870042,-1.2073258654698695,-0.1797051487845032,-0.197446197976669,2.8818542179215325,15.0,True,-3.704948669642786,-3.722433400267255,0.0295724024118892,0.0349545192839671,2.597348638695716,3.1663597971473494,,-0.29325412573122334
30.0,GIRMS\IRMS-operator,2026-03-14 12:23:31.611,2026-03-14 13:36:53.144,Success,False,BTS,101,30.0,2.0,16.0,True,Unknown,,"0.001 V, 0.001 V, 0.001 V",42 µbar,72 °C,,0.827 V,9.5203 kV,40 µbar,Carbon Dioxide: 0.0203 kV,782 µbar,3.199 V,0.864 V,396 µbar/min,3.198 V,6.06E-008 mbar,100 %,408 µbar,µ-Volume,0.786 V,Pre,0.7971146179986123,0.8633509682095397,3.441464663075224,1.1390941158947894,4.594809071613466,3.2221893590603816,-4.376542311275378,-2.783698026085024,-4.460434362220787,0.0847963548241913,0.0211990887060478,-2.8893445919683387,0.0720151588548741,0.0185942340612939,-4.665279776238776,0.08894497016053236,-2.882384682254679,0.07198211150141343,5320cca3aecc__Natan Pereira BTS coral series 16.xlsx,2026-03-14 12:23:31.611,739689.0,396.0,782.0,40.0,408.0,0.6753135324138605,,BTS,101,BTS,101,,OK,16.0,15.0,15.0,0.0,0.0,2.4209594511602033,-2.3057727032690534,3.2939655884746597,0.843075789895701,2.450889798578958,4.397920028759158,1.1123182936441054,3.285601735115052,-1.5052466080688058,-0.7476185521443214,-1.193915086213374,1.931270263601452,15.0,True,-4.466027165617148,-2.913996929963599,0.0846628856586813,0.0933879960837413,0.7783839119669254,3.0841566152359787,,-1.7456459187463427
31.0,GIRMS\IRMS-operator,2026-03-14 13:04:21.891,2026-03-14 14:13:20.613,Success,False,SHP2L,,31.0,1.0,17.0,True,QC Standard,SHP2L,"0.001 V, 0.001 V, 0.001 V",40 µbar,72 °C,,8.912 V,9.5204 kV,54 µbar,Carbon Dioxide: 0.0204 kV,"1,063 µbar",8.189 V,10.013 V,625 µbar/min,3.179 V,9.25E-008 mbar,23 %,848 µbar,µ-Volume,,Pre,8.013507027007389,8.707060846989142,8.785753879253852,11.412538785972792,11.733375687637526,8.228947810087698,-0.8895177028180878,-6.111835892192663,-0.9510887604594324,0.0206242940283911,0.0053251698199495,-6.147949793952591,0.0190476279110134,0.0047619069777533,-0.7899841848798772,0.02228117839665087,-6.152401599658027,0.019063137582999358,5320cca3aecc__Natan Pereira BTS coral series 16.xlsx,2026-03-14 13:04:21.891,739689.0,625.0,1063.0,54.0,848.0,6.361301790986589,,SHP2L,,SHP2L,,,OK,16.0,15.0,15.0,0.0,0.0,5.921124724081535,-0.0789542245694256,8.42480305165528,8.363357110194167,0.0614459414611125,11.042453546562394,11.168800492325028,-0.1263469457626342,-0.2021664962265094,-0.0100800527831478,-0.0101311138644004,7.793242246231316,15.0,True,-0.9510887604594326,-6.150357387403252,0.0206242940283911,0.0170105438769722,7.753765133946604,7.832719358516029,,0.4401770669050542
32.0,GIRMS\IRMS-operator,2026-03-14 13:36:53.272,2026-03-14 14:48:00.380,Success,False,BTS,102,32.0,2.0,17.0,True,Unknown,,"0.002 V, 0.002 V, 0.002 V",42 µbar,72 °C,,4.103 V,9.5202 kV,42 µbar,Carbon Dioxide: 0.0202 kV,731 µbar,3.797 V,4.447 V,234 µbar/min,8.018 V,6.59E-008 mbar,61 %,736 µbar,µ-Volume,,Pre,3.768240228066449,4.089087984562666,4.126528421683444,5.381003153839752,5.50977313305502,3.863603496783264,-2.530728379002367,-3.541475426098839,-2.5160310346363643,0.0119055026056001,0.0030739875546478,-3.515921499757553,0.0161678294406446,0.0041745156111959,-2.5622247269372864,0.012555205081135253,-3.5140207839680597,0.016171015010311433,5320cca3aecc__Natan Pereira BTS coral series 16.xlsx,2026-03-14 13:36:53.272,739689.0,234.0,731.0,42.0,736.0,3.076619689891957,,BTS,102,BTS,102,,OK,16.0,15.0,15.0,0.0,0.0,2.8936729018069487,-0.0409076588956258,3.9747155362205744,3.955965642321456,0.0187498938991179,5.230546272752335,5.281463491993268,-0.050917219240933,-0.1046441277693405,-0.0110450691089048,-0.0111064046121511,3.683249469488081,15.0,True,-2.512742538654877,-3.5112446199413085,0.0141557468838554,0.0182591966355126,3.662795640040269,3.7037032989358942,,0.1829467880850082
33.0,GIRMS\IRMS-operator,2026-03-14 14:13:20.816,2026-03-14 15:32:05.861,Success,False,BTS,103,33.0,1.0,18.0,True,Unknown,,"0.001 V, 0.001 V, 0.001 V",40 µbar,72 °C,,2.464 V,9.5201 kV,54 µbar,Carbon Dioxide: 0.0201 kV,"1,068 µbar",3.223 V,2.639 V,669 µbar/min,3.223 V,6.18E-008 mbar,100 %,636 µbar,µ-Volume,2.291 V,Pre,2.366488387686294,2.5680303439021017,3.4689586850106355,3.3792594782090504,4.631601468983471,3.2477810672000045,-2.5198150181096057,-3.60314227476044,-2.531459501317737,0.0299275792260095,0.0074818948065023,-3.6047825091926256,0.027495693162624,0.006873923290656,-2.575347704818286,0.032290735284648764,-3.60293620453174,0.027542031930126346,5320cca3aecc__Natan Pereira BTS coral series 16.xlsx,2026-03-14 14:13:20.816,739689.0,669.0,1068.0,54.0,636.0,1.9496958787192544,,BTS,103,BTS,103,,OK,16.0,15.0,15.0,0.0,0.0,2.4452286807126855,-0.8112623715164733,3.326857832371213,2.499768384871794,0.8270894474994193,4.442068885625007,3.289249320999572,1.1528195646254351,-1.5518893735492971,-0.2604531520859051,-0.2994494254618283,2.709179923338631,15.0,True,-2.532235800198279,-3.604891858154773,0.0308107893746802,0.0284571449858908,2.3035487375803942,3.1148111090968675,,-0.4955328019934311
34.0,GIRMS\IRMS-operator,2026-03-14 14:48:00.600,2026-03-14 16:00:24.973,Success,False,BTS,104,34.0,2.0,18.0,True,Unknown,,"0.001 V, 0.001 V, 0.001 V",40 µbar,72 °C,,2.058 V,9.5199 kV,42 µbar,Carbon Dioxide: 0.0199 kV,692 µbar,3.197 V,2.196 V,430 µbar/min,3.197 V,6.00E-008 mbar,100 %,599 µbar,µ-Volume,1.923 V,Pre,1.9798711981460329,2.149014911880163,3.464691746724017,2.828516380334861,4.626102806717975,3.24394562066154,-2.2644446079674863,-3.093206160662665,-2.2927361044883683,0.0331234558583689,0.0085524395272199,-3.1127350202286923,0.0358506954862326,0.0092566097712088,-2.3385514892491592,0.035987033747895115,-3.1108914835140298,0.03586433812988137,5320cca3aecc__Natan Pereira BTS coral series 16.xlsx,2026-03-14 14:48:00.600,739689.0,430.0,692.0,42.0,599.0,1.6414279994429934,,BTS,104,BTS,104,,OK,16.0,15.0,15.0,0.0,0.0,2.440756311809581,-1.1810867612033389,3.320866150369332,2.0927259121855317,1.228140238183801,4.433609973566793,2.7543895251853647,1.6792204483814284,-1.8944882233271376,-0.3798790950419095,-0.4689515379739344,2.5185689043821555,15.0,True,-2.3014057724982515,-3.1065526667082883,0.0412191098505349,0.046014249739496,1.9280255237804864,3.109112284983825,,-0.7993283123665877
35.0,GIRMS\IRMS-operator,2026-03-14 15:32:06.041,2026-03-14 16:35:38.649,Success,False,BTS,105,35.0,1.0,19.0,True,Unknown,,"0.001 V, 0.001 V, 0.001 V",42 µbar,72 °C,,3.438 V,9.5198 kV,54 µbar,Carbon Dioxide: 0.0198 kV,"1,085 µbar",3.433 V,3.708 V,669 µbar/min,3.171 V,6.12E-008 mbar,71 %,706 µbar,µ-Volume,,Pre,3.307588297923617,3.58694297793659,3.690316231839952,4.723384415983791,4.927172696470852,3.45512069080809,-3.1683498134406074,-3.486730210225719,-3.178202361366879,0.0168237534981862,0.0042059383745465,-3.4604551252123623,0.0210127614292517,0.0052531903573129,-3.2727240351550297,0.018340724302626978,-3.4569948041394616,0.021051238417974454,5320cca3aecc__Natan Pereira BTS coral series 16.xlsx,2026-03-14 15:32:06.041,739689.0,669.0,1085.0,54.0,706.0,2.7106500536712206,,BTS,105,BTS,105,,OK,16.0,15.0,15.0,0.0,0.0,2.597123624884013,-0.0967976661748903,3.489727895019456,3.5404436906440333,-0.0507157956245771,4.595433324829416,4.726667601154114,-0.1312342763246983,-0.2430676923609172,-0.0292025761443617,-0.0296352895440976,3.2662972983899623,15.0,True,-3.1788591978952976,-3.458703452878139,0.0172005731061094,0.0205054639256455,3.2178984653025173,3.314696131477408,,0.11352642878720776
36.0,GIRMS\IRMS-operator,2026-03-14 16:00:25.184,2026-03-14 17:13:27.268,Success,False,SHP2L,,36.0,2.0,19.0,True,QC Standard,SHP2L,"0.001 V, 0.001 V, 0.001 V",40 µbar,72 °C,,10.469 V,9.5197 kV,47 µbar,Carbon Dioxide: 0.0197 kV,828 µbar,9.582 V,11.843 V,249 µbar/min,3.403 V,1.02E-007 mbar,17 %,858 µbar,µ-Volume,,Pre,9.378565343164018,10.190697913972686,10.281133061258146,13.35648323660022,13.730159655858335,9.629381688378864,-0.8480406187956202,-6.086300289229407,-0.8949918182048975,0.0283115974222345,0.0070778993555586,-6.104576169503085,0.01579655509431,0.0039491387735775,-0.7316564128608121,0.03015794864175549,-6.109099244389078,0.01579817194350143,5320cca3aecc__Natan Pereira BTS coral series 16.xlsx,2026-03-14 16:00:25.184,739689.0,249.0,828.0,47.0,858.0,7.388586581593921,,SHP2L,,SHP2L,,,OK,16.0,15.0,15.0,0.0,0.0,6.853362341371334,-0.0845640091285613,9.846808915941068,9.765686994401763,0.0811219215393048,12.904799238492307,13.040876642514526,-0.1360774040222185,-0.2167131310771775,-0.0092457905748892,-0.0092887314075395,9.103935232740373,15.0,True,-0.8981218981655158,-6.10579456152133,0.0262839197101471,0.0155533466914999,9.061653228176093,9.146217237304652,,0.5352242402225871
37.0,GIRMS\IRMS-operator,2026-03-14 16:35:38.817,2026-03-14 17:54:41.379,Success,False,BTS,106,37.0,1.0,20.0,True,Unknown,,"0.001 V, 0.001 V, 0.001 V",42 µbar,72 °C,,1.357 V,9.5198 kV,52 µbar,Carbon Dioxide: 0.0198 kV,980 µbar,3.227 V,1.433 V,415 µbar/min,3.226 V,5.47E-008 mbar,100 %,516 µbar,µ-Volume,1.277 V,Pre,1.3061394890577656,1.4159957449439484,3.5109683209374856,1.8650095759632244,4.687514844843846,3.2871853208743875,-3.473964397007423,-3.591091995228779,-3.5435212260146827,0.0330210568476918,0.0085260002163519,-3.67868971510342,0.0664928073853248,0.0166232018463312,-3.6556136301513735,0.03364092285636888,-3.674651643352386,0.06652052210216189,5320cca3aecc__Natan Pereira BTS coral series 16.xlsx,2026-03-14 16:35:38.817,739689.0,415.0,980.0,52.0,516.0,1.091732723752211,,BTS,106,BTS,106,,OK,16.0,15.0,15.0,0.0,0.0,2.4702988756082487,-1.8743984951937105,3.3622066061500027,1.3806394232880868,1.981567182861916,4.4889570612952845,1.8185225104706904,2.670434550824594,-1.96148143691594,-0.5954347846804228,-0.8478563731837043,2.210750021439759,15.0,True,-3.542601586985391,-3.684529563095063,0.0352157457926803,0.0644396082800511,1.2735507738429035,3.147949269036614,,-1.3785661518560377
38.0,GIRMS\IRMS-operator,2026-03-14 17:13:27.433,2026-03-14 18:26:37.336,Success,False,BTS,107,38.0,2.0,20.0,True,Unknown,,"0.001 V, 0.001 V, 0.001 V",45 µbar,72 °C,,2.543 V,9.5196 kV,47 µbar,Carbon Dioxide: 0.0196 kV,728 µbar,3.204 V,2.736 V,190 µbar/min,3.204 V,5.52E-008 mbar,99 %,640 µbar,µ-Volume,2.359 V,Pre,2.444448955015518,2.6507083000045384,3.4961137850534145,3.491523766299563,4.667691128300252,3.2731472324889683,-3.259842357699716,-3.290096993134095,-3.289581109728407,0.0273324357944805,0.0068331089486201,-3.267666287754829,0.0346157503318563,0.008653937582964,-3.399040813738152,0.028758684449578496,-3.2637474604634633,0.03462838704791403,5320cca3aecc__Natan Pereira BTS coral series 16.xlsx,2026-03-14 17:13:27.433,739689.0,190.0,728.0,47.0,640.0,2.015420299367123,,BTS,107,BTS,107,,OK,16.0,15.0,15.0,0.0,0.0,2.4636027811731562,-0.7600235934514532,3.352276752375586,2.579218684837523,0.7730580675380629,4.475610414204294,3.397396938847128,1.078213475357166,-1.4898413451812191,-0.2421570552870395,-0.2755161443920481,2.7585446766777157,15.0,True,-3.2915636931969865,-3.266170907396211,0.0270747348839661,0.0352917165367006,2.378532879951989,3.138556473403442,,-0.4481824818060334
39.0,GIRMS\IRMS-operator,2026-03-14 17:54:41.546,2026-03-14 18:19:56.749,Error,False,BTS,108,39.0,1.0,21.0,True,Unknown,,"0.001 V, 0.001 V, 0.001 V",42 µbar,72 °C,,,,,,,,,864 µbar/min,,,,,,,Pre,,,,,,,,,,,,,,,,,,,5320cca3aecc__Natan Pereira BTS coral series 16.xlsx,2026-03-14 17:54:41.546,739689.0,864.0,,,,,,BTS,108,BTS,108,,Failed Sample,0.0,0.0,0.0,0.0,0.0,,,,,,,,,,,,,0.0,True,,,,,,,,
40.0,GIRMS\IRMS-operator,2026-03-16 11:39:29.806,2026-03-16 12:36:15.432,Success,False,BTS,109,40.0,2.0,21.0,True,Unknown,,"0.001 V, 0.001 V, 0.001 V",,72 °C,,0.001 V,9.5198 kV,49 µbar,Carbon Dioxide: 0.0198 kV,682 µbar,3.205 V,0.001 V,166 µbar/min,3.204 V,5.41E-008 mbar,100 %,47 µbar,µ-Volume,0.003 V,Pre,0.0018323144377912,0.0019851580796884,3.4280738701985096,0.0026663068728509,4.577256930244215,3.209615650364176,-4.076917140914849,15.38775821463334,-5.142044186367761,3.7515907451917303,0.9378976862979328,20.195862001989457,7.6225970186455,1.905649254661375,-6.244765378079394,4.012776786626822,20.229405412954453,7.630585456688795,5320cca3aecc__Natan Pereira BTS coral series 16.xlsx,2026-03-16 11:39:29.806,739691.0,166.0,682.0,49.0,47.0,0.0013671189548176096,,BTS,109,BTS,109,,Failed Sample,16.0,15.0,15.0,0.0,0.0,2.4066799947740485,-3.065164928212816,3.2753261050379066,0.001736156882288,3.2735899481556183,4.37334479211567,0.002342325601247,4.371002466514423,-0.0041491685405034,-0.9994766725775794,-1.997907785223684,1.5341873888687223,15.0,True,,,,,0.0016049247623145,3.0667698529751304,,-2.405312875819231
41.0,GIRMS\IRMS-operator,2026-03-16 12:07:44.373,2026-03-16 13:06:07.696,Success,False,SHP2L,,41.0,1.0,22.0,True,QC Standard,SHP2L,"0.001 V, 0.001 V, 0.001 V",25 µbar,72 °C,,0.001 V,9.5198 kV,45 µbar,Carbon Dioxide: 0.0198 kV,"1,043 µbar",3.182 V,0.001 V,747 µbar/min,3.180 V,5.41E-008 mbar,100 %,35 µbar,µ-Volume,0.003 V,Pre,0.0017169554264059,0.0018683622253577,3.433267374331603,0.0025120226661832,4.584229243286319,3.214433193633663,0.2862583846749977,20.891483220049523,-0.3886381045671441,5.28415174845797,1.364362114707368,20.42536706082525,6.646258947579774,1.6615647368949436,-1.191757504683292,5.746560448143478,20.4503462229618,6.654243642780346,5320cca3aecc__Natan Pereira BTS coral series 16.xlsx,2026-03-16 12:07:44.373,739691.0,747.0,1043.0,45.0,35.0,0.0012404840697597273,,SHP2L,,SHP2L,,,Failed Sample,16.0,15.0,15.0,0.0,0.0,2.4094500383186253,-3.0696290971943627,3.280042817380585,0.0016092931793625,3.2784335242012226,4.37957204097321,0.0021769821472831,4.377395058825927,-0.0038275433687259,-0.9995179406830128,-1.998072691808921,1.5362950055712568,15.0,True,,,,,0.0014804569740753,3.071109554168438,,-2.4082095542488657
42.0,GIRMS\IRMS-operator,2026-03-16 12:36:15.571,2026-03-16 13:39:26.319,Success,False,BTS,110,42.0,2.0,22.0,True,Unknown,,"0.001 V, 0.001 V, 0.001 V",25 µbar,72 °C,,0.001 V,9.5196 kV,40 µbar,Carbon Dioxide: 0.0196 kV,699 µbar,3.159 V,0.001 V,293 µbar/min,3.159 V,5.44E-008 mbar,100 %,40 µbar,µ-Volume,0.003 V,Pre,0.0018174309023557,0.0019764990038041,3.4230358620877395,0.0026398945777596,4.570422109275157,3.204757400104158,-0.3540623532315434,13.54659360969479,2.179969076433614,4.347093215915243,1.0867733039788108,10.07687878299602,4.0110483435465545,1.03564822902591,1.9286377562237258,4.682354171174741,10.08224017095755,4.015300233331712,5320cca3aecc__Natan Pereira BTS coral series 16.xlsx,2026-03-16 12:36:15.571,739691.0,293.0,699.0,40.0,40.0,0.0013457920595263495,,BTS,110,BTS,110,,Failed Sample,16.0,15.0,15.0,0.0,0.0,2.401710975125806,-3.0604119891709733,3.2704371035795083,0.0017404786371087,3.2686966249423994,4.366589319694611,0.0023053489217102,4.364283970772901,-0.0041057533268776,-0.9994813442194672,-1.997926452335351,1.5317941186442054,15.0,True,,,,,0.0015881240587186,3.062000113229692,,-2.4003651830662793
43.0,GIRMS\IRMS-operator,2026-03-16 13:06:07.946,2026-03-16 13:23:11.041,Error,False,BTS,111,43.0,1.0,23.0,True,Unknown,,"0.001 V, 0.001 V, 0.001 V",15 µbar,72 °C,,,,,,,,,,,,,,,,Pre,,,,,,,,,,,,,,,,,,,5320cca3aecc__Natan Pereira BTS coral series 16.xlsx,2026-03-16 13:06:07.946,739691.0,,,,,,,BTS,111,BTS,111,,Failed Sample,0.0,0.0,0.0,0.0,0.0,,,,,,,,,,,,,0.0,True,,,,,,,,
1.0,GIRMS\IRMS-operator,2026-02-13 10:56:20.137,2026-02-13 11:59:40.576,Success,False,SHP2L,,1.0,1.0,2.0,True,QC Standard,SHP2L,"0.001 V, 0.001 V, 0.001 V",37 µbar,72 °C,,7.407 V,9.5224 kV,42 µbar,Carbon Dioxide: 0.0224 kV,821 µbar,6.761 V,8.254 V,322 µbar/min,3.397 V,7.71E-008 mbar,45 %,816 µbar,µ-Volume,,Pre,6.619983080830932,7.194150641496222,7.293578527616267,9.42603518035117,9.738363518974218,6.830782615024261,-0.7744010931053369,-6.154671416942925,-0.8219827106574208,0.0279066240076244,0.0069766560019061,-6.149885625832193,0.0186720095140429,0.0046680023785107,-0.651854838535658,0.029723253182263844,-6.154621673282222,0.018678906447185645,c0b7deb51c05__Natan Pereira BTS coral series 6.xlsx,2026-02-13 10:56:20.137,739660.0,322.0,821.0,42.0,816.0,5.26320683297717,,SHP2L,,SHP2L,,,OK,16.0,15.0,15.0,0.0,0.0,4.984967693471162,-0.111788404666516,6.963004049495823,6.9606347671255255,0.0023692823702976,9.122975363990696,9.29369796778861,-0.1707226037979143,-0.1014581955860701,-0.0171485665333434,-0.0172968748378311,6.462924991630043,15.0,True,-0.8251548184942261,-6.149566573091477,0.0257276263434383,0.019282168618889,6.407030789296785,6.518819193963301,,0.27823913950600776
2.0,GIRMS\IRMS-operator,2026-02-13 11:29:19.925,2026-02-13 12:27:12.876,Success,False,BTS,1007,2.0,2.0,2.0,True,Unknown,,"0.001 V, 0.001 V, 0.002 V",32 µbar,72 °C,,25.198 V,9.5223 kV,186 µbar,Carbon Dioxide: 0.0223 kV,946 µbar,23.895 V,30.281 V,440 µbar/min,6.650 V,1.79E-007 mbar,10 %,921 µbar,µ-Volume,,Pre,23.60233370033797,25.57893719065272,25.97432460177027,33.661939406894454,34.72358753731132,24.37111440865096,-1.7372595434252958,-3.9394814898366937,-1.974476098017812,0.0752453370258305,0.0194282624787203,-4.002335517670089,0.0327935642322871,0.0081983910580717,-1.9644820094864013,0.0794981193922793,-4.002205708758852,0.03262781843331496,c0b7deb51c05__Natan Pereira BTS coral series 6.xlsx,2026-02-13 11:29:19.925,739660.0,440.0,946.0,186.0,921.0,17.43910819111165,,BTS,1007,BTS,1007,,OK,16.0,15.0,15.0,0.0,0.0,15.973565249908715,-0.2260506153106654,24.437895673395023,24.275800841928355,0.1620948314666712,32.16049840500236,32.45048990299583,-0.2899914979934692,-0.2066693089865716,-0.0099256862341989,-0.0099751915448992,22.66128066746291,15.0,True,-1.9744760980178115,-4.006525786192317,0.0752453370258305,0.0291758997371979,22.548255359807577,22.77430597511824,,1.4655429412029353
3.0,GIRMS\IRMS-operator,2026-02-13 11:59:40.678,2026-02-13 13:02:42.324,Success,False,BTS,928,3.0,1.0,3.0,True,Unknown,,"0.002 V, 0.002 V, 0.003 V",32 µbar,72 °C,,32.981 V,9.5218 kV,45 µbar,Carbon Dioxide: 0.0218 kV,914 µbar,22.429 V,40.487 V,405 µbar/min,22.500 V,1.70E-007 mbar,10 %,936 µbar,µ-Volume,29.580 V,Pre,32.2296147881257,34.858342099170144,24.468611764888216,45.94619811834656,32.70940722288453,22.955087357591356,-3.9054825320592457,-4.474755046634971,-3.8872762261792375,0.0510994575368861,0.0131938232027062,-4.374688723831295,0.0617649124058252,0.0154412281014563,-3.997408794277575,0.05292567062754449,-4.3706295052457556,0.06172584977094966,c0b7deb51c05__Natan Pereira BTS coral series 6.xlsx,2026-02-13 11:59:40.678,739660.0,405.0,914.0,45.0,936.0,23.160956212710097,,BTS,928,BTS,928,,OK,16.0,15.0,15.0,0.0,0.0,15.155966131422936,9.14542376995086,33.13791363237327,22.909652280787878,10.228261351585395,43.675454867499695,30.622022760527948,13.053432106971748,12.039272730093725,0.4255876299470685,0.3509150728612149,26.06164419038172,15.0,True,-3.87774083934848,-4.368017635644383,0.0600249919323524,0.0576583198333547,30.63435607535715,21.48893230540629,,8.004990081287161
4.0,GIRMS\IRMS-operator,2026-02-13 12:27:12.977,2026-02-13 13:37:59.176,Success,False,BTS,950,4.0,2.0,3.0,True,Unknown,,"0.002 V, 0.002 V, 0.003 V",35 µbar,72 °C,,17.991 V,9.5218 kV,42 µbar,Carbon Dioxide: 0.0218 kV,831 µbar,17.782 V,20.918 V,244 µbar/min,21.243 V,1.44E-007 mbar,13 %,909 µbar,µ-Volume,,Pre,17.43778921689092,18.89453876236712,19.290715935027944,24.884509457552834,25.780277861559792,18.088239804163564,-2.5477870279518866,-3.683736168011542,-2.7144618770057263,0.0863947526086596,0.0215986881521649,-3.743970154601653,0.0242239744719327,0.0062546033139166,-2.766149816762459,0.09153279461030205,-3.741835479934237,0.02410443922143705,c0b7deb51c05__Natan Pereira BTS coral series 6.xlsx,2026-02-13 12:27:12.977,739660.0,244.0,831.0,42.0,909.0,13.218488419907832,,BTS,950,BTS,950,,OK,16.0,15.0,15.0,0.0,0.0,12.246450753575136,-0.2790242433547973,18.1422983429793,18.15407026032244,-0.0117719173431432,23.892241133654515,24.26088096042912,-0.3686398267746007,-0.2534347334991566,-0.0163928079211985,-0.0165282803839998,16.881625727072347,15.0,True,-2.725573533609315,-3.7439701546016537,0.0766850051371616,0.0242239744719325,16.742113605394948,17.021137848749746,,0.972037666332696
5.0,GIRMS\IRMS-operator,2026-02-13 13:02:42.417,2026-02-13 14:22:20.081,Success,False,BTS,888,5.0,1.0,4.0,True,Unknown,,"0.001 V, 0.001 V, 0.002 V",35 µbar,72 °C,,11.404 V,9.5222 kV,40 µbar,Carbon Dioxide: 0.0222 kV,870 µbar,10.472 V,12.923 V,376 µbar/min,3.400 V,1.02E-007 mbar,29 %,863 µbar,µ-Volume,,Pre,10.245442868636696,11.110674411597545,11.245917350592908,14.619020142366452,15.020695843507808,10.535628081725688,-2.563915285703655,-4.079708106911162,-2.6526243070350404,0.022553263764054,0.0060276132827595,-4.086859185746072,0.0123315800495225,0.0031840002776149,-2.687123794575054,0.024155663364204327,-4.085270616909006,0.012338658082588506,c0b7deb51c05__Natan Pereira BTS coral series 6.xlsx,2026-02-13 13:02:42.417,739660.0,376.0,870.0,40.0,863.0,8.011272058444987,,BTS,888,BTS,888,,OK,16.0,15.0,15.0,0.0,0.0,7.4730833673314585,-0.1151412725448626,10.722294743668837,10.676648289504344,0.0456464541644905,14.108029522707026,14.259782948305167,-0.1517534255981427,-0.1051005576097357,-0.0115117875981587,-0.0115784318220865,9.944461764262766,15.0,True,-2.6466903864241704,-4.085124745144117,0.0316305041339239,0.0149589520688659,9.886891127990337,10.002032400535198,,0.538188691113529
6.0,GIRMS\IRMS-operator,2026-02-13 13:37:59.306,2026-02-13 14:51:26.734,Success,False,SHP2L,,6.0,2.0,4.0,True,QC Standard,SHP2L,"0.002 V, 0.002 V, 0.002 V",35 µbar,72 °C,,10.653 V,9.5219 kV,42 µbar,Carbon Dioxide: 0.0219 kV,882 µbar,9.834 V,12.037 V,288 µbar/min,10.235 V,9.77E-008 mbar,30 %,858 µbar,µ-Volume,,Pre,9.63480572870285,10.467192314242968,10.590131217044304,13.720148003581452,14.144279754641936,9.920744110851594,-0.8330925891947283,-6.102417870484711,-0.8995310138003513,0.0201263025185263,0.0051965889649989,-6.117378112347562,0.0243394769994852,0.0060848692498713,-0.7360018387393641,0.021254482950543878,-6.121914020717315,0.02434543615038742,c0b7deb51c05__Natan Pereira BTS coral series 6.xlsx,2026-02-13 13:37:59.306,739660.0,288.0,882.0,42.0,858.0,7.564889424729627,,SHP2L,,SHP2L,,,OK,16.0,15.0,15.0,0.0,0.0,7.067460830532822,-0.1181364059448224,10.110041282748828,10.060226700877791,0.0498145818710344,13.252000006454397,13.436146772387907,-0.1841467659335141,-0.1077228041853406,-0.012535717875751,-0.0126147855722494,9.364915897159882,15.0,True,-0.8995310138003515,-6.118375461805085,0.0201263025185262,0.0248530289666297,9.30584769418747,9.423984100132293,,0.49742859419680574
7.0,GIRMS\IRMS-operator,2026-02-13 14:22:20.233,2026-02-13 15:25:51.107,Success,False,BTS,960,7.0,1.0,5.0,True,Unknown,,"0.002 V, 0.002 V, 0.002 V",35 µbar,72 °C,,12.695 V,9.5219 kV,40 µbar,Carbon Dioxide: 0.0219 kV,836 µbar,11.589 V,14.471 V,361 µbar/min,9.609 V,1.08E-007 mbar,25 %,870 µbar,µ-Volume,,Pre,11.340163376555855,12.293700710804934,12.469161883862489,16.18718281275308,16.65710583216226,11.683366921172553,-2.7733131129732413,-3.709418623985772,-2.8967447621522995,0.0319556848711126,0.0082509223548314,-3.704635353573496,0.020817328858464,0.0053750111987569,-2.962386248523667,0.03407640497785552,-3.702093381496844,0.02083965406842995,c0b7deb51c05__Natan Pereira BTS coral series 6.xlsx,2026-02-13 14:22:20.233,739660.0,361.0,836.0,40.0,870.0,8.827163121983485,,BTS,960,BTS,960,,OK,16.0,15.0,15.0,0.0,0.0,8.223530255332614,-0.1395304801444012,11.855859891446109,11.821214691670413,0.0346451997756958,15.611089019837738,15.79026058203256,-0.1791715621948224,-0.1272229622595447,-0.0125982005550775,-0.0126780609322143,11.005664106713756,15.0,True,-2.8967447621523,-3.708100552131236,0.0319556848711126,0.0254753413023463,10.935898866641557,11.075429346785958,,0.6036328666508712
8.0,GIRMS\IRMS-operator,2026-02-13 14:51:26.826,2026-02-13 16:00:07.219,Success,False,BTS,986,8.0,2.0,5.0,True,Unknown,,"0.002 V, 0.002 V, 0.002 V",35 µbar,72 °C,,23.055 V,9.5217 kV,40 µbar,Carbon Dioxide: 0.0217 kV,670 µbar,22.219 V,27.402 V,195 µbar/min,11.254 V,1.72E-007 mbar,10 %,914 µbar,µ-Volume,,Pre,21.862857730563924,23.691887775084314,24.173225083967974,31.1900030827818,32.31636695626355,22.676297218974877,-2.0345301898596624,-3.8977281497950544,-2.249443554891576,0.0827595072865315,0.0213684128974045,-3.966596145650988,0.0205549220374165,0.0053072580489004,-2.260183317398138,0.0879311100988745,-3.9657744059031477,0.020424084744997368,c0b7deb51c05__Natan Pereira BTS coral series 6.xlsx,2026-02-13 14:51:26.826,739660.0,195.0,670.0,40.0,914.0,16.278327198203847,,BTS,986,BTS,986,,OK,16.0,15.0,15.0,0.0,0.0,14.987079182144448,-0.3155171871185374,22.67367652954751,22.64216057362252,0.0315159559249877,29.84767668011762,30.26781491997815,-0.4201382398605311,-0.2870283726950051,-0.0148569294732388,-0.0149681196220245,21.079280169185445,15.0,True,-2.2494435548915765,-3.966596145650988,0.0827595072865315,0.0205549220374167,20.921521575626176,21.237038762744717,,1.2912480160593987
9.0,GIRMS\IRMS-operator,2026-02-13 15:25:51.224,2026-02-13 16:43:39.452,Success,False,BTS,993,9.0,1.0,6.0,True,Unknown,,"0.001 V, 0.001 V, 0.002 V",35 µbar,72 °C,,7.756 V,9.5218 kV,489 µbar,Carbon Dioxide: 0.0218 kV,555 µbar,7.083 V,8.625 V,156 µbar/min,3.397 V,8.06E-008 mbar,44 %,841 µbar,µ-Volume,,Pre,6.938218192758713,7.529169792139203,7.612981581285187,9.90528071782536,10.166448393717568,7.129466790581431,-2.277876158006009,-3.742416148644234,-2.3040632905717917,0.0159219833209373,0.0039804958302343,-3.77695740097983,0.0211763106291577,0.0052940776572894,-2.3256515243089906,0.016852354681655704,-3.7758088969371135,0.021189839770059456,c0b7deb51c05__Natan Pereira BTS coral series 6.xlsx,2026-02-13 15:25:51.224,739660.0,156.0,555.0,489.0,841.0,5.519148733025423,,BTS,993,BTS,993,,OK,16.0,15.0,15.0,0.0,0.0,5.188883141626552,-0.0857034598672354,7.286765360429474,7.261798511823118,0.0249668486063558,9.58623225977221,9.697091618433754,-0.1108593586615445,-0.078143478896429,-0.0126028108635937,-0.012682729886591,6.757493113359299,15.0,True,-2.305809099409509,-3.779260151135536,0.0148110953911427,0.0197373901712917,6.714641383425682,6.800344843292917,,0.330265591398871
10.0,GIRMS\IRMS-operator,2026-02-13 16:00:07.320,2026-02-13 17:11:21.254,Success,False,BTS,385,10.0,2.0,6.0,True,Unknown,,"0.002 V, 0.002 V, 0.002 V",35 µbar,72 °C,,5.783 V,9.5216 kV,40 µbar,Carbon Dioxide: 0.0216 kV,875 µbar,5.602 V,6.366 V,288 µbar/min,6.973 V,7.13E-008 mbar,54 %,777 µbar,µ-Volume,,Pre,5.579026467380092,6.053756788483849,6.070252358194038,7.967746042586631,8.105633179367889,5.683984347639382,-2.486358962849322,-3.4102354629983456,-2.479856119618399,0.0166282760242681,0.0042934024078753,-3.406321705703045,0.0228366921169588,0.0058964085500965,-2.5243372225005447,0.014421060181240647,-3.4043859013720943,0.022851841311018282,c0b7deb51c05__Natan Pereira BTS coral series 6.xlsx,2026-02-13 16:00:07.320,739660.0,288.0,875.0,40.0,777.0,4.476528497733158,,BTS,385,BTS,385,,OK,16.0,15.0,15.0,0.0,0.0,4.185900227297832,-0.0259839936871832,5.866935035112811,5.802261241672073,0.0646737934407379,7.721764731938658,7.747104548789328,-0.0253398168506695,-0.0238795575829054,-0.0047827983953737,-0.0047942633930052,5.4198093757412735,15.0,True,-2.476038309321179,-3.410171400514894,0.0210222451598824,0.0278586198006785,5.406817378897681,5.432801372584865,,0.2906282704353256
11.0,GIRMS\IRMS-operator,2026-02-13 16:43:39.582,2026-02-13 17:45:36.936,Success,False,SHP2L,,11.0,1.0,7.0,True,QC Standard,SHP2L,"0.002 V, 0.002 V, 0.002 V",35 µbar,72 °C,,1.622 V,9.5216 kV,516 µbar,Carbon Dioxide: 0.0216 kV,614 µbar,3.158 V,1.722 V,308 µbar/min,5.521 V,5.47E-008 mbar,100 %,697 µbar,µ-Volume,1.522 V,Pre,1.5542833424564342,1.6889209693108778,3.4607481183675755,2.2126777759658056,4.6197795952764,3.2395696960882607,-1.262457147577667,-6.591373747831142,-1.2161379908289736,0.0319007352469916,0.0079751838117479,-6.608753806163707,0.0418390452576102,0.0104597613144025,-1.0565958824078279,0.03406480438690361,-6.613093272419449,0.0418790383743693,c0b7deb51c05__Natan Pereira BTS coral series 6.xlsx,2026-02-13 16:43:39.582,739660.0,308.0,614.0,516.0,697.0,1.2896847342552762,,SHP2L,,SHP2L,,,OK,16.0,15.0,15.0,0.0,0.0,2.43855263409572,-1.5913233508326192,3.315175173561094,1.643568144936917,1.6716070286241769,4.426049598595187,2.153197688069873,2.272851910525313,-0.7160845192493377,-0.5126922156218394,-0.6894231590890176,2.308195380229676,15.0,True,-1.2130500470457273,-6.609912476719212,0.0304447490258318,0.0430409949363385,1.512533704813366,3.103857055645985,,-1.1488678998404438
12.0,GIRMS\IRMS-operator,2026-02-13 17:11:21.403,2026-02-13 18:22:26.966,Success,False,BTS,904,12.0,2.0,7.0,True,Unknown,,"0.001 V, 0.001 V, 0.001 V",35 µbar,72 °C,,19.099 V,9.5215 kV,550 µbar,Carbon Dioxide: 0.0215 kV,960 µbar,16.363 V,22.414 V,386 µbar/min,3.138 V,1.37E-007 mbar,16 %,911 µbar,µ-Volume,,Pre,15.9683842710974,17.315457370583694,17.68107226163594,22.80639398928265,23.628476151186035,16.574891334009386,-2.0520749785772896,-3.0650331498683903,-2.179353361387492,0.0659234615826574,0.0164808653956643,-3.09478130401896,0.0278986961009085,0.0069746740252271,-2.2174692436156134,0.06972349234931621,-3.093181707382368,0.027810832035072036,c0b7deb51c05__Natan Pereira BTS coral series 6.xlsx,2026-02-13 17:11:21.403,739660.0,386.0,960.0,550.0,911.0,12.163910768130485,,BTS,904,BTS,904,,OK,16.0,15.0,15.0,0.0,0.0,11.314969567399103,-0.2750158309936505,16.63986852437703,16.662905719582717,-0.0230371952056884,21.915319451051754,22.266271599489254,-0.3509521484375035,-0.2494853169780915,-0.0176080470197002,-0.0177644456165477,15.481250410509324,15.0,True,-2.187838586908171,-3.096764514295665,0.058498332877814,0.0276858771908453,15.3437424950125,15.618758326006152,,0.8489412007313817
13.0,GIRMS\IRMS-operator,2026-02-13 17:45:37.037,2026-02-13 19:04:03.392,Success,False,BTS,988,13.0,1.0,8.0,True,Unknown,,"0.001 V, 0.001 V, 0.002 V",32 µbar,72 °C,,14.623 V,9.5215 kV,35 µbar,Carbon Dioxide: 0.0215 kV,658 µbar,13.524 V,16.834 V,215 µbar/min,3.391 V,1.19E-007 mbar,22 %,875 µbar,µ-Volume,,Pre,13.238519908341116,14.36873545332824,14.53822126074706,18.893728285194715,19.42398610627778,13.624012948425955,-1.4530202184868113,-3.916261474474769,-1.5396560976510334,0.0469314183735453,0.0117328545933863,-3.954338226636142,0.0190639567006628,0.0049222924542991,-1.5010072338650786,0.04981926035915552,-3.955109705419353,0.019038420214559933,c0b7deb51c05__Natan Pereira BTS coral series 6.xlsx,2026-02-13 17:45:37.037,739660.0,215.0,658.0,35.0,875.0,10.195157331768607,,BTS,988,BTS,988,,OK,16.0,15.0,15.0,0.0,0.0,9.460733211724083,-0.1389980316162127,13.830431005200492,13.746045729359732,0.0843852758407592,18.184596925140696,18.36499038255341,-0.1803934574127197,-0.126969390273897,-0.0107913997974326,-0.010849942832877,12.81094598904485,15.0,True,-1.5454318229286486,-3.960880211333318,0.0422849262761366,0.0217167557525932,12.741446973236744,12.880445004852955,,0.7344241200445243
14.0,GIRMS\IRMS-operator,2026-02-13 18:22:27.085,2026-02-13 19:32:21.120,Success,False,BTS,351,14.0,2.0,8.0,True,Unknown,,"0.002 V, 0.002 V, 0.002 V",32 µbar,72 °C,,11.188 V,9.5211 kV,37 µbar,Carbon Dioxide: 0.0211 kV,814 µbar,10.884 V,12.690 V,269 µbar/min,13.129 V,1.05E-007 mbar,27 %,855 µbar,µ-Volume,,Pre,10.693268424258104,11.589253584576603,11.71564523382282,15.260954523011833,15.65008344642797,10.976156023026045,-3.1367543436888745,-3.9839084864405914,-3.202847856513598,0.0260197718907474,0.0067182762136653,-3.998124303269039,0.0132366117834755,0.0034176784665075,-3.2790159495204176,0.02775915514697042,-3.9951939932844964,0.013219403725124071,c0b7deb51c05__Natan Pereira BTS coral series 6.xlsx,2026-02-13 18:22:27.085,739660.0,269.0,814.0,37.0,855.0,8.349981142526136,,BTS,351,BTS,351,,OK,16.0,15.0,15.0,0.0,0.0,7.757555842211563,-0.0956952571868896,11.181498209668158,11.114100257588383,0.0673979520797729,14.723231220170648,14.846061491891534,-0.1228302717208862,-0.0875554062055186,-0.0091907490189864,-0.0092331789341017,10.364280587420335,15.0,True,-3.2028478565135985,-4.002634422621551,0.0260197718907475,0.0185185363582324,10.31643295882689,10.41212821601378,,0.5924253003145736
15.0,GIRMS\IRMS-operator,2026-02-13 19:04:03.554,2026-02-13 20:07:58.175,Success,False,BTS,973,15.0,1.0,9.0,True,Unknown,,"0.002 V, 0.002 V, 0.002 V",35 µbar,72 °C,,19.617 V,9.5210 kV,52 µbar,Carbon Dioxide: 0.0210 kV,"1,078 µbar",17.889 V,23.039 V,567 µbar/min,10.603 V,1.46E-007 mbar,14 %,911 µbar,µ-Volume,,Pre,17.429282566085835,18.886134028434757,19.321724772453308,24.866242068326628,25.823894994771635,18.117060562149067,-2.5535097706265164,-4.0162419048437314,-2.703426584407417,0.0556395408894071,0.0143660676836867,-4.058152053444647,0.0251405574941624,0.0062851393735406,-2.7424623110905206,0.059034628338949305,-4.056425883340868,0.025066664467790167,c0b7deb51c05__Natan Pereira BTS coral series 6.xlsx,2026-02-13 19:04:03.554,739660.0,567.0,1078.0,52.0,911.0,13.196268725606698,,BTS,973,BTS,973,,OK,16.0,15.0,15.0,0.0,0.0,12.25500298050638,-0.3167390823364258,18.12535524368286,18.178284168243408,-0.0529289245605468,23.863066094434416,24.293068903005278,-0.4300028085708582,-0.2870494355375868,-0.0185853363547896,-0.0187596636845295,16.88404907800295,15.0,True,-2.703426584407416,-4.060946063351375,0.0556395408894072,0.0233102622106733,16.725679536834736,17.042418619171162,,0.9412657451003188
16.0,GIRMS\IRMS-operator,2026-02-13 19:32:21.256,2026-02-13 20:44:00.268,Success,False,SHP2L,,16.0,2.0,9.0,True,QC Standard,SHP2L,"0.002 V, 0.002 V, 0.003 V",35 µbar,72 °C,,6.353 V,9.5208 kV,40 µbar,Carbon Dioxide: 0.0208 kV,811 µbar,5.894 V,7.011 V,220 µbar/min,17.092 V,7.23E-008 mbar,47 %,794 µbar,µ-Volume,,Pre,5.812157514460058,6.316866565711577,6.371338655902106,8.277657779658387,8.507456960010547,5.966405308713614,-0.7897369101934615,-6.087952212960213,-0.7991512367666672,0.0144203410243279,0.0037233160422569,-6.114223016479391,0.0261541637351263,0.006752976038675,-0.6289514629093921,0.01502586151494567,-6.1189753700053275,0.02617977654633967,c0b7deb51c05__Natan Pereira BTS coral series 6.xlsx,2026-02-13 19:32:21.256,739660.0,220.0,811.0,40.0,794.0,4.655101364830505,,SHP2L,,SHP2L,,,OK,16.0,15.0,15.0,0.0,0.0,4.384098994596707,-0.0687123252246788,6.120716264794919,6.087256905611352,0.033459359183567,8.020487012195606,8.127901252479171,-0.1074142402835658,-0.0626859515244521,-0.0120542966990684,-0.0121273902793749,5.66587894359578,15.0,True,-0.7970424039101645,-6.11142965252381,0.0178100122184395,0.0309569824320366,5.631522780983441,5.70023510620812,,0.2710023702337976
17.0,GIRMS\IRMS-operator,2026-02-13 20:07:58.304,2026-02-13 21:24:41.721,Success,False,BTS,959,17.0,1.0,10.0,True,Unknown,,"0.001 V, 0.001 V, 0.001 V",37 µbar,72 °C,,21.974 V,9.5212 kV,52 µbar,Carbon Dioxide: 0.0212 kV,"1,058 µbar",20.130 V,26.047 V,567 µbar/min,3.405 V,1.57E-007 mbar,13 %,938 µbar,µ-Volume,,Pre,19.569232501185137,21.20876112811649,21.78993621699893,27.92789759150737,29.124118108665883,20.436643995440203,-2.118766304612607,-3.496232599836002,-2.2774455138237504,0.0843975973299153,0.0210993993324788,-3.569444695695801,0.023746268754912,0.006131260228156,-2.3050241966665475,0.08932498764757381,-3.5681095859972034,0.0236225151698234,c0b7deb51c05__Natan Pereira BTS coral series 6.xlsx,2026-02-13 20:07:58.304,739660.0,567.0,1058.0,52.0,938.0,14.68308325700267,,BTS,959,BTS,959,,OK,16.0,15.0,15.0,0.0,0.0,13.64760143152738,-0.4252493381500244,20.3208158337363,20.446089895892975,-0.1252740621566772,26.75708355418438,27.32471348754162,-0.5676299333572388,-0.3839772161321716,-0.0221791153780075,-0.0224278300936704,18.96078828731795,15.0,True,-2.2880241277711595,-3.5694446956958004,0.0755865724065266,0.0237462687549121,18.748163618242938,19.17341295639296,,1.0354818254752889
18.0,GIRMS\IRMS-operator,2026-02-13 20:44:00.420,2026-02-13 21:56:12.631,Success,False,BTS,1048,18.0,2.0,10.0,True,Unknown,,"0.002 V, 0.002 V, 0.003 V",40 µbar,72 °C,,38.265 V,9.5207 kV,52 µbar,Carbon Dioxide: 0.0207 kV,946 µbar,22.745 V,47.842 V,254 µbar/min,19.193 V,1.72E-007 mbar,10 %,970 µbar,µ-Volume,34.034 V,Pre,37.38689949538966,40.46119989075971,24.77619291463208,48.98719006453417,33.11964386378191,23.244743848111824,-3.242342703557166,-84.9392528512597,-3.1410152010280115,0.1083005043283579,0.0270751260820894,-6.392801788552334,7.843875999312046,2.0252800743367745,-3.1165322825842168,0.2720764321253854,-6.392573255722586,7.85214349622524,c0b7deb51c05__Natan Pereira BTS coral series 6.xlsx,2026-02-13 20:44:00.420,739660.0,254.0,946.0,52.0,970.0,26.435745561387733,,BTS,1048,BTS,1048,,Partially Saturated Collectors,16.0,15.0,14.0,0.0,1.0,15.320963562193644,13.685494661331171,38.35925699391675,23.19179714837384,15.167459845542911,47.94840031538867,29.074917372807484,18.873482942581184,20.587617820896924,0.629082572027479,0.4785567244792522,28.597434664037426,14.0,True,-3.274850631086124,-4.519016613627969,0.1085565164238908,0.10360042810557,35.44018199470301,21.75468733337184,,11.11478199919409
19.0,GIRMS\IRMS-operator,2026-02-13 21:24:41.844,2026-02-13 22:30:39.131,Success,False,BTS,913,19.0,1.0,11.0,True,Unknown,,"0.002 V, 0.002 V, 0.003 V",42 µbar,72 °C,,20.163 V,9.5207 kV,521 µbar,Carbon Dioxide: 0.0207 kV,"1,063 µbar",19.898 V,23.735 V,557 µbar/min,21.515 V,1.56E-007 mbar,11 %,960 µbar,µ-Volume,,Pre,19.520176473485524,21.144889511671288,21.625377454366905,27.86697108543672,28.902557084925544,20.283428850995595,-2.5759664624646077,-3.0550848725429125,-2.77642988827056,0.0667640517159571,0.0172384040280821,-3.096269997772127,0.0260159766896354,0.0065039941724088,-2.856199924551839,0.07065237652240361,-3.0933530415965453,0.025881267699273288,c0b7deb51c05__Natan Pereira BTS coral series 6.xlsx,2026-02-13 21:24:41.844,739660.0,557.0,1063.0,521.0,960.0,14.674674798127663,,BTS,913,BTS,913,,OK,16.0,15.0,15.0,0.0,0.0,13.563848166882721,-0.3290325403213501,20.266913094129784,20.29966584643386,-0.0327527523040771,26.708480308421034,27.126815507777117,-0.4183351993560791,-0.2985859688883255,-0.0172839601310987,-0.0174346298547537,18.87235594116359,15.0,True,-2.77642988827056,-3.0990156727874085,0.0667640517159574,0.0244118971833196,18.707839671002915,19.036872211324265,,1.110826631244942
20.0,GIRMS\IRMS-operator,2026-02-13 21:56:12.768,2026-02-13 23:04:47.312,Success,False,BTS,967,20.0,2.0,11.0,True,Unknown,,"0.002 V, 0.002 V, 0.003 V",42 µbar,72 °C,,24.864 V,9.5209 kV,355 µbar,Carbon Dioxide: 0.0209 kV,"1,078 µbar",20.307 V,29.710 V,474 µbar/min,18.907 V,1.57E-007 mbar,10 %,970 µbar,µ-Volume,22.534 V,Pre,24.23204816942963,26.265708626604034,22.146819056367832,34.56963355546695,29.59871048932773,20.773354545886843,-1.8898251881878103,-3.703730773891967,-1.9351460030690992,0.0300540502086504,0.0075135125521626,-3.69628908718395,0.0226361863358459,0.0058446381800252,-1.934019214920868,0.03164385356095082,-3.695878580862089,0.02263531772982883,c0b7deb51c05__Natan Pereira BTS coral series 6.xlsx,2026-02-13 21:56:12.768,739660.0,474.0,1078.0,355.0,970.0,17.885801010485025,,BTS,967,BTS,967,,OK,16.0,15.0,15.0,0.0,0.0,13.86373297762008,3.6638677120208776,25.09684664139743,20.77886265645023,4.317983984947201,33.029181313569374,27.76822204595309,5.260959267616279,4.019418412814079,0.1880122877993012,0.1718567019460422,21.31931819086823,15.0,True,-1.938167390727852,-3.692011811405852,0.028482803078462,0.0268070102154838,23.151252046878668,19.48738433485779,,4.022068032864945
21.0,GIRMS\IRMS-operator,2026-02-13 22:30:39.267,2026-02-13 23:46:59.565,Success,False,SHP2L,,21.0,1.0,12.0,True,QC Standard,SHP2L,"0.002 V, 0.001 V, 0.002 V",42 µbar,73 °C,,0.013 V,9.5215 kV,42 µbar,Carbon Dioxide: 0.0215 kV,816 µbar,3.268 V,0.013 V,249 µbar/min,3.398 V,4.62E-008 mbar,100 %,49 µbar,µ-Volume,0.016 V,Pre,0.0135414846653665,0.0145458413286614,3.579126177461628,0.0190589545159489,4.777802331030966,3.3513469186997726,-12.49860136982106,-17.583533199057367,-12.45257975227588,0.9333869625536396,0.2333467406384099,-17.433611423633362,1.2318273934104265,0.3079568483526066,-12.677388210909253,0.9740567804749086,-17.42434633089014,1.231998646116004,c0b7deb51c05__Natan Pereira BTS coral series 6.xlsx,2026-02-13 22:30:39.267,739660.0,249.0,816.0,42.0,49.0,0.011803812470911836,,SHP2L,,SHP2L,,,Failed Sample,16.0,15.0,15.0,0.0,0.0,2.5140907392653413,-3.189566598431828,3.4202017048858195,0.0140411712869837,3.406160533598836,4.565639800286919,0.018383446756999,4.54725635352992,-0.0120204361721345,-0.9959188171630338,-1.98374162206512,1.6078538469699584,15.0,True,,,,,0.0130705477540444,3.2026371461858725,,-2.5022869267944294
22.0,GIRMS\IRMS-operator,2026-02-13 23:04:47.448,2026-02-14 00:17:48.783,Success,False,BTS,947,22.0,2.0,12.0,True,Unknown,,"0.001 V, 0.001 V, 0.002 V",45 µbar,72 °C,,33.817 V,9.5216 kV,57 µbar,Carbon Dioxide: 0.0216 kV,"1,168 µbar",23.915 V,41.847 V,669 µbar/min,3.250 V,1.78E-007 mbar,10 %,980 µbar,µ-Volume,29.716 V,Pre,32.55892947671433,35.23835484246432,26.025548021594872,46.43730046583667,34.78587391211047,24.417888674712376,-3.138974153228946,-3.79026873666144,-3.160472204413015,0.0457350405173055,0.0118087366841097,-3.721282289120601,0.0638290962333429,0.0159572740583357,-3.2438802333458088,0.04753186529032469,-3.7181628077814635,0.06380953980676429,c0b7deb51c05__Natan Pereira BTS coral series 6.xlsx,2026-02-13 23:04:47.448,739660.0,669.0,1168.0,57.0,980.0,23.326338570392323,,BTS,947,BTS,947,,OK,16.0,15.0,15.0,0.0,0.0,16.004134289057966,8.109629154205322,33.484085838596215,24.33058563927828,9.153500199317936,44.121987841859,32.51744034124866,11.604547500610344,10.149459251177896,0.3553123915084191,0.3017114780947298,26.878755841231538,15.0,True,-3.152196032512008,-3.716683192617879,0.0591640072354033,0.0632658210679101,30.9335704183342,22.82394126412888,,7.322204281334358
23.0,GIRMS\IRMS-operator,2026-02-13 23:46:59.736,2026-02-14 00:55:10.502,Success,False,BTS,970,23.0,1.0,13.0,True,Unknown,,"0.002 V, 0.002 V, 0.003 V",37 µbar,73 °C,,33.188 V,9.5212 kV,54 µbar,Carbon Dioxide: 0.0212 kV,"1,080 µbar",22.497 V,40.824 V,449 µbar/min,22.574 V,1.71E-007 mbar,10 %,"1,009 µbar",µ-Volume,29.727 V,Pre,32.390757866765284,35.07215311647527,24.505545998822377,46.193381938840126,32.751849088574616,22.98851258363845,-2.828324732467191,-3.943408231463441,-2.8102984229888484,0.0558542553427998,0.0144215067171653,-3.842949551181689,0.0714193757232256,0.0178548439308064,-2.8646401284443845,0.05750453495855085,-3.8407516389002625,0.07136227848585219,c0b7deb51c05__Natan Pereira BTS coral series 6.xlsx,2026-02-13 23:46:59.736,739660.0,449.0,1080.0,54.0,1009.0,23.245934799875037,,BTS,970,BTS,970,,OK,16.0,15.0,15.0,0.0,0.0,15.18360083560761,9.26722586154938,33.34327569128148,22.947674299489183,10.395601391792294,43.91541162481424,30.66692331781504,13.2484883069992,12.24215555025437,0.4305585757654427,0.3542877592487968,26.15734136905791,15.0,True,-2.798906506796535,-3.836252305829572,0.068016831953265,0.0685284954061764,30.7909542998326,21.52372843828322,,8.062333964267427
24.0,GIRMS\IRMS-operator,2026-02-14 00:17:48.921,2026-02-14 01:32:25.645,Success,False,BTS,378,24.0,2.0,13.0,True,Unknown,,"0.002 V, 0.002 V, 0.003 V",42 µbar,72 °C,,9.479 V,9.5214 kV,49 µbar,Carbon Dioxide: 0.0214 kV,990 µbar,8.813 V,10.666 V,327 µbar/min,21.310 V,8.81E-008 mbar,31 %,872 µbar,µ-Volume,,Pre,8.691878420512579,9.427898806813758,9.474231903613196,12.441392845317552,12.651022380992604,8.874635029767141,-2.4991210851483814,-0.8242398380606808,-2.555498573454725,0.0161359065074157,0.0041662731452787,-0.8178884603980656,0.0145796065453916,0.0038965637519158,-2.7042256061057626,0.017081611786385016,-0.8130042071843471,0.01459470355975987,c0b7deb51c05__Natan Pereira BTS coral series 6.xlsx,2026-02-14 00:17:48.921,739661.0,327.0,990.0,49.0,872.0,6.855749812488503,,BTS,378,BTS,378,,OK,16.0,15.0,15.0,0.0,0.0,6.376225149085199,-0.0368718416236308,9.119563979390662,9.0153303568397,0.1042336225509625,12.03456428680415,12.037809795543383,-0.0032455087392335,-0.0338997782133088,-0.0043664406002898,-0.0043759943600098,8.425934448313026,15.0,True,-2.555498573454725,-0.8173988392284743,0.0161359065074158,0.0211273535080049,8.407498527501211,8.444370369124842,,0.47952466340330346
25.0,GIRMS\IRMS-operator,2026-02-14 00:55:10.761,2026-02-14 02:12:14.819,Success,False,BTS,914,25.0,1.0,14.0,True,Unknown,,"0.001 V, 0.001 V, 0.001 V",42 µbar,72 °C,,22.777 V,9.5220 kV,47 µbar,Carbon Dioxide: 0.0220 kV,"1,004 µbar",20.727 V,27.013 V,474 µbar/min,3.395 V,1.60E-007 mbar,12 %,951 µbar,µ-Volume,,Pre,20.18814697445372,21.86421803049127,22.460100565472043,28.808435576356977,30.016219394601908,21.065780665287765,-2.781984145016625,-3.452776031017013,-2.93125006334552,0.0773764849403535,0.0193441212350883,-3.5175357518891217,0.0326897778233527,0.0081724444558381,-3.006364916196567,0.08172264712617815,-3.5146938748628203,0.03257011703290988,c0b7deb51c05__Natan Pereira BTS coral series 6.xlsx,2026-02-14 00:55:10.761,739661.0,474.0,1004.0,47.0,951.0,14.96186287892117,,BTS,914,BTS,914,,OK,16.0,15.0,15.0,0.0,0.0,14.043996783503477,-0.4305094480514491,20.935145531216065,21.06928578428308,-0.1341402530670166,27.581518667139143,28.1551537684575,-0.5736351013183558,-0.3888821369886792,-0.0217884030793533,-0.0220283847423298,19.54339608133772,15.0,True,-2.941201124567445,-3.5218530666139296,0.068682050919782,0.0287301659139124,19.328141357312,19.758650805363445,,0.9178660954176934
26.0,GIRMS\IRMS-operator,2026-02-14 01:32:25.772,2026-02-14 02:44:56.566,Success,False,SHP2L,,26.0,2.0,14.0,True,QC Standard,SHP2L,"0.002 V, 0.002 V, 0.003 V",37 µbar,72 °C,,7.138 V,9.5215 kV,47 µbar,Carbon Dioxide: 0.0215 kV,960 µbar,6.638 V,7.913 V,239 µbar/min,19.784 V,7.60E-008 mbar,44 %,858 µbar,µ-Volume,,Pre,6.526917223072076,7.09286667531365,7.175277675854599,9.292674418351762,9.579745014979382,6.71979766962011,-0.8142731175403428,-6.179803136520223,-0.860835184858481,0.0205958019088565,0.0053178131863192,-6.172580056391393,0.016018960785729,0.0041360778897785,-0.6927258271392178,0.02197413946103802,-6.177244488771409,0.016016302014325398,c0b7deb51c05__Natan Pereira BTS coral series 6.xlsx,2026-02-14 01:32:25.772,739661.0,239.0,960.0,47.0,858.0,5.201466533905069,,SHP2L,,SHP2L,,,OK,16.0,15.0,15.0,0.0,0.0,4.9103757258952605,-0.0957464664077649,6.867233292516409,6.849977747853933,0.0172555446624755,8.997208634890665,9.145028153933634,-0.1478195190429687,-0.0870952556496428,-0.0149251235723986,-0.0150373406561452,6.367247281096644,15.0,True,-0.8684548339957208,-6.169210521615068,0.0231260851951945,0.0193587142475177,6.319374047892761,6.415120514300526,,0.2910908080098089
27.0,GIRMS\IRMS-operator,2026-02-14 02:12:14.982,2026-02-14 03:19:41.180,Success,False,BTS,985,27.0,1.0,15.0,True,Unknown,,"0.002 V, 0.002 V, 0.002 V",40 µbar,73 °C,,1.623 V,9.5219 kV,47 µbar,Carbon Dioxide: 0.0219 kV,980 µbar,3.063 V,1.729 V,327 µbar/min,6.536 V,4.47E-008 mbar,100 %,560 µbar,µ-Volume,1.525 V,Pre,1.555987738879852,1.6893437666093,3.3387004798925264,2.225194691683333,4.456890274220116,3.1261503663529404,-1.9183495518180216,-1.7982775244285154,-1.9600496697788357,0.0413429317083857,0.0103357329270964,-1.8240033764323444,0.0346645598723658,0.0089503508726188,-2.0296304967520817,0.044452306324569285,-1.8215348466945243,0.0347193072646094,c0b7deb51c05__Natan Pereira BTS coral series 6.xlsx,2026-02-14 02:12:14.982,739661.0,327.0,980.0,47.0,560.0,1.2914872067686116,,BTS,985,BTS,985,,OK,16.0,15.0,15.0,0.0,0.0,2.3587124154911034,-1.4816239876348762,3.199937468993185,1.644457015844912,1.5554804531482729,4.27148565109432,2.1660101060650856,2.1054755450292344,-0.6916322579717459,-0.4944841935613973,-0.6568967146630396,2.255490025391415,15.0,True,-1.9628296776428893,-1.8318449329879656,0.0412169725268044,0.041130301819159,1.514678031573977,2.996302019208853,,-1.0672252087224918
28.0,GIRMS\IRMS-operator,2026-02-14 02:44:56.759,2026-02-14 03:55:48.540,Success,False,BTS,858,28.0,2.0,15.0,True,Unknown,,"0.001 V, 0.001 V, 0.002 V",42 µbar,72 °C,,12.517 V,9.5219 kV,47 µbar,Carbon Dioxide: 0.0219 kV,"1,019 µbar",11.505 V,14.295 V,366 µbar/min,3.044 V,1.05E-007 mbar,24 %,909 µbar,µ-Volume,,Pre,11.236223467375977,12.192636575871884,12.371822868342536,16.03107536990856,16.52233685214733,11.591589727894114,-1.8637852234487664,-3.967586265610668,-1.9062436782409309,0.0291595649237528,0.0072898912309382,-3.978570988830282,0.0215103474492661,0.0053775868623165,-1.8925069682393032,0.030755749331518336,-3.978536125656566,0.02149612534752548,c0b7deb51c05__Natan Pereira BTS coral series 6.xlsx,2026-02-14 02:44:56.759,739661.0,366.0,1019.0,47.0,909.0,8.7179409258658,,BTS,858,BTS,858,,OK,16.0,15.0,15.0,0.0,0.0,8.162408594389904,-0.158149968338753,11.751723322091513,11.72762814444106,0.0240951776504516,15.451017868115652,15.661437165333975,-0.2104192972183227,-0.1439378603798707,-0.014393786037987,-0.0144981275106569,10.908303035857788,15.0,True,-1.9090742418937412,-3.97930330371159,0.0278148234578907,0.0220579064061746,10.829228051688412,10.987378020027164,,0.5555323314758969
29.0,GIRMS\IRMS-operator,2026-02-14 03:19:41.290,2026-02-14 04:39:10.756,Success,False,BTS,907,29.0,1.0,16.0,True,Unknown,,"0.001 V, 0.001 V, 0.001 V",37 µbar,72 °C,,25.559 V,9.5222 kV,57 µbar,Carbon Dioxide: 0.0222 kV,"1,146 µbar",24.193 V,30.710 V,454 µbar/min,3.402 V,1.77E-007 mbar,10 %,990 µbar,µ-Volume,,Pre,23.86417690128363,25.85718370342858,26.26957333946831,34.03205014203689,35.11385954354903,24.64763525337256,-1.965607169436612,-3.939135207961408,-2.157620763761544,0.0763592860752438,0.0197158828865138,-3.9939449586583184,0.0297312254896245,0.0074328063724061,-2.1607822216946686,0.08081211984501713,-3.993386728695973,0.029579307967280196,c0b7deb51c05__Natan Pereira BTS coral series 6.xlsx,2026-02-14 03:19:41.290,739661.0,454.0,1146.0,57.0,990.0,17.537241647246255,,BTS,907,BTS,907,,OK,16.0,15.0,15.0,0.0,0.0,16.127815465461367,-0.2346187829971313,24.698648222929307,24.54531527424461,0.1533329486846923,32.505426177727195,32.8074578139653,-0.3020316362381052,-0.2144458286286654,-0.0101888888488929,-0.0102410613668738,22.90961596578635,15.0,True,-2.1576207637615434,-3.997598942038112,0.0763592860752438,0.0267992588479193,22.792306574287785,23.02692535728492,,1.4094261817848874
30.0,GIRMS\IRMS-operator,2026-02-14 03:55:48.748,2026-02-14 05:13:51.049,Success,False,BTS,941,30.0,2.0,16.0,True,Unknown,,"0.002 V, 0.002 V, 0.003 V",42 µbar,72 °C,,12.271 V,9.5216 kV,52 µbar,Carbon Dioxide: 0.0216 kV,"1,102 µbar",11.609 V,13.946 V,317 µbar/min,22.805 V,1.06E-007 mbar,24 %,933 µbar,µ-Volume,,Pre,11.446464914540996,12.415627952401495,12.480221904635416,16.330511816899364,16.666875728528087,11.693958300809614,-2.2274366166820103,-3.9218935042723,-2.2735995129421336,0.0226411794747858,0.0058459274029559,-3.957229027558989,0.0204968840709458,0.0051242210177364,-2.286408115134616,0.023980861109666823,-3.9563348882001095,0.020497797034197806,c0b7deb51c05__Natan Pereira BTS coral series 6.xlsx,2026-02-14 03:55:48.748,739661.0,317.0,1102.0,52.0,933.0,8.890590867330182,,BTS,941,BTS,941,,OK,16.0,15.0,15.0,0.0,0.0,8.229855995183756,-0.0513494014740008,11.968322314143167,11.831261433482158,0.1370608806610107,15.741379507939405,15.799166211049144,-0.0577867031097394,-0.0471977593892324,-0.004632409954176,-0.004643164474842,11.059139031629314,15.0,True,-2.2803962375241555,-3.959584729111435,0.0230915491927365,0.018841433628082,11.033464330892317,11.084813732366316,,0.6607348721464259
31.0,GIRMS\IRMS-operator,2026-02-14 04:39:10.877,2026-02-14 05:49:04.627,Success,False,SHP2L,,31.0,1.0,17.0,True,QC Standard,SHP2L,"0.002 V, 0.002 V, 0.002 V",42 µbar,72 °C,,0.019 V,9.5220 kV,54 µbar,Carbon Dioxide: 0.0220 kV,"1,104 µbar",3.013 V,0.018 V,630 µbar/min,11.274 V,4.42E-008 mbar,100 %,67 µbar,µ-Volume,0.024 V,Pre,0.0185871452645053,0.0199730534058833,3.306110438315024,0.0261994235830509,4.413240128179362,3.0958339311370686,-12.109478637578718,-16.026077770281866,-11.537181227245307,0.6632161614157042,0.165804040353926,-16.870735270543225,0.6961693964913674,0.1740423491228418,-11.718876442775668,0.6993104721681898,-16.862913524136996,0.6963051309137055,c0b7deb51c05__Natan Pereira BTS coral series 6.xlsx,2026-02-14 04:39:10.877,739661.0,630.0,1104.0,54.0,67.0,0.016122210870125053,,SHP2L,,SHP2L,,,Failed Sample,16.0,15.0,15.0,0.0,0.0,2.328670055886585,-2.941678655457206,3.1606569883426427,0.0193064867311502,3.1413505016114924,4.218699943424954,0.0252836274805062,4.193416315944448,-0.0164875619966245,-0.993930418995747,-1.9758681462242629,1.4888031172922829,15.0,True,,,,,0.0179637895636799,2.9596424450208856,,-2.31254784501646
32.0,GIRMS\IRMS-operator,2026-02-14 05:13:51.197,2026-02-14 06:24:41.398,Success,False,BTS,990,32.0,2.0,17.0,True,Unknown,,"0.001 V, 0.001 V, 0.001 V",45 µbar,73 °C,,11.508 V,9.5223 kV,42 µbar,Carbon Dioxide: 0.0223 kV,711 µbar,10.573 V,13.081 V,161 µbar/min,2.999 V,9.82E-008 mbar,26 %,902 µbar,µ-Volume,,Pre,10.334281601428206,11.22098388229319,11.396400351867165,14.747497474473066,15.218731796067306,10.677455343722515,-1.2492383894787684,-3.694320873024126,-1.3157210911602564,0.0220166997398239,0.0056846874287191,-3.7281445709920944,0.0260349165590688,0.0067221865502115,-1.2696571404122652,0.023296508674246572,-3.729180162189742,0.026026414019227458,c0b7deb51c05__Natan Pereira BTS coral series 6.xlsx,2026-02-14 05:13:51.197,739661.0,161.0,711.0,42.0,902.0,8.02204307999747,,BTS,990,BTS,990,,OK,16.0,15.0,15.0,0.0,0.0,7.565165363619623,-0.1673746027773948,10.820161651459232,10.81480803047129,0.0053536209879414,14.220413600724283,14.441368018906662,-0.2209544181823766,-0.1520050206673042,-0.0165192290271615,-0.0166568078389379,10.04842010520948,15.0,True,-1.3157210911602564,-3.734901631059977,0.0220166997398239,0.0295455149080031,9.964732803820784,10.13210740659818,,0.45687771637784724
33.0,GIRMS\IRMS-operator,2026-02-14 05:49:04.781,2026-02-14 07:08:05.178,Success,False,BTS,830,33.0,1.0,18.0,True,Unknown,,"0.001 V, 0.001 V, 0.001 V",37 µbar,73 °C,,6.599 V,9.5223 kV,52 µbar,Carbon Dioxide: 0.0223 kV,"1,112 µbar",5.996 V,7.286 V,518 µbar/min,3.408 V,6.65E-008 mbar,51 %,846 µbar,µ-Volume,,Pre,5.87739528522194,6.382539518398552,6.473987857433263,8.386514803174517,8.642433526423543,6.062855137440569,-1.547246098185906,-3.898193055141719,-1.5670156612670905,0.02229181724967,0.0057557224643114,-3.905098622464005,0.0131050649559566,0.0035024759354719,-1.5322265763642633,0.02403438632437779,-3.9057780413208465,0.01311739032703805,c0b7deb51c05__Natan Pereira BTS coral series 6.xlsx,2026-02-14 05:49:04.781,739661.0,518.0,1112.0,52.0,846.0,4.696855452188206,,BTS,830,BTS,830,,OK,16.0,15.0,15.0,0.0,0.0,4.453517049169285,-0.0996738672256469,6.1809419008654585,6.18368371191033,-0.0027418110448715,8.121042393488148,8.254735484219681,-0.1336930907315334,-0.0904572992560222,-0.0172120839199921,-0.0173614976976666,5.74108691320122,15.0,True,-1.561507591826102,-3.905153044704994,0.0344288806290698,0.0208479386752103,5.691249979588396,5.790923846814043,,0.24333840301892096
34.0,GIRMS\IRMS-operator,2026-02-14 06:24:41.533,2026-02-14 07:40:06.357,Success,False,BTS,910,34.0,2.0,18.0,True,Unknown,,"0.002 V, 0.002 V, 0.002 V",42 µbar,72 °C,,0.015 V,9.5223 kV,45 µbar,Carbon Dioxide: 0.0223 kV,"1,021 µbar",3.223 V,0.015 V,410 µbar/min,5.898 V,4.51E-008 mbar,100 %,54 µbar,µ-Volume,0.019 V,Pre,0.0150894409604557,0.0161777228315996,3.536022948921892,0.0212067015417023,4.720128477555689,3.311012686384117,-14.355717623266928,-18.94118319605509,-13.480360891931229,0.5079741143844425,0.1269935285961106,-17.60009252548498,0.7382182142941573,0.1906071233218833,-13.765593989522715,0.5322561937026493,-17.58867621106411,0.7383760158378812,c0b7deb51c05__Natan Pereira BTS coral series 6.xlsx,2026-02-14 06:24:41.533,739661.0,410.0,1021.0,45.0,54.0,0.013137002756306053,,BTS,910,BTS,910,,Failed Sample,16.0,15.0,15.0,0.0,0.0,2.4839709457355843,-3.148784639670477,3.3781193449477813,0.0156329000750126,3.3624864448727685,4.509148117503611,0.0205024250749978,4.488645692428613,-0.0134013755828067,-0.995391029587602,-1.9816486989539583,1.5889721731872095,15.0,True,,,,,0.0145798533519706,3.1633644930224483,,-2.470833942979278
35.0,GIRMS\IRMS-operator,2026-02-14 07:08:05.349,2026-02-14 08:14:45.957,Success,False,BTS,811,35.0,1.0,19.0,True,Unknown,,"0.001 V, 0.001 V, 0.001 V",45 µbar,72 °C,,11.835 V,9.5224 kV,47 µbar,Carbon Dioxide: 0.0224 kV,"1,038 µbar",10.845 V,13.507 V,420 µbar/min,3.204 V,9.86E-008 mbar,27 %,904 µbar,µ-Volume,,Pre,10.596674713666868,11.491500518370794,11.634253642607852,15.129407061902937,15.536119355527816,10.900568995054195,-2.482577574151379,-3.171841691818167,-2.565569003816548,0.029211504156599,0.0075423779410784,-3.22076063030088,0.0146644621490883,0.003919242365943,-2.6259458124660457,0.031114863746019038,-3.2184282554590777,0.014672714666912643,c0b7deb51c05__Natan Pereira BTS coral series 6.xlsx,2026-02-14 07:08:05.349,739661.0,420.0,1038.0,47.0,904.0,8.2424580596685,,BTS,811,BTS,811,,OK,16.0,15.0,15.0,0.0,0.0,7.711544394754587,-0.1229791660507544,11.081051888630627,11.037700555373355,0.0433513332572701,14.588792933790144,14.738788022367416,-0.1499950885772705,-0.1122117388772067,-0.0118923803107637,-0.0119635176617075,10.279515567932192,15.0,True,-2.565569003816548,-3.223999239931596,0.0292115041565989,0.0188948372446437,10.218025984906816,10.34100515095757,,0.5309136649139132
36.0,GIRMS\IRMS-operator,2026-02-14 07:40:06.508,2026-02-14 07:53:07.940,Error,False,SHP2L,,36.0,2.0,19.0,True,QC Standard,SHP2L,"0.001 V, 0.001 V, 0.001 V",,,,,,,,,,,,,,,,,,Pre,,,,,,,,,,,,,,,,,,,c0b7deb51c05__Natan Pereira BTS coral series 6.xlsx,2026-02-14 07:40:06.508,739661.0,,,,,,,SHP2L,,SHP2L,,,Failed Sample,0.0,0.0,0.0,0.0,0.0,,,,,,,,,,,,,0.0,True,,,,,,,,
37.0,GIRMS\IRMS-operator,2026-02-14 19:52:46.040,2026-02-14 19:52:46.078,Error,False,BTS,831,37.0,1.0,20.0,True,Unknown,,"0.001 V, 0.001 V, 0.001 V",,,,,,,,,,,,,,,,,,Pre,,,,,,,,,,,,,,,,,,,c0b7deb51c05__Natan Pereira BTS coral series 6.xlsx,2026-02-14 19:52:46.040,739661.0,,,,,,,BTS,831,BTS,831,,Failed Sample,0.0,0.0,0.0,0.0,0.0,,,,,,,,,,,,,0.0,True,,,,,,,,
38.0,GIRMS\IRMS-operator,2026-02-14 22:11:56.551,2026-02-14 22:11:56.585,Error,False,BTS,927,38.0,2.0,20.0,True,Unknown,,"0.001 V, 0.001 V, 0.001 V",,,,,,,,,,,,,,,,,,Pre,,,,,,,,,,,,,,,,,,,c0b7deb51c05__Natan Pereira BTS coral series 6.xlsx,2026-02-14 22:11:56.551,739661.0,,,,,,,BTS,927,BTS,927,,Failed Sample,0.0,0.0,0.0,0.0,0.0,,,,,,,,,,,,,0.0,True,,,,,,,,
39.0,GIRMS\IRMS-operator,2026-02-16 16:03:14.982,2026-02-16 16:03:15.013,Error,False,BTS,869,39.0,1.0,21.0,True,Unknown,,"0.001 V, 0.001 V, 0.001 V",,,,,,,,,,,,,,,,,,Pre,,,,,,,,,,,,,,,,,,,c0b7deb51c05__Natan Pereira BTS coral series 6.xlsx,2026-02-16 16:03:14.982,739663.0,,,,,,,BTS,869,BTS,869,,Failed Sample,0.0,0.0,0.0,0.0,0.0,,,,,,,,,,,,,0.0,True,,,,,,,,
1.0,GIRMS\IRMS-operator,2026-03-04 16:34:38.693,2026-03-04 17:39:45.075,Running,False,BTS,356,,2.0,7.0,True,Unknown,,"0.002 V, 0.001 V, 0.002 V",35 µbar,72 °C,,10.943 V,9.5221 kV,54 µbar,Carbon Dioxide: 0.0221 kV,"1,041 µbar",10.416 V,12.386 V,440 µbar/min,3.300 V,1.05E-007 mbar,20 %,880 µbar,µ-Volume,,Pre,10.276540878799317,11.14637903046833,11.186448252918584,14.672547578811646,14.939844608306885,10.481159001896083,-2.2872395008219915,-3.26221620917555,-2.3843949540403773,0.0305235163774084,0.0078811380398261,-3.272360916232575,0.0146966242582937,0.0037946520665226,-2.4301703197567193,0.03240110976697762,-3.2705042821695876,0.014669049928170244,221779fac78b__Natan Pereira BTS coral series 11.xlsx,2026-03-04 16:34:38.693,739679.0,440.0,1041.0,54.0,880.0,8.073788593001728,,BTS,356,BTS,356,,OK,16.0,15.0,15.0,0.0,0.0,7.430700696675985,-0.0242441892623919,10.765520251514776,10.619478266051152,0.1460419854636256,14.170825481414797,14.18203115463257,-0.0112056732177752,-0.0452501237325529,-0.0024367790115695,-0.0024397515792905,9.937154859611688,15.0,True,-2.384394954040377,-3.2757068856099787,0.0305235163774084,0.0176404803450066,9.925032764980491,9.949276954242883,,0.6430878963257429
2.0,GIRMS\IRMS-operator,2026-03-04 17:10:51.558,2026-03-04 18:06:31.445,Running,False,BTS,394,,1.0,8.0,True,Unknown,,"0.002 V, 0.002 V, 0.002 V",49 µbar,72 °C,,8.622 V,9.5217 kV,81 µbar,Carbon Dioxide: 0.0217 kV,"1,253 µbar",7.982 V,9.637 V,"1,026 µbar/min",10.185 V,8.85E-008 mbar,28 %,892 µbar,µ-Volume,,Pre,7.83746154342237,8.505489120181759,8.587281515971483,11.185536427193806,11.465797466927697,8.043701567371421,-2.024569584426872,-3.690177673093875,-2.061007999601336,0.0182761640535916,0.0045690410133979,-3.690344730378013,0.0157657011651783,0.0039414252912945,-2.0713826236716355,0.01702333483732211,-3.6896514913588865,0.015775034895942463,221779fac78b__Natan Pereira BTS coral series 11.xlsx,2026-03-04 17:10:51.558,739679.0,1026.0,1253.0,81.0,892.0,6.205493341142023,,BTS,394,BTS,394,,OK,16.0,15.0,15.0,0.0,0.0,5.805137271838001,-0.078804458376033,8.22657777506774,8.177731768674308,0.0488460063934326,10.819255088035607,10.91809038608663,-0.0988352980510214,-0.1459254423677192,-0.010288643849261,-0.0103418456324894,7.619960805493461,15.0,True,-2.0634372272796333,-3.6903558675302888,0.0160222998183897,0.0163189859404993,7.580558576305444,7.659363034681477,,0.40035606930402157
3.0,GIRMS\IRMS-operator,2026-03-04 17:39:45.220,2026-03-04 18:44:12.872,Running,False,BTS,353,,2.0,8.0,True,Unknown,,"0.002 V, 0.002 V, 0.002 V",42 µbar,72 °C,,14.363 V,9.5217 kV,67 µbar,Carbon Dioxide: 0.0217 kV,"1,119 µbar",13.143 V,16.455 V,552 µbar/min,7.820 V,1.21E-007 mbar,12 %,929 µbar,µ-Volume,,Pre,13.047123582611537,14.145504509883972,14.11552337356195,18.61727087689955,18.855629851356337,13.230154545555568,-2.398992977057812,-3.714614952966655,-2.497462398111128,0.0478646749984369,0.0123586059427051,-3.729746971008391,0.0159028678243034,0.0039757169560758,-2.534365644716556,0.05076850860722147,-3.728137890424747,0.01586049754519775,221779fac78b__Natan Pereira BTS coral series 11.xlsx,2026-03-04 17:39:45.220,739679.0,552.0,1119.0,67.0,929.0,10.143057602932997,,BTS,353,BTS,353,,OK,16.0,15.0,15.0,0.0,0.0,9.2028665690212,0.0649839639663714,13.639699494320007,13.353954827266785,0.2857446670532226,17.95007138444502,17.836256315246413,0.1138150691986084,0.1222157518420801,0.0051926579568366,0.005179211021177,12.54707786584899,15.0,True,-2.491570647981786,-3.730755772211173,0.063678190602595,0.0159222999674368,12.579569847832175,12.514585883865806,,0.9401910339117965
4.0,GIRMS\IRMS-operator,2026-03-04 18:06:31.538,2026-03-04 19:16:15.952,Running,False,BTS,341,,1.0,9.0,True,Unknown,,"0.002 V, 0.002 V, 0.002 V",54 µbar,72 °C,,10.129 V,9.5216 kV,79 µbar,Carbon Dioxide: 0.0216 kV,"1,253 µbar",9.277 V,11.417 V,845 µbar/min,12.706 V,9.58E-008 mbar,21 %,933 µbar,µ-Volume,,Pre,9.10264055898697,9.87682129411303,9.993159551834422,12.988662986253525,13.343653349374556,9.361926258026385,-2.0251939711497524,-3.7958578331251935,-2.107157743129396,0.018971214352804,0.0048983464830494,-3.8117291269324167,0.0218539858171812,0.0056426748745464,-2.1134884734884967,0.020004183663518076,-3.811076582392991,0.02185737894127915,221779fac78b__Natan Pereira BTS coral series 11.xlsx,2026-03-04 18:06:31.538,739679.0,845.0,1253.0,79.0,933.0,7.165782371889278,,BTS,341,BTS,341,,OK,16.0,15.0,15.0,0.0,0.0,6.692072087810809,-0.1023411750793457,9.544659509940972,9.499285474105708,0.0453740358352643,12.552327184175278,12.68388953635576,-0.1315623521804809,-0.1892773116309057,-0.0115004337376355,-0.011566946186719,8.847726394443818,15.0,True,-2.107157743129396,-3.8166212270581927,0.018971214352804,0.025888345636292,8.796555806904145,8.89889698198349,,0.4737102840784688
5.0,GIRMS\IRMS-operator,2026-03-04 18:44:12.975,2026-03-04 20:00:41.497,Running,False,SHP2L,,,2.0,9.0,True,QC Standard,SHP2L,"0.001 V, 0.001 V, 0.001 V",47 µbar,72 °C,,8.078 V,9.5216 kV,64 µbar,Carbon Dioxide: 0.0216 kV,"1,060 µbar",7.909 V,9.013 V,415 µbar/min,3.307 V,8.64E-008 mbar,30 %,882 µbar,µ-Volume,,Pre,7.800637636862317,8.475226319077303,8.517643584403077,11.10554020780462,11.37182012625746,7.9784531933885,-0.8489291787087128,-6.051648447443769,-0.8916355804305647,0.0183496420748611,0.0047378572109869,-6.04600261875734,0.0169540290917787,0.0043775114882383,-0.7300990994227133,0.019486279602338348,-6.050482449004516,0.016970775378747045,221779fac78b__Natan Pereira BTS coral series 11.xlsx,2026-03-04 18:44:12.975,739679.0,415.0,1060.0,64.0,882.0,6.214581638008742,,SHP2L,,SHP2L,,,OK,16.0,15.0,15.0,0.0,0.0,5.761971218826842,-0.0486373901367196,8.203840030821837,8.112928046378174,0.0909119844436627,10.749502931318798,10.831161294661085,-0.0816583633422851,-0.0904176818428766,-0.0064003522667863,-0.0064209002786128,7.574855242453136,15.0,True,-0.8907828034648032,-6.049052240092615,0.0206314949365313,0.0215368730044717,7.550536547384776,7.599173937521495,,0.4526104191818998
6.0,GIRMS\IRMS-operator,2026-03-04 19:16:16.155,2026-03-04 20:26:12.823,Running,False,BTS,380,,1.0,10.0,True,Unknown,,"0.002 V, 0.002 V, 0.002 V",57 µbar,73 °C,,9.274 V,9.5216 kV,84 µbar,Carbon Dioxide: 0.0216 kV,"1,273 µbar",9.108 V,10.423 V,879 µbar/min,7.772 V,9.34E-008 mbar,24 %,931 µbar,µ-Volume,,Pre,9.004997619103923,9.767036234541996,9.775872623129947,12.847429297371695,13.052126548691582,9.15800274224235,-2.464753806630582,-3.8670298879693865,-2.508374781161704,0.0156142773639586,0.0040315890795783,-3.858432698149931,0.0181524566141512,0.0046869441439573,-2.5411640512242575,0.016525495691574552,-3.8569193323619997,0.018169910956242298,221779fac78b__Natan Pereira BTS coral series 11.xlsx,2026-03-04 19:16:16.155,739679.0,879.0,1273.0,84.0,931.0,7.0978672743807,,BTS,380,BTS,380,,OK,16.0,15.0,15.0,0.0,0.0,6.5560510002683925,-0.0027269124984741,9.441868513236738,9.2956976048194,0.1461709084173375,12.419795773430655,12.410276518568264,0.0095192548623899,-0.0051004307273383,-0.000313161424876,-0.0003132104675941,8.706326194715036,15.0,True,-2.508374781161704,-3.860823932010223,0.0156142773639586,0.0214320856702175,8.704962738465799,8.707689650964273,,0.5418162741123078
7.0,GIRMS\IRMS-operator,2026-03-04 20:00:41.664,2026-03-04 21:04:27.049,Running,False,BTS,369,,2.0,10.0,True,Unknown,,"0.002 V, 0.002 V, 0.002 V",47 µbar,72 °C,,5.969 V,9.5216 kV,71 µbar,Carbon Dioxide: 0.0216 kV,"1,143 µbar",5.542 V,6.546 V,552 µbar/min,8.901 V,7.09E-008 mbar,44 %,853 µbar,µ-Volume,,Pre,5.506290001429123,5.971356361345177,5.974589907156743,7.85561113987925,7.974537193950625,5.5952085026000855,-2.910793179413451,-3.908762830163504,-2.9272654803389275,0.0111252263151726,0.0027813065787931,-3.91962305160732,0.0205108915306183,0.0052958894209301,-2.9870901904794085,0.011658211320362896,-3.917223380199175,0.020526545435488836,221779fac78b__Natan Pereira BTS coral series 11.xlsx,2026-03-04 20:00:41.664,739679.0,552.0,1143.0,71.0,853.0,4.458006061499844,,BTS,369,BTS,369,,OK,16.0,15.0,15.0,0.0,0.0,4.126294936350735,-0.0037644146200142,5.796288958548407,5.711286891072102,0.0850020674763047,7.625313913256885,7.622840322857706,0.0024735903991786,-0.0070382283652982,-0.0007038228365298,-0.0007040706070157,5.346643621397821,15.0,True,-2.928363633733958,-3.923804724246109,0.010580082694426,0.0242007640753429,5.344761414087814,5.348525828707828,,0.3317111251491083
8.0,GIRMS\IRMS-operator,2026-03-04 20:26:12.962,2026-03-04 21:35:15.058,Running,False,BTS,334,,1.0,11.0,True,Unknown,,"0.002 V, 0.001 V, 0.002 V",62 µbar,73 °C,,8.339 V,9.5217 kV,81 µbar,Carbon Dioxide: 0.0217 kV,"1,268 µbar",8.175 V,9.333 V,855 µbar/min,5.473 V,8.68E-008 mbar,26 %,931 µbar,µ-Volume,,Pre,8.07936338655446,8.76312770875706,8.80417153327528,11.529599522326082,11.753858571036504,8.247335833138377,-2.4800906147359747,-3.5704072941761256,-2.4970621795283194,0.0133172375049424,0.0034384959382754,-3.594872942537429,0.0210306944489058,0.0052576736122264,-2.538821690268563,0.014068636912059763,-3.5930994913594905,0.021035622416531244,221779fac78b__Natan Pereira BTS coral series 11.xlsx,2026-03-04 20:26:12.962,739679.0,855.0,1268.0,81.0,931.0,6.401651214545506,,BTS,334,BTS,334,,OK,16.0,15.0,15.0,0.0,0.0,5.945876447042628,-0.0376780670800886,8.477136060439237,8.383303537887244,0.0938325225519935,11.152924542411013,11.19128013132398,-0.0383555889129674,-0.0701570912142809,-0.0047979020535109,-0.0048094396637304,7.834190615641065,15.0,True,-2.495402599734509,-3.596503985761516,0.0167037986611477,0.0206948564267393,7.81535158210102,7.853029649181109,,0.45577476750287804
9.0,GIRMS\IRMS-operator,2026-03-04 21:04:27.190,2026-03-04 22:21:02.508,Running,False,BTS,347,,2.0,11.0,True,Unknown,,"0.001 V, 0.001 V, 0.001 V",52 µbar,72 °C,,11.329 V,9.5219 kV,69 µbar,Carbon Dioxide: 0.0219 kV,"1,082 µbar",10.701 V,12.878 V,440 µbar/min,3.295 V,1.03E-007 mbar,19 %,941 µbar,µ-Volume,,Pre,10.56235924623685,11.456685189606995,11.476119782603485,15.074011232478687,15.323322560412954,10.753064307195713,-2.2214226368164613,-3.420211192020406,-2.295867260693181,0.0243650582850067,0.0062910309978136,-3.431097574822465,0.0233760983852775,0.006035682649699,-2.329813382024337,0.025684373898370447,-3.4295983527692444,0.0233953599711647,221779fac78b__Natan Pereira BTS coral series 11.xlsx,2026-03-04 21:04:27.190,739679.0,440.0,1082.0,69.0,941.0,8.302189911886437,,BTS,347,BTS,347,,OK,16.0,15.0,15.0,0.0,0.0,7.611612054499193,3.4490933634501175e-05,11.072283798217022,10.894647225032603,0.1776365731844187,14.56831052504308,14.545735265834402,0.0225752592086774,6.45324412209768e-05,3.3790032108339698e-06,3.3789975020122657e-06,10.20744573322741,15.0,True,-2.295867260693181,-3.427753975612998,0.0243650582850065,0.0281449137493637,10.207462978694227,10.207428487760591,,0.6905778573872441
10.0,GIRMS\IRMS-operator,2026-03-04 21:35:15.205,2026-03-04 22:47:54.307,Running,False,SHP2L,,,1.0,12.0,True,QC Standard,SHP2L,"0.002 V, 0.002 V, 0.002 V",62 µbar,73 °C,,7.821 V,9.5218 kV,89 µbar,Carbon Dioxide: 0.0218 kV,"1,307 µbar",7.232 V,8.715 V,"1,001 µbar/min",10.451 V,8.10E-008 mbar,32 %,921 µbar,µ-Volume,,Pre,7.108023944785317,7.722397464004705,7.799615281311223,10.117472175805228,10.4118148128673,7.306037832035215,-0.8939498532509749,-6.111163310456913,-0.9223152643431654,0.0162125545014567,0.0041860635722414,-6.118233928705107,0.0200270313937881,0.005006757848447,-0.7603658841539425,0.01725280055589555,-6.122719748298214,0.020039046762049543,221779fac78b__Natan Pereira BTS coral series 11.xlsx,2026-03-04 21:35:15.205,739679.0,1001.0,1307.0,89.0,921.0,5.660393945332834,,SHP2L,,SHP2L,,,OK,16.0,15.0,15.0,0.0,0.0,5.310321188564435,-0.0829993886953461,7.478130019440232,7.437278645721625,0.0408513737186071,9.797082308976307,9.927606534482994,-0.1305242255066865,-0.1534408471476266,-0.0119147477220341,-0.0119861537209051,6.924605726571489,15.0,True,-0.919624476719901,-6.118705303254985,0.023130201080569,0.020637869568917,6.883106032223815,6.9661054209191615,,0.350072756768399
11.0,GIRMS\IRMS-operator,2026-03-04 22:21:02.643,2026-03-04 23:24:14.412,Running,False,BTS,391,,2.0,12.0,True,Unknown,,"0.002 V, 0.002 V, 0.002 V",52 µbar,72 °C,,8.542 V,9.5220 kV,69 µbar,Carbon Dioxide: 0.0220 kV,"1,107 µbar",8.462 V,9.533 V,454 µbar/min,7.105 V,8.77E-008 mbar,25 %,904 µbar,µ-Volume,,Pre,8.30504298210144,9.006729979682508,9.07412793176228,11.847226308913491,12.113718675704265,8.500456809997559,-2.603525330375001,-3.908522309805762,-2.665750367767357,0.018944084442617,0.0048913415703601,-3.910620487747448,0.0201743905394498,0.0052090052386115,-2.707888406236784,0.020422360145739,-3.9088108270123922,0.02019565384806744,221779fac78b__Natan Pereira BTS coral series 11.xlsx,2026-03-04 22:21:02.643,739679.0,454.0,1107.0,69.0,904.0,6.620570905459325,,BTS,391,BTS,391,,OK,16.0,15.0,15.0,0.0,0.0,6.117095392098219,-0.0509023666381835,8.719933437051928,8.638105054069104,0.0818283829828239,11.470349623672725,11.531310215980202,-0.0609605923074791,-0.0946387458004297,-0.0062907675252017,-0.0063106168369326,8.066147565841675,15.0,True,-2.665750367767357,-3.905957437561894,0.018944084442617,0.0274614658841278,8.040696382522583,8.091598749160767,,0.5034755133611064
12.0,GIRMS\IRMS-operator,2026-03-04 22:47:54.426,2026-03-04 23:57:12.136,Running,False,BTS,337,,1.0,13.0,True,Unknown,,"0.002 V, 0.002 V, 0.002 V",62 µbar,72 °C,,5.012 V,9.5220 kV,71 µbar,Carbon Dioxide: 0.0220 kV,"1,190 µbar",4.642 V,5.488 V,576 µbar/min,8.295 V,6.46E-008 mbar,52 %,850 µbar,µ-Volume,,Pre,4.608288229156669,4.995329184092086,5.019786359469102,6.57691587990589,6.7000373065663785,4.701097445781822,-3.3243358758451302,-3.4927016707176906,-3.3569966411590717,0.023045342732184,0.005761335683046,-3.507934640591404,0.0274656739353629,0.0068664184838407,-3.4622803929013894,0.02442582891880717,-3.504122009726531,0.027482304776073344,221779fac78b__Natan Pereira BTS coral series 11.xlsx,2026-03-04 22:47:54.426,739679.0,576.0,1190.0,71.0,850.0,3.724130219342901,,BTS,337,BTS,337,,OK,16.0,15.0,15.0,0.0,0.0,3.496810288298155,-0.0293153271781214,4.847315949953598,4.806322855509323,0.0409930944442749,6.382098098457525,6.41476144379444,-0.0326633453369149,-0.0544914908455177,-0.0065128187121066,-0.0065340964047724,4.48651586418431,15.0,True,-3.359174025513334,-3.5089501719163176,0.022085025137235,0.0281170204446695,4.471858200595249,4.50117352777337,,0.2273199310447458
13.0,GIRMS\IRMS-operator,2026-03-04 23:24:14.519,2026-03-05 00:41:16.904,Running,False,BTS,345,,2.0,13.0,True,Unknown,,"0.001 V, 0.001 V, 0.001 V",49 µbar,72 °C,,10.178 V,9.5222 kV,69 µbar,Carbon Dioxide: 0.0222 kV,"1,082 µbar",9.698 V,11.487 V,586 µbar/min,3.313 V,9.62E-008 mbar,22 %,929 µbar,µ-Volume,,Pre,9.559516881136846,10.372041843451552,10.413209220063964,13.64109157087195,13.902724745006932,9.756236704634135,-2.0020044259566605,-3.541840777574245,-2.0422497992696327,0.0308816130411069,0.0077204032602767,-3.578168034549807,0.0250658922092387,0.0062664730523096,-2.052866162976202,0.032938100404236836,-3.5773967058395155,0.025083968562224775,221779fac78b__Natan Pereira BTS coral series 11.xlsx,2026-03-04 23:24:14.519,739679.0,586.0,1082.0,69.0,929.0,7.546455538884997,,BTS,345,BTS,345,,OK,16.0,15.0,15.0,0.0,0.0,6.953089315813401,-0.0292658805847167,10.026469343768651,9.894773006732835,0.1316963370358141,13.186157705517186,13.209850551815403,-0.0236928462982195,-0.0545833278820118,-0.0031570590476955,-0.0031620504376673,9.25534907226414,15.0,True,-2.044932824157164,-3.580589851681512,0.0299731319553776,0.0239297136139181,9.240716131971782,9.2699820125565,,0.5933662230715964
14.0,GIRMS\IRMS-operator,2026-03-04 23:57:12.246,2026-03-05 01:08:00.392,Running,False,BTS,365,,1.0,14.0,True,Unknown,,"0.002 V, 0.002 V, 0.002 V",62 µbar,72 °C,,3.434 V,9.5221 kV,64 µbar,Carbon Dioxide: 0.0221 kV,"1,060 µbar",3.238 V,3.710 V,400 µbar/min,9.483 V,5.36E-008 mbar,84 %,777 µbar,µ-Volume,,Pre,3.1399796174714245,3.407214896651408,3.5387286920503054,4.480684916697886,4.72282878609791,3.313875836922911,-2.354291580503487,-3.632843797196084,-2.35735048744876,0.0204935515502492,0.0054771320385159,-3.593783389241635,0.0198954252036865,0.0049738563009216,-2.389360100614016,0.021822167401006287,-3.592319412551476,0.0199018147870383,221779fac78b__Natan Pereira BTS coral series 11.xlsx,2026-03-04 23:57:12.246,739679.0,400.0,1060.0,64.0,777.0,2.5660752325174596,,BTS,365,BTS,365,,OK,16.0,15.0,15.0,0.0,0.0,2.501075367040678,-0.1281452553734028,3.312752798053012,3.3970262490759424,-0.084273451022931,4.356672819641606,4.533609038917825,-0.1769362192762189,-0.2301005133043065,-0.0402825752018322,-0.0411105955298437,3.1170858442169083,15.0,True,-2.3568979452026118,-3.5911793620446715,0.0331335586788378,0.0175458365560577,3.053013216530207,3.18115847190361,,0.0649998654767816
15.0,GIRMS\IRMS-operator,2026-03-05 00:41:17.032,2026-03-05 01:44:04.251,Running,False,SHP2L,,,2.0,14.0,True,QC Standard,SHP2L,"0.001 V, 0.001 V, 0.001 V",49 µbar,72 °C,,5.023 V,9.5222 kV,69 µbar,Carbon Dioxide: 0.0222 kV,"1,114 µbar",4.991 V,5.474 V,611 µbar/min,3.213 V,6.15E-008 mbar,50 %,824 µbar,µ-Volume,,Pre,4.836339939949017,5.255712542845696,5.410420023883406,6.884852530013966,7.221312571745368,5.066945590174396,-0.8206450276505572,-6.039091107702621,-0.8401841135382876,0.0122844555690025,0.0032831588515896,-6.047038296454373,0.0279196018701035,0.0072088102050435,-0.6748924407439794,0.013566495233201848,-6.051624187959822,0.02797242285229855,221779fac78b__Natan Pereira BTS coral series 11.xlsx,2026-03-05 00:41:17.032,739680.0,611.0,1114.0,69.0,824.0,3.9352942026415283,,SHP2L,,SHP2L,,,OK,16.0,15.0,15.0,0.0,0.0,3.754793496078666,-0.1481770055990159,5.106641326262444,5.175911410478477,-0.0692700842160336,6.689422987813097,6.908321045750719,-0.218898057937622,-0.2687628962013877,-0.0305691822097358,-0.0310436720433115,4.773179068258491,15.0,True,-0.841543227079485,-6.0528621168183765,0.0206521130377674,0.0344830330248277,4.699090565458984,4.847267571058,,0.18050070656286232
16.0,GIRMS\IRMS-operator,2026-03-05 01:08:00.547,2026-03-05 02:17:25.686,Running,False,BTS,372,,1.0,15.0,True,Unknown,,"0.001 V, 0.001 V, 0.002 V",62 µbar,72 °C,,13.910 V,9.5224 kV,71 µbar,Carbon Dioxide: 0.0224 kV,"1,185 µbar",12.538 V,15.955 V,689 µbar/min,4.933 V,1.15E-007 mbar,13 %,987 µbar,µ-Volume,,Pre,12.47753824561324,13.52155447669926,13.469445116004376,17.79628469591485,17.987615605643853,12.623957055503988,-2.8783871218640567,-3.943159567552312,-2.9398940827891,0.0323343411244575,0.0080835852811143,-3.989786885108211,0.0177776558440912,0.0045901710012514,-2.998232359498137,0.034121827056932674,-3.9874236117984907,0.017765635928498624,221779fac78b__Natan Pereira BTS coral series 11.xlsx,2026-03-05 01:08:00.547,739680.0,689.0,1185.0,71.0,987.0,9.660691952872025,,BTS,372,BTS,372,,OK,16.0,15.0,15.0,0.0,0.0,8.82150652046434,0.0718981027603149,13.02732966254984,12.74970412918034,0.2776255333695001,17.144776126197442,17.025745650580987,0.119030475616455,0.1353301339081216,0.006017196707872,0.0059991476820308,11.984719592029714,15.0,True,-2.9439945468507696,-3.9897868851082112,0.0288435817498467,0.0177776558440912,12.020668643409872,11.948770540649557,,0.8391854324076853
17.0,GIRMS\IRMS-operator,2026-03-05 01:44:04.410,2026-03-05 03:01:44.324,Running,False,BTS,325,,2.0,15.0,True,Unknown,,"0.001 V, 0.001 V, 0.001 V",49 µbar,72 °C,,5.242 V,9.5224 kV,71 µbar,Carbon Dioxide: 0.0224 kV,"1,129 µbar",5.208 V,5.749 V,488 µbar/min,3.308 V,6.40E-008 mbar,49 %,828 µbar,µ-Volume,,Pre,5.0625430054647405,5.493767877324794,5.640496144897638,7.226335412158819,7.528880930930085,5.282498836080899,-2.230986834741544,-3.3851233605497466,-2.2437416172003046,0.0164533665010675,0.0042482409631787,-3.379176770945192,0.0229879037993445,0.0059354512386053,-2.2759801681642005,0.018326598250879813,-3.377733207376954,0.02303527068384629,221779fac78b__Natan Pereira BTS coral series 11.xlsx,2026-03-05 01:44:04.410,739680.0,488.0,1129.0,71.0,828.0,4.096891225313901,,BTS,325,BTS,325,,OK,16.0,15.0,15.0,0.0,0.0,3.9068532858249387,-0.1394992403629018,5.332990218601812,5.396543610484335,-0.0635533918825226,7.014970173780157,7.2027766763113465,-0.1878065025311892,-0.2537974265388245,-0.0276028107173569,-0.0279890996269326,4.984056015459244,15.0,True,-2.24770643701971,-3.3749367309890683,0.0199535720801193,0.0272778899525018,4.914306395277793,5.053805635640694,,0.19003793948896242
18.0,GIRMS\IRMS-operator,2026-03-05 02:17:25.777,2026-03-05 03:27:17.322,Running,False,BTS,326,,1.0,16.0,True,Unknown,,"0.002 V, 0.001 V, 0.002 V",62 µbar,73 °C,,7.396 V,9.5225 kV,67 µbar,Carbon Dioxide: 0.0225 kV,"1,114 µbar",7.304 V,8.201 V,469 µbar/min,5.151 V,8.06E-008 mbar,32 %,911 µbar,µ-Volume,,Pre,7.134721531261518,7.733912986846141,7.848972706301002,10.181594121867665,10.477437063383793,7.351808930006941,-3.1877577246811617,-3.568793548570537,-3.1978532934671717,0.014224016246658,0.0036726252026327,-3.574924811403661,0.0191105456694172,0.0049343216743059,-3.291992776083087,0.0173608789429605,-3.571539954878733,0.01911915909489997,221779fac78b__Natan Pereira BTS coral series 11.xlsx,2026-03-05 02:17:25.777,739680.0,469.0,1114.0,67.0,911.0,5.683690746419177,,BTS,326,BTS,326,,OK,16.0,15.0,15.0,0.0,0.0,5.3393568984503545,-0.1009773349029172,7.488759316681717,7.48361842097258,0.005140895709137,9.858949466871954,9.989205413170064,-0.1302559462981118,-0.1862059835278308,-0.0144059983473885,-0.0145105175936252,6.9589064794820565,15.0,True,-3.2008724781456523,-3.57167230896757,0.0165450798089784,0.023803934159106,6.9084178120305975,7.009395146933515,,0.34433384796882205
19.0,GIRMS\IRMS-operator,2026-03-05 03:01:44.497,2026-03-05 04:05:36.793,Running,False,BTS,244,,2.0,16.0,True,Unknown,,"0.002 V, 0.001 V, 0.002 V",52 µbar,72 °C,,2.991 V,9.5225 kV,74 µbar,Carbon Dioxide: 0.0225 kV,"1,148 µbar",3.210 V,3.207 V,557 µbar/min,7.170 V,5.36E-008 mbar,100 %,726 µbar,µ-Volume,2.605 V,Pre,2.7414399835321253,2.975291302680949,3.4975390746078765,3.9118989753988993,4.668197551041467,3.2752725559944778,-2.209568172449994,-3.724318564941487,-2.203854065463684,0.0195749488249565,0.0050542300534612,-3.673432789498409,0.0406370019632797,0.0101592504908199,-2.2221042376819207,0.020383588723875082,-3.6724078116056393,0.04064994818949822,221779fac78b__Natan Pereira BTS coral series 11.xlsx,2026-03-05 03:01:44.497,739680.0,557.0,1148.0,74.0,726.0,2.2624839342465197,,BTS,244,BTS,244,,OK,16.0,15.0,15.0,0.0,0.0,2.4712020965702814,-0.475062560856168,3.356522247094188,2.8956297709097965,0.4608924761843913,4.479558711078526,3.8071140098837626,0.6724447011947632,-0.7544921533437181,-0.1511474738914542,-0.1635040888951684,2.9055087494524807,15.0,True,-2.19939305857985,-3.6700404044688697,0.0250412558029859,0.0396489079683711,2.6679774690243967,3.1430400298805647,,-0.20871816232376172
20.0,GIRMS\IRMS-operator,2026-03-05 03:27:17.506,2026-03-05 04:36:33.528,Running,False,SHP2L,,,1.0,17.0,True,QC Standard,SHP2L,"0.001 V, 0.001 V, 0.001 V",62 µbar,72 °C,,3.860 V,9.5225 kV,89 µbar,Carbon Dioxide: 0.0225 kV,"1,305 µbar",3.856 V,4.190 V,967 µbar/min,3.186 V,5.94E-008 mbar,67 %,799 µbar,µ-Volume,,Pre,3.713271560226029,4.035434859044245,4.199913876301936,5.285684816076067,5.6057316509770825,3.933074150404624,-0.8607542494963871,-6.186426711843107,-0.8798704979729861,0.0204449061812938,0.0052788520769949,-6.133126214597088,0.0296600056154074,0.0076581805197927,-0.7145230338744183,0.021595356121233967,-6.137719517040711,0.02968028130233382,221779fac78b__Natan Pereira BTS coral series 11.xlsx,2026-03-05 03:27:17.506,739680.0,967.0,1305.0,89.0,799.0,3.020334674825051,,SHP2L,,SHP2L,,,OK,16.0,15.0,15.0,0.0,0.0,2.9473153766132176,-0.1637634491663941,3.9198465516635697,4.026787867260877,-0.1069413155973073,5.1343541419562575,5.374367145305561,-0.2400130033493033,-0.2930927521856782,-0.0434307285265228,-0.0443947772866896,3.688799880870073,15.0,True,-0.8759128935339479,-6.124181623861145,0.02854909061057,0.0325298618501767,3.606918156286876,3.7706816054532704,,0.0730192982118334
21.0,GIRMS\IRMS-operator,2026-03-05 04:05:36.951,2026-03-05 05:21:57.307,Running,False,BTS,245,,2.0,17.0,True,Unknown,,"0.001 V, 0.001 V, 0.001 V",49 µbar,72 °C,,4.718 V,9.5225 kV,64 µbar,Carbon Dioxide: 0.0225 kV,"1,029 µbar",4.715 V,5.156 V,552 µbar/min,3.303 V,6.56E-008 mbar,55 %,809 µbar,µ-Volume,,Pre,4.554384565213088,4.942869652996727,5.104706646902056,6.499172690407014,6.813423278824069,4.7803455580634,-2.171231837248655,-3.694069812285483,-2.1766514227713105,0.0111062360764976,0.0028676178242215,-3.678747045175264,0.0184797853656075,0.0047714600641657,-2.192822055939884,0.011832012246601891,-3.6777901179493093,0.01850176155038846,221779fac78b__Natan Pereira BTS coral series 11.xlsx,2026-03-05 04:05:36.951,739680.0,552.0,1029.0,64.0,809.0,3.702124416683511,,BTS,245,BTS,245,,OK,16.0,15.0,15.0,0.0,0.0,3.551641338324912,-0.152130506692516,4.801696321112975,4.886836769086809,-0.085140447973834,6.313527525409025,6.522501210698707,-0.2089736852896813,-0.2751727766919535,-0.0332426604986075,-0.033804536869846,4.500298503666764,15.0,True,-2.173971456945808,-3.680882480362934,0.0161927527222187,0.0219093511421327,4.424233250320507,4.576363757013023,,0.1504830783585991
22.0,GIRMS\IRMS-operator,2026-03-05 04:36:33.631,2026-03-05 05:47:34.761,Running,False,BTS,246,,1.0,18.0,True,Unknown,,"0.001 V, 0.001 V, 0.001 V",62 µbar,72 °C,,3.836 V,9.5224 kV,74 µbar,Carbon Dioxide: 0.0224 kV,"1,224 µbar",3.816 V,4.155 V,664 µbar/min,4.665 V,5.91E-008 mbar,69 %,794 µbar,µ-Volume,,Pre,3.684059263619132,3.9979362878330185,4.129410885451375,5.255749370240758,5.511831315871833,3.867096795461382,-2.2718583139215154,-3.96183887780599,-2.277157086617444,0.0219422646710695,0.0054855661677673,-3.972142564991946,0.0312351924409996,0.0078087981102499,-2.289632081509972,0.023448785736266985,-3.971264273982214,0.03126625805559422,221779fac78b__Natan Pereira BTS coral series 11.xlsx,2026-03-05 04:36:33.631,739680.0,664.0,1224.0,74.0,794.0,2.9999456641425266,,BTS,246,BTS,246,,OK,16.0,15.0,15.0,0.0,0.0,2.899868707227113,-0.1287499245668582,3.884489564987378,3.9599638744563057,-0.0754743094689276,5.10634091746485,5.2850599263563325,-0.1787190088914823,-0.2325262589613721,-0.0347199186019221,-0.0353333033093407,3.643868885953317,15.0,True,-2.277510338130506,-3.9728294774710102,0.0226652595898809,0.0322061606811267,3.579493923669888,3.708243848236746,,0.10007695691541363
23.0,GIRMS\IRMS-operator,2026-03-05 05:21:57.481,2026-03-05 06:25:17.069,Running,False,BTS,247,,2.0,18.0,True,Unknown,,"0.001 V, 0.001 V, 0.001 V",49 µbar,72 °C,,3.916 V,9.5224 kV,74 µbar,Carbon Dioxide: 0.0224 kV,"1,163 µbar",3.927 V,4.239 V,576 µbar/min,3.778 V,5.94E-008 mbar,66 %,772 µbar,µ-Volume,,Pre,3.778196113553802,4.096885730354851,4.248311185996164,5.392407669349352,5.670254720969837,3.978295263107991,-3.059327942401935,-3.5449622340689717,-3.069621935365167,0.0235888332746847,0.0060906105619545,-3.5112341850506223,0.0232934987149208,0.0060143555065194,-3.1547638887907534,0.025715465057616467,-3.508086832268465,0.023327255819619797,221779fac78b__Natan Pereira BTS coral series 11.xlsx,2026-03-05 05:21:57.481,739680.0,576.0,1163.0,74.0,772.0,3.095251033487548,,BTS,247,BTS,247,,OK,16.0,15.0,15.0,0.0,0.0,2.9794681154962106,-0.1390278339385982,3.984790746340428,4.072154187883376,-0.0873634415429482,5.244468941016833,5.43519814281265,-0.1907292017958175,-0.2506364218188375,-0.0364577808973185,-0.0371347053734137,3.743878739324371,15.0,True,-3.0661515298711604,-3.5049105578906983,0.0285243914010361,0.0261796617417334,3.674364822355072,3.8133926562936704,,0.11578291799133744
24.0,GIRMS\IRMS-operator,2026-03-05 05:47:34.886,2026-03-05 06:57:23.561,Running,False,BTS,248,,1.0,19.0,True,Unknown,,"0.001 V, 0.001 V, 0.001 V",59 µbar,72 °C,,2.937 V,9.5223 kV,67 µbar,Carbon Dioxide: 0.0223 kV,"1,117 µbar",3.203 V,3.163 V,479 µbar/min,3.888 V,5.44E-008 mbar,90 %,741 µbar,µ-Volume,2.728 V,Pre,2.818870973691258,3.056069984827732,3.4957062210367464,4.023143303284342,4.665919179543309,3.273470197379571,-3.264286219333612,-3.5703904669188717,-3.2745532167241262,0.0224451158492776,0.0057953039925298,-3.5497300005528363,0.0294726585167304,0.0073681646291826,-3.372571968215891,0.024104100494840266,-3.54614038859561,0.029500611033519787,221779fac78b__Natan Pereira BTS coral series 11.xlsx,2026-03-05 05:47:34.886,739680.0,479.0,1117.0,67.0,741.0,2.310502744075123,,BTS,248,BTS,248,,OK,16.0,15.0,15.0,0.0,0.0,2.469491797659965,-0.399800866409846,3.354819688135918,2.972476120347343,0.3823435677885749,4.477489427740734,3.913019617197312,0.564469810543422,-0.6528293651332614,-0.1272612207971519,-0.1359092065699863,2.941676112309352,15.0,True,-3.2789675440157464,-3.5483526361284343,0.0264378361109213,0.0299693321089968,2.741775679104429,3.1415765455142752,,-0.15898905358484194
25.0,GIRMS\IRMS-operator,2026-03-05 06:25:17.232,2026-03-05 07:42:18.895,Running,False,SHP2L,,,2.0,19.0,True,QC Standard,SHP2L,"0.001 V, 0.001 V, 0.001 V",49 µbar,72 °C,,10.764 V,9.5223 kV,84 µbar,Carbon Dioxide: 0.0223 kV,"1,219 µbar",10.189 V,12.184 V,821 µbar/min,3.297 V,1.01E-007 mbar,21 %,916 µbar,µ-Volume,,Pre,10.052321400044775,10.919025313049003,10.91126180806701,14.308788075706396,14.568694129249485,10.22296466134851,-0.8521968343849773,-6.076910674995384,-0.9184120674424016,0.0232077180159764,0.0059922070252903,-6.0986234127041445,0.014357364158163,0.0037070554853333,-0.7570268502033425,0.02493934906994304,-6.103096639666608,0.0143689945685624,221779fac78b__Natan Pereira BTS coral series 11.xlsx,2026-03-05 06:25:17.232,739680.0,821.0,1219.0,84.0,916.0,7.912136239911802,,SHP2L,,SHP2L,,,OK,16.0,15.0,15.0,0.0,0.0,7.2600786782832465,0.0035762786865252,10.547096694553066,10.359725128799129,0.1873715657539367,13.820506825706394,13.832189336082372,-0.0116825103759783,0.0066936503454572,0.0003684617922282,0.0003683939226857,9.707757013071229,15.0,True,-0.9184120674424016,-6.096210661031069,0.0232077180159764,0.0201423254412588,9.709545152414488,9.705968873727963,,0.6520575616285553
26.0,GIRMS\IRMS-operator,2026-03-05 06:57:23.702,2026-03-05 08:09:02.926,Running,False,BTS,249,,1.0,20.0,True,Unknown,,"0.002 V, 0.002 V, 0.002 V",59 µbar,72 °C,,4.599 V,9.5223 kV,67 µbar,Carbon Dioxide: 0.0223 kV,"1,173 µbar",4.234 V,5.011 V,664 µbar/min,9.955 V,6.30E-008 mbar,60 %,816 µbar,µ-Volume,,Pre,4.21075073484618,4.563142195058833,4.60672321977606,6.008886967089086,6.148549208532713,4.313872388135192,-3.672220544609917,-3.6710740615233375,-3.681033991849373,0.020053200642705,0.0051777141418234,-3.644006451169648,0.0204795388516924,0.0051198847129231,-3.800686204853312,0.024962022742415567,-3.6396160708546814,0.02052980120274135,221779fac78b__Natan Pereira BTS coral series 11.xlsx,2026-03-05 06:57:23.702,739680.0,664.0,1173.0,67.0,816.0,3.4123118349494517,,BTS,249,BTS,249,,OK,16.0,15.0,15.0,0.0,0.0,3.22103901411454,-0.0447586258032499,4.430223837209713,4.413142419319822,0.0170814178898908,5.833694014933019,5.890103715259447,-0.0564097003264283,-0.0828360205053123,-0.0108302966235561,-0.0108892636009613,4.110344596607833,15.0,True,-3.678348258266525,-3.642201943812736,0.023686514767405,0.0198380468533739,4.087965283706208,4.1327239095094574,,0.1912728208349117
27.0,GIRMS\IRMS-operator,2026-03-05 07:42:19.053,2026-03-05 08:45:50.557,Running,False,BTS,250,,2.0,20.0,True,Unknown,,"0.001 V, 0.001 V, 0.001 V",47 µbar,72 °C,,3.645 V,9.5222 kV,67 µbar,Carbon Dioxide: 0.0222 kV,"1,100 µbar",3.656 V,3.931 V,484 µbar/min,4.190 V,5.86E-008 mbar,70 %,753 µbar,µ-Volume,,Pre,3.5068738612389545,3.801044655093436,3.9917985225752046,5.0041098744647465,5.327956501846426,3.7379121023475568,-3.5254509992531657,-3.7856984687170137,-3.557093781998116,0.0219027832384894,0.0054756958096223,-3.7788112287807647,0.0175497798432692,0.0043874449608173,-3.666358158584404,0.023626504310030143,-3.774838429239313,0.017582523061884424,221779fac78b__Natan Pereira BTS coral series 11.xlsx,2026-03-05 07:42:19.053,739680.0,484.0,1100.0,67.0,753.0,2.87986436858807,,BTS,250,BTS,250,,OK,16.0,15.0,15.0,0.0,0.0,2.8065481607040415,-0.1740081552413825,3.696964147193735,3.8282351193711865,-0.1312709721774516,4.867044004756649,5.1094907859285685,-0.2424467811719193,-0.3097647357141429,-0.048539647700189,-0.0497469985931148,3.497862386927319,15.0,True,-3.559203300847779,-3.778352079451682,0.0209215575037932,0.0180660005113647,3.410858309306628,3.5848664645480106,,0.07331620788402837
28.0,GIRMS\IRMS-operator,2026-03-05 08:09:03.151,2026-03-05 09:17:54.908,Running,False,BTS,251,,1.0,21.0,True,Unknown,,"0.001 V, 0.001 V, 0.001 V",59 µbar,73 °C,,3.069 V,9.5223 kV,69 µbar,Carbon Dioxide: 0.0223 kV,"1,197 µbar",3.156 V,3.306 V,762 µbar/min,3.622 V,5.41E-008 mbar,84 %,743 µbar,µ-Volume,2.848 V,Pre,2.944064912665156,3.1923007339359515,3.4369323973585444,4.199860865542544,4.587613659113965,3.2184129538953066,-3.1314987696793306,-4.103461047618384,-3.155156095421732,0.0248083373197542,0.0062020843299385,-4.02441936385897,0.0265362888017303,0.0068516403066168,-3.2269946305962875,0.026509571674746372,-4.021613509756888,0.02654965835328605,221779fac78b__Natan Pereira BTS coral series 11.xlsx,2026-03-05 08:09:03.151,739680.0,762.0,1197.0,69.0,743.0,2.410229816896682,,BTS,251,BTS,251,,OK,16.0,15.0,15.0,0.0,0.0,2.4303088727833586,-0.2267441209499914,3.104104451499317,3.299350369681088,-0.1952459181817714,4.0840149759449496,4.4037085562700735,-0.3196935803251239,-0.3931007423161436,-0.0733917728151441,-0.076187542209745,2.976131193808074,15.0,True,-3.156733250471226,-4.02441936385897,0.0248349173494072,0.0265362888017305,2.8627591333330784,3.08950325428307,,-0.020079055886676578
29.0,GIRMS\IRMS-operator,2026-03-05 08:45:50.715,2026-03-05 10:03:29.176,Running,False,BTS,252,,2.0,21.0,True,Unknown,,"0.001 V, 0.001 V, 0.001 V",47 µbar,72 °C,,7.771 V,9.5223 kV,64 µbar,Carbon Dioxide: 0.0223 kV,"1,078 µbar",7.580 V,8.690 V,440 µbar/min,3.291 V,8.47E-008 mbar,31 %,870 µbar,µ-Volume,,Pre,7.530723327853259,8.165525798605678,8.132162098692653,10.743938102291194,10.856307758854005,7.616859699239717,-2.9242233760581327,-3.945438354799769,-2.955260407717046,0.0196341143433668,0.0050695065246261,-3.9840131270554,0.0265766885094861,0.0068620714663054,-3.014945177359215,0.020986484742240526,-3.98163094985681,0.02658479873287319,221779fac78b__Natan Pereira BTS coral series 11.xlsx,2026-03-05 08:45:50.715,739680.0,440.0,1078.0,64.0,870.0,6.010668178886249,,BTS,252,BTS,252,,OK,16.0,15.0,15.0,0.0,0.0,5.517207394216403,0.0344589533156458,7.907541994856593,7.749283794932559,0.1582581999240337,10.403804196880431,10.345004214809505,0.0587999820709264,0.0647784822090146,0.0047476747261336,0.0047364312087626,7.275299016672077,15.0,True,-2.953146468602178,-3.980975307450511,0.0243541213933067,0.0331036621432064,7.2925284933299,7.2580695400142545,,0.4934607846698462
30.0,GIRMS\IRMS-operator,2026-03-05 09:17:55.105,2026-03-05 10:29:27.873,Running,False,SHP2L,,,1.0,22.0,True,QC Standard,SHP2L,"0.002 V, 0.002 V, 0.002 V",57 µbar,72 °C,,10.140 V,9.5221 kV,69 µbar,Carbon Dioxide: 0.0221 kV,"1,205 µbar",9.823 V,11.441 V,689 µbar/min,7.457 V,9.91E-008 mbar,21 %,929 µbar,µ-Volume,,Pre,9.660362594659402,10.493907700328394,10.556447873858971,13.751262577164992,14.095181377518996,9.889974368520548,-0.8722738080543246,-6.126072107248692,-0.9095104016518948,0.0200599411090412,0.0050149852772603,-6.1345522026016805,0.0139510750758969,0.0034877687689742,-0.7460802669696369,0.021298929013343428,-6.1390746610540665,0.013951107910820021,221779fac78b__Natan Pereira BTS coral series 11.xlsx,2026-03-05 09:17:55.105,739680.0,689.0,1205.0,69.0,929.0,7.590825927719594,,SHP2L,,SHP2L,,,OK,16.0,15.0,15.0,0.0,0.0,7.0424930819100755,-0.0630021095275878,10.13863896904053,10.0298456949176,0.1087932741229291,13.285556586373673,13.391460790548097,-0.1059042041744255,-0.117085982071205,-0.0067052614631492,-0.0067278173503545,9.364420323371,15.0,True,-0.911992841225066,-6.135117542291878,0.0180416523301058,0.0142497651231874,9.332919268607206,9.395921378134794,,0.5483328458095187
31.0,GIRMS\IRMS-operator,2026-03-05 10:03:29.374,2026-03-05 11:08:23.730,Running,False,BTS,253,,2.0,22.0,True,Unknown,,"0.002 V, 0.002 V, 0.002 V",47 µbar,72 °C,,3.894 V,9.5221 kV,67 µbar,Carbon Dioxide: 0.0221 kV,"1,117 µbar",3.624 V,4.206 V,508 µbar/min,9.575 V,5.91E-008 mbar,70 %,760 µbar,µ-Volume,,Pre,3.575342600505212,3.87821351868912,3.9557888159011534,5.101694540067405,5.279932503036718,3.704136979140791,-2.7753619326259527,-3.862714982131643,-2.74992634233627,0.0177818118306149,0.0044454529576537,-3.8702056464900103,0.0196182546219609,0.0050654115621674,-2.7991663227558696,0.01893590218942365,-3.8681554987280093,0.019643548468525274,221779fac78b__Natan Pereira BTS coral series 11.xlsx,2026-03-05 10:03:29.374,739680.0,508.0,1117.0,67.0,760.0,2.9363190268897963,,BTS,253,BTS,253,,OK,16.0,15.0,15.0,0.0,0.0,2.782062861159499,-0.0739283157393111,3.7736861495026415,3.793981511693496,-0.0202953621908545,4.9638292596590805,5.064184104002633,-0.1003548443435526,-0.1354409727480754,-0.0208086336187131,-0.0210274094482932,3.5158071145712047,15.0,True,-2.748230636316959,-3.874066695894325,0.0170142628041203,0.0233776840667449,3.4788429567015493,3.5527712724408604,,0.1542561657302972
32.0,GIRMS\IRMS-operator,2026-03-05 10:29:28.041,2026-03-05 11:39:21.666,Running,False,BTS,254,,1.0,23.0,True,Unknown,,"0.001 V, 0.001 V, 0.001 V",57 µbar,72 °C,,2.646 V,9.5221 kV,64 µbar,Carbon Dioxide: 0.0221 kV,"1,124 µbar",3.128 V,2.835 V,650 µbar/min,3.592 V,5.55E-008 mbar,97 %,709 µbar,µ-Volume,2.458 V,Pre,2.53507343394019,2.750075703811641,3.4032060019541355,3.617232586045845,4.542328638656399,3.186635394439185,-2.717712345669976,-3.915141401689581,-2.6958442526802795,0.0291277262053564,0.0075207465670823,-3.8845891322616746,0.0504249697021876,0.0126062424255469,-2.7408007984138485,0.03137900474655649,-3.8826577332759373,0.050494436820135664,221779fac78b__Natan Pereira BTS coral series 11.xlsx,2026-03-05 10:29:28.041,739680.0,650.0,1124.0,64.0,709.0,2.0835520718298968,,BTS,254,BTS,254,,OK,16.0,15.0,15.0,0.0,0.0,2.4054842464264174,-0.591953346614817,3.265608679490146,2.675147137887344,0.5904615416028025,4.358904964550415,3.518747694118897,0.8401572704315186,-0.8931364812852076,-0.1935848610391395,-0.2143304236815676,2.7618727031225703,15.0,True,-2.7013877586690827,-3.882552314299814,0.0396125120241966,0.0515090095889311,2.4658960298151618,3.057849376429979,,-0.3219321745965207
33.0,GIRMS\IRMS-operator,2026-03-05 11:08:23.972,2026-03-05 12:25:02.225,Running,False,BTS,256,,2.0,23.0,True,Unknown,,"0.001 V, 0.001 V, 0.001 V",47 µbar,73 °C,,3.366 V,9.5220 kV,59 µbar,Carbon Dioxide: 0.0220 kV,929 µbar,3.287 V,3.631 V,278 µbar/min,3.287 V,5.71E-008 mbar,82 %,733 µbar,µ-Volume,,Pre,3.380945697004828,3.668115822412507,3.599056087118159,4.825793841629784,4.804256922546258,3.3700455750262104,-2.6075262864954096,-3.626885351419196,-2.585967255103724,0.0138169450626207,0.0035675198748661,-3.654664012551316,0.0249241016421853,0.0062310254105463,-2.631816276215508,0.01485531905791681,-3.652755945191308,0.024950997128809625,221779fac78b__Natan Pereira BTS coral series 11.xlsx,2026-03-05 11:08:23.972,739680.0,278.0,929.0,59.0,733.0,2.7709285704618503,,BTS,256,BTS,256,,OK,16.0,15.0,15.0,0.0,0.0,2.5406970740051102,0.0533127409488898,3.567633508185424,3.454839478196738,0.1127940299886862,4.69337242838835,4.611331588569512,0.0820408398188377,0.1013915043631916,0.0164800957358908,0.0163454087850806,3.2616339945900483,15.0,True,-2.5809256240652223,-3.6565159232934574,0.0184191675752612,0.0246331150875107,3.288290365064493,3.2349776241156034,,0.23023149645674001
34.0,GIRMS\IRMS-operator,2026-03-05 11:39:21.857,2026-03-05 12:50:48.692,Running,False,BTS,257,,1.0,24.0,True,Unknown,,"0.001 V, 0.001 V, 0.001 V",57 µbar,72 °C,,2.160 V,9.5220 kV,64 µbar,Carbon Dioxide: 0.0220 kV,"1,156 µbar",3.262 V,2.304 V,718 µbar/min,3.262 V,5.77E-008 mbar,100 %,658 µbar,µ-Volume,2.013 V,Pre,2.072239973993232,2.2479588141256097,3.5675719668317694,2.9575411647177408,4.762214056158017,3.340650533889018,-2.713794629810362,-3.7077420733137023,-2.7631493653820502,0.0298471386954051,0.0074617846738512,-3.724949481516887,0.0500631792888236,0.0125157948222059,-2.8188116866483957,0.031177890780783653,-3.722709618595138,0.05008779113941221,221779fac78b__Natan Pereira BTS coral series 11.xlsx,2026-03-05 11:39:21.857,739680.0,718.0,1156.0,64.0,658.0,1.711304532500644,,BTS,257,BTS,257,,OK,16.0,15.0,15.0,0.0,0.0,2.5155431899742142,-1.1848147069202732,3.4201064766269536,2.188847981606075,1.2312584950208785,4.565106703538447,2.87982000653687,1.6852866970015763,-1.3966524013097896,-0.3699627612812911,-0.4539316679318325,2.6101168757809567,15.0,True,-2.7664396810868297,-3.726096642063767,0.0277289079940992,0.0516021831284418,2.01770952232082,3.202524229241093,,-0.8042386574735703
35.0,GIRMS\IRMS-operator,2026-03-05 12:25:02.406,2026-03-05 13:29:23.998,Running,False,SHP2L,,,2.0,24.0,True,QC Standard,SHP2L,"0.001 V, 0.001 V, 0.001 V",45 µbar,72 °C,,8.354 V,9.5219 kV,71 µbar,Carbon Dioxide: 0.0219 kV,"1,102 µbar",8.073 V,9.308 V,503 µbar/min,3.241 V,8.94E-008 mbar,28 %,865 µbar,µ-Volume,,Pre,7.950106075796664,8.638395789935405,8.692033785220435,11.319886514691849,11.604915654182795,8.141168582412773,-0.8509857326715053,-6.017773995694919,-0.8812056087313799,0.0355115771995919,0.0091690498061052,-6.043380282976729,0.0182757674866366,0.0047187828743268,-0.7191736941931869,0.037999733250039976,-6.047868902735157,0.018294961927703884,221779fac78b__Natan Pereira BTS coral series 11.xlsx,2026-03-05 12:25:02.406,739680.0,503.0,1102.0,71.0,865.0,6.336753505216857,,SHP2L,,SHP2L,,,OK,16.0,15.0,15.0,0.0,0.0,5.870801292215886,-0.053339076209725,8.366718078141231,8.277281393949226,0.0894366841920053,10.962612646221467,11.05057420074875,-0.0879615545272827,-0.0991102819051957,-0.0068804184320035,-0.0069041702220302,7.725631682649935,15.0,True,-0.8737940217034222,-6.04205050502505,0.0506458061526455,0.0208205199998044,7.698962144545073,7.752301220754798,,0.46595221300097034
1.0,GIRMS\IRMS-operator,2026-02-18 12:53:55.296,2026-02-18 13:55:29.993,Running,False,SHP2L,,1.0,2.0,19.0,True,QC Standard,SHP2L,"0.001 V, 0.001 V, 0.000 V",40 µbar,72 °C,,0.005 V,9.5222 kV,37 µbar,Carbon Dioxide: 0.0222 kV,780 µbar,3.242 V,0.004 V,933 µbar/min,3.358 V,4.76E-008 mbar,100 %,40 µbar,µ-Volume,0.007 V,Pre,0.0055624308345765,0.0059556163761093,3.551082255224169,0.0078667759928258,4.740451101616905,3.325131516240045,-15.669011442222102,-12.795408010024769,-16.451675224968156,2.084716273610049,0.5211790684025123,-11.584390875865129,1.5796535758765922,0.407864799476469,-17.18361337902467,2.2223251196195157,-11.559913400657917,1.5803397415254676,f83cab0ad3b9__Natan Pereira BTS coral series 6.3.xlsx,2026-02-18 12:53:55.296,739665.0,933.0,780.0,37.0,40.0,0.004801883444887885,,SHP2L,,SHP2L,,,Failed Sample,16.0,15.0,15.0,0.0,0.0,2.493387619716766,-3.171329073031996,3.392243353015206,0.0056484895586669,3.3865948634565397,4.5282734673777085,0.0075081829734801,4.520765284404228,-0.0086476293615042,-0.9983347493291812,-1.9933500711152607,1.590954403336523,15.0,True,,,,,0.0052898668205248,3.176618939852521,,-2.488585736271878
2.0,GIRMS\IRMS-operator,2026-02-18 13:29:27.773,2026-02-18 14:31:03.089,Running,False,BTS,831,2.0,1.0,20.0,True,Unknown,,"0.001 V, 0.001 V, 0.001 V",32 µbar,72 °C,,6.985 V,9.5221 kV,37 µbar,Carbon Dioxide: 0.0221 kV,399 µbar,6.403 V,7.707 V,112 µbar/min,3.222 V,7.56E-008 mbar,47 %,804 µbar,µ-Volume,,Pre,6.298080086708069,6.837005774282092,6.912293438648455,8.9889735202883,9.22796396648928,6.47367537021637,-1.8463809531885644,-3.668049933002626,-1.857380058494133,0.017394054158846,0.004491125472016,-3.666423086238616,0.0244747308109619,0.0061186827027404,-1.851804438173573,0.018766725845624433,-3.6661550901068147,0.02450310465135742,f83cab0ad3b9__Natan Pereira BTS coral series 6.3.xlsx,2026-02-18 13:29:27.773,739665.0,112.0,399.0,37.0,804.0,5.07044899921455,,BTS,831,BTS,831,,OK,16.0,15.0,15.0,0.0,0.0,4.733545462835724,-0.0737011432647714,6.629692916607134,6.599562768673174,0.0301301479339599,8.716282270440887,8.81054701615317,-0.094264745712282,-0.1192450865045243,-0.0119245086504524,-0.0119960320443946,6.14379346370697,15.0,True,-1.8620868135288555,-3.666314629787682,0.0228893064143891,0.0253297730682067,6.106942892074584,6.180644035339356,,0.3369035363788262
3.0,GIRMS\IRMS-operator,2026-02-18 13:55:30.114,2026-02-18 15:03:49.727,Running,False,BTS,927,3.0,2.0,20.0,True,Unknown,,"0.001 V, 0.001 V, 0.001 V",40 µbar,72 °C,,8.202 V,9.5219 kV,37 µbar,Carbon Dioxide: 0.0219 kV,606 µbar,7.539 V,9.156 V,127 µbar/min,6.296 V,8.22E-008 mbar,39 %,850 µbar,µ-Volume,,Pre,7.392962587783691,8.018426795726253,8.113368779267747,10.549301590527088,10.832572394674042,7.599328769157287,-2.6333138565185488,-3.877843559134231,-2.6671637991227075,0.0302810769241216,0.0078185404421565,-3.879403471976517,0.0232148131103253,0.0058037032775813,-2.710390445824262,0.03205070769616859,-3.87755669380814,0.023214310657921743,f83cab0ad3b9__Natan Pereira BTS coral series 6.3.xlsx,2026-02-18 13:55:30.114,739665.0,127.0,606.0,37.0,850.0,5.871093644944829,,BTS,927,BTS,927,,OK,16.0,15.0,15.0,0.0,0.0,5.50394161962037,-0.0893771648406991,7.757499587019586,7.731326123004389,0.0261734640151969,10.205378427771697,10.322233333853848,-0.1168549060821533,-0.1445469705614201,-0.0123426984797226,-0.012419342580114,7.19660998673236,15.0,True,-2.6643612192173967,-3.8795074661660025,0.0351858952160022,0.0240257565159066,7.15192140431201,7.241298569152709,,0.3671520253244589
4.0,GIRMS\IRMS-operator,2026-02-18 14:31:03.193,2026-02-18 15:40:23.215,Running,False,BTS,869,4.0,1.0,21.0,True,Unknown,,"0.001 V, 0.001 V, 0.002 V",32 µbar,72 °C,,10.565 V,9.5220 kV,40 µbar,Carbon Dioxide: 0.0220 kV,719 µbar,9.691 V,11.859 V,215 µbar/min,7.394 V,9.53E-008 mbar,29 %,860 µbar,µ-Volume,,Pre,9.498002057845929,10.312747988634555,10.431037881369944,13.554479335472704,13.92888441535564,9.772203428413832,-1.3594106881479329,-3.701097804046261,-1.4286622617601128,0.026130258330333,0.0067468036896985,-3.737495042383528,0.016155604826925,0.0041713592295059,-1.3904489585830238,0.02805572214698144,-3.738292385767624,0.01614537996874067,f83cab0ad3b9__Natan Pereira BTS coral series 6.3.xlsx,2026-02-18 14:31:03.193,739665.0,215.0,719.0,40.0,860.0,7.519417952271548,,BTS,869,BTS,869,,OK,16.0,15.0,15.0,0.0,0.0,6.964435968736984,-0.0975281000137364,9.97458103650138,9.91025769546085,0.0643233410405308,13.10935227279633,13.232703967521656,-0.1233516947253257,-0.158022666759238,-0.0105052785647647,-0.0105607503770466,9.234959309871536,15.0,True,-1.4286622617601128,-3.7364726664178174,0.0261302583303331,0.0188791321731607,9.186195259864666,9.283723359878405,,0.5549819835345637
5.0,GIRMS\IRMS-operator,2026-02-18 15:03:49.856,2026-02-18 16:21:10.326,Running,False,BTS,912,5.0,2.0,21.0,True,Unknown,,"0.001 V, 0.001 V, 0.001 V",37 µbar,72 °C,,48.526 V,9.5222 kV,37 µbar,Carbon Dioxide: 0.0222 kV,699 µbar,23.345 V,49.009 V,166 µbar/min,3.359 V,1.79E-007 mbar,10 %,980 µbar,µ-Volume,48.517 V,Pre,48.983372944459646,48.97323098729852,25.37631836484674,48.983411912494816,33.92173541026703,23.81212283955547,-79.02557465581705,-301.50229507212936,-6.761963946651939,10.530210328095578,2.718888615518367,-65.68245865424552,94.68613227939848,24.44785422899352,-4.682296146453517,9.35655812508283,-65.73487363716838,94.7682724344208,f83cab0ad3b9__Natan Pereira BTS coral series 6.3.xlsx,2026-02-18 15:03:49.856,739665.0,166.0,699.0,37.0,980.0,34.07055066065523,,BTS,912,BTS,912,,Partially Saturated Collectors,16.0,13.0,9.0,2.0,6.0,15.64611652170113,24.94648098945618,45.3303292090774,20.871518522012263,24.45881068706513,47.97765803771607,21.89894211726776,26.078715920448307,86.60194599938136,1.120031032770839,0.7179614696179231,34.746267098054616,9.0,True,-4.26922135238339,-4.229668161022437,0.179612875306753,0.0991723136219753,47.21950759278271,22.273026603326525,,18.424434138954098
6.0,GIRMS\IRMS-operator,2026-02-18 15:40:23.346,2026-02-18 16:52:22.289,Running,False,SHP2L,,6.0,1.0,22.0,True,QC Standard,SHP2L,"0.002 V, 0.002 V, 0.003 V",30 µbar,72 °C,,4.587 V,9.5216 kV,37 µbar,Carbon Dioxide: 0.0216 kV,452 µbar,4.306 V,4.982 V,132 µbar/min,22.113 V,6.27E-008 mbar,67 %,738 µbar,µ-Volume,,Pre,4.211012491336047,4.576916565356522,4.677444546801963,5.996102743255413,6.243798311765562,4.379887029043305,-0.7859389675612949,-6.052314769903311,-0.8015900046931395,0.0204634170105646,0.0051158542526411,-6.099081962981909,0.0302141908092188,0.0075535477023047,-0.6319177378353511,0.02159538333912617,-6.103809568629618,0.030233083813055457,f83cab0ad3b9__Natan Pereira BTS coral series 6.3.xlsx,2026-02-18 15:40:23.346,739665.0,132.0,452.0,37.0,738.0,3.4435306607426,,SHP2L,,SHP2L,,,OK,16.0,15.0,15.0,0.0,0.0,3.268633245446975,-0.1018687210845685,4.449576207137828,4.480709455333247,-0.0311332481954185,5.829165034400737,5.981156878577983,-0.1519918441772461,-0.1627580639187114,-0.0242792969286002,-0.0245776610943604,4.1447687269128775,15.0,True,-0.8026334071685959,-6.102199775853815,0.0207364176580286,0.0284861848581578,4.093834366370593,4.195703087455161,,0.17489741529562508
7.0,GIRMS\IRMS-operator,2026-02-18 16:21:10.454,2026-02-18 17:25:15.290,Running,False,BTS,332,7.0,2.0,22.0,True,Unknown,,"0.001 V, 0.001 V, 0.002 V",37 µbar,72 °C,,8.045 V,9.5220 kV,40 µbar,Carbon Dioxide: 0.0220 kV,987 µbar,7.346 V,8.943 V,400 µbar/min,4.272 V,8.22E-008 mbar,39 %,838 µbar,µ-Volume,,Pre,7.205125724950399,7.817692571514564,7.923334836959839,10.28265633077832,10.578493418280544,7.420588960733419,-2.351899429017812,-3.8214353647672006,-2.3686094024312805,0.0148439283443065,0.0038326858179863,-3.8251724677095456,0.0194096566508931,0.0048524141627232,-2.3928810392738793,0.016020073924923196,-3.8239239854549263,0.019442765948730994,f83cab0ad3b9__Natan Pereira BTS coral series 6.3.xlsx,2026-02-18 16:21:10.454,739665.0,400.0,987.0,40.0,838.0,5.731451135723625,,BTS,332,BTS,332,,OK,16.0,15.0,15.0,0.0,0.0,5.382442128676867,-0.0983774662017813,7.566816860908665,7.551446557044983,0.0153703038636816,9.95253600568982,10.081952590658387,-0.1294165849685669,-0.1588503029870291,-0.0139106380918703,-0.0140080686787483,7.02291432587203,15.0,True,-2.372634215828488,-3.825421607905703,0.0178665109335059,0.0200644044598914,6.973725592771139,7.07210305897292,,0.3490090070467584
8.0,GIRMS\IRMS-operator,2026-02-18 16:52:22.411,2026-02-18 18:01:28.183,Running,False,BTS,859,8.0,1.0,23.0,True,Unknown,,"0.002 V, 0.002 V, 0.002 V",30 µbar,72 °C,,4.159 V,9.5219 kV,37 µbar,Carbon Dioxide: 0.0219 kV,606 µbar,3.867 V,4.491 V,181 µbar/min,7.205 V,5.94E-008 mbar,72 %,723 µbar,µ-Volume,,Pre,3.7941929363457065,4.120443971355424,4.204844067867173,5.414596248722772,5.612733372518579,3.936934983941464,-1.730130335133473,-3.888237400498928,-1.7203864075462223,0.0156618080163957,0.0040438614412665,-3.894345719595297,0.0176429829535269,0.0045553986104287,-1.6992435927784753,0.019043735794628345,-3.8946355740742566,0.01765280376240139,f83cab0ad3b9__Natan Pereira BTS coral series 6.3.xlsx,2026-02-18 16:52:22.411,739665.0,181.0,606.0,37.0,723.0,3.107491190074599,,BTS,859,BTS,859,,OK,16.0,15.0,15.0,0.0,0.0,2.94902438333055,-0.0845084014741921,4.006609810226763,4.030849630808897,-0.0242398205821334,5.265307299375852,5.380126246282618,-0.1148189469067659,-0.1352822084869304,-0.0223922034595442,-0.0226457475528931,3.731755874996305,15.0,True,-1.7223192036392034,-3.897671194712657,0.0184847024295016,0.0208237514955167,3.689501674259208,3.774010075733401,,0.15846680674404912
9.0,GIRMS\IRMS-operator,2026-02-18 17:25:15.412,2026-02-18 18:43:04.110,Running,False,BTS,881,9.0,2.0,23.0,True,Unknown,,"0.001 V, 0.001 V, 0.001 V",35 µbar,72 °C,,12.884 V,9.5219 kV,40 µbar,Carbon Dioxide: 0.0219 kV,958 µbar,11.848 V,14.682 V,313 µbar/min,3.362 V,1.09E-007 mbar,25 %,889 µbar,µ-Volume,,Pre,11.587601927018268,12.579989458785082,12.741532947287585,16.53510953347251,17.017638935251686,11.939224627709493,-1.2897579396384806,-3.784522102542653,-1.3803188551633525,0.0235492091080022,0.00629379087226,-3.8211188192019816,0.02013023252302,0.0051976036877959,-1.3353119904506319,0.024941394231068705,-3.8221279480878576,0.020094882029720176,f83cab0ad3b9__Natan Pereira BTS coral series 6.3.xlsx,2026-02-18 17:25:15.412,739665.0,313.0,958.0,40.0,889.0,9.000607531041245,,BTS,881,BTS,881,,OK,16.0,15.0,15.0,0.0,0.0,8.378961228794621,-0.1404285430908203,12.126651431784657,12.071457530722643,0.0551939010620117,15.939137591524572,16.121468199892494,-0.1823306083679217,-0.2270939909632192,-0.0124158497829359,-0.0124934079209476,11.240211156106096,15.0,True,-1.374003627699505,-3.827178153262804,0.0333644258885216,0.0219266257773559,11.169996884560687,11.310425427651507,,0.6216463022466243
10.0,GIRMS\IRMS-operator,2026-02-18 18:01:28.282,2026-02-18 19:13:17.995,Running,False,BTS,954,10.0,1.0,24.0,True,Unknown,,"0.002 V, 0.002 V, 0.002 V",30 µbar,72 °C,,0.006 V,9.5217 kV,40 µbar,Carbon Dioxide: 0.0217 kV,789 µbar,3.151 V,0.006 V,"1,099 µbar/min",11.502 V,5.33E-008 mbar,100 %,35 µbar,µ-Volume,0.011 V,Pre,0.0069569015369235,0.0074442576593912,3.432854759357127,0.009819302115903,4.582741949139479,3.2143259371542547,-16.263062130428274,-14.829774784847704,-17.215434266007705,0.6575158033856706,0.1643789508464176,-17.569894675561056,2.025148425514697,0.5228910750411063,-17.7551298558899,0.6786757895011619,-17.550232595869296,2.0270820542146497,f83cab0ad3b9__Natan Pereira BTS coral series 6.3.xlsx,2026-02-18 18:01:28.282,739665.0,1099.0,789.0,40.0,35.0,0.005682095626653173,,BTS,954,BTS,954,,Failed Sample,16.0,15.0,15.0,0.0,0.0,2.4133080872349586,-3.065179836874569,3.280185112092989,0.0069784423219849,3.273206669771004,4.37903787300717,0.0092093349699505,4.369828538037219,-0.0106543742508651,-0.9978772646773256,-1.991527044551122,1.5391103250447908,15.0,True,,,,,0.0065204066075062,3.0717002434820757,,-2.4076259916083056
11.0,GIRMS\IRMS-operator,2026-02-18 18:43:04.233,2026-02-18 19:46:25.634,Running,False,SHP2L,,11.0,2.0,24.0,True,QC Standard,SHP2L,"0.001 V, 0.001 V, 0.001 V",40 µbar,72 °C,,0.007 V,9.5219 kV,40 µbar,Carbon Dioxide: 0.0219 kV,904 µbar,3.129 V,0.007 V,"1,128 µbar/min",3.127 V,4.76E-008 mbar,100 %,45 µbar,µ-Volume,0.010 V,Pre,0.0080725007138294,0.008620899361347,3.423832401881666,0.0114007138998188,4.570222155828356,3.205803545573532,-18.261605486714405,-14.189221944270637,-18.314694104017267,0.9166061266773988,0.23666668424355,-16.462951647482797,1.4826911048890064,0.3706727762222516,-18.979235419378327,0.9724139776266845,-16.439933929044603,1.4831098799561635,f83cab0ad3b9__Natan Pereira BTS coral series 6.3.xlsx,2026-02-18 18:43:04.233,739665.0,1128.0,904.0,40.0,45.0,0.006931715779190266,,SHP2L,,SHP2L,,,Failed Sample,16.0,15.0,15.0,0.0,0.0,2.4067100526233256,-3.0557296200763826,3.271621073834478,0.0082373641182825,3.263383709716196,4.3671491310786,0.0108518184361672,4.3562973126424325,-0.0125924416732966,-0.9974833728198544,-1.989958761333568,1.5355743442786671,15.0,True,,,,,0.0077095342404761,3.063439154316858,,-2.399778336844135
