Index,User name,Start Time,Stop Time,Status,Mark To Pause,Label,Comment,Run ID,Line,Vial,Evaluate,Sample Type,Reference,Acquisition information Background Result,Linearity Correction Result,Pressure Adjust Target Intensity,High Voltage,Kiel IV Initial Pressure,Kiel IV Residual CO₂ Pressure,Peak Center Result,Kiel IV Non Condensable Pressure,Pressure Adjust Result Intensity,Initial Intensity from µ-Volume,Kiel IV Leak Rate,Pressure Adjust Initial Intensity,Ion Source Pressure,Pressure Adjust Bellow Position,Kiel IV CO₂ Sample Pressure,Kiel IV Acid Temperature,Measuring from,Pressure Adjust failed with Target Intensity,Cycle Number,Sample Intensities Sample Intensity 44.00 m/z,45.00 m/z,45.00 m/z__dup2,46.00 m/z,46.00 m/z__dup2,Standard Intensities Standard Intensity 44.00 m/z,"Molecule Deltas CO2 Brand, Assonov and Coplen d45CO2",d46CO2,"CO2 Brand, Assonov and Coplen (Avg.) d45CO2 Mean",d45CO2 SD,d45CO2 SE,d46CO2 Mean,d46CO2 SD,d46CO2 SE,d 13C/12C  Mean,d 13C/12C  Std Dev,d 18O/16O  Mean,d 18O/16O  Std Dev,Excel File,Date,Date_ordinal,leak_rate,p_gases,p_no_acid,total_co2,1  Cycle Int  Samp  44,Identifier 1,Species,Identifier 2,Collector Status,Cycles Total,d13C Cycles Used,d18O Cycles Used,d13C Cycles Excluded,d18O Cycles Excluded,1  Cycle Int  Ref  44,1  Cycle Int  Diff Samp-Ref  44,1  Cycle Int  Pressure-Weighted Mismatch Samp-Ref  44,d13C_linearity_corrected,d18O_linearity_corrected,d13C_calibrated,d18O_calibrated,d13C_calibrated_linearity_corrected,d18O_calibrated_linearity_corrected
1.0,GIRMS\IRMS-operator,2026-03-20 13:30:11.955,2026-03-20 14:29:14.587,Success,False,SHP2L,,1.0,1,2.0,True,QC Standard,SHP2L,"0.001 V, 0.001 V, 0.001 V",,8.082 V,9.5203 kV,18 µbar,20 µbar,Carbon Dioxide: 0.0203 kV,47 µbar,7.474 V,9.161 V,39 µbar/min,3.330 V,8.64E-008 mbar,27 %,741 µbar,72 °C,µ-Volume,,Pre,7.326481997791935,7.9650113899932435,8.034844991871081,10.441197432198276,10.73306647650217,7.521672122122338,-0.8295212544969788,-6.159377863043547,-0.8453090988126855,0.0105650409080775,0.0027278818325989,-6.164325414595017,0.0254749487083041,0.00657760347285,-0.8480982934053969,0.0115737927834987,-6.159295091127063,0.0328917359186512,Renata Nagai 780 G. ruber series 1.xlsx,2026-03-20 13:30:11.955,739695.0,39.0,47.0,20.0,741.0,7.085902979751296,SHP2L,,,OK,16.0,15.0,15.0,0.0,0.0,7.175414169678215,-0.0895111899269194,-0.0832609067727175,-0.8480982934053969,-6.159295091127063,,,,
2.0,GIRMS\IRMS-operator,2026-03-20 14:00:39.516,2026-03-20 14:58:32.655,Success,False,780 - G. ruber,20-21,2.0,2,2.0,True,Unknown,,"0.002 V, 0.002 V, 0.002 V",,12.061 V,9.5203 kV,20 µbar,40 µbar,Carbon Dioxide: 0.0203 kV,49 µbar,11.149 V,13.832 V,34 µbar/min,7.367 V,1.10E-007 mbar,12 %,814 µbar,72 °C,µ-Volume,,Pre,10.908814795777232,11.878641372895322,11.974440938210568,15.623071463062312,16.00035396332934,11.213733237906832,1.1365051979217444,-1.2133930888412747,1.0705451990790786,0.0363659918139452,0.0090914979534863,-1.233029898756947,0.0158668979596554,0.0040968154369145,1.066147865822901,0.032946396795581,-1.238080116834454,0.020538292966742,Renata Nagai 780 G. ruber series 1.xlsx,2026-03-20 14:00:39.516,739695.0,34.0,49.0,40.0,814.0,10.537175816222568,780,G. ruber,20-21,OK,16.0,15.0,15.0,0.0,0.0,10.641890549870636,-0.104714733648068,-0.0976627185006986,1.126003763983019,-1.3208665420007828,1.2075592706009957,-0.9663891747272828,1.2075592706009957,-0.9663891747272828
3.0,GIRMS\IRMS-operator,2026-03-20 14:29:14.731,2026-03-20 15:30:29.058,Success,False,780 - G. ruber,18-19,3.0,1,3.0,True,Unknown,,"0.002 V, 0.002 V, 0.002 V",,16.562 V,9.5200 kV,45 µbar,162 µbar,Carbon Dioxide: 0.0200 kV,52 µbar,11.741 V,19.219 V,83 µbar/min,10.866 V,1.13E-007 mbar,10 %,865 µbar,72 °C,µ-Volume,15.250 V,Pre,16.1734982778613,17.601859610677636,12.629163306356348,23.1602855005477,16.876540330908117,11.82808125515622,0.6958564917713961,-1.3057851217697092,0.7491855638658841,0.0618322695042348,0.0154580673760587,-1.2873473927073398,0.0166019026750589,0.0041504756687647,0.7527408353388498,0.0622866954502144,-1.2861182107698488,0.0164137016151856,Renata Nagai 780 G. ruber series 1.xlsx,2026-03-20 14:29:14.731,739695.0,83.0,52.0,162.0,865.0,15.552715902525604,780,G. ruber,18-19,OK,16.0,15.0,15.0,0.0,0.0,11.213471689223704,4.3392442133019,5.668861140934719,0.8995819331190273,-1.48921347667332,0.9811189945592104,-1.1347958635051327,0.9811189945592104,-1.1347958635051327
4.0,GIRMS\IRMS-operator,2026-03-20 14:58:32.807,2026-03-20 16:06:09.574,Success,False,780 - G. ruber,16-17,4.0,2,3.0,True,Unknown,,"0.002 V, 0.002 V, 0.002 V",,10.810 V,9.5199 kV,45 µbar,45 µbar,Carbon Dioxide: 0.0199 kV,54 µbar,10.915 V,12.325 V,73 µbar/min,11.408 V,1.08E-007 mbar,11 %,821 µbar,72 °C,µ-Volume,,Pre,10.600219285504943,11.547364022103668,11.743403698769928,15.184032810123584,15.691402447612903,10.997368968355282,1.5214305142947635,-1.0233628143758722,1.467300378959882,0.0305002238495496,0.0076250559623874,-1.0360924965445024,0.0148433547328277,0.0037108386832069,1.46369170327089,0.0278112838973835,-1.036941142022411,0.0149571528529865,Renata Nagai 780 G. ruber series 1.xlsx,2026-03-20 14:58:32.807,739695.0,73.0,54.0,45.0,821.0,10.236337589639176,780,G. ruber,16-17,OK,16.0,15.0,15.0,0.0,0.0,10.439082595489962,-0.2027450058507867,-0.1872612895393208,1.5183301228060908,-1.112511295826757,1.5999175898115254,-0.7579599736495766,1.5999175898115254,-0.7579599736495766
5.0,GIRMS\IRMS-operator,2026-03-20 15:30:29.176,2026-03-20 16:49:33.663,Success,False,780 - G. ruber,14-15,5.0,1,4.0,True,Unknown,,"0.001 V, 0.001 V, 0.001 V",,14.783 V,9.5200 kV,47 µbar,123 µbar,Carbon Dioxide: 0.0200 kV,54 µbar,12.236 V,17.029 V,220 µbar/min,3.336 V,1.15E-007 mbar,10 %,868 µbar,72 °C,µ-Volume,12.906 V,Pre,13.480655090457288,14.674296750220336,13.148969186934512,19.299637346364705,17.5724884558694,12.315697209483467,0.9320731602731058,-1.5406744927641824,0.8947945015428319,0.0207848583324849,0.0053666273449996,-1.5649530605814863,0.0135257333672887,0.00349232933845,0.8965911922282466,0.0249791223221445,-1.569789582758648,0.0167988740165081,Renata Nagai 780 G. ruber series 1.xlsx,2026-03-20 15:30:29.176,739695.0,220.0,54.0,123.0,868.0,12.986443178302132,780,G. ruber,14-15,OK,16.0,15.0,15.0,0.0,0.0,11.669284836894358,1.317158341407774,1.380700695244322,0.9989250701766642,-1.7113271118772355,1.0804702244840882,-1.3569883371008018,1.0804702244840882,-1.3569883371008018
6.0,GIRMS\IRMS-operator,2026-03-20 16:06:09.673,2026-03-20 17:19:09.850,Success,False,SHP2L,,6.0,2,4.0,True,QC Standard,SHP2L,"0.002 V, 0.002 V, 0.003 V",,3.561 V,9.5197 kV,47 µbar,47 µbar,Carbon Dioxide: 0.0197 kV,59 µbar,3.323 V,3.925 V,59 µbar/min,11.894 V,5.74E-008 mbar,74 %,670 µbar,72 °C,µ-Volume,,Pre,3.3228275962046543,3.613500735598144,3.626252180252719,4.736710246204903,4.843307953435469,3.3937420870675177,-0.7958584964444793,-6.014647827983555,-0.8111265830702171,0.0188823263397062,0.0048753956967557,-5.97555880569236,0.02105347279746,0.0054359833016262,-0.808306142876436,0.0238357454170881,-5.976640211286898,0.0234812944550222,Renata Nagai 780 G. ruber series 1.xlsx,2026-03-20 16:06:09.673,739695.0,59.0,59.0,47.0,670.0,3.232649502408938,SHP2L,,,OK,16.0,15.0,15.0,0.0,0.0,3.2592516368883406,-0.0266021344794027,-0.0248526549077401,-0.8751336464245878,-5.8842113898741415,,,,
7.0,GIRMS\IRMS-operator,2026-03-20 16:49:33.790,2026-03-20 17:52:48.278,Success,False,780 - G. ruber,6-7,7.0,1,5.0,True,Unknown,,"0.001 V, 0.001 V, 0.002 V",,12.685 V,9.5198 kV,49 µbar,37 µbar,Carbon Dioxide: 0.0198 kV,54 µbar,11.442 V,14.582 V,107 µbar/min,3.300 V,1.09E-007 mbar,11 %,858 µbar,72 °C,µ-Volume,,Pre,11.198050996281657,12.194867521379653,12.289090266794558,16.03538324140339,16.421919362771796,11.50975693253355,1.338232431041364,-1.3011599395372777,1.2259080714029778,0.0300719263206367,0.0077645379885468,-1.28058422740894,0.0152931575990322,0.003823289399758,1.2259080714029775,0.0300719263206367,-1.2792125132670509,0.0147760088254539,Renata Nagai 780 G. ruber series 1.xlsx,2026-03-20 16:49:33.790,739695.0,107.0,54.0,37.0,858.0,10.807312747456583,780,G. ruber,6-7,OK,16.0,15.0,15.0,0.0,0.0,10.918117782094034,-0.1108050346374511,-0.1033106315232066,1.290448991411951,-1.3684787712086788,1.3720178943594874,-1.0140183037151471,1.3720178943594874,-1.0140183037151471
8.0,GIRMS\IRMS-operator,2026-03-20 17:19:09.948,2026-03-20 18:30:34.392,Success,False,780 - G. ruber,34-35,8.0,2,5.0,True,Unknown,,"0.002 V, 0.002 V, 0.002 V",,0.005 V,9.5196 kV,35 µbar,47 µbar,Carbon Dioxide: 0.0196 kV,242 µbar,3.120 V,0.005 V,83 µbar/min,11.117 V,5.60E-008 mbar,100 %,35 µbar,72 °C,µ-Volume,0.010 V,Pre,0.0054926676858313,0.0059320047040115,3.411345170647476,0.0078686658777421,4.556162160057899,3.1925359142936744,-7.66448921698204,-1.084905159312144,-8.049780954903934,1.010400970051415,0.2608844086667299,-2.0863120716902093,2.2577543031637104,0.5644385757909276,,,,,Renata Nagai 780 G. ruber series 1.xlsx,2026-03-20 17:19:09.948,739695.0,83.0,242.0,47.0,35.0,0.0051109569380271,780,G. ruber,34-35,Failed Sample,16.0,15.0,15.0,0.0,0.0,3.063990643084799,-3.058879686146772,-0.0048060995321115,,,,,,
9.0,GIRMS\IRMS-operator,2026-03-20 17:52:48.387,2026-03-20 19:09:00.099,Success,False,780 - G. ruber,32-33,9.0,1,6.0,True,Unknown,,"0.001 V, 0.001 V, 0.001 V",,0.021 V,9.5198 kV,52 µbar,42 µbar,Carbon Dioxide: 0.0198 kV,49 µbar,3.326 V,0.019 V,366 µbar/min,3.327 V,5.69E-008 mbar,100 %,59 µbar,72 °C,µ-Volume,0.022 V,Pre,0.0198114000510961,0.0213797281772598,3.631277562900815,0.0280419358796224,4.850008900850848,3.3982071520567696,-8.468532560097719,-13.053940854709122,-8.258998818185251,0.4604019905181785,0.1188752827891766,-11.734910370637149,1.059447506526014,0.2648618766315035,,,,,Renata Nagai 780 G. ruber series 1.xlsx,2026-03-20 17:52:48.387,739695.0,366.0,49.0,42.0,59.0,0.0193762887589731,780,G. ruber,32-33,Failed Sample,16.0,15.0,15.0,0.0,0.0,3.259738098489503,-3.24036180973053,-0.0181424933572174,,,,,,
10.0,GIRMS\IRMS-operator,2026-03-20 18:30:34.519,2026-03-20 19:42:18.732,Success,False,780 - G. ruber,28-29,10.0,2,6.0,True,Unknown,,"0.001 V, 0.001 V, 0.001 V",,7.277 V,9.5198 kV,40 µbar,42 µbar,Carbon Dioxide: 0.0198 kV,132 µbar,6.805 V,8.186 V,68 µbar/min,3.302 V,8.18E-008 mbar,30 %,748 µbar,72 °C,µ-Volume,,Pre,6.678971381797202,7.276617188492018,7.326252956428725,9.567125597854616,9.786113062759402,6.858105088144368,1.272859279862315,-1.08217010145939,1.243671109208394,0.0166582049438431,0.0041645512359607,-1.0566282190316991,0.0288054913126265,0.0072013728281566,1.2417252311647993,0.0152448842771591,-1.0549254268698534,0.0289710011061312,Renata Nagai 780 G. ruber series 1.xlsx,2026-03-20 18:30:34.519,739695.0,68.0,132.0,42.0,748.0,6.475532675653523,780,G. ruber,28-29,OK,16.0,15.0,15.0,0.0,0.0,6.548043181637858,-0.0725105059843356,-0.0675430204941155,1.2311394952658692,-1.0402843428703616,1.312703566637765,-0.6857073840103567,1.312703566637765,-0.6857073840103567
11.0,GIRMS\IRMS-operator,2026-03-20 19:09:00.253,2026-03-20 20:15:21.011,Success,False,SHP2L,,11.0,1,7.0,True,QC Standard,SHP2L,"0.002 V, 0.002 V, 0.002 V",,10.475 V,9.5198 kV,42 µbar,32 µbar,Carbon Dioxide: 0.0198 kV,49 µbar,9.756 V,11.942 V,107 µbar/min,6.696 V,1.00E-007 mbar,16 %,826 µbar,72 °C,µ-Volume,,Pre,9.555865658873584,10.385817547011914,10.482228059936109,13.61771932871871,14.004076636152792,9.81525017177489,-0.871074479649514,-6.093189265665711,-0.9023640325209816,0.0252545353869934,0.0063136338467483,-6.110676689072231,0.0185355980489792,0.0046338995122448,-0.9044500027124128,0.0246729582607356,-6.111842517299334,0.01856903839397,Renata Nagai 780 G. ruber series 1.xlsx,2026-03-20 19:09:00.253,739695.0,107.0,49.0,32.0,826.0,9.23529697811034,SHP2L,,,OK,16.0,15.0,15.0,0.0,0.0,9.332914485091235,-0.097617506980896,-0.0909864811499846,-0.8671727678000642,-6.163400494262999,,,,
12.0,GIRMS\IRMS-operator,2026-03-20 19:42:18.857,2026-03-20 20:53:05.356,Success,False,780 - G. ruber,24-25,12.0,2,7.0,True,Unknown,,"0.002 V, 0.002 V, 0.002 V",,8.959 V,9.5198 kV,32 µbar,42 µbar,Carbon Dioxide: 0.0198 kV,137 µbar,9.029 V,10.132 V,49 µbar/min,9.528 V,9.53E-008 mbar,17 %,777 µbar,72 °C,µ-Volume,,Pre,8.797936824204855,9.58971002399837,9.709858086704363,12.626340769250165,12.972092412431012,9.09154930436843,1.959835493310802,0.8791056015624577,1.900965839960009,0.029905322119371,0.0074763305298427,0.9124343829281512,0.0203099011026795,0.0050774752756698,1.8970411964032896,0.0263469242913503,0.914656301685864,0.0189029848931685,Renata Nagai 780 G. ruber series 1.xlsx,2026-03-20 19:42:18.857,739695.0,49.0,137.0,42.0,777.0,8.51769068563216,780,G. ruber,24-25,OK,16.0,15.0,15.0,0.0,0.0,8.65252256315766,-0.1348318775254995,-0.1250222425281529,1.921872886962341,0.8803117014808658,2.003493228085972,1.2355703686158677,2.003493228085972,1.2355703686158677
13.0,GIRMS\IRMS-operator,2026-03-20 20:15:21.131,2026-03-20 21:31:51.999,Success,False,780 - G. ruber,22-23,13.0,1,8.0,True,Unknown,,"0.001 V, 0.001 V, 0.001 V",,16.653 V,9.5199 kV,47 µbar,40 µbar,Carbon Dioxide: 0.0199 kV,54 µbar,12.085 V,19.395 V,112 µbar/min,3.323 V,1.14E-007 mbar,10 %,877 µbar,72 °C,µ-Volume,15.127 V,Pre,16.08377886309834,17.500807654766845,12.986145281809844,23.03641500786801,17.353276041307648,12.16268730654927,0.500947686513431,-1.0585559290418045,0.5824152454103476,0.0725101146743081,0.018127528668577,-1.090907481657917,0.0185751529017675,0.0046437882254418,0.5878464160034754,0.0716072240910801,-1.0930642518323244,0.0170275968428761,Renata Nagai 780 G. ruber series 1.xlsx,2026-03-20 20:15:21.131,739695.0,112.0,54.0,40.0,877.0,15.450792436744884,780,G. ruber,22-23,OK,16.0,15.0,15.0,0.0,0.0,11.52775225745382,3.923040179291064,4.952727777983125,0.7329198411373679,-1.2937146576008969,0.8144433256538832,-0.9392276528690218,0.8144433256538832,-0.9392276528690218
14.0,GIRMS\IRMS-operator,2026-03-20 20:53:05.483,2026-03-20 22:03:51.986,Success,False,780 - G. ruber,52-53,14.0,2,8.0,True,Unknown,,"0.002 V, 0.002 V, 0.002 V",,11.556 V,9.5198 kV,35 µbar,42 µbar,Carbon Dioxide: 0.0198 kV,96 µbar,11.515 V,13.171 V,63 µbar/min,11.752 V,1.10E-007 mbar,10 %,794 µbar,72 °C,µ-Volume,,Pre,11.319010432415835,12.323674129071,12.378674315037491,16.231818024316976,16.540704194704244,11.5932663041886,1.065743397508978,0.1752498661968804,0.9901290090665592,0.0407037743381284,0.0101759435845321,0.150177043431815,0.0233890720231057,0.0058472680057764,0.9850880498370648,0.0365994280709771,0.148505521914144,0.0231997138950361,Renata Nagai 780 G. ruber series 1.xlsx,2026-03-20 20:53:05.483,739695.0,63.0,96.0,42.0,794.0,10.929792102032536,780,G. ruber,52-53,OK,16.0,15.0,15.0,0.0,0.0,10.997875507527226,-0.0680834054946899,-0.0637323526847015,1.0517531460910292,0.0563013253039552,1.1333026039732204,0.4112675130838852,1.1333026039732204,0.4112675130838852
15.0,GIRMS\IRMS-operator,2026-03-20 21:31:52.109,2026-03-20 22:36:35.777,Success,False,780 - G. ruber,50-51,15.0,1,9.0,True,Unknown,,"0.002 V, 0.002 V, 0.003 V",,18.178 V,9.5198 kV,42 µbar,32 µbar,Carbon Dioxide: 0.0198 kV,52 µbar,11.415 V,21.296 V,83 µbar/min,11.219 V,1.10E-007 mbar,10 %,870 µbar,72 °C,µ-Volume,16.640 V,Pre,17.73498276181889,19.29487766799961,12.277920861816751,25.422189972721227,16.405944369159826,11.49876085154464,0.3084895107499097,-0.2422817138579835,0.4348406914747582,0.1120532776894851,0.0280133194223712,-0.2143308224619444,0.0196289142274369,0.0049072285568592,0.4432641035230815,0.1106184325526756,-0.2124674297022085,0.0187960449634119,Renata Nagai 780 G. ruber series 1.xlsx,2026-03-20 21:31:52.109,739695.0,83.0,52.0,32.0,870.0,17.01816240258885,780,G. ruber,50-51,OK,16.0,15.0,15.0,0.0,0.0,10.907941255051618,6.110221147537232,8.9792979072827,0.6155206409462664,-0.4507146765591143,0.6970345616803115,-0.0959284521842391,0.6970345616803115,-0.0959284521842391
16.0,GIRMS\IRMS-operator,2026-03-20 22:03:52.157,2026-03-20 23:15:45.290,Success,False,SHP2L,,16.0,2,9.0,True,QC Standard,SHP2L,"0.002 V, 0.002 V, 0.002 V",,4.029 V,9.5198 kV,30 µbar,35 µbar,Carbon Dioxide: 0.0198 kV,113 µbar,3.754 V,4.455 V,63 µbar/min,11.089 V,6.21E-008 mbar,59 %,650 µbar,72 °C,µ-Volume,,Pre,3.763770841592497,4.094411601186984,4.084660107634048,5.370824389222018,5.455393999528729,3.822704934114165,-0.4427571910026184,-4.968282733894713,-0.4362355514824815,0.0173577511657797,0.0044817520795118,-4.993413888556231,0.0255587227614715,0.0063896806903678,-0.4391584646986857,0.0216861797636724,-4.995089298866999,0.0255301568286044,Renata Nagai 780 G. ruber series 1.xlsx,2026-03-20 22:03:52.157,739695.0,63.0,113.0,35.0,650.0,3.6610571374833047,SHP2L,,,OK,16.0,15.0,15.0,0.0,0.0,3.668778907450246,-0.0077217699669414,-0.0072580073587264,-0.4985560358737579,-4.912936783704788,,,,
17.0,GIRMS\IRMS-operator,2026-03-20 22:36:35.877,2026-03-20 23:53:38.575,Success,False,780 - G. ruber,48-49,17.0,1,10.0,True,Unknown,,"0.001 V, 0.001 V, 0.001 V",,21.273 V,9.5200 kV,42 µbar,37 µbar,Carbon Dioxide: 0.0200 kV,54 µbar,12.034 V,25.160 V,112 µbar/min,3.328 V,1.13E-007 mbar,10 %,887 µbar,72 °C,µ-Volume,19.120 V,Pre,20.493128081351543,22.288299816037,12.934006469631964,29.37857272796643,17.28332998924267,12.113623996764447,0.0114745086472467,-0.1598069955514036,0.1970431344909817,0.1334227477932315,0.0333556869483078,-0.1385435857066478,0.0258946545341968,0.0064736636335492,0.2094143762138974,0.1282556084004598,-0.1371260250503307,0.0261530143444852,Renata Nagai 780 G. ruber series 1.xlsx,2026-03-20 22:36:35.877,739695.0,112.0,54.0,37.0,887.0,19.61921968081596,780,G. ruber,48-49,OK,16.0,15.0,15.0,0.0,0.0,11.482068081885602,8.137151598930357,13.09632963400863,0.4267814067597812,-0.4377653932839539,0.5082799520828303,-0.0829745726100554,0.5082799520828303,-0.0829745726100554
18.0,GIRMS\IRMS-operator,2026-03-20 23:15:45.393,2026-03-21 00:25:58.626,Success,False,780 - G. ruber,46-47,18.0,2,10.0,True,Unknown,,"0.002 V, 0.002 V, 0.003 V",,14.667 V,9.5197 kV,32 µbar,37 µbar,Carbon Dioxide: 0.0197 kV,91 µbar,11.680 V,16.904 V,230 µbar/min,11.699 V,1.12E-007 mbar,10 %,804 µbar,72 °C,µ-Volume,13.606 V,Pre,14.369720856665626,15.639905949779894,12.558524628826524,20.593358586193936,16.781373331906217,11.762050655220424,0.757975118550247,-0.4882119800595497,0.7794760561915803,0.040955621840201,0.0102389054600502,-0.4693836478262492,0.0129997193080809,0.0033565130923712,0.7809094520343359,0.0419756176936397,-0.4702502553951252,0.014670458431819,Renata Nagai 780 G. ruber series 1.xlsx,2026-03-20 23:15:45.393,739695.0,230.0,91.0,37.0,804.0,13.849118988036173,780,G. ruber,46-47,OK,16.0,15.0,15.0,0.0,0.0,11.15473572444822,2.694383263587953,3.1509231524632315,0.8982048348707394,-0.632480975040594,0.9797417841273272,-0.2777592679233294,0.9797417841273272,-0.2777592679233294
19.0,GIRMS\IRMS-operator,2026-03-20 23:53:38.691,2026-03-21 00:58:06.509,Success,False,780 - G. ruber,44-45,19.0,1,11.0,True,Unknown,,"0.002 V, 0.002 V, 0.003 V",,24.530 V,9.5198 kV,40 µbar,35 µbar,Carbon Dioxide: 0.0198 kV,52 µbar,11.361 V,29.295 V,103 µbar/min,11.378 V,1.10E-007 mbar,10 %,889 µbar,72 °C,µ-Volume,22.211 V,Pre,23.88329947589385,25.97146885496911,12.222182322567072,34.21583719544756,16.331597641042354,11.4465221226071,-0.1850077027802932,-0.8290473424622524,0.0950929396654268,0.1848576842777416,0.0462144210694354,-0.7668854943374473,0.0319792042600612,0.0082569950349455,0.1137663158284748,0.1750303355318591,-0.7686239404109952,0.0360495537846748,Renata Nagai 780 G. ruber series 1.xlsx,2026-03-20 23:53:38.691,739695.0,103.0,52.0,35.0,889.0,22.81764293311583,780,G. ruber,44-45,OK,16.0,15.0,15.0,0.0,0.0,10.860384947047104,11.957257986068727,23.66315988847798,0.3866040395167632,-1.1459845763545042,0.4680993118397509,-0.7914451353912,0.4680993118397509,-0.7914451353912
20.0,GIRMS\IRMS-operator,2026-03-21 00:25:58.750,2026-03-21 01:35:15.861,Success,False,780 - G. ruber,62-63,20.0,2,11.0,True,Unknown,,"0.002 V, 0.002 V, 0.003 V",,13.665 V,9.5198 kV,32 µbar,42 µbar,Carbon Dioxide: 0.0198 kV,45 µbar,11.018 V,15.690 V,73 µbar/min,11.037 V,1.08E-007 mbar,10 %,802 µbar,72 °C,µ-Volume,12.679 V,Pre,13.378130324831062,14.566502240108557,11.859616902278969,19.185315188372403,15.845562633478906,11.106064701369132,1.0426647336956307,0.1836305037941077,1.0628017057118404,0.0230358163103992,0.0061565808755837,0.1891090532937095,0.0165202887113014,0.0041300721778253,1.078486876906496,0.0430553328767082,0.1894742899270163,0.0170331265793979,Renata Nagai 780 G. ruber series 1.xlsx,2026-03-21 00:25:58.750,739696.0,73.0,45.0,42.0,802.0,12.90440750931745,780,G. ruber,62-63,OK,16.0,15.0,15.0,0.0,0.0,10.542041386915354,2.362366122402096,2.723805775445165,1.1793979989961607,0.0499045680764027,1.2609578553101528,0.4048684853516988,1.2609578553101528,0.4048684853516988
21.0,GIRMS\IRMS-operator,2026-03-21 00:58:06.623,2026-03-21 02:19:21.862,Success,False,SHP2L,,21.0,1,12.0,True,QC Standard,SHP2L,"0.001 V, 0.001 V, 0.002 V",,6.811 V,9.5201 kV,42 µbar,35 µbar,Carbon Dioxide: 0.0201 kV,59 µbar,6.305 V,7.669 V,83 µbar/min,3.335 V,7.87E-008 mbar,34 %,777 µbar,72 °C,µ-Volume,,Pre,6.246377620107871,6.791609153191753,6.7866619723933965,8.90262178549931,9.06503531906696,6.352473786626877,-0.8076584390437347,-6.122749488048807,-0.8056226642973661,0.0184842169205945,0.0046210542301486,-6.113630034995343,0.0157925374725782,0.0040776156417101,-0.8054869459809415,0.0191247286755259,-6.116048819167719,0.0196068638891449,Renata Nagai 780 G. ruber series 1.xlsx,2026-03-21 00:58:06.623,739696.0,83.0,59.0,35.0,777.0,6.050278525811506,SHP2L,,,OK,16.0,15.0,15.0,0.0,0.0,6.070818574102426,-0.0205400482909201,-0.0192816924811832,-0.8234479229260523,-6.091207072247424,,,,
22.0,GIRMS\IRMS-operator,2026-03-21 01:35:15.976,2026-03-21 02:50:23.171,Success,False,780 - G. ruber,60-61,22.0,2,12.0,True,Unknown,,"0.002 V, 0.002 V, 0.002 V",,12.057 V,9.5199 kV,32 µbar,40 µbar,Carbon Dioxide: 0.0199 kV,52 µbar,11.138 V,13.791 V,39 µbar/min,6.213 V,1.09E-007 mbar,12 %,789 µbar,72 °C,µ-Volume,,Pre,10.923982730853718,11.899966370114996,11.96369863654108,15.678505700640969,15.985305708461096,11.203911940227348,1.5294626058004468,0.985859708077408,1.4680266925578629,0.0242097117177256,0.0062509206866155,0.9918504256272322,0.0132704967249236,0.0035466894354978,1.468026692557863,0.0242097117177256,0.9925473744616684,0.0208554100421903,Renata Nagai 780 G. ruber series 1.xlsx,2026-03-21 01:35:15.976,739696.0,39.0,52.0,40.0,789.0,10.55587969693251,780,G. ruber,60-61,OK,16.0,15.0,15.0,0.0,0.0,10.633629600177605,-0.0777499032450936,-0.0726989835605633,1.5282069746864526,0.9093122952786676,1.6097952462974945,1.264581256064389,1.6097952462974945,1.264581256064389
23.0,GIRMS\IRMS-operator,2026-03-21 02:19:21.986,2026-03-21 03:21:57.520,Success,False,780 - G. ruber,58-59,23.0,1,13.0,True,Unknown,,"0.002 V, 0.002 V, 0.002 V",,12.294 V,9.5198 kV,47 µbar,42 µbar,Carbon Dioxide: 0.0198 kV,57 µbar,11.579 V,14.133 V,98 µbar/min,10.853 V,1.10E-007 mbar,10 %,860 µbar,72 °C,µ-Volume,,Pre,11.448453621405518,12.465357780456545,12.438446283340454,16.4181657163979,16.62052348541035,11.649556188555312,1.14446651811706,0.2423404562792441,1.062143579247425,0.0299270035861754,0.0077271190994098,0.2163260443148,0.0150694806819193,0.0038909231811378,1.0621435792474248,0.0299270035861754,0.2171126636287675,0.016739803565098,Renata Nagai 780 G. ruber series 1.xlsx,2026-03-21 02:19:21.986,739696.0,98.0,57.0,42.0,860.0,11.042572288485122,780,G. ruber,58-59,OK,16.0,15.0,15.0,0.0,0.0,11.048771171541762,-0.0061988830566406,-0.0058355970130632,1.1307646377433334,0.1222031843856508,1.212320532200124,0.4771927637804083,1.212320532200124,0.4771927637804083
24.0,GIRMS\IRMS-operator,2026-03-21 02:50:23.291,2026-03-21 03:57:27.646,Success,False,780 - G. ruber,56-57,24.0,2,13.0,True,Unknown,,"0.002 V, 0.002 V, 0.002 V",,14.991 V,9.5198 kV,37 µbar,47 µbar,Carbon Dioxide: 0.0198 kV,40 µbar,11.221 V,17.467 V,83 µbar/min,11.240 V,1.08E-007 mbar,10 %,821 µbar,72 °C,µ-Volume,13.956 V,Pre,14.783533820693105,16.090059913369014,12.075362168715106,21.226444522704693,16.13558201011619,11.30919397789678,0.7068280953368422,1.3046377731211756,0.7836022490066569,0.0654521899948587,0.0163630474987146,1.348558675795856,0.0366072897863834,0.0094519615794967,0.7887205259179778,0.0643498338198629,1.3451551737557592,0.0428272787413931,Renata Nagai 780 G. ruber series 1.xlsx,2026-03-21 02:50:23.291,739696.0,83.0,40.0,47.0,821.0,14.246242651526542,780,G. ruber,56-57,OK,16.0,15.0,15.0,0.0,0.0,10.73226571995458,3.5139769315719622,4.393629228001581,0.912903278917546,1.1733985632268162,0.9944414255649008,1.528761260430656,0.9944414255649008,1.528761260430656
25.0,GIRMS\IRMS-operator,2026-03-21 03:21:57.636,2026-03-21 04:38:14.814,Success,False,780 - G. ruber,54-55,25.0,1,14.0,True,Unknown,,"0.001 V, 0.001 V, 0.002 V",,15.326 V,9.5200 kV,45 µbar,42 µbar,Carbon Dioxide: 0.0200 kV,57 µbar,12.045 V,17.807 V,78 µbar/min,3.333 V,1.13E-007 mbar,10 %,870 µbar,72 °C,µ-Volume,13.347 V,Pre,13.94936434356235,15.18430102607972,12.943673022005626,20.00517370599336,17.29611279862947,12.123137632289156,0.9244029904813544,0.2630118944886295,0.9310485912747968,0.0273962249522941,0.0068490562380735,0.2642910081078614,0.016234734339651,0.0040586835849127,0.931491631327693,0.0282983957739628,0.2643762823491435,0.0168008370945603,Renata Nagai 780 G. ruber series 1.xlsx,2026-03-21 03:21:57.636,739696.0,78.0,57.0,42.0,870.0,13.419821778216583,780,G. ruber,54-55,OK,16.0,15.0,15.0,0.0,0.0,11.49289301959537,1.926928758621214,2.119330169958221,1.0413416537742015,0.1124432073753086,1.1228902634968565,0.4674293225033352,1.1228902634968565,0.4674293225033352
26.0,GIRMS\IRMS-operator,2026-03-21 03:57:27.837,2026-03-21 05:11:07.912,Success,False,SHP2L,,26.0,2,14.0,True,QC Standard,SHP2L,"0.002 V, 0.002 V, 0.003 V",,0.009 V,9.5199 kV,35 µbar,40 µbar,Carbon Dioxide: 0.0199 kV,45 µbar,3.234 V,0.009 V,88 µbar/min,11.717 V,5.66E-008 mbar,100 %,27 µbar,72 °C,µ-Volume,0.014 V,Pre,0.0094890767849082,0.0103152466467554,3.532448549021248,0.0137395671181645,4.717569166507939,3.305921570905366,-1.149911286062677,9.719277229965684,-0.8124300427686805,0.6275663457480065,0.1568915864370016,9.255040551224097,0.9254961253244294,0.2389620720240671,,,,,Renata Nagai 780 G. ruber series 1.xlsx,2026-03-21 03:57:27.837,739696.0,88.0,45.0,40.0,27.0,0.0090281198705935,SHP2L,,,Failed Sample,16.0,15.0,15.0,0.0,0.0,3.1719682809132355,-3.1629401610426418,-0.0084795935282055,,,,,,
27.0,GIRMS\IRMS-operator,2026-03-21 04:38:14.939,2026-03-21 05:44:16.888,Success,False,780 - G. ruber,80-81,27.0,1,15.0,True,Unknown,,"0.001 V, 0.001 V, 0.002 V",,15.870 V,9.5201 kV,45 µbar,42 µbar,Carbon Dioxide: 0.0201 kV,57 µbar,11.694 V,18.466 V,93 µbar/min,3.213 V,1.12E-007 mbar,10 %,880 µbar,72 °C,µ-Volume,13.818 V,Pre,14.444867877370603,15.727907897356884,12.578115345362562,20.709036273882923,16.80444030277544,11.778409389859922,1.0027626342239415,-0.0727973873154708,1.0194309316420735,0.0341136395048147,0.008808103845378,-0.0684636194827267,0.0211902728289475,0.0052975682072368,1.0263830452864386,0.0405019085374906,-0.0681747016272105,0.0219013719269264,Renata Nagai 780 G. ruber series 1.xlsx,2026-03-21 04:38:14.939,739696.0,93.0,57.0,42.0,880.0,13.894866017705686,780,G. ruber,80-81,OK,16.0,15.0,15.0,0.0,0.0,11.171201972371824,2.7236640453338623,3.190976276979119,1.144471825132806,-0.2315027651303701,1.2260288362288063,0.1233612676803659,1.2260288362288063,0.1233612676803659
28.0,GIRMS\IRMS-operator,2026-03-21 05:11:08.040,2026-03-21 06:19:36.470,Success,False,780 - G. ruber,76-77,28.0,2,15.0,True,Unknown,,"0.002 V, 0.002 V, 0.002 V",,18.029 V,9.5200 kV,37 µbar,40 µbar,Carbon Dioxide: 0.0200 kV,42 µbar,11.128 V,21.035 V,215 µbar/min,11.146 V,1.08E-007 mbar,10 %,826 µbar,72 °C,µ-Volume,16.618 V,Pre,17.653775261605944,19.211827211319324,11.973707370697376,25.309140132195843,15.998253868348488,11.213761614526476,0.579030415805093,-0.057326591959228,0.7128056957697859,0.1016603584419858,0.0254150896104964,-0.0327844535389587,0.0229221566916649,0.0059184754083983,0.7217240477674322,0.0985369932756782,-0.0270488993572145,0.0267813274186428,Renata Nagai 780 G. ruber series 1.xlsx,2026-03-21 05:11:08.040,739696.0,215.0,42.0,40.0,826.0,16.96422402736064,780,G. ruber,76-77,OK,16.0,15.0,15.0,0.0,0.0,10.64204876300212,6.3221752643585205,9.492724214787298,0.8930451245511497,-0.2640023147855425,0.9745816534781396,0.0908501824333143,0.9745816534781396,0.0908501824333143
29.0,GIRMS\IRMS-operator,2026-03-21 05:44:17.013,2026-03-21 07:03:39.018,Success,False,780 - G. ruber,72-73,29.0,1,16.0,True,Unknown,,"0.001 V, 0.001 V, 0.002 V",,11.474 V,9.5202 kV,45 µbar,37 µbar,Carbon Dioxide: 0.0202 kV,54 µbar,10.507 V,13.146 V,93 µbar/min,3.326 V,1.03E-007 mbar,14 %,841 µbar,72 °C,µ-Volume,,Pre,10.283980618708402,11.20238340829513,11.282391406015536,14.747000955733494,15.073395990523537,10.564778100245269,1.4136930744121925,0.1181483666314875,1.347595404660377,0.0175820829205507,0.0045396742895287,0.1043860042695262,0.0173590430259229,0.0044820856363665,1.347595404660377,0.0175820829205507,0.099776928523528,0.022001473600892,Renata Nagai 780 G. ruber series 1.xlsx,2026-03-21 05:44:17.013,739696.0,93.0,54.0,37.0,841.0,9.9233427154949,780,G. ruber,72-73,OK,16.0,15.0,15.0,0.0,0.0,10.03516588179736,-0.1118231663024591,-0.104155161841048,1.3968055111646749,0.031714650205573,1.4783830783160283,0.3866721110385924,1.4783830783160283,0.3866721110385924
30.0,GIRMS\IRMS-operator,2026-03-21 06:19:36.590,2026-03-21 07:33:22.547,Success,False,780 - G. ruber,68-69,30.0,2,16.0,True,Unknown,,"0.002 V, 0.002 V, 0.002 V",,13.097 V,9.5202 kV,32 µbar,42 µbar,Carbon Dioxide: 0.0202 kV,455 µbar,11.626 V,14.955 V,147 µbar/min,10.247 V,1.10E-007 mbar,10 %,784 µbar,72 °C,µ-Volume,12.121 V,Pre,12.778494611750713,13.92221498683409,12.502521755251449,18.351898555691143,16.705558662350075,11.709500208865276,1.7671261843061892,1.6931530228783132,1.7335646915743603,0.0209441408244458,0.0052360352061114,1.6919153843318604,0.0186089909061326,0.0046522477265331,1.7313272587255717,0.0196002735812395,1.69183287509543,0.0192591059583044,Renata Nagai 780 G. ruber series 1.xlsx,2026-03-21 06:19:36.590,739696.0,147.0,455.0,42.0,784.0,12.33137036896812,780,G. ruber,68-69,OK,16.0,15.0,15.0,0.0,0.0,11.106181994448772,1.225188374519348,1.2813418216769503,1.8223001190956023,1.5660087186013825,1.903912348645349,1.921510771289604,1.903912348645349,1.921510771289604
31.0,GIRMS\IRMS-operator,2026-03-21 07:03:39.144,2026-03-21 08:06:21.161,Success,False,SHP2L,,31.0,1,17.0,True,QC Standard,SHP2L,"0.002 V, 0.002 V, 0.003 V",,4.861 V,9.5200 kV,47 µbar,37 µbar,Carbon Dioxide: 0.0200 kV,57 µbar,4.531 V,5.414 V,88 µbar/min,11.323 V,6.09E-008 mbar,48 %,736 µbar,72 °C,µ-Volume,,Pre,4.525506653428121,4.920974948244628,4.911572324498351,6.449893116950989,6.560080468481319,4.597037402514633,-0.7890136409445248,-6.115037133544443,-0.8110476699910093,0.0223820900432467,0.0055955225108116,-6.090873121673474,0.0185124371802254,0.0046281092950563,-0.8125166052607748,0.0223550958111142,-6.089262187548742,0.0179639099591038,Renata Nagai 780 G. ruber series 1.xlsx,2026-03-21 07:03:39.144,739696.0,88.0,57.0,37.0,736.0,4.391858138680502,SHP2L,,,OK,16.0,15.0,15.0,0.0,0.0,4.4059099336863,-0.0140517950057983,-0.0131935015399548,-0.8592397944395237,-6.024639553466274,,,,
32.0,GIRMS\IRMS-operator,2026-03-21 07:33:22.669,2026-03-21 08:41:13.054,Success,False,780 - G. ruber,66-67,32.0,2,17.0,True,Unknown,,"0.002 V, 0.002 V, 0.002 V",,18.456 V,9.5202 kV,35 µbar,42 µbar,Carbon Dioxide: 0.0202 kV,279 µbar,11.114 V,21.536 V,254 µbar/min,4.484 V,1.09E-007 mbar,10 %,833 µbar,72 °C,µ-Volume,16.862 V,Pre,17.927215459961182,19.506988444878463,11.95823899800957,25.69952846436077,15.977712878270683,11.198685529846438,0.4221302618974132,-0.1642024406374176,0.5729630121893148,0.1107355715295761,0.027683892882394,-0.1227722052691629,0.0267046821808951,0.0066761705452237,0.5830185288754416,0.1067936201384086,-0.1200101895779459,0.0251654601628223,Renata Nagai 780 G. ruber series 1.xlsx,2026-03-21 07:33:22.669,739696.0,254.0,279.0,42.0,833.0,17.224119070190675,780,G. ruber,66-67,OK,16.0,15.0,15.0,0.0,0.0,10.62710678877283,6.597012281417845,10.07128405245239,0.7588470010327046,-0.3631977633976305,0.8403725976735359,-0.0083804752266587,0.8403725976735359,-0.0083804752266587
33.0,GIRMS\IRMS-operator,2026-03-21 08:06:21.311,2026-03-21 09:21:21.218,Success,False,777 - Uvigerina,2-3,33.0,1,18.0,True,Unknown,,"0.001 V, 0.001 V, 0.002 V",,48.551 V,9.5204 kV,42 µbar,37 µbar,Carbon Dioxide: 0.0204 kV,52 µbar,11.925 V,49.030 V,230 µbar/min,3.335 V,1.15E-007 mbar,10 %,931 µbar,72 °C,µ-Volume,48.536 V,Pre,49.02263894260863,48.98463189601898,12.81455159187317,48.99178971551686,17.123391525972178,12.001985456356794,-81.23686636432848,-302.9796610948431,-34.195031473182404,38.67889979435692,9.669724948589227,-170.3560184282676,133.42196207365038,33.355490518412594,-2.3102348246248905,0.2996309248698822,2.138022369314707,0.0240047435192338,Renata Nagai 780 G. ruber series 1.xlsx,2026-03-21 08:06:21.311,739696.0,230.0,52.0,37.0,931.0,49.02015044868925,777,Uvigerina,2-3,Partially Saturated Collectors,16.0,9.0,4.0,6.0,11.0,11.380517627606183,37.63963282108307,152.71214604057684,-1.5829634193052602,1.1321365398005616,-1.5016285953887518,1.4874845912058845,-1.5016285953887518,1.4874845912058845
34.0,GIRMS\IRMS-operator,2026-03-21 08:41:13.193,2026-03-21 09:53:39.449,Success,False,777 - Uvigerina,4-5,34.0,2,18.0,True,Unknown,,"0.002 V, 0.002 V, 0.003 V",,48.500 V,9.5201 kV,30 µbar,47 µbar,Carbon Dioxide: 0.0201 kV,211 µbar,11.596 V,49.009 V,107 µbar/min,11.614 V,1.13E-007 mbar,10 %,865 µbar,72 °C,µ-Volume,45.119 V,Pre,42.26213980986192,45.85120225594196,12.467087752081492,48.99499731370417,16.66059511014429,11.676999820009012,-2.3943157664724213,-191.44990422139563,-1.9205868785348368,0.3219631242818298,0.0804907810704574,-17.798815642087877,45.14647622505676,11.65677003730626,-1.889004952672332,0.3065386798100226,2.305487223727022,0.0703616529830601,Renata Nagai 780 G. ruber series 1.xlsx,2026-03-21 08:41:13.193,739696.0,107.0,211.0,47.0,865.0,39.99808718039109,777,Uvigerina,4-5,Partially Saturated Collectors,16.0,15.0,11.0,0.0,4.0,11.077004564538738,28.92108261585235,98.36645315828576,-1.3182044280303176,1.516015569792955,-1.236848035846151,1.8714998776026728,-1.236848035846151,1.8714998776026728
35.0,GIRMS\IRMS-operator,2026-03-21 09:21:21.362,2026-03-21 10:26:23.007,Success,False,777 - Uvigerina,6-7,35.0,1,19.0,True,Unknown,,"0.002 V, 0.002 V, 0.003 V",,15.016 V,9.5202 kV,47 µbar,35 µbar,Carbon Dioxide: 0.0202 kV,52 µbar,11.274 V,17.419 V,98 µbar/min,11.293 V,1.09E-007 mbar,10 %,858 µbar,72 °C,µ-Volume,13.851 V,Pre,14.682394798658589,15.970051288604736,12.127026915550232,21.106359910650152,16.20417590109815,11.357591699181029,0.0944887527654092,2.605234212998297,0.1435850427746188,0.0517573961602679,0.0129393490400669,2.608976260100808,0.0160723221030742,0.0041498557226725,0.1468581287752327,0.0518316497264971,2.612276542392659,0.0198804829788267,Renata Nagai 780 G. ruber series 1.xlsx,2026-03-21 09:21:21.362,739696.0,98.0,52.0,35.0,858.0,14.12309461440871,777,Uvigerina,6-7,OK,16.0,15.0,15.0,0.0,0.0,10.777500804327229,3.345593810081482,4.129529706882509,0.2689051084767731,2.443473910364488,0.3503907926001375,2.799287415991444,0.3503907926001375,2.799287415991444
36.0,GIRMS\IRMS-operator,2026-03-21 09:53:39.581,2026-03-21 11:04:40.738,Success,False,SHP2L,,36.0,2,19.0,True,QC Standard,SHP2L,"0.002 V, 0.002 V, 0.003 V",,4.116 V,9.5200 kV,30 µbar,35 µbar,Carbon Dioxide: 0.0200 kV,45 µbar,3.840 V,4.557 V,78 µbar/min,10.971 V,6.24E-008 mbar,58 %,648 µbar,72 °C,µ-Volume,,Pre,3.8462548977126056,4.182895006354355,4.176502420395084,5.4838701794239455,5.578200148878817,3.9089034664583937,-0.6954169364481455,-5.771884916285441,-0.6820230939826587,0.0198168523356629,0.0049542130839157,-5.740859132924354,0.0231535359694723,0.005788383992368,-0.6811301711516264,0.02017647120442,-5.738790747366948,0.0223838604211738,Renata Nagai 780 G. ruber series 1.xlsx,2026-03-21 09:53:39.581,739696.0,78.0,45.0,35.0,648.0,3.740569255031011,SHP2L,,,OK,16.0,15.0,15.0,0.0,0.0,3.75106646156384,-0.010497206532829,-0.0098598943394391,-0.7391487527666334,-5.658545506500649,,,,
37.0,GIRMS\IRMS-operator,2026-03-21 10:26:23.145,2026-03-21 11:43:19.941,Success,False,777 - Uvigerina,10-11,37.0,1,20.0,True,Unknown,,"0.001 V, 0.001 V, 0.001 V",,17.929 V,9.5202 kV,40 µbar,32 µbar,Carbon Dioxide: 0.0202 kV,47 µbar,11.844 V,21.044 V,254 µbar/min,3.329 V,1.13E-007 mbar,10 %,858 µbar,72 °C,µ-Volume,16.235 V,Pre,17.321150090999605,18.83210385197332,12.726010326086785,24.897938266223,17.005270019000093,11.918853309459688,-0.3794862003664301,2.533904338830828,-0.2106683839576615,0.0951703112378384,0.0237925778094596,2.5787405489049315,0.028325047731877,0.0070812619329692,-0.1994138628637435,0.0867926113147967,2.581729629576538,0.0265791542277388,Renata Nagai 780 G. ruber series 1.xlsx,2026-03-21 10:26:23.145,739696.0,254.0,47.0,32.0,858.0,16.61952891618729,777,Uvigerina,10-11,OK,16.0,15.0,15.0,0.0,0.0,11.299397137470248,5.320131778717041,7.370575587900599,-0.0340708806695507,2.353044490050596,0.0473901218849732,2.708825898098098,0.0473901218849732,2.708825898098098
38.0,GIRMS\IRMS-operator,2026-03-21 11:04:40.881,2026-03-21 12:15:45.318,Success,False,777 - Uvigerina,12-13,38.0,2,20.0,True,Unknown,,"0.002 V, 0.002 V, 0.003 V",,48.515 V,9.5200 kV,27 µbar,37 µbar,Carbon Dioxide: 0.0200 kV,42 µbar,11.511 V,49.019 V,73 µbar/min,11.529 V,1.12E-007 mbar,10 %,836 µbar,72 °C,µ-Volume,48.517 V,Pre,45.84817055750744,48.981082967149504,12.377825907098543,48.994798322012535,16.539041061689964,11.59205836908828,-17.7501973068922,-254.6925542544759,-1.7827343230076105,0.3052168976335934,0.0788066641010667,-36.59409846846533,70.95613277685285,18.320794703735555,-5.6714332900354005,0.3052168976335934,2.15207104813438,0.0709134602307508,Renata Nagai 780 G. ruber series 1.xlsx,2026-03-21 11:04:40.881,739696.0,73.0,42.0,37.0,836.0,43.29935673762219,777,Uvigerina,12-13,Partially Saturated Collectors,16.0,15.0,10.0,0.0,5.0,10.997439065464905,32.30191767215729,119.79364074895209,-5.043378394678738,1.2834111300139828,-4.962325469239884,1.638812875760926,-4.962325469239884,1.638812875760926
39.0,GIRMS\IRMS-operator,2026-03-21 11:43:20.075,2026-03-21 12:48:27.048,Success,False,777 - Uvigerina,22-23,39.0,1,21.0,True,Unknown,,"0.002 V, 0.002 V, 0.003 V",,20.970 V,9.5200 kV,40 µbar,32 µbar,Carbon Dioxide: 0.0200 kV,49 µbar,11.200 V,24.861 V,107 µbar/min,11.217 V,1.09E-007 mbar,10 %,872 µbar,72 °C,µ-Volume,19.145 V,Pre,20.49395053482779,22.27434462854304,12.047323006269613,29.45815937906648,16.09801667124177,11.28272689920708,-0.706333768993872,2.4704378807727245,-0.5001537848111083,0.1564976564113092,0.0391244141028273,2.5019877904031893,0.0279377373860507,0.007213492775126,-0.4864084525322572,0.1516642317433098,2.508796086294203,0.0318672629801837,Renata Nagai 780 G. ruber series 1.xlsx,2026-03-21 11:43:20.075,739696.0,107.0,49.0,32.0,872.0,19.626673151023464,777,Uvigerina,22-23,OK,16.0,15.0,15.0,0.0,0.0,10.70785133934744,8.918821811676024,15.39811016176823,-0.2689121554302884,2.20797793006473,-0.1874702839331803,2.56370784728756,-0.1874702839331803,2.56370784728756
40.0,GIRMS\IRMS-operator,2026-03-21 12:15:45.458,2026-03-21 13:25:46.781,Success,False,777 - Uvigerina,20-21,40.0,2,21.0,True,Unknown,,"0.002 V, 0.002 V, 0.003 V",,17.984 V,9.5200 kV,27 µbar,37 µbar,Carbon Dioxide: 0.0200 kV,37 µbar,11.011 V,20.947 V,63 µbar/min,10.892 V,1.08E-007 mbar,10 %,797 µbar,72 °C,µ-Volume,16.556 V,Pre,17.58533662548814,19.116455953496043,11.84974390602542,25.28089380765936,15.83477950597784,11.097624361427169,-0.5009708027194915,2.5882785951651943,-0.3892683294504442,0.0910611792022729,0.0227652948005682,2.612823060409774,0.0210113551778888,0.0052528387944722,-0.3818214978991744,0.0890717220353952,2.614459358092746,0.0206666793075557,Renata Nagai 780 G. ruber series 1.xlsx,2026-03-21 12:15:45.458,739696.0,63.0,37.0,37.0,797.0,16.9014627336577,777,Uvigerina,20-21,OK,16.0,15.0,15.0,0.0,0.0,10.53287035218034,6.368592381477358,9.62579447664293,-0.2115888988401335,2.379011411339504,-0.1301423575739591,2.7348020362471743,-0.1301423575739591,2.7348020362471743
41.0,GIRMS\IRMS-operator,2026-03-21 12:48:27.181,2026-03-21 14:05:47.370,Success,False,SHP2L,,41.0,1,22.0,True,QC Standard,SHP2L,"0.001 V, 0.001 V, 0.002 V",,4.586 V,9.5201 kV,40 µbar,35 µbar,Carbon Dioxide: 0.0201 kV,52 µbar,4.466 V,5.107 V,122 µbar/min,3.315 V,6.18E-008 mbar,53 %,711 µbar,72 °C,µ-Volume,,Pre,4.477633147021197,4.86899639307895,4.839670935816393,6.382568167379429,6.4645775149937,4.529682853432839,-0.7851472442341745,-6.083985665860325,-0.8077814027287985,0.0209444249931726,0.0054078272796298,-6.082202230918737,0.0183914621852489,0.0045978655463122,-0.8143772772358042,0.0277730223336212,-6.082083335255965,0.0190306060574639,Renata Nagai 780 G. ruber series 1.xlsx,2026-03-21 12:48:27.181,739696.0,122.0,52.0,35.0,711.0,4.345857681472658,SHP2L,,,OK,16.0,15.0,15.0,0.0,0.0,4.3411191212511016,0.0047385602215568,0.004468232665697,-0.861898258653073,-6.01635727829484,,,,
42.0,GIRMS\IRMS-operator,2026-03-21 13:25:46.938,2026-03-21 14:39:34.049,Success,False,777 - Uvigerina,18-19,42.0,2,22.0,True,Unknown,,"0.002 V, 0.002 V, 0.002 V",,14.175 V,9.5202 kV,30 µbar,35 µbar,Carbon Dioxide: 0.0202 kV,57 µbar,11.641 V,16.317 V,44 µbar/min,4.422 V,1.12E-007 mbar,10 %,777 µbar,72 °C,µ-Volume,12.488 V,Pre,13.026801746300944,14.17567122898112,12.50960469092884,18.753011362014124,16.71840681260617,11.716587346009502,0.6061878854624059,3.930900140457938,0.5696485421856413,0.0274221188177706,0.0070803606332631,3.925533227407144,0.0208842175800555,0.0052210543950138,0.5720670634131361,0.0320792469205307,3.9251754332037576,0.0215663993830549,Renata Nagai 780 G. ruber series 1.xlsx,2026-03-21 13:25:46.938,739696.0,44.0,57.0,35.0,777.0,12.563703458718548,777,Uvigerina,18-19,OK,16.0,15.0,15.0,0.0,0.0,11.11282209675718,1.4508813619613683,1.545043798476598,0.6670693084242102,3.7937782528255855,0.7485874285074487,4.150071043853018,0.7485874285074487,4.150071043853018
43.0,GIRMS\IRMS-operator,2026-03-21 14:05:47.508,2026-03-21 15:11:11.959,Success,False,777 - Uvigerina,16-17,43.0,1,23.0,True,Unknown,,"0.002 V, 0.002 V, 0.003 V",,48.544 V,9.5199 kV,42 µbar,37 µbar,Carbon Dioxide: 0.0199 kV,49 µbar,11.331 V,49.038 V,107 µbar/min,11.348 V,1.12E-007 mbar,10 %,921 µbar,72 °C,µ-Volume,48.547 V,Pre,49.02815717211662,48.99750649929047,12.183323502540588,49.00513972833581,16.280893345622495,11.41036945334373,-81.11545410694498,-302.9401121416474,-20.338903008541685,32.99305405118966,8.248263512797415,-117.81997019596729,131.24400076587244,32.81100019146811,-2.1075488846605817,0.315284092682033,0.6064935986813516,0.0535507639119948,Renata Nagai 780 G. ruber series 1.xlsx,2026-03-21 14:05:47.508,739696.0,107.0,49.0,37.0,921.0,49.021317539128646,777,Uvigerina,16-17,Partially Saturated Collectors,16.0,11.0,6.0,4.0,9.0,10.82634824267326,38.19496929645538,162.90136757816487,-1.3802572383313894,-0.399420226082634,-1.2989059012035111,-0.0446157949372374,-1.2989059012035111,-0.0446157949372374
44.0,GIRMS\IRMS-operator,2026-03-21 14:39:34.197,2026-03-21 15:48:39.961,Success,False,777 - Uvigerina,14-15,44.0,2,23.0,True,Unknown,,"0.002 V, 0.002 V, 0.003 V",,31.542 V,9.5199 kV,32 µbar,42 µbar,Carbon Dioxide: 0.0199 kV,42 µbar,11.010 V,38.425 V,54 µbar/min,11.027 V,1.08E-007 mbar,10 %,836 µbar,72 °C,µ-Volume,28.438 V,Pre,30.829127714056924,33.47398580104079,11.843195118956189,44.30873591820657,15.82629878441751,11.090874628049292,-1.7438284409332372,2.2578758464286697,-1.3395507378580611,0.2590896419448225,0.0647724104862056,2.377729543180024,0.0689028493659185,0.0172257123414796,-1.3125988909863826,0.2438640057924247,2.3857197896301146,0.0631842377276697,Renata Nagai 780 G. ruber series 1.xlsx,2026-03-21 14:39:34.197,739696.0,54.0,42.0,42.0,836.0,29.34504656495567,777,Uvigerina,14-15,OK,16.0,15.0,15.0,0.0,0.0,10.527074830800256,18.81797173415541,49.41007155582193,-0.926555510849078,1.8517849163248792,-0.8451672134643786,2.207388404189601,-0.8451672134643786,2.207388404189601
45.0,GIRMS\IRMS-operator,2026-03-21 15:11:12.111,2026-03-21 16:28:49.021,Success,False,777 - Uvigerina,24-25,45.0,1,24.0,True,Unknown,,"0.001 V, 0.001 V, 0.002 V",,30.561 V,9.5200 kV,42 µbar,32 µbar,Carbon Dioxide: 0.0200 kV,49 µbar,11.790 V,37.429 V,127 µbar/min,3.325 V,1.13E-007 mbar,10 %,892 µbar,72 °C,µ-Volume,26.991 V,Pre,29.42028347221908,31.95120920301685,12.667363182318306,42.28727464836057,16.929268290213894,11.863198911824789,-1.479150043390942,2.2786975042123903,-1.0940685594907422,0.2413535943195532,0.0603383985798883,2.370193450871485,0.0547283685712938,0.0136820921428234,-1.0683964605640623,0.2260846496293261,2.3762931806487586,0.0507080622582065,Renata Nagai 780 G. ruber series 1.xlsx,2026-03-21 15:11:12.111,739696.0,127.0,49.0,32.0,892.0,27.98439267841872,777,Uvigerina,24-25,OK,16.0,15.0,15.0,0.0,0.0,11.24572459427413,16.73866808414459,39.23421055866485,-0.7059510874006124,1.874996605296877,-0.6245448187461307,2.230608332062502,-0.6245448187461307,2.230608332062502
46.0,GIRMS\IRMS-operator,2026-03-21 15:48:40.111,2026-03-21 17:01:34.925,Success,False,SHP2L,,46.0,2,24.0,True,QC Standard,SHP2L,"0.002 V, 0.002 V, 0.003 V",,0.007 V,9.5198 kV,30 µbar,35 µbar,Carbon Dioxide: 0.0198 kV,62 µbar,3.234 V,0.007 V,93 µbar/min,11.486 V,5.88E-008 mbar,100 %,23 µbar,72 °C,µ-Volume,0.012 V,Pre,0.007524035376945,0.0081556854153345,3.531686694767709,0.0108469520464157,4.717419828856513,3.3051130003799774,-4.0738470922006,5.078669629313692,-4.380799320398706,1.2277965852917263,0.3069491463229316,3.7065610733305374,1.148733675063086,0.2966017595164649,,,,,Renata Nagai 780 G. ruber series 1.xlsx,2026-03-21 15:48:40.111,739696.0,93.0,62.0,35.0,23.0,0.0070765204682602,SHP2L,,,Failed Sample,16.0,15.0,15.0,0.0,0.0,3.1703018173930024,-3.1632252969247423,-0.0066506617554483,,,,,,
1.0,GIRMS\IRMS-operator,2026-03-23 18:01:10.078,2026-03-23 18:01:10.106,Error,False,SHP2L,,1.0,1,2.0,True,QC Standard,SHP2L,"NA, NA, NA",,,,,,,,,,,,,,,,,,Pre,,,,,,,,,,,,,,,,,,,Renata Nagai 780 G. ruber series 2.xlsx,2026-03-23 18:01:10.078,739698.0,,,,,,SHP2L,,,Failed Sample,0.0,0.0,0.0,0.0,0.0,,,,,,,,,
2.0,GIRMS\IRMS-operator,2026-03-23 18:16:05.420,2026-03-23 19:18:52.276,Success,False,865 - G. ruber,0-1,2.0,2,2.0,True,Unknown,,"0.001 V, 0.001 V, 0.001 V",,10.217 V,9.5189 kV,54 µbar,52 µbar,Carbon Dioxide: 0.0189 kV,71 µbar,9.386 V,11.660 V,112 µbar/min,3.306 V,9.96E-008 mbar,17 %,838 µbar,72 °C,µ-Volume,,Pre,9.19184566499771,10.01155615303444,10.076351215770892,13.164652809072736,13.462629460911025,9.434078941364897,1.169317884729404,-1.2933818504025083,1.1473922540827055,0.0155605250139944,0.0040177102824963,-1.3032925768901615,0.0128874159344071,0.0033275164859738,1.1499384673096782,0.0214244710590492,-1.301835518439757,0.0151286061692563,Renata Nagai 780 G. ruber series 2.xlsx,2026-03-23 18:16:05.420,739698.0,112.0,71.0,52.0,838.0,8.876557953320143,865,G. ruber,0-1,OK,16.0,15.0,15.0,0.0,0.0,8.972753891964567,-0.0961959386444242,-0.0896377922941252,1.1809940421124607,-1.344788345119099,1.2625540284462886,-0.9903194687988162,1.2625540284462886,-0.9903194687988162
3.0,GIRMS\IRMS-operator,2026-03-23 18:50:10.327,2026-03-23 19:50:50.726,Success,False,865 - G. ruber,1-2,3.0,1,3.0,True,Unknown,,"0.002 V, 0.002 V, 0.002 V",,7.168 V,9.5188 kV,47 µbar,62 µbar,Carbon Dioxide: 0.0188 kV,59 µbar,6.750 V,8.050 V,34 µbar/min,9.165 V,8.22E-008 mbar,28 %,780 µbar,72 °C,µ-Volume,,Pre,6.701127651323753,7.299735398891125,7.269858599190198,9.598738216262918,9.711197279792888,6.80475032626577,1.038042344803536,-1.2255246868421166,1.0323261104096797,0.0156189037070656,0.0040327835962321,-1.2218591587021288,0.0181959478559777,0.0046981735343106,1.035501761328798,0.0208355541459629,-1.2250819823830177,0.0226319625505627,Renata Nagai 780 G. ruber series 2.xlsx,2026-03-23 18:50:10.327,739698.0,34.0,59.0,62.0,780.0,6.49792874205445,865,G. ruber,1-2,OK,16.0,15.0,15.0,0.0,0.0,6.497846010317284,8.273173716588644e-05,7.792794989682808e-05,1.0253044434811778,-1.2109781176539145,1.1068517467521133,-0.8564617459013562,1.1068517467521133,-0.8564617459013562
4.0,GIRMS\IRMS-operator,2026-03-23 19:18:52.380,2026-03-23 20:22:03.484,Success,False,865 - G. ruber,2-3,4.0,2,3.0,True,Unknown,,"0.001 V, 0.001 V, 0.002 V",,18.722 V,9.5189 kV,69 µbar,59 µbar,Carbon Dioxide: 0.0189 kV,67 µbar,11.174 V,21.980 V,107 µbar/min,6.644 V,1.10E-007 mbar,10 %,924 µbar,72 °C,µ-Volume,17.093 V,Pre,18.239436067237644,19.8486648951518,12.016540065859497,26.12448839126122,16.056682743411187,11.252654112472324,0.4566803218561954,-1.1706449813839723,0.6360410953940714,0.1277688830754012,0.0319422207688503,-1.1334268648360848,0.0200309134375332,0.0051719596101925,0.6479984802965966,0.1226371941207423,-1.127539318134807,0.0212517162638874,Renata Nagai 780 G. ruber series 2.xlsx,2026-03-23 19:18:52.380,739698.0,107.0,67.0,59.0,924.0,17.492068327560215,865,G. ruber,2-3,OK,16.0,15.0,15.0,0.0,0.0,10.675700293973296,6.816368033586919,10.51994335224012,0.8284740331748346,-1.377154248525431,0.9100053018969448,-1.0226968603598152,0.9100053018969448,-1.0226968603598152
5.0,GIRMS\IRMS-operator,2026-03-23 19:50:50.811,2026-03-23 20:59:10.405,Success,False,865 - G. ruber,3-4,5.0,1,4.0,True,Unknown,,"0.002 V, 0.002 V, 0.002 V",,11.544 V,9.5189 kV,54 µbar,67 µbar,Carbon Dioxide: 0.0189 kV,57 µbar,10.841 V,13.153 V,98 µbar/min,10.858 V,1.07E-007 mbar,10 %,843 µbar,72 °C,µ-Volume,,Pre,10.71210007338538,11.666648773565957,11.64389470042295,15.340198415577747,15.55851532822881,10.903356477308414,1.2423582388121357,-1.360610883284541,1.1776164672287146,0.0202235601202929,0.0052217007697945,-1.367864896401749,0.0121267749248014,0.0031311198217974,1.1776164672287146,0.0202235601202928,-1.365790596391096,0.0156154746459254,Renata Nagai 780 G. ruber series 2.xlsx,2026-03-23 19:50:50.811,739698.0,98.0,57.0,67.0,843.0,10.3509004773384,865,G. ruber,3-4,OK,16.0,15.0,15.0,0.0,0.0,10.351764743863416,-0.0008642665250171,-0.0008140048819226,1.2342417666380852,-1.4441087948672873,1.3158060907326217,-1.0896751719635631,1.3158060907326217,-1.0896751719635631
6.0,GIRMS\IRMS-operator,2026-03-23 20:22:03.574,2026-03-23 21:38:48.452,Success,False,SHP2L,,6.0,2,4.0,True,QC Standard,SHP2L,"0.001 V, 0.001 V, 0.001 V",,13.860 V,9.5191 kV,69 µbar,59 µbar,Carbon Dioxide: 0.0191 kV,62 µbar,11.643 V,15.999 V,107 µbar/min,3.301 V,1.13E-007 mbar,10 %,899 µbar,72 °C,µ-Volume,12.118 V,Pre,12.65159392712734,13.746448058665637,12.513347167552354,18.031047228940785,16.72327661908513,11.719425232946795,-0.9905218752288558,-6.141729763609827,-1.0134468109829728,0.0208387547039628,0.0053805433282766,-6.137960293312831,0.0139175443914126,0.0034793860978531,-1.0111497819916158,0.0250247889778899,-6.137708995293031,0.014368403981263,Renata Nagai 780 G. ruber series 2.xlsx,2026-03-23 20:22:03.574,739698.0,107.0,62.0,59.0,899.0,12.18348884938381,SHP2L,,,OK,16.0,15.0,15.0,0.0,0.0,11.112914923411823,1.0705739259719866,1.1055437164481976,-0.9227416510983342,-6.259985885913116,,,,
7.0,GIRMS\IRMS-operator,2026-03-23 20:59:10.490,2026-03-23 22:09:26.206,Success,False,865 - G. ruber,4-5,7.0,1,5.0,True,Unknown,,"0.002 V, 0.002 V, 0.002 V",,0.010 V,9.5189 kV,54 µbar,67 µbar,Carbon Dioxide: 0.0189 kV,45 µbar,3.214 V,0.010 V,205 µbar/min,11.337 V,5.80E-008 mbar,100 %,54 µbar,72 °C,µ-Volume,0.015 V,Pre,0.0102654252102107,0.0110498963965439,3.511146192746329,0.014562438051411,4.689163924280347,3.2853154799313744,-11.070958364059136,-10.945820193392631,-12.00864610442076,0.727342301509113,0.1877989747157979,-12.079435077206888,1.441633083808714,0.3604082709521785,,,,,Renata Nagai 780 G. ruber series 2.xlsx,2026-03-23 20:59:10.490,739698.0,205.0,45.0,67.0,54.0,0.0098100974726077,865,G. ruber,4-5,Failed Sample,16.0,15.0,15.0,0.0,0.0,3.1521851480662133,-3.1423750505936057,-0.0092116027360085,,,,,,
8.0,GIRMS\IRMS-operator,2026-03-23 21:38:48.564,2026-03-23 22:42:50.547,Success,False,865 - G. ruber,9-10,8.0,2,5.0,True,Unknown,,"0.001 V, 0.001 V, 0.001 V",,15.092 V,9.5191 kV,74 µbar,69 µbar,Carbon Dioxide: 0.0191 kV,67 µbar,11.187 V,17.546 V,63 µbar/min,3.193 V,1.09E-007 mbar,10 %,916 µbar,72 °C,µ-Volume,13.214 V,Pre,13.79865742588646,15.021997100080824,12.028577333654738,19.76754966764735,16.074788604071607,11.264983185774156,0.938076011914868,-1.0214060245112844,0.967087948341557,0.0376150242874289,0.0097121575088266,-0.9942194009490216,0.0220257529192888,0.0055064382298222,0.9757262273837628,0.0446895931222664,-0.992406959378204,0.0215284200991101,Renata Nagai 780 G. ruber series 2.xlsx,2026-03-23 21:38:48.564,739698.0,63.0,67.0,69.0,916.0,13.283330568319624,865,G. ruber,9-10,OK,16.0,15.0,15.0,0.0,0.0,10.687712201124498,2.595618367195126,3.0386357757573754,1.0832090640566605,-1.1410659902907905,1.1647610844566998,-0.7865248034941033,1.1647610844566998,-0.7865248034941033
9.0,GIRMS\IRMS-operator,2026-03-23 22:09:26.293,2026-03-23 23:18:24.023,Success,False,865 - G. ruber,8-9,9.0,1,6.0,True,Unknown,,"0.002 V, 0.002 V, 0.002 V",,17.577 V,9.5190 kV,57 µbar,69 µbar,Carbon Dioxide: 0.0190 kV,54 µbar,10.988 V,20.405 V,93 µbar/min,10.881 V,1.07E-007 mbar,10 %,882 µbar,72 °C,µ-Volume,16.182 V,Pre,17.152968896623758,18.664989722963483,11.822167886491924,24.56225401324839,15.798150958248083,11.071268571611554,0.4496222757857104,-1.4240420919455763,0.5572414268415482,0.0916558112535784,0.0229139528133946,-1.400099100806032,0.0206448772917847,0.0051612193229461,0.5644160369119374,0.09010224705037,-1.3985029013967292,0.0203218386451453,Renata Nagai 780 G. ruber series 2.xlsx,2026-03-23 22:09:26.293,739698.0,93.0,54.0,69.0,882.0,16.483996165987165,865,G. ruber,8-9,OK,16.0,15.0,15.0,0.0,0.0,10.506022824045331,5.9779733419418335,8.834738859198046,0.7274084560304988,-1.6239369876406888,0.8089314915687282,-1.2695671940713282,0.8089314915687282,-1.2695671940713282
10.0,GIRMS\IRMS-operator,2026-03-23 22:42:50.659,2026-03-23 23:59:35.960,Success,False,865 - G. ruber,7-8,10.0,2,6.0,True,Unknown,,"0.001 V, 0.001 V, 0.001 V",,17.169 V,9.5192 kV,74 µbar,62 µbar,Carbon Dioxide: 0.0192 kV,69 µbar,11.632 V,20.062 V,54 µbar/min,3.312 V,1.12E-007 mbar,10 %,919 µbar,72 °C,µ-Volume,15.575 V,Pre,16.584074751741838,18.051176225256715,12.500866209578309,23.74926926775031,16.705415865612554,11.70731212318654,0.7685538182664597,-1.3488061876889557,0.8650179882030845,0.0791677880847102,0.0197919470211775,-1.31321637252384,0.0168370258477342,0.0043473013805292,0.8714489328655262,0.0774999484944764,-1.3073697874089518,0.0187173844329749,Renata Nagai 780 G. ruber series 2.xlsx,2026-03-23 22:42:50.659,739698.0,54.0,69.0,62.0,919.0,15.92122639835591,865,G. ruber,7-8,OK,16.0,15.0,15.0,0.0,0.0,11.100775257952163,4.820451140403748,6.512181124623759,1.0246811587177185,-1.5193045939780214,1.1062284112134648,-1.1648976615377933,1.1062284112134648,-1.1648976615377933
11.0,GIRMS\IRMS-operator,2026-03-23 23:18:24.136,2026-03-24 00:31:18.861,Success,False,SHP2L,,11.0,1,7.0,True,QC Standard,SHP2L,"0.002 V, 0.002 V, 0.002 V",,4.767 V,9.5191 kV,57 µbar,69 µbar,Carbon Dioxide: 0.0191 kV,57 µbar,4.444 V,5.266 V,88 µbar/min,11.316 V,6.69E-008 mbar,50 %,745 µbar,72 °C,µ-Volume,,Pre,4.437172858749773,4.825251229071427,4.817596787160707,6.325360231514181,6.435190074475869,4.508986127872199,-0.757746575870688,-6.0529978101321325,-0.7868473076359448,0.0243156116653821,0.0060789029163455,-6.041335077090119,0.0276337279188966,0.0071349978682342,-0.7887873564202953,0.0238528601629818,-6.035895763344104,0.0327334375600679,Renata Nagai 780 G. ruber series 2.xlsx,2026-03-23 23:18:24.136,739698.0,88.0,57.0,69.0,745.0,4.31143149995563,SHP2L,,,OK,16.0,15.0,15.0,0.0,0.0,4.321628484598134,-0.010196984642504,-0.0095821155649112,-0.8369053958253155,-5.9693439181492,,,,
12.0,GIRMS\IRMS-operator,2026-03-23 23:59:36.054,2026-03-24 01:02:52.949,Success,False,865 - G. ruber,6-7,12.0,2,7.0,True,Unknown,,"0.001 V, 0.001 V, 0.002 V",,16.827 V,9.5193 kV,76 µbar,64 µbar,Carbon Dioxide: 0.0193 kV,74 µbar,11.113 V,19.642 V,59 µbar/min,4.403 V,1.08E-007 mbar,10 %,933 µbar,72 °C,µ-Volume,15.383 V,Pre,16.34934154435572,17.796348125535626,11.949922234613084,23.413858555808627,15.96855296994742,11.190529736723272,0.7342537586414455,-1.328643666716034,0.8623908870195319,0.0842047937989642,0.021051198449741,-1.3023920766863657,0.0149466508035565,0.0037366627008891,0.8709333622447376,0.0796613266842425,-1.300641970684387,0.0136694302036478,Renata Nagai 780 G. ruber series 2.xlsx,2026-03-23 23:59:36.054,739698.0,59.0,74.0,64.0,933.0,15.70483652039942,865,G. ruber,6-7,OK,16.0,15.0,15.0,0.0,0.0,10.619342721351662,5.085493799047757,7.084096849836374,1.02041270876471,-1.5073861866258804,1.1019596135364509,-1.1529750237922372,1.1019596135364509,-1.1529750237922372
13.0,GIRMS\IRMS-operator,2026-03-24 00:31:18.951,2026-03-24 01:40:51.824,Success,False,865 - G. ruber,5-6,13.0,1,8.0,True,Unknown,,"0.002 V, 0.002 V, 0.002 V",,9.331 V,9.5191 kV,59 µbar,74 µbar,Carbon Dioxide: 0.0191 kV,54 µbar,8.775 V,10.554 V,98 µbar/min,10.804 V,9.30E-008 mbar,16 %,833 µbar,72 °C,µ-Volume,,Pre,8.602601330834961,9.370269784443463,9.435730585568038,12.322009088804975,12.6062934420612,8.834382674754332,1.2042495941244624,-1.151291550148703,1.1642928685073606,0.0213540036162529,0.0053385009040632,-1.1953563274668402,0.0231478509893177,0.0057869627473294,1.161629086799554,0.0191552419901206,-1.1982939792880494,0.0206435626561166,Renata Nagai 780 G. ruber series 2.xlsx,2026-03-24 00:31:18.951,739699.0,98.0,54.0,74.0,833.0,8.326416990817258,865,G. ruber,5-6,OK,16.0,15.0,15.0,0.0,0.0,8.411106690956347,-0.0846897001390889,-0.0789680089589654,1.1831434914354049,-1.2280504561622154,1.2647036528715034,-0.873540144171443,1.2647036528715034,-0.873540144171443
14.0,GIRMS\IRMS-operator,2026-03-24 01:02:53.059,2026-03-24 02:20:56.043,Success,False,865 - G. ruber,10-11,14.0,2,8.0,True,Unknown,,"0.001 V, 0.001 V, 0.001 V",,15.807 V,9.5193 kV,79 µbar,67 µbar,Carbon Dioxide: 0.0193 kV,67 µbar,11.605 V,18.367 V,249 µbar/min,3.311 V,1.12E-007 mbar,10 %,931 µbar,72 °C,µ-Volume,13.739 V,Pre,14.372840443530304,15.644448883745737,12.470695264551708,20.584984581177107,16.665025512878767,11.679336348452791,0.806299990897541,-1.1834384585284186,0.8568686072571255,0.0346795673789912,0.0089542257941674,-1.1983622314004,0.0227427869671943,0.0056856967417985,0.8678818199502262,0.0427624710183455,-1.1993571495918656,0.0231778041232765,Renata Nagai 780 G. ruber series 2.xlsx,2026-03-24 01:02:53.059,739699.0,249.0,67.0,67.0,931.0,13.824269095339996,865,G. ruber,10-11,OK,16.0,15.0,15.0,0.0,0.0,11.077955284991488,2.746313810348509,3.228109887429444,0.9847462276893282,-1.3609917895068817,1.0662902269348251,-1.0065286645377682,1.0662902269348251,-1.0065286645377682
15.0,GIRMS\IRMS-operator,2026-03-24 01:40:51.918,2026-03-24 02:53:00.924,Success,False,865 - G. ruber,11-12,15.0,1,9.0,True,Unknown,,"0.002 V, 0.002 V, 0.003 V",,12.190 V,9.5192 kV,62 µbar,84 µbar,Carbon Dioxide: 0.0192 kV,59 µbar,11.281 V,13.954 V,112 µbar/min,11.298 V,1.09E-007 mbar,10 %,899 µbar,72 °C,µ-Volume,,Pre,11.176127087691771,12.167576751205653,12.103394631479196,16.008017965515144,16.17406160469819,11.335543322127265,1.027977626687937,-1.0705414062134322,0.9410344850680228,0.0204417336929013,0.0052780329440142,-1.0615364243993508,0.0174531094341208,0.0043632773585302,0.9410344850680228,0.0204417336929013,-1.060936092278412,0.0178938731663094,Renata Nagai 780 G. ruber series 2.xlsx,2026-03-24 01:40:51.918,739699.0,112.0,59.0,84.0,899.0,10.79328645429944,865,G. ruber,11-12,OK,16.0,15.0,15.0,0.0,0.0,10.755362999061097,0.0379234552383422,0.0358469415952095,1.0053321451510042,-1.149865898503866,1.0868778214029362,-0.7953278352011921,1.0868778214029362,-0.7953278352011921
16.0,GIRMS\IRMS-operator,2026-03-24 02:20:56.139,2026-03-24 03:25:25.126,Success,False,SHP2L,,16.0,2,9.0,True,QC Standard,SHP2L,"0.002 V, 0.002 V, 0.002 V",,3.791 V,9.5192 kV,86 µbar,71 µbar,Carbon Dioxide: 0.0192 kV,74 µbar,3.512 V,4.189 V,249 µbar/min,10.974 V,5.94E-008 mbar,66 %,755 µbar,72 °C,µ-Volume,,Pre,3.522410485037484,3.830415535962332,3.8275354829204415,5.020562187985781,5.112437393176831,3.582186661436529,-0.7898976247524558,-6.158236853809451,-0.8144645753148243,0.0125402905136686,0.0031350726284171,-6.0837424112491565,0.0372710032501398,0.0093177508125349,-0.8161023720189823,0.0110683350209764,-6.07877611507847,0.0326425793491143,Renata Nagai 780 G. ruber series 2.xlsx,2026-03-24 02:20:56.139,739699.0,249.0,74.0,71.0,755.0,3.423213738774208,SHP2L,,,OK,16.0,15.0,15.0,0.0,0.0,3.4391877378720346,-0.0159739990978264,-0.0149763977747848,-0.879624893879131,-5.990918399063849,,,,
17.0,GIRMS\IRMS-operator,2026-03-24 02:53:01.040,2026-03-24 04:02:36.211,Success,False,865 - G. ruber,12-13,17.0,1,10.0,True,Unknown,,"0.001 V, 0.001 V, 0.002 V",,14.372 V,9.5195 kV,67 µbar,81 µbar,Carbon Dioxide: 0.0195 kV,57 µbar,10.770 V,16.512 V,83 µbar/min,3.484 V,1.06E-007 mbar,10 %,902 µbar,72 °C,µ-Volume,12.591 V,Pre,13.15468255071925,14.319824583014876,11.583509451827435,18.84132767181812,15.478284601978649,10.84749513759206,0.8138365240275558,-1.1354965129136696,0.8723538276278753,0.0447548073921621,0.0111887018480405,-1.1398743416678945,0.0188871413540395,0.0047217853385098,0.8762549812012299,0.0434185049110461,-1.140166196918176,0.0195126672245126,Renata Nagai 780 G. ruber series 2.xlsx,2026-03-24 02:53:01.040,739699.0,83.0,57.0,81.0,902.0,12.683850560477245,865,G. ruber,12-13,OK,16.0,15.0,15.0,0.0,0.0,10.297951135924327,2.385899424552917,2.7680122024882583,0.9733409538768067,-1.2744453717140565,1.054884024005446,-0.9199515274223132,1.054884024005446,-0.9199515274223132
18.0,GIRMS\IRMS-operator,2026-03-24 03:25:25.234,2026-03-24 04:42:33.016,Success,False,865 - G. ruber,13-14,18.0,2,10.0,True,Unknown,,"0.001 V, 0.001 V, 0.002 V",,4.528 V,9.5195 kV,86 µbar,67 µbar,Carbon Dioxide: 0.0195 kV,74 µbar,4.408 V,5.038 V,98 µbar/min,3.305 V,6.03E-008 mbar,53 %,782 µbar,72 °C,µ-Volume,,Pre,4.422324784440617,4.818130570409913,4.779173936310157,6.334679679038657,6.383570295664222,4.472919640166401,1.100211828723996,-1.2106201327313215,1.055209428871634,0.0272595235868853,0.0068148808967213,-1.2213173346067974,0.021544338578865,0.0055627243013998,1.0522092688814766,0.0253348912439367,-1.2258878432478857,0.025937114994081,Renata Nagai 780 G. ruber series 2.xlsx,2026-03-24 03:25:25.234,739699.0,98.0,74.0,67.0,782.0,4.292382087160031,865,G. ruber,13-14,OK,16.0,15.0,15.0,0.0,0.0,4.287469275636295,0.0049128115237362,0.0046327944761437,1.0037608528976318,-1.158879055683719,1.0853064011462266,-0.8043441915668836,1.0853064011462266,-0.8043441915668836
19.0,GIRMS\IRMS-operator,2026-03-24 04:02:36.309,2026-03-24 05:13:21.344,Success,False,865 - G. ruber,14-15,19.0,1,11.0,True,Unknown,,"0.002 V, 0.001 V, 0.002 V",,17.888 V,9.5195 kV,64 µbar,76 µbar,Carbon Dioxide: 0.0195 kV,57 µbar,11.387 V,20.851 V,132 µbar/min,4.362 V,1.10E-007 mbar,10 %,914 µbar,72 °C,µ-Volume,16.399 V,Pre,17.405521905458556,18.9399708920065,12.237458389336211,24.91842593084847,16.352806342950217,11.461064767810647,0.5261792688602274,-1.5546861572207638,0.6345014201013244,0.0929196866117194,0.0232299216529298,-1.509842792490549,0.0221462082982245,0.0057181263947109,0.6417228968507308,0.0914154910497628,-1.5030009536392073,0.0231336037260867,Renata Nagai 780 G. ruber series 2.xlsx,2026-03-24 04:02:36.309,739699.0,132.0,57.0,76.0,914.0,16.727340257204162,865,G. ruber,14-15,OK,16.0,15.0,15.0,0.0,0.0,10.871943867242916,5.855396389961246,8.485776096890554,0.8089356659189771,-1.7342721870319855,0.8904653429717655,-1.3799415565227946,0.8904653429717655,-1.3799415565227946
20.0,GIRMS\IRMS-operator,2026-03-24 04:42:33.114,2026-03-24 05:46:03.417,Success,False,865 - G. ruber,19-20,20.0,2,11.0,True,Unknown,,"0.002 V, 0.002 V, 0.002 V",,18.104 V,9.5194 kV,84 µbar,69 µbar,Carbon Dioxide: 0.0194 kV,81 µbar,11.079 V,21.203 V,98 µbar/min,11.096 V,1.08E-007 mbar,10 %,951 µbar,72 °C,µ-Volume,16.600 V,Pre,17.683334377889146,19.23889926942243,11.9120877173747,25.327485855483285,15.917044933699836,11.155865815762986,0.3178611611667215,-1.0781645804458506,4.416141734213201,6.0644653660335495,1.5658382244199736,35.77986967840501,12.359640691120548,3.1912455041211607,6.132644842987196,8.11782622136564,35.779869678405014,12.359640691120545,Renata Nagai 780 G. ruber series 2.xlsx,2026-03-24 04:42:33.114,739699.0,98.0,81.0,69.0,951.0,0.7052194699899249,865,G. ruber,19-20,OK,16.0,15.0,15.0,0.0,0.0,10.588255108323812,-9.883035638333888,-0.6200201974157901,6.021983773738694,35.932924508585,6.103938125385866,36.30062496757046,6.103938125385866,36.30062496757046
21.0,GIRMS\IRMS-operator,2026-03-24 05:13:21.463,2026-03-24 05:33:30.637,Error,False,SHP2L,,21.0,1,12.0,True,QC Standard,SHP2L,"0.002 V, 0.002 V, 0.002 V",,,,64 µbar,,,,,,,,,,,72 °C,,,Pre,,,,,,,,,,,,,,,,,,,Renata Nagai 780 G. ruber series 2.xlsx,2026-03-24 05:13:21.463,739699.0,,,,,,SHP2L,,,Failed Sample,0.0,0.0,0.0,0.0,0.0,,,,,,,,,
22.0,GIRMS\IRMS-operator,2026-03-24 10:38:14.051,2026-03-24 11:39:58.258,Success,False,865 - G. ruber,18-19,22.0,2,12.0,True,Unknown,,"0.001 V, 0.001 V, 0.002 V",,13.378 V,9.5199 kV,23 µbar,47 µbar,Carbon Dioxide: 0.0199 kV,45 µbar,11.483 V,15.480 V,210 µbar/min,3.308 V,1.11E-007 mbar,10 %,858 µbar,72 °C,µ-Volume,11.692 V,Pre,12.204243699386712,13.312171781568336,12.336158897020022,17.55231953764887,16.485277186879824,11.552854338958856,2.894637597253391,2.946533504519344,2.867326884936225,0.0223639488062608,0.0055909872015652,2.912428486055566,0.0237336800081092,0.0059334200020273,2.865506170781748,0.021887036419795,2.9101548181579795,0.0226914359724222,Renata Nagai 780 G. ruber series 2.xlsx,2026-03-24 10:38:14.051,739699.0,210.0,45.0,47.0,858.0,11.750238337196995,865,G. ruber,18-19,OK,16.0,15.0,15.0,0.0,0.0,10.958789745643733,0.7914485915532623,0.7993231104930998,2.9464003786199666,2.7982704009252206,3.028104181623803,3.1542098402196643,3.028104181623803,3.1542098402196643
23.0,GIRMS\IRMS-operator,2026-03-24 11:10:32.862,2026-03-24 12:10:36.390,Success,False,865 - G. ruber,17-18,23.0,1,13.0,True,Unknown,,"0.002 V, 0.002 V, 0.002 V",,9.053 V,9.5196 kV,52 µbar,245 µbar,Carbon Dioxide: 0.0196 kV,54 µbar,8.516 V,10.211 V,132 µbar/min,11.181 V,9.25E-008 mbar,18 %,816 µbar,72 °C,µ-Volume,,Pre,8.428592438802061,9.157875758099893,9.155605092785548,12.012332677841188,12.231606021853947,8.571568944104008,-1.321928234538139,-6.171564240531668,-1.3319980250133368,0.0153606285851705,0.0039660972465095,-6.185817280935169,0.0175746623677944,0.0045377583110457,-1.3299846393977746,0.018444506402482,-6.190266657600126,0.0216778496395132,Renata Nagai 780 G. ruber series 2.xlsx,2026-03-24 11:10:32.862,739699.0,132.0,54.0,245.0,816.0,8.160216141366785,865,G. ruber,17-18,OK,16.0,15.0,15.0,0.0,0.0,8.163307319063595,-0.0030911776968096,-0.0029105500046262,-1.3113526788891183,-6.216036438887605,-1.2299957285355276,-5.863296593586142,-1.2299957285355276,-5.863296593586142
24.0,GIRMS\IRMS-operator,2026-03-24 11:39:58.402,2026-03-24 12:42:41.057,Success,False,865 - G. ruber,16-17,24.0,2,13.0,True,Unknown,,"0.002 V, 0.002 V, 0.002 V",,5.352 V,9.5196 kV,86 µbar,181 µbar,Carbon Dioxide: 0.0196 kV,74 µbar,5.011 V,5.978 V,112 µbar/min,8.353 V,7.20E-008 mbar,41 %,689 µbar,72 °C,µ-Volume,,Pre,4.993250772491276,5.424235211230155,5.421290432865828,7.111900246623444,7.241577667417777,5.073945800873645,-1.8138115936838783,-6.896707939062718,-1.8214402865374124,0.0174566853335822,0.0045072967717964,-6.899336195710558,0.0173155854679421,0.0043288963669855,-1.8248176755990253,0.0205091775784087,-6.899511412820415,0.0179086456633249,Renata Nagai 780 G. ruber series 2.xlsx,2026-03-24 11:39:58.402,739699.0,112.0,74.0,181.0,689.0,4.844507523306904,865,G. ruber,16-17,OK,16.0,15.0,15.0,0.0,0.0,4.858519713494189,-0.0140121901872856,-0.0131603447693144,-1.8636905044173515,-6.845746577058312,-1.7823785495897937,-6.493230244979941,-1.7823785495897937,-6.493230244979941
25.0,GIRMS\IRMS-operator,2026-03-24 12:10:36.513,2026-03-24 13:18:00.749,Success,False,865 - G. ruber,15-16,25.0,1,14.0,True,Unknown,,"0.002 V, 0.002 V, 0.002 V",,12.814 V,9.5197 kV,71 µbar,289 µbar,Carbon Dioxide: 0.0197 kV,62 µbar,10.671 V,14.663 V,239 µbar/min,4.952 V,1.07E-007 mbar,10 %,792 µbar,72 °C,µ-Volume,11.326 V,Pre,11.813410593957547,12.83380552301546,11.477931781216636,16.84506907448772,15.33637120709423,10.747646586340185,-1.2919661904509103,-5.629053395877381,-1.29846046086641,0.0103452449603401,0.0027648830159887,-5.635008706603717,0.0104331019221677,0.0026938153329226,-1.298966685477828,0.0219815613422001,-5.63308164917266,0.0137529917931776,Renata Nagai 780 G. ruber series 2.xlsx,2026-03-24 12:10:36.513,739699.0,239.0,62.0,289.0,792.0,11.40012373153519,865,G. ruber,15-16,OK,16.0,15.0,15.0,0.0,0.0,10.203426377218475,1.196697354316715,1.2593992744666826,-1.2241445632653545,-5.736567791921013,-1.1427805086092349,-5.383657761043537,-1.1427805086092349,-5.383657761043537
26.0,GIRMS\IRMS-operator,2026-03-24 12:42:41.214,2026-03-24 14:00:02.798,Success,False,SHP2L,,26.0,2,14.0,True,QC Standard,SHP2L,"0.001 V, 0.001 V, 0.002 V",,4.324 V,9.5197 kV,81 µbar,152 µbar,Carbon Dioxide: 0.0197 kV,69 µbar,4.227 V,4.803 V,107 µbar/min,3.303 V,6.00E-008 mbar,56 %,679 µbar,72 °C,µ-Volume,,Pre,4.225154327368152,4.581367679716617,4.587551655714566,5.988189827737973,6.127083418766576,4.293069183015694,-3.772806225371572,-11.851569075031264,-3.781199379107643,0.0202174518087322,0.0052201236105314,-11.876519914233866,0.0244676869353997,0.0061169217338499,-3.7858366170090414,0.0254539336179773,-11.878183303514035,0.0243720686503393,Renata Nagai 780 G. ruber series 2.xlsx,2026-03-24 12:42:41.214,739699.0,107.0,69.0,152.0,679.0,4.10164923142411,SHP2L,,,OK,16.0,15.0,15.0,0.0,0.0,4.116395259350966,-0.014746027926856,-0.0138398721429702,-3.8375929390697614,-11.806599365842557,,,,
27.0,GIRMS\IRMS-operator,2026-03-24 13:18:00.889,2026-03-24 14:32:08.596,Success,False,865 - G. ruber,20-21,27.0,1,15.0,True,Unknown,,"0.001 V, 0.001 V, 0.002 V",,11.623 V,9.5197 kV,71 µbar,284 µbar,Carbon Dioxide: 0.0197 kV,62 µbar,10.745 V,13.274 V,127 µbar/min,4.188 V,1.06E-007 mbar,11 %,767 µbar,72 °C,µ-Volume,,Pre,10.523409129575157,11.435835998286136,11.53780806398982,15.020778555756593,15.416419286614438,10.80362546582546,-1.0132868448510246,-4.63643527153812,-1.0822210996112027,0.0205860010395333,0.0053152826127414,-4.679442467424799,0.0158009516513946,0.0040797881733386,-1.0822210996112027,0.0205860010395334,-4.679442467424798,0.0158009516513946,Renata Nagai 780 G. ruber series 2.xlsx,2026-03-24 13:18:00.889,739699.0,127.0,62.0,284.0,767.0,10.171522930600236,865,G. ruber,20-21,OK,16.0,15.0,15.0,0.0,0.0,10.256831997077946,-0.0853090664777092,-0.0796862717532646,-1.0287067695973289,-4.75345789803731,-0.9473267938401476,-4.400198916035038,-0.9473267938401476,-4.400198916035038
28.0,GIRMS\IRMS-operator,2026-03-24 14:00:02.929,2026-03-24 15:03:02.234,Success,False,865 - G. ruber,21-22,28.0,2,15.0,True,Unknown,,"0.002 V, 0.002 V, 0.002 V",,15.409 V,9.5194 kV,89 µbar,318 µbar,Carbon Dioxide: 0.0194 kV,79 µbar,10.998 V,17.873 V,93 µbar/min,10.484 V,1.09E-007 mbar,10 %,868 µbar,72 °C,µ-Volume,14.205 V,Pre,15.06248164356759,16.357257962226868,11.825308203697205,21.488330993758584,15.801779661284831,11.073798419843229,-1.6207145862865424,-5.164632332766761,-1.5357954584154023,0.0717865748620796,0.0179466437155199,-5.135368476513025,0.0281296746909518,0.0070324186727379,-1.5301341832239927,0.0705122462140678,-5.133417552762776,0.0279741132098085,Renata Nagai 780 G. ruber series 2.xlsx,2026-03-24 14:00:02.929,739699.0,93.0,79.0,318.0,868.0,14.485985519300016,865,G. ruber,21-22,OK,16.0,15.0,15.0,0.0,0.0,10.508567573438198,3.977417945861818,5.1644173620575415,-1.4017935367868442,-5.31092492711785,-1.3204439540872954,-4.957863815921314,-1.3204439540872954,-4.957863815921314
29.0,GIRMS\IRMS-operator,2026-03-24 14:32:08.719,2026-03-24 15:39:04.393,Success,False,865 - G. ruber,22-23,29.0,1,16.0,True,Unknown,,"0.002 V, 0.002 V, 0.002 V",,3.098 V,9.5195 kV,71 µbar,152 µbar,Carbon Dioxide: 0.0195 kV,84 µbar,3.109 V,3.393 V,103 µbar/min,10.718 V,5.74E-008 mbar,81 %,518 µbar,72 °C,µ-Volume,2.775 V,Pre,2.884071631420666,3.1319165057101257,3.397368497241533,4.106972952803233,4.537676597540483,3.17923820176161,-2.307941102235312,-7.179427271936878,-2.309799246022171,0.0289470078124273,0.0074740852786711,-7.098153798112694,0.0308143247331401,0.0079562244344052,-2.3164929835272,0.0385145217793915,-7.098153798112694,0.0308143247331402,Renata Nagai 780 G. ruber series 2.xlsx,2026-03-24 14:32:08.719,739699.0,103.0,84.0,152.0,518.0,2.8070380623348234,865,G. ruber,22-23,OK,16.0,15.0,15.0,0.0,0.0,3.054421706188732,-0.2473836438539085,-0.2141439772392568,-2.390701924655032,-6.995515743381353,-2.309432902168851,-6.643052571300018,-2.309432902168851,-6.643052571300018
30.0,GIRMS\IRMS-operator,2026-03-24 15:03:02.350,2026-03-24 16:21:39.644,Success,False,865 - G. ruber,23-24,30.0,2,16.0,True,Unknown,,"0.001 V, 0.001 V, 0.001 V",,6.988 V,9.5194 kV,81 µbar,203 µbar,Carbon Dioxide: 0.0194 kV,71 µbar,6.496 V,7.868 V,88 µbar/min,3.303 V,8.06E-008 mbar,30 %,716 µbar,72 °C,µ-Volume,,Pre,6.372875584198601,6.922003175838063,6.995242383105824,9.08262830745905,9.34472458174315,6.5474408976171015,-1.8980278867094524,-6.335067291665442,-1.9339372191228,0.0214510206709215,0.0053627551677303,-6.344016001912744,0.0166259537998482,0.0042928028121084,-1.936331174617023,0.0198687637464427,-6.347484703643332,0.0197581769890688,Renata Nagai 780 G. ruber series 2.xlsx,2026-03-24 15:03:02.350,739699.0,88.0,71.0,203.0,716.0,6.172006141338109,865,G. ruber,23-24,OK,16.0,15.0,15.0,0.0,0.0,6.253121621486811,-0.0811154801487017,-0.0754134475565728,-1.95218101283058,-6.325562863265046,-1.870876266774303,-5.972861893952199,-1.870876266774303,-5.972861893952199
31.0,GIRMS\IRMS-operator,2026-03-24 15:39:04.524,2026-03-24 16:53:08.397,Success,False,SHP2L,,31.0,1,17.0,True,QC Standard,SHP2L,"0.002 V, 0.002 V, 0.002 V",,5.025 V,9.5193 kV,67 µbar,174 µbar,Carbon Dioxide: 0.0193 kV,62 µbar,4.742 V,5.594 V,83 µbar/min,6.395 V,7.02E-008 mbar,46 %,584 µbar,72 °C,µ-Volume,,Pre,4.727827232657124,5.131390581101747,5.132424132300771,6.717693730257767,6.856274397199727,4.803763477682525,-2.673470656539445,-9.349133830713008,-2.6782989908762933,0.0208283768813344,0.0052070942203336,-9.3363331398509,0.0241969612144044,0.0062476285208143,-2.678620879832083,0.0215181854198743,-9.329805031586485,0.0323368141061015,Renata Nagai 780 G. ruber series 2.xlsx,2026-03-24 15:39:04.524,739699.0,83.0,62.0,174.0,584.0,4.594571135295775,SHP2L,,,OK,16.0,15.0,15.0,0.0,0.0,4.601152582154586,-0.006581446858811,-0.0061903513813312,-2.721828389707557,-9.270044917831935,,,,
32.0,GIRMS\IRMS-operator,2026-03-24 16:21:39.818,2026-03-24 17:25:22.046,Success,False,865 - G. ruber,24-25,32.0,2,17.0,True,Unknown,,"0.001 V, 0.001 V, 0.002 V",,6.443 V,9.5194 kV,86 µbar,189 µbar,Carbon Dioxide: 0.0194 kV,74 µbar,6.138 V,7.223 V,132 µbar/min,4.691 V,7.83E-008 mbar,32 %,723 µbar,72 °C,µ-Volume,,Pre,6.058557789856537,6.579814830940311,6.6031500493698765,8.634658959999767,8.821215310135429,6.180628102356536,-1.9790522922042968,-6.346412492316045,-2.018823262219582,0.0210097458476947,0.0052524364619236,-6.330794088869638,0.0186566833126642,0.0048171349176943,-2.021474660220601,0.0187730098477595,-6.33303935810503,0.0223346150329925,Renata Nagai 780 G. ruber series 2.xlsx,2026-03-24 16:21:39.818,739699.0,132.0,74.0,189.0,723.0,5.872629922811485,865,G. ruber,24-25,OK,16.0,15.0,15.0,0.0,0.0,5.9074477912822765,-0.0348178684707916,-0.0326024696990265,-2.0425166212528256,-6.303936315867035,-1.961219234276428,-5.951227670293292,-1.961219234276428,-5.951227670293292
33.0,GIRMS\IRMS-operator,2026-03-27 11:41:38.715,2026-03-27 12:42:14.621,Success,False,865 - G. ruber,26-27,33.0,1,18.0,True,Unknown,,"0.001 V, 0.001 V, 0.001 V",,10.396 V,9.5192 kV,54 µbar,62 µbar,Carbon Dioxide: 0.0192 kV,689 µbar,9.591 V,11.904 V,161 µbar/min,4.680 V,9.96E-008 mbar,29 %,780 µbar,72 °C,µ-Volume,,Pre,9.386807809659135,10.220812204760128,10.246829632204586,13.455248133362518,13.690746084870089,9.593620828636285,0.8456939817920173,-0.4764742059224502,0.8434740416020917,0.0150246778775428,0.0038793551467902,-0.4897444115342375,0.0202985980002671,0.0050746495000667,0.8392764538288707,0.0216810771254854,-0.4906290919083567,0.0206892966879743,Renata Nagai 780 G. ruber series 2.xlsx,2026-03-27 11:41:38.715,739702.0,161.0,689.0,62.0,780.0,9.060124181575722,865,G. ruber,26-27,OK,16.0,15.0,15.0,0.0,0.0,9.1214573610496,-0.0613331794738787,-0.0573826994535811,0.8735156429052027,-0.5379851612574621,0.9550505808869048,-0.1832299132098569,0.9550505808869048,-0.1832299132098569
34.0,GIRMS\IRMS-operator,2026-03-27 12:12:23.860,2026-03-27 13:11:40.231,Success,False,865 - G. ruber,25-26,34.0,2,18.0,True,Unknown,,"0.002 V, 0.002 V, 0.002 V",,14.627 V,9.5192 kV,54 µbar,69 µbar,Carbon Dioxide: 0.0192 kV,74 µbar,13.539 V,16.876 V,39 µbar/min,9.434 V,1.24E-007 mbar,15 %,799 µbar,72 °C,µ-Volume,,Pre,0.0243959321237006,0.0271662384851829,14.452125706057672,0.0365551679665596,19.31626945291225,13.53695072707774,24.003923400393923,44.92219530279673,0.8349723613446579,3.318119525405689,0.8868047451737888,31.734975669873126,6.627315422365262,1.7111654840589487,,,,,Renata Nagai 780 G. ruber series 2.xlsx,2026-03-27 12:12:23.860,739702.0,39.0,74.0,69.0,799.0,0.0069482275033177,865,G. ruber,25-26,Failed Sample,16.0,15.0,15.0,0.0,0.0,12.809431334110515,-12.802483106607198,-0.0065411479083378,,,,,,
35.0,GIRMS\IRMS-operator,2026-03-27 12:42:14.755,2026-03-27 12:57:18.464,Error,False,861 - Uvigerina,1-2,35.0,1,19.0,True,Unknown,,"0.002 V, 0.002 V, 0.002 V",,,,69 µbar,,,,,,,,,,,72 °C,,,Pre,,,,,,,,,,,,,,,,,,,Renata Nagai 780 G. ruber series 2.xlsx,2026-03-27 12:42:14.755,739702.0,,,,,,861,Uvigerina,1-2,Failed Sample,0.0,0.0,0.0,0.0,0.0,,,,,,,,,
36.0,GIRMS\IRMS-operator,2026-03-27 15:02:59.858,2026-03-27 16:04:19.961,Success,False,SHP2L,,36.0,2,19.0,True,QC Standard,SHP2L,"0.001 V, 0.001 V, 0.002 V",,5.435 V,9.5193 kV,47 µbar,52 µbar,Carbon Dioxide: 0.0193 kV,64 µbar,5.374 V,6.082 V,117 µbar/min,4.669 V,6.85E-008 mbar,62 %,689 µbar,72 °C,µ-Volume,,Pre,5.313998700226628,5.778380415488406,5.788864834174917,7.576105992436044,7.733066971299625,5.417721874056238,-0.8658851290651581,-6.088095908076019,-0.8555582687871229,0.0191794763832481,0.0049521195080865,-6.0933130332724215,0.0187130892589796,0.004831698870408,-0.8590359600780881,0.0250244909645096,-6.097001045512273,0.0226488607191246,Renata Nagai 780 G. ruber series 2.xlsx,2026-03-27 15:02:59.858,739702.0,117.0,64.0,52.0,689.0,5.15027583294906,SHP2L,,,OK,16.0,15.0,15.0,0.0,0.0,5.183401114282983,-0.0331252813339233,-0.0310020794496362,-0.8926058071648264,-6.050570740076758,,,,
37.0,GIRMS\IRMS-operator,2026-03-27 15:34:56.944,2026-03-27 16:32:48.360,Success,False,861 - Uvigerina,6-7,37.0,1,20.0,True,Unknown,,"0.002 V, 0.001 V, 0.002 V",,48.554 V,9.5193 kV,49 µbar,89 µbar,Carbon Dioxide: 0.0193 kV,868 µbar,16.038 V,49.050 V,366 µbar/min,5.323 V,1.39E-007 mbar,10 %,850 µbar,72 °C,µ-Volume,48.550 V,Pre,49.02661659773918,49.01189807621535,17.127972876706686,49.02098109170246,22.900735635006907,16.047888184157333,-80.43235946253957,-302.7589954650294,-4.843587935804491,13.195227648088489,3.406993128697492,-79.81041271902748,113.60341428858126,28.40085357214532,-4.682358116599059,0.2275841236719368,2.16560915360714,0.0395249255975048,Renata Nagai 780 G. ruber series 2.xlsx,2026-03-27 15:34:56.944,739702.0,366.0,868.0,89.0,850.0,47.5747815614614,861,Uvigerina,6-7,Partially Saturated Collectors,16.0,13.0,8.0,2.0,7.0,15.133746648398358,32.44103491306304,96.05956642927212,-3.9801539421293,1.194393699021269,-3.899014402409575,1.5497638483689116,-3.899014402409575,1.5497638483689116
38.0,GIRMS\IRMS-operator,2026-03-27 16:04:20.104,2026-03-27 17:06:26.455,Success,False,861 - Uvigerina,10-11,38.0,2,20.0,True,Unknown,,"0.002 V, 0.002 V, 0.003 V",,36.240 V,9.5189 kV,71 µbar,67 µbar,Carbon Dioxide: 0.0189 kV,79 µbar,15.575 V,45.161 V,73 µbar/min,15.602 V,1.36E-007 mbar,10 %,885 µbar,72 °C,µ-Volume,32.147 V,Pre,35.329369718561644,38.36844909397951,16.645938636940624,49.02809566720937,22.25325710042928,15.594644362459654,-1.1516176828153537,-32.28219252730491,-0.883222025690862,0.2049558346242655,0.0512389586560663,2.328882080254709,0.0653684155244098,0.0168780523129337,-2.3043329724807315,0.1987936417824427,2.336217440164308,0.0610944038880719,Renata Nagai 780 G. ruber series 2.xlsx,2026-03-27 16:04:20.104,739702.0,73.0,79.0,67.0,885.0,33.4741900510888,861,Uvigerina,10-11,Partially Saturated Collectors,16.0,15.0,14.0,0.0,1.0,14.714805299768916,18.75938475131988,40.19663759302949,-1.8466772905332929,1.703235912360061,-1.7653639497450473,2.0587866733196734,-1.7653639497450473,2.0587866733196734
39.0,GIRMS\IRMS-operator,2026-03-27 16:32:48.483,2026-03-27 17:43:45.554,Success,False,861 - Uvigerina,16-17,39.0,1,21.0,True,Unknown,,"0.002 V, 0.002 V, 0.003 V",,0.007 V,9.5189 kV,57 µbar,79 µbar,Carbon Dioxide: 0.0189 kV,924 µbar,4.383 V,0.008 V,811 µbar/min,15.150 V,6.69E-008 mbar,100 %,59 µbar,72 °C,µ-Volume,0.013 V,Pre,0.0080560539796315,0.0086934690037954,4.745348272649267,0.011623196614453,6.339290425239284,4.440931698738947,-8.527494541052839,5.762837052300185,-8.652031695338982,0.764865001862292,0.1974872942873041,4.933807569852538,1.2898679200595276,0.3224669800148819,,,,,Renata Nagai 780 G. ruber series 2.xlsx,2026-03-27 16:32:48.483,739702.0,811.0,924.0,79.0,59.0,0.0075691883722633,861,Uvigerina,16-17,Failed Sample,16.0,15.0,15.0,0.0,0.0,4.25262608389675,-4.245056895524487,-0.0071169056497489,,,,,,
40.0,GIRMS\IRMS-operator,2026-03-27 17:06:26.617,2026-03-27 18:27:35.793,Success,False,861 - Uvigerina,20-21,40.0,2,21.0,True,Unknown,,"0.001 V, 0.001 V, 0.001 V",,48.540 V,9.5191 kV,71 µbar,71 µbar,Carbon Dioxide: 0.0191 kV,79 µbar,16.119 V,49.043 V,73 µbar/min,4.650 V,1.40E-007 mbar,10 %,892 µbar,72 °C,µ-Volume,48.406 V,Pre,43.08422435583904,46.76594365865752,17.21497405798003,49.0241516878809,23.016097073813835,16.128575099132814,-1.6137210196125462,-206.5610399886273,-1.2818399902813638,0.2151496754159369,0.0537874188539842,-20.1217499020474,49.29511393041785,12.727943686793704,-3.531111478783639,0.2029871079066866,2.275199890396828,0.0536882011583304,Renata Nagai 780 G. ruber series 2.xlsx,2026-03-27 17:06:26.617,739702.0,73.0,79.0,71.0,892.0,40.61744142832592,861,Uvigerina,20-21,Partially Saturated Collectors,16.0,15.0,11.0,0.0,4.0,15.208219779156009,25.409221649169908,63.92064116694611,-2.949569408472541,1.4708716526667,-2.868345913443057,1.8263399368144064,-2.868345913443057,1.8263399368144064
41.0,GIRMS\IRMS-operator,2026-03-27 17:43:45.695,2026-03-27 18:57:51.766,Success,False,SHP2L,,41.0,1,22.0,True,QC Standard,SHP2L,"0.002 V, 0.002 V, 0.003 V",,0.004 V,9.5189 kV,57 µbar,76 µbar,Carbon Dioxide: 0.0189 kV,877 µbar,4.526 V,0.005 V,567 µbar/min,15.688 V,6.85E-008 mbar,100 %,54 µbar,72 °C,µ-Volume,0.011 V,Pre,0.005665184684703,0.0060945458672243,4.896091829141319,0.0081638716950587,6.540469081517515,4.581863264397211,-11.59190130722132,4.556636352718746,-12.859851844784991,1.9451119303651705,0.4862779825912926,2.170347174409927,2.623747215053247,0.6559368037633118,,,,,Renata Nagai 780 G. ruber series 2.xlsx,2026-03-27 17:43:45.695,739702.0,567.0,877.0,76.0,54.0,0.005189326014837,SHP2L,,,Failed Sample,16.0,15.0,15.0,0.0,0.0,4.386459861909911,-4.381270535895074,-0.004882164910765,,,,,,
42.0,GIRMS\IRMS-operator,2026-03-27 18:27:35.997,,Running,False,861 - Uvigerina,25-26,42.0,2,22.0,True,Unknown,,"0.002 V, 0.002 V, 0.003 V",,,,76 µbar,,,,,,107 µbar/min,,,,,72 °C,,,Pre,,,,,,,,,,,,,,,,,,,Renata Nagai 780 G. ruber series 2.xlsx,2026-03-27 18:27:35.997,739702.0,107.0,,,,,861,Uvigerina,25-26,Failed Sample,0.0,0.0,0.0,0.0,0.0,,,,,,,,,
43.0,,,,No status,False,861 - Uvigerina,30-31,43.0,1,23.0,True,Unknown,,"0.002 V, 0.002 V, 0.003 V",,,,,,,,,,,,,,,,,,Pre,,,,,,,,,,,,,,,,,,,Renata Nagai 780 G. ruber series 2.xlsx,,,,,,,,861,Uvigerina,30-31,Failed Sample,0.0,0.0,0.0,0.0,0.0,,,,,,,,,
1.0,GIRMS\IRMS-operator,2026-03-30 16:24:41.667,2026-03-30 17:31:07.735,Success,False,SHP2L,,1.0,1,2.0,True,QC Standard,SHP2L,"0.001 V, 0.001 V, 0.001 V",,12.553 V,9.5181 kV,74 µbar,111 µbar,Carbon Dioxide: 0.0181 kV,"1,107 µbar",11.486 V,14.457 V,"1,001 µbar/min",4.663 V,1.12E-007 mbar,21 %,824 µbar,72 °C,µ-Volume,,Pre,11.229604482650757,12.20327902431742,12.256121276900874,16.00594762168066,16.378998192168638,11.477470397949215,-0.90921547542544,-6.110181696870276,-0.9925615771125978,0.0200331771739285,0.0051725441044165,-6.131535013154044,0.0137490052871037,0.003549977900258,-0.9925615771125976,0.0200331771739285,-6.129763755941491,0.0178085101195807,Renata Nagai 780 G. ruber series 3.xlsx,2026-03-30 16:24:41.667,739705.0,1001.0,1107.0,111.0,824.0,10.823816061019896,SHP2L,,,OK,16.0,15.0,15.0,0.0,0.0,10.884597897529602,-0.0607818365097063,-0.0569321270161986,-0.9277344378729938,-6.219425882421493,,,,
2.0,GIRMS\IRMS-operator,2026-03-30 17:01:10.042,2026-03-30 17:59:54.252,Success,False,861 - Uvigerina,35-36,2.0,2,2.0,True,Unknown,,"0.002 V, 0.002 V, 0.002 V",,15.721 V,9.5179 kV,69 µbar,69 µbar,Carbon Dioxide: 0.0179 kV,89 µbar,14.228 V,18.261 V,269 µbar/min,11.258 V,1.27E-007 mbar,13 %,816 µbar,72 °C,µ-Volume,,Pre,14.174285421245887,15.419402867712645,15.158885866560606,20.37904288825943,20.26199426708176,14.199960121982883,0.4153488083833423,2.637219787622991,0.3555751500245868,0.0324831668564876,0.0081207917141219,2.615489294087933,0.0172296236364119,0.0043074059091029,0.3515902394673365,0.0292968294476281,2.61404059451893,0.0167954153053113,Renata Nagai 780 G. ruber series 3.xlsx,2026-03-30 17:01:10.042,739705.0,269.0,89.0,69.0,816.0,13.633762120686995,861,Uvigerina,35-36,OK,16.0,15.0,15.0,0.0,0.0,13.416695484989477,0.2170666356975186,0.2077680686332532,0.4651506586161649,2.4569756864530192,0.5466523296433934,2.812793984484188,0.5466523296433934,2.812793984484188
3.0,GIRMS\IRMS-operator,2026-03-30 17:31:07.845,2026-03-30 18:36:42.471,Success,False,861 - Uvigerina,36-37,3.0,1,3.0,True,Unknown,,"0.002 V, 0.002 V, 0.002 V",,23.209 V,9.5178 kV,71 µbar,123 µbar,Carbon Dioxide: 0.0178 kV,"1,080 µbar",15.329 V,27.645 V,"1,031 µbar/min",13.814 V,1.34E-007 mbar,10 %,831 µbar,72 °C,µ-Volume,21.111 V,Pre,22.69429638371471,24.664969209252828,16.380266312180986,32.62203495231753,21.897296712075523,15.346742415285146,-0.3504546480017634,2.4994504303683662,-0.1589880774621813,0.1193894439187766,0.0298473609796941,2.512044108753067,0.009879559654097,0.0024698899135242,-0.1462236394262091,0.1117088623478521,2.512883687312048,0.0096173628950648,Renata Nagai 780 G. ruber series 3.xlsx,2026-03-30 17:31:07.845,739705.0,1031.0,1080.0,123.0,831.0,21.720073366022145,861,Uvigerina,36-37,OK,16.0,15.0,15.0,0.0,0.0,14.48327972874645,7.236793637275696,10.222476852736186,0.1075787847234967,2.1618506890652283,0.1890513265949494,2.5175642335989323,0.1890513265949494,2.5175642335989323
4.0,GIRMS\IRMS-operator,2026-03-30 17:59:54.349,2026-03-30 19:09:45.461,Success,False,861 - Uvigerina,37-38,4.0,2,3.0,True,Unknown,,"0.002 V, 0.002 V, 0.003 V",,8.303 V,9.5178 kV,84 µbar,81 µbar,Carbon Dioxide: 0.0178 kV,96 µbar,7.700 V,9.409 V,107 µbar/min,14.905 V,8.72E-008 mbar,35 %,821 µbar,72 °C,µ-Volume,,Pre,7.545681723051499,8.2146869573468,8.252208045450011,10.850183644850384,11.02485098208808,7.725411682997849,0.5740704638659277,2.6655959654697803,0.5322998199801237,0.0182845411729916,0.0047210482304027,2.6539591152606663,0.0191845497040217,0.0049534294338776,0.5328995969537509,0.0198344544413142,2.656453783155236,0.022882411868765,Renata Nagai 780 G. ruber series 3.xlsx,2026-03-30 17:59:54.349,739705.0,107.0,96.0,81.0,821.0,7.299522001076541,861,Uvigerina,37-38,OK,16.0,15.0,15.0,0.0,0.0,7.366264238413428,-0.0667422373368866,-0.062296474180739,0.5366044209393797,2.651329657662704,0.6181119128600585,3.007216940898161,0.6181119128600585,3.007216940898161
5.0,GIRMS\IRMS-operator,2026-03-30 18:36:42.558,2026-03-30 19:52:58.591,Success,False,861 - Uvigerina,40-41,5.0,1,4.0,True,Unknown,,"0.001 V, 0.001 V, 0.001 V",,10.316 V,9.5180 kV,79 µbar,120 µbar,Carbon Dioxide: 0.0180 kV,"1,095 µbar",9.547 V,11.776 V,913 µbar/min,4.653 V,9.72E-008 mbar,28 %,797 µbar,72 °C,µ-Volume,,Pre,9.344536431774888,10.16988959504818,10.205086137788047,13.437173024834385,13.634419695557344,9.55488122318724,0.4144814667053076,2.757464840952517,0.3885531396343437,0.0245539021314611,0.0063397902693037,2.738143035006783,0.0174579916153785,0.0045076340523059,0.3910568187307136,0.0289141212988412,2.7399444755110616,0.0206892701138025,Renata Nagai 780 G. ruber series 3.xlsx,2026-03-30 18:36:42.558,739705.0,913.0,1095.0,120.0,797.0,9.028214581951888,861,Uvigerina,40-41,OK,16.0,15.0,15.0,0.0,0.0,9.08542013977507,-0.0572055578231829,-0.0535439813126654,0.4247425952442278,2.693353828603622,0.5062409744779188,3.049256028159107,0.5062409744779188,3.049256028159107
6.0,GIRMS\IRMS-operator,2026-03-30 19:09:45.574,2026-03-30 20:21:49.623,Success,False,SHP2L,,6.0,2,4.0,True,QC Standard,SHP2L,"0.002 V, 0.002 V, 0.002 V",,14.004 V,9.5180 kV,84 µbar,76 µbar,Carbon Dioxide: 0.0180 kV,86 µbar,12.913 V,16.173 V,54 µbar/min,9.394 V,1.18E-007 mbar,16 %,836 µbar,72 °C,µ-Volume,,Pre,12.618403232870293,13.710011377901296,13.787483788850546,17.982967887373228,18.425338659734983,12.913833654699514,-0.8957290812513508,-6.063852840373474,-0.9715996655660204,0.0170530738174692,0.004557625686881,-6.0832612561961525,0.0201531918500238,0.0052035317605377,-0.9666852777983664,0.0251456453821608,-6.0882490614171685,0.0239140966273654,Renata Nagai 780 G. ruber series 3.xlsx,2026-03-30 19:09:45.574,739705.0,54.0,86.0,76.0,836.0,12.160401142416193,SHP2L,,,OK,16.0,15.0,15.0,0.0,0.0,12.224970637891952,-0.0645694954757587,-0.0604982828244621,-0.8786775601736044,-6.209972142235565,,,,
7.0,GIRMS\IRMS-operator,2026-03-30 19:52:58.683,2026-03-30 20:57:55.163,Success,False,861 - Uvigerina,44-45,7.0,1,5.0,True,Unknown,,"0.002 V, 0.002 V, 0.002 V",,17.864 V,9.5181 kV,76 µbar,111 µbar,Carbon Dioxide: 0.0181 kV,"1,070 µbar",15.345 V,20.821 V,825 µbar/min,12.610 V,1.34E-007 mbar,10 %,824 µbar,72 °C,µ-Volume,16.422 V,Pre,17.45400789836756,18.980840478933967,16.402492557562507,25.09303337582587,21.924957099046694,15.367085372008004,0.2252212034505873,2.703771948660449,0.2223216147050344,0.0294699313655534,0.0073674828413883,2.6914299844546337,0.0168111462987771,0.0043406193097213,0.2221283087886642,0.030493775357561,2.687360240981952,0.0205772700818961,Renata Nagai 780 G. ruber series 3.xlsx,2026-03-30 19:52:58.683,739705.0,825.0,1070.0,111.0,824.0,16.7704171285998,861,Uvigerina,44-45,OK,16.0,15.0,15.0,0.0,0.0,14.503890906370795,2.266526222229004,2.468514408065821,0.3900881659457068,2.455055713393331,0.4715837220987851,2.810873329937408,0.4715837220987851,2.810873329937408
8.0,GIRMS\IRMS-operator,2026-03-30 20:21:49.732,2026-03-30 21:29:59.810,Success,False,861 - Uvigerina,46-47 bleedtest,8.0,2,5.0,True,Unknown,,"0.002 V, 0.002 V, 0.002 V",,31.617 V,9.5181 kV,86 µbar,84 µbar,Carbon Dioxide: 0.0181 kV,101 µbar,14.925 V,38.618 V,68 µbar/min,14.950 V,1.33E-007 mbar,10 %,921 µbar,72 °C,µ-Volume,28.199 V,Pre,30.71720748577619,33.36588505821891,15.95891479569144,44.14538124057357,21.33200147601669,14.951346809010747,-0.9502740010078892,2.3250482654351146,-0.6986341820084326,0.1781719140140523,0.044542978503513,2.419849016878278,0.0555756726596948,0.0138939181649237,-0.6818581940751355,0.1708454521068491,2.4261690669744893,0.0512302246873265,Renata Nagai 780 G. ruber series 3.xlsx,2026-03-30 20:21:49.732,739705.0,68.0,101.0,84.0,921.0,29.20204251442457,861,Uvigerina,46-47 bleedtest,OK,16.0,15.0,15.0,0.0,0.0,14.119385177235849,15.08265733718872,29.38264482608998,-0.298294952799824,1.8956644626421,-0.2168554749364375,2.251283525385133,-0.2168554749364375,2.251283525385133
9.0,GIRMS\IRMS-operator,2026-03-30 20:57:55.271,2026-03-30 22:15:13.943,Success,False,861 - Uvigerina,47-48,9.0,1,6.0,True,Unknown,,"0.001 V, 0.001 V, 0.002 V",,11.261 V,9.5183 kV,76 µbar,111 µbar,Carbon Dioxide: 0.0183 kV,"1,075 µbar",10.347 V,12.868 V,791 µbar/min,4.649 V,1.03E-007 mbar,25 %,806 µbar,72 °C,µ-Volume,,Pre,10.135342945725494,11.032029028279842,11.05547955394356,14.574269564759042,14.77157584012678,10.351618193036847,0.5826085621403188,2.750213629060916,0.505758410028149,0.0178328878586275,0.0046044318460832,2.744486606383433,0.0163829677616247,0.0040957419404061,0.505758410028149,0.0178328878586274,2.744104804871602,0.0168841411548394,Renata Nagai 780 G. ruber series 3.xlsx,2026-03-30 20:57:55.271,739705.0,791.0,1075.0,111.0,806.0,9.78791761531238,861,Uvigerina,47-48,OK,16.0,15.0,15.0,0.0,0.0,9.833515168565553,-0.045597553253172,-0.0427502472159642,0.5526198204458352,2.6792909976114627,0.6341286170413696,3.0351882056183968,0.6341286170413696,3.0351882056183968
10.0,GIRMS\IRMS-operator,2026-03-30 21:29:59.901,2026-03-30 22:42:44.144,Success,False,861 - Uvigerina,51-52,10.0,2,6.0,True,Unknown,,"0.002 V, 0.002 V, 0.002 V",,13.783 V,9.5182 kV,84 µbar,79 µbar,Carbon Dioxide: 0.0182 kV,89 µbar,12.712 V,15.887 V,63 µbar/min,10.171 V,1.17E-007 mbar,16 %,836 µbar,72 °C,µ-Volume,,Pre,12.605338270077231,13.713672217208554,13.55501955397766,18.12586087730434,18.115102238922383,12.696235353359702,0.3793615559615215,2.863015469667385,0.3072313900551146,0.0291833411308566,0.0075351062790998,2.839424995908668,0.0180564209313204,0.0045141052328301,0.3072313900551145,0.0291833411308566,2.837852297658088,0.0175191811284578,Renata Nagai 780 G. ruber series 3.xlsx,2026-03-30 21:29:59.901,739705.0,63.0,89.0,79.0,836.0,12.148483569035054,861,Uvigerina,51-52,OK,16.0,15.0,15.0,0.0,0.0,12.02228563488436,0.126197934150694,0.1201165506625241,0.39503241957018,2.7164150862402368,0.4765283785006886,3.0723254713014967,0.4765283785006886,3.0723254713014967
11.0,GIRMS\IRMS-operator,2026-03-30 22:15:14.065,2026-03-30 23:19:13.938,Success,False,SHP2L,,11.0,1,7.0,True,QC Standard,SHP2L,"0.002 V, 0.002 V, 0.002 V",,19.558 V,9.5181 kV,76 µbar,98 µbar,Carbon Dioxide: 0.0181 kV,"1,009 µbar",15.348 V,22.986 V,488 µbar/min,12.417 V,1.33E-007 mbar,10 %,850 µbar,72 °C,µ-Volume,17.940 V,Pre,19.122066028493887,20.762716550831147,16.406675000194856,27.24681406542104,21.93133144899648,15.371890790838249,-1.2906531939202992,-6.175412207905517,-1.3009816739454558,0.0301381219997437,0.0077816296393983,-6.182938343496567,0.005946578202411,0.0015892898755057,-1.295348602941108,0.0388452369623601,-6.176693069296639,0.0188172079508516,Renata Nagai 780 G. ruber series 3.xlsx,2026-03-30 22:15:14.065,739705.0,488.0,1009.0,98.0,850.0,18.34759307660485,SHP2L,,,OK,16.0,15.0,15.0,0.0,0.0,14.508025772947322,3.8395673036575264,4.573710206340828,-1.1000355670012198,-6.446829656180564,,,,
12.0,GIRMS\IRMS-operator,2026-03-30 22:42:44.237,2026-03-30 23:52:44.148,Success,False,861 - Uvigerina,53-54,12.0,2,7.0,True,Unknown,,"0.002 V, 0.002 V, 0.003 V",,9.982 V,9.5180 kV,93 µbar,86 µbar,Carbon Dioxide: 0.0180 kV,98 µbar,9.235 V,11.348 V,112 µbar/min,14.946 V,9.48E-008 mbar,26 %,855 µbar,72 °C,µ-Volume,,Pre,9.036762108611825,9.832470593366008,9.88197225085197,13.00215045744871,13.202362459249246,9.252515815778771,0.1659399254552163,3.396498588232655,0.1450874233946593,0.0200679480068532,0.0051815218948732,3.379983989529316,0.0187512859274228,0.0048415612077921,0.1399056973612496,0.0239569803742481,3.375628286400515,0.0219556710937338,Renata Nagai 780 G. ruber series 3.xlsx,2026-03-30 22:42:44.237,739705.0,112.0,98.0,86.0,855.0,8.733830598454551,861,Uvigerina,53-54,OK,16.0,15.0,15.0,0.0,0.0,8.802218055099301,-0.0683874566447499,-0.0639152764347758,0.1684859320729159,3.336099091535472,0.2499634356706792,3.692229431082069,0.2499634356706792,3.692229431082069
13.0,GIRMS\IRMS-operator,2026-03-30 23:19:14.041,2026-03-31 00:35:03.404,Success,False,861 - Uvigerina,64-65,13.0,1,8.0,True,Unknown,,"0.001 V, 0.001 V, 0.002 V",,29.187 V,9.5183 kV,81 µbar,106 µbar,Carbon Dioxide: 0.0183 kV,"1,043 µbar",16.008 V,35.452 V,596 µbar/min,4.645 V,1.37E-007 mbar,10 %,887 µbar,72 °C,µ-Volume,25.962 V,Pre,28.1482261619854,30.565869840798783,17.097976836381367,40.48468268217493,22.855327489990483,16.020603199987416,-1.1148610034485973,3.210740372925347,-0.982921671729892,0.1189303538454548,0.0297325884613637,3.267925946598721,0.0358864108868687,0.0089716027217171,-0.974125716281978,0.1175943135921947,3.2717383181769453,0.033625367552965,Renata Nagai 780 G. ruber series 3.xlsx,2026-03-30 23:19:14.041,739705.0,596.0,1043.0,106.0,887.0,26.81098105528832,861,Uvigerina,64-65,OK,16.0,15.0,15.0,0.0,0.0,15.10768355944634,11.70329749584198,19.563143881769133,-0.6320309818370258,2.7985886202614205,-0.5506186913714828,3.154528172506616,-0.5506186913714828,3.154528172506616
14.0,GIRMS\IRMS-operator,2026-03-30 23:52:44.284,2026-03-31 01:02:40.713,Success,False,861 - Uvigerina,59-60,14.0,2,8.0,True,Unknown,,"0.002 V, 0.003 V, 0.003 V",,11.072 V,9.5181 kV,89 µbar,81 µbar,Carbon Dioxide: 0.0181 kV,84 µbar,10.297 V,12.631 V,166 µbar/min,15.593 V,1.02E-007 mbar,24 %,828 µbar,72 °C,µ-Volume,,Pre,10.086673357509346,10.970804469841145,11.00716330315413,14.5125057241195,14.706176116155936,10.307429258028218,-0.078953757122524,3.465519534789685,-0.1616018394119992,0.0252782854302986,0.0065268252328149,3.4476303845329266,0.0230662619977931,0.0057665654994482,-0.1616018394119992,0.0252782854302986,3.4464377745158097,0.0233596571671878,Renata Nagai 780 G. ruber series 3.xlsx,2026-03-30 23:52:44.284,739705.0,166.0,84.0,81.0,828.0,9.740872208276937,861,Uvigerina,59-60,OK,16.0,15.0,15.0,0.0,0.0,9.79186398188228,-0.0509917736053431,-0.0477802227129551,-0.1155563439410125,3.3827524555709965,-0.0341019795001784,3.738899354551904,-0.0341019795001784,3.738899354551904
15.0,GIRMS\IRMS-operator,2026-03-31 00:35:03.531,2026-03-31 01:38:55.806,Success,False,861 - Uvigerina,66-67,15.0,1,9.0,True,Unknown,,"0.002 V, 0.002 V, 0.002 V",,19.608 V,9.5183 kV,79 µbar,93 µbar,Carbon Dioxide: 0.0183 kV,838 µbar,15.161 V,23.055 V,278 µbar/min,10.115 V,1.32E-007 mbar,10 %,865 µbar,72 °C,µ-Volume,17.877 V,Pre,19.140720846109616,20.801936885051663,16.206925412349634,27.536826261829862,21.66149211819125,15.183955909662467,-0.4014259901398143,3.492147930411305,-0.3762592658054509,0.0382912617738213,0.0095728154434553,3.4925746777099005,0.0235109995179954,0.0058777498794988,-0.37458148418316,0.0390217179842258,3.492603127529806,0.0243359114726821,Renata Nagai 780 G. ruber series 3.xlsx,2026-03-31 00:35:03.531,739706.0,278.0,838.0,93.0,865.0,18.36592006867431,861,Uvigerina,66-67,OK,16.0,15.0,15.0,0.0,0.0,14.334604622774348,4.031315445899962,4.865072670052868,-0.1789506007061838,3.222026927138236,-0.0975014006011179,3.578116777203036,-0.0975014006011179,3.578116777203036
16.0,GIRMS\IRMS-operator,2026-03-31 01:02:40.824,2026-03-31 02:12:18.802,Success,False,SHP2L,,16.0,2,9.0,True,QC Standard,SHP2L,"0.002 V, 0.002 V, 0.003 V",,9.428 V,9.5182 kV,96 µbar,86 µbar,Carbon Dioxide: 0.0182 kV,103 µbar,8.776 V,10.748 V,78 µbar/min,14.760 V,9.16E-008 mbar,28 %,855 µbar,72 °C,µ-Volume,,Pre,8.599952281627749,9.347585374318244,9.39540866268242,12.255391750053423,12.550598654464736,8.796864906079781,-0.8517969224450805,-6.074323944773141,-0.8892144627947461,0.0255186572624357,0.0063796643156089,-6.096643442871079,0.0163859477181353,0.0042308335082775,-0.8917089654847241,0.024311398776076,-6.101706812386508,0.0202705860918387,Renata Nagai 780 G. ruber series 3.xlsx,2026-03-31 01:02:40.824,739706.0,78.0,103.0,86.0,855.0,8.311913110446234,SHP2L,,,OK,16.0,15.0,15.0,0.0,0.0,8.374825753008489,-0.0629126425622548,-0.0588137295808878,-0.8704461036354187,-6.1311153815570965,,,,
17.0,GIRMS\IRMS-operator,2026-03-31 01:38:55.948,2026-03-31 02:55:55.746,Success,False,861 - Uvigerina,57-58,17.0,1,10.0,True,Unknown,,"0.001 V, 0.001 V, 0.001 V",,8.625 V,9.5186 kV,84 µbar,86 µbar,Carbon Dioxide: 0.0186 kV,660 µbar,8.015 V,9.802 V,190 µbar/min,4.662 V,8.55E-008 mbar,36 %,799 µbar,72 °C,µ-Volume,,Pre,7.946833560585667,8.647019253274571,8.574235805318551,11.430472613724415,11.453688622864432,8.027329556587867,0.1185121095477192,3.132772756054836,0.0852723451846698,0.0211699497356724,0.0052924874339181,3.144034061324672,0.0190593259275526,0.0047648314818881,0.0830563608937999,0.0198996784729798,3.1447848150093267,0.0194818543950598,Renata Nagai 780 G. ruber series 3.xlsx,2026-03-31 01:38:55.948,739706.0,190.0,660.0,86.0,799.0,7.689140935664607,861,Uvigerina,57-58,OK,16.0,15.0,15.0,0.0,0.0,7.65080737462126,0.0383335610433475,0.0362881891781398,0.0935183994999341,3.1303148161825267,0.1749897959592772,3.4863721133816625,0.1749897959592772,3.4863721133816625
18.0,GIRMS\IRMS-operator,2026-03-31 02:12:18.995,2026-03-31 03:22:25.603,Success,False,861 - Uvigerina,56-67,18.0,2,10.0,True,Unknown,,"0.002 V, 0.002 V, 0.002 V",,29.138 V,9.5187 kV,89 µbar,89 µbar,Carbon Dioxide: 0.0187 kV,93 µbar,15.731 V,35.398 V,68 µbar/min,7.904 V,1.36E-007 mbar,10 %,907 µbar,72 °C,µ-Volume,26.082 V,Pre,28.293973467904333,30.727826264520942,16.80899432005531,40.69297638181367,22.46663596872009,15.748849771577124,-1.0661382994539004,3.2289992744236606,-0.8776502977266494,0.1406308925072417,0.0351577231268104,3.2853625860085334,0.0410332569260685,0.0102583142315171,-0.8650844309448329,0.1359515346931565,3.2891201401141914,0.0395215235425526,Renata Nagai 780 G. ruber series 3.xlsx,2026-03-31 02:12:18.995,739706.0,68.0,93.0,89.0,907.0,26.953435204583407,861,Uvigerina,56-67,OK,16.0,15.0,15.0,0.0,0.0,14.855048320847752,12.098386883735657,20.67678925426592,-0.520519094650445,2.8125533638252547,-0.439097720005293,3.1684978728031865,-0.439097720005293,3.1684978728031865
19.0,GIRMS\IRMS-operator,2026-03-31 02:55:55.860,2026-03-31 04:00:24.352,Success,False,861 - Uvigerina,55-56,19.0,1,11.0,True,Unknown,,"0.002 V, 0.002 V, 0.003 V",,15.176 V,9.5186 kV,81 µbar,108 µbar,Carbon Dioxide: 0.0186 kV,"1,068 µbar",14.990 V,17.586 V,786 µbar/min,15.287 V,1.31E-007 mbar,10 %,824 µbar,72 °C,µ-Volume,,Pre,14.7248265982309,16.01486147454802,16.018780479942002,21.168715031955745,21.40914526781848,15.00776984697968,0.3741662029355108,2.8146206585226707,0.2571695552479417,0.0419321035733236,0.0108268225873951,2.806255357854208,0.011620238110604,0.0030003325787556,0.2571695552479418,0.0419321035733236,2.807822582524825,0.0141409456274094,Renata Nagai 780 G. ruber series 3.xlsx,2026-03-31 02:55:55.860,739706.0,786.0,1068.0,108.0,824.0,14.176747890691562,861,Uvigerina,55-56,OK,16.0,15.0,15.0,0.0,0.0,14.174139285151066,0.0026086055404963,0.0024575587598462,0.3801470510788377,2.6377329577979087,0.4616417973910529,2.9936154149363574,0.4616417973910529,2.9936154149363574
20.0,GIRMS\IRMS-operator,2026-03-31 03:22:25.709,2026-03-31 04:32:32.761,Success,False,861 - Uvigerina,52-53,20.0,2,11.0,True,Unknown,,"0.002 V, 0.002 V, 0.003 V",,25.169 V,9.5187 kV,89 µbar,86 µbar,Carbon Dioxide: 0.0187 kV,101 µbar,14.837 V,30.201 V,83 µbar/min,14.603 V,1.30E-007 mbar,10 %,919 µbar,72 °C,µ-Volume,22.778 V,Pre,24.53823094849258,26.66570193035612,15.86860365135679,35.274090300667424,21.209122668373727,14.866781287237696,-0.5047504633993727,2.680074926956433,-0.3581096954739793,0.1269349535209008,0.0317337383802252,2.715435460550684,0.0276489533253611,0.0069122383313402,-0.3483336442789531,0.125000043973716,2.7177928294569664,0.0269035899640409,Renata Nagai 780 G. ruber series 3.xlsx,2026-03-31 03:22:25.709,739706.0,83.0,101.0,86.0,919.0,23.42173164372116,861,Uvigerina,52-53,OK,16.0,15.0,15.0,0.0,0.0,14.04006486420303,9.38166677951813,14.741628690631108,-0.0650191272292221,2.325941787450549,0.0164393541642766,2.681713575496701,0.0164393541642766,2.681713575496701
21.0,GIRMS\IRMS-operator,2026-03-31 04:00:24.463,2026-03-31 04:27:38.567,Error,False,SHP2L,,21.0,1,12.0,True,QC Standard,SHP2L,"0.002 V, 0.002 V, 0.003 V",,,,79 µbar,,,,,,,,,,,72 °C,,,Pre,,,,,,,,,,,,,,,,,,,Renata Nagai 780 G. ruber series 3.xlsx,2026-03-31 04:00:24.463,739706.0,,,,,,SHP2L,,,Failed Sample,0.0,0.0,0.0,0.0,0.0,,,,,,,,,
22.0,GIRMS\IRMS-operator,2026-03-31 11:48:39.248,2026-03-31 12:45:36.459,Success,False,861 - Uvigerina,68-69,22.0,2,12.0,True,Unknown,,"0.001 V, 0.001 V, 0.002 V",,22.972 V,9.5191 kV,,71 µbar,Carbon Dioxide: 0.0191 kV,64 µbar,15.951 V,27.428 V,625 µbar/min,4.657 V,1.36E-007 mbar,10 %,860 µbar,72 °C,µ-Volume,20.606 V,Pre,22.15531803086077,24.0746860832006,17.029879006746437,31.874287496157585,22.764075170107777,15.956345567252976,-0.4657996702266409,3.469836192447451,-0.3693840086207919,0.07257672614129,0.0181441815353225,3.4532085493872136,0.0215158169191163,0.005555360040519,-0.3629562978470687,0.0702521000555774,3.4556268391465164,0.0252352437523434,Renata Nagai 780 G. ruber series 3.xlsx,2026-03-31 11:48:39.248,739706.0,625.0,64.0,71.0,860.0,21.173078188445903,861,Uvigerina,68-69,OK,16.0,15.0,15.0,0.0,0.0,15.050205955055102,6.122872233390801,8.113576463000772,-0.1186404860848537,3.117714732084022,-0.0371863728898915,3.473767556931193,-0.0371863728898915,3.473767556931193
23.0,GIRMS\IRMS-operator,2026-03-31 12:16:45.629,2026-03-31 13:12:42.440,Success,False,861 - Uvigerina,62-63,23.0,1,13.0,True,Unknown,,"0.002 V, 0.003 V, 0.003 V",,18.359 V,9.5190 kV,69 µbar,96 µbar,Carbon Dioxide: 0.0190 kV,"1,004 µbar",15.525 V,21.484 V,308 µbar/min,15.551 V,1.35E-007 mbar,10 %,848 µbar,72 °C,µ-Volume,16.774 V,Pre,17.87530460807388,19.426291971617623,16.584610729628487,25.71257706395941,22.16899152509528,15.539428381648708,-0.3415088638323293,3.318011401097332,-0.3427563466144996,0.0270111944871277,0.006974260427321,3.3339275500928047,0.0116976813323531,0.0029244203330882,-0.3499153008815758,0.038460718478824,3.334988626692503,0.0112831232257889,Renata Nagai 780 G. ruber series 3.xlsx,2026-03-31 12:16:45.629,739706.0,308.0,1004.0,96.0,848.0,17.148336558070827,861,Uvigerina,62-63,OK,16.0,15.0,15.0,0.0,0.0,14.6624205395848,2.4859160184860265,2.738535391132517,-0.1754011352259109,3.093618864319722,-0.093951645967877,3.449663136430104,-0.093951645967877,3.449663136430104
24.0,GIRMS\IRMS-operator,2026-03-31 12:45:36.621,2026-03-31 13:52:09.123,Success,False,861 - Uvigerina,144-145,24.0,2,13.0,True,Unknown,,"0.002 V, 0.002 V, 0.003 V",,9.557 V,9.5188 kV,79 µbar,86 µbar,Carbon Dioxide: 0.0188 kV,79 µbar,8.878 V,10.859 V,98 µbar/min,15.092 V,9.30E-008 mbar,29 %,792 µbar,72 °C,µ-Volume,,Pre,8.699801993957948,9.463530959498298,9.50119569784677,12.525680557030826,12.692799396840638,8.895850446259162,-0.0870482369434988,4.107939397036908,3.060571679147298,7.468200582172264,1.9282810987259809,19.87526366573872,18.894417142803,4.723604285700748,4.834334901373483,9.539586166324524,20.926418616985508,19.06717930282738,Renata Nagai 780 G. ruber series 3.xlsx,2026-03-31 12:45:36.621,739706.0,98.0,79.0,86.0,792.0,8.41381918106009,861,Uvigerina,144-145,OK,16.0,15.0,15.0,0.0,0.0,8.467382457291267,-0.053563276231177,-0.0501333480528764,4.8573651341823085,20.89456560494164,4.939224611594909,21.256928255522325,4.939224611594909,21.256928255522325
25.0,GIRMS\IRMS-operator,2026-03-31 13:12:42.561,2026-03-31 13:43:04.877,Error,False,861 - Uvigerina,83-84,25.0,1,14.0,True,Unknown,,"0.002 V, 0.002 V, 0.003 V",,,,91 µbar,,,,,,78 µbar/min,,,,,72 °C,,,Pre,,,,,,,,,,,,,,,,,,,Renata Nagai 780 G. ruber series 3.xlsx,2026-03-31 13:12:42.561,739706.0,78.0,,,,,861,Uvigerina,83-84,Failed Sample,0.0,0.0,0.0,0.0,0.0,,,,,,,,,
26.0,GIRMS\IRMS-operator,2026-03-31 15:03:08.526,2026-03-31 16:06:36.321,Success,False,SHP2L,,26.0,2,14.0,True,QC Standard,SHP2L,"0.001 V, 0.001 V, 0.002 V",,13.029 V,9.5190 kV,71 µbar,74 µbar,Carbon Dioxide: 0.0190 kV,93 µbar,11.887 V,15.043 V,137 µbar/min,4.645 V,1.12E-007 mbar,19 %,833 µbar,72 °C,µ-Volume,,Pre,11.628495101102647,12.636811019276704,12.68535900244626,16.571397215147385,16.95094469191588,11.88051844037419,-0.8160387166707972,-6.1122468951883,-0.8958034401861676,0.0270136763347524,0.0069749012376222,-6.116627942567947,0.0154278942089993,0.0038569735522498,-0.8958034401861676,0.0270136763347524,-6.116920012393257,0.0159235352499185,Renata Nagai 780 G. ruber series 3.xlsx,2026-03-31 15:03:08.526,739706.0,137.0,93.0,74.0,833.0,11.2053952668768,SHP2L,,,OK,16.0,15.0,15.0,0.0,0.0,11.263122310288969,-0.0577270434121679,-0.0540957658323717,-0.8243585204441269,-6.215735161502151,,,,
27.0,GIRMS\IRMS-operator,2026-03-31 15:36:28.759,2026-03-31 16:34:09.232,Success,False,861 - Uvigerina,238-239,27.0,1,15.0,True,Unknown,,"0.002 V, 0.002 V, 0.002 V",,37.363 V,9.5190 kV,71 µbar,89 µbar,Carbon Dioxide: 0.0190 kV,350 µbar,15.530 V,46.455 V,127 µbar/min,11.655 V,1.34E-007 mbar,10 %,887 µbar,72 °C,µ-Volume,33.172 V,Pre,36.354031248265606,39.43316829957391,16.595857270139703,49.00397887365827,22.183527852463804,15.54892568128715,-2.2852128370337565,-59.84520854083475,-1.95645434320909,0.2176381956771923,0.054409548919298,3.268211757708765,3.097886568422701,0.7998708725293843,-1.934537110287445,0.2061913361624461,4.067940836377103,0.06053023730976,Renata Nagai 780 G. ruber series 3.xlsx,2026-03-31 15:36:28.759,739706.0,127.0,350.0,89.0,887.0,34.44729356306205,861,Uvigerina,238-239,Partially Saturated Collectors,16.0,15.0,14.0,0.0,1.0,14.672841711217265,19.77445185184478,43.72813000030569,-1.4600047606664424,3.4116172649587577,-1.3786599200731189,3.767774409394292,-1.3786599200731189,3.767774409394292
28.0,GIRMS\IRMS-operator,2026-03-31 16:06:36.488,2026-03-31 17:10:49.482,Success,False,861 - Uvigerina,190-191,28.0,2,15.0,True,Unknown,,"0.002 V, 0.002 V, 0.003 V",,10.490 V,9.5188 kV,79 µbar,91 µbar,Carbon Dioxide: 0.0188 kV,84 µbar,9.738 V,11.966 V,93 µbar/min,15.112 V,9.91E-008 mbar,25 %,821 µbar,72 °C,µ-Volume,,Pre,9.530301974876927,10.363623193989085,10.41432730677382,13.722781681101909,13.914082788508528,9.751494811638402,-0.3469728272486039,4.184014315678608,-0.4007850720021855,0.0178830089767096,0.0046173730631249,4.184415590471084,0.0188614338911737,0.0048700012897405,-0.4007850720021855,0.0178830089767096,4.181056108190735,0.0229768196154858,Renata Nagai 780 G. ruber series 3.xlsx,2026-03-31 16:06:36.488,739706.0,93.0,84.0,91.0,821.0,9.210573397561776,861,Uvigerina,190-191,OK,16.0,15.0,15.0,0.0,0.0,9.271206164635627,-0.0606327670738515,-0.0567379180377757,-0.363936621538238,4.130091181080823,-0.2825024910931688,4.486503345105461,-0.2825024910931688,4.486503345105461
29.0,GIRMS\IRMS-operator,2026-03-31 16:34:09.363,2026-03-31 17:43:45.955,Success,False,861 - Uvigerina,130-131,29.0,1,16.0,True,Unknown,,"0.002 V, 0.002 V, 0.002 V",,15.563 V,9.5188 kV,91 µbar,96 µbar,Carbon Dioxide: 0.0188 kV,181 µbar,14.237 V,18.067 V,117 µbar/min,9.576 V,1.27E-007 mbar,11 %,882 µbar,72 °C,µ-Volume,,Pre,13.900354983220607,15.110708502202966,15.215031531721092,20.00565486465409,20.33517914329484,14.252931358228237,-0.2496391834123645,3.790826975071715,-0.3430105763876145,0.0313791883840915,0.0081020716019394,3.7960036062528872,0.0200172204925945,0.0050043051231486,-0.3430105763876145,0.0313791883840915,3.796348714998298,0.0206704632829741,Renata Nagai 780 G. ruber series 3.xlsx,2026-03-31 16:34:09.363,739706.0,117.0,181.0,96.0,882.0,13.37997663200906,861,Uvigerina,130-131,OK,16.0,15.0,15.0,0.0,0.0,13.47099292458108,-0.0910162925720214,-0.0851511398932672,-0.2338515937767196,3.645371414131886,-0.1524068661138926,4.00161152871533,-0.1524068661138926,4.00161152871533
30.0,GIRMS\IRMS-operator,2026-03-31 17:10:49.597,2026-03-31 18:29:55.894,Success,False,861 - Uvigerina,152-153,30.0,2,16.0,True,Unknown,,"0.001 V, 0.001 V, 0.001 V",,16.319 V,9.5189 kV,86 µbar,89 µbar,Carbon Dioxide: 0.0189 kV,84 µbar,14.779 V,18.988 V,83 µbar/min,4.646 V,1.29E-007 mbar,12 %,850 µbar,72 °C,µ-Volume,,Pre,14.420131948595133,15.67542258007319,15.768957168886976,20.759221467948155,21.0776145791771,14.772902038698282,-0.2214981187742548,4.04130313199591,-0.3266525741294638,0.0410122935660557,0.0105893286647402,4.0325061629553485,0.0147199666415441,0.003679991660386,-0.3266525741294638,0.0410122935660557,4.031919698352644,0.015041883178238,Renata Nagai 780 G. ruber series 3.xlsx,2026-03-31 17:10:49.597,739706.0,83.0,84.0,89.0,850.0,13.880754616861426,861,Uvigerina,152-153,OK,16.0,15.0,15.0,0.0,0.0,13.954247143869482,-0.0734925270080566,-0.0688597473760029,-0.2088085302433787,3.868930128062088,-0.1273617624779035,4.225249593962303,-0.1273617624779035,4.225249593962303
31.0,GIRMS\IRMS-operator,2026-03-31 17:43:46.131,2026-03-31 18:56:46.151,Success,False,SHP2L,,31.0,1,17.0,True,QC Standard,SHP2L,"0.002 V, 0.002 V, 0.003 V",,9.437 V,9.5185 kV,89 µbar,81 µbar,Carbon Dioxide: 0.0185 kV,96 µbar,8.804 V,10.720 V,112 µbar/min,14.428 V,9.21E-008 mbar,30 %,833 µbar,72 °C,µ-Volume,,Pre,8.6292634052238,9.37982190928953,9.4223999631208,12.297609618121664,12.587320411515485,8.821807318106325,-0.8558327179500891,-6.11219571852839,-0.8883739168820496,0.0158141609365163,0.0040831987960914,-6.146925949756425,0.022104812548062,0.0057074380579787,-0.8866717026264553,0.0203038919480924,-6.145544135272789,0.0249018312450924,Renata Nagai 780 G. ruber series 3.xlsx,2026-03-31 17:43:46.131,739706.0,112.0,96.0,81.0,833.0,8.33978501550003,SHP2L,,,OK,16.0,15.0,15.0,0.0,0.0,8.399159674068406,-0.0593746585683749,-0.0555310290118138,-0.864925454505048,-6.175621273835398,,,,
32.0,GIRMS\IRMS-operator,2026-03-31 18:29:56.040,2026-03-31 19:32:37.870,Success,False,861 - Uvigerina,115-116,32.0,2,17.0,True,Unknown,,"0.002 V, 0.002 V, 0.002 V",,5.667 V,9.5186 kV,79 µbar,91 µbar,Carbon Dioxide: 0.0186 kV,86 µbar,5.291 V,6.335 V,83 µbar/min,8.679 V,6.99E-008 mbar,59 %,755 µbar,72 °C,µ-Volume,,Pre,5.287883015572198,5.755286814414229,5.705546785784954,7.609716726756199,7.620505157171896,5.340191612800196,0.1421425199932269,3.5310712700005187,0.1323815389375898,0.0269298432395975,0.0067324608098993,3.5453072972177613,0.0269622596382216,0.0067405649095554,0.131730806867214,0.0277445211052814,3.546256365698911,0.027630568264055,Renata Nagai 780 G. ruber series 3.xlsx,2026-03-31 18:29:56.040,739706.0,83.0,86.0,91.0,755.0,5.129001616528022,861,Uvigerina,115-116,OK,16.0,15.0,15.0,0.0,0.0,5.1105051141582285,0.0184965023697936,0.0174853447396208,0.0977919981272336,3.593196980347624,0.179263742730086,3.9494185758138656,0.179263742730086,3.9494185758138656
33.0,GIRMS\IRMS-operator,2026-03-31 18:56:46.328,2026-03-31 20:04:57.017,Success,False,861 - Uvigerina,61-62,33.0,1,18.0,True,Unknown,,"0.002 V, 0.002 V, 0.002 V",,30.272 V,9.5187 kV,91 µbar,113 µbar,Carbon Dioxide: 0.0187 kV,"1,102 µbar",14.850 V,36.915 V,635 µbar/min,5.240 V,1.30E-007 mbar,10 %,931 µbar,72 °C,µ-Volume,26.891 V,Pre,29.243791729231248,31.751612454103803,15.87622824256358,42.05801693541405,21.219339052265862,14.873529106397996,-1.4024368398133369,3.119363520977192,-1.161862112375081,0.1687753608280386,0.0421938402070096,3.195859028437894,0.0328210732382523,0.008474364670427,-1.145823797212531,0.1615863819312244,3.194881814969985,0.0353798083828428,Renata Nagai 780 G. ruber series 3.xlsx,2026-03-31 18:56:46.328,739706.0,635.0,1102.0,113.0,931.0,27.83601942660368,861,Uvigerina,61-62,OK,16.0,15.0,15.0,0.0,0.0,14.046767979879744,13.789251446723936,25.73872270602439,-0.7859516817053509,2.697144300779037,-0.7045519302015464,3.0530478457482104,-0.7045519302015464,3.0530478457482104
34.0,GIRMS\IRMS-operator,2026-03-31 19:32:38.001,2026-03-31 20:53:14.200,Success,False,861 - Uvigerina,50-51,34.0,2,18.0,True,Unknown,,"0.001 V, 0.001 V, 0.001 V",,14.639 V,9.5190 kV,86 µbar,84 µbar,Carbon Dioxide: 0.0190 kV,89 µbar,13.396 V,16.938 V,112 µbar/min,4.649 V,1.21E-007 mbar,15 %,836 µbar,72 °C,µ-Volume,,Pre,13.09034276135844,14.238363280688022,14.292842718395022,18.82491615599269,19.105639131723585,13.391614438375653,0.4834731816001358,3.02310200397371,0.4145225578562756,0.0478659191410754,0.0119664797852688,2.9959434001477265,0.0167098266198765,0.0043144586811196,0.4099258496066849,0.0457446787011922,2.9976061061528574,0.0204316345300895,Renata Nagai 780 G. ruber series 3.xlsx,2026-03-31 19:32:38.001,739706.0,112.0,89.0,84.0,836.0,12.615159632047831,861,Uvigerina,50-51,OK,16.0,15.0,15.0,0.0,0.0,12.672439695676983,-0.0572800636291521,-0.0537095590690926,0.5058205060892484,2.864974635457892,0.5873254902359122,3.2209377511671846,0.5873254902359122,3.2209377511671846
35.0,GIRMS\IRMS-operator,2026-03-31 20:04:57.170,2026-03-31 21:18:46.592,Success,False,861 - Uvigerina,43-44,35.0,1,19.0,True,Unknown,,"0.002 V, 0.002 V, 0.003 V",,21.748 V,9.5188 kV,91 µbar,89 µbar,Carbon Dioxide: 0.0188 kV,96 µbar,15.366 V,25.817 V,98 µbar/min,13.115 V,1.34E-007 mbar,10 %,911 µbar,72 °C,µ-Volume,19.810 V,Pre,21.229158445527887,23.073645840273063,16.421260843858885,30.509332468158355,21.94934551919137,15.385906501939628,-0.2465181477493416,2.452348716270203,-0.1903750569431234,0.0686623501958297,0.0171655875489574,2.457192916676447,0.0083279519027397,0.0021502679351551,-0.1866321842227088,0.0693621922169253,2.45957557362854,0.0113919968745238,Renata Nagai 780 G. ruber series 3.xlsx,2026-03-31 20:04:57.170,739706.0,98.0,96.0,89.0,911.0,20.318459078004693,861,Uvigerina,43-44,OK,16.0,15.0,15.0,0.0,0.0,14.523069664171077,5.795389413833616,7.637136435710851,0.0428618510923674,2.142163399311031,0.12432912087786,2.4978699559160304,0.12432912087786,2.4978699559160304
36.0,GIRMS\IRMS-operator,2026-03-31 20:53:14.332,2026-03-31 21:55:53.331,Success,False,SHP2L,,36.0,2,19.0,True,QC Standard,SHP2L,"0.002 V, 0.002 V, 0.003 V",,11.266 V,9.5187 kV,79 µbar,86 µbar,Carbon Dioxide: 0.0187 kV,86 µbar,10.468 V,12.889 V,78 µbar/min,14.946 V,1.03E-007 mbar,21 %,828 µbar,72 °C,µ-Volume,,Pre,10.244439644998923,11.13436344271818,11.19184097040486,14.599157878518325,14.95230049765132,10.479982299990075,-0.8281915020469377,-6.06705318006262,-0.8670654204828635,0.0211048077834458,0.0054492379380129,-6.080207892733544,0.0078151626296658,0.0020178663141732,-0.875033185519425,0.0270918306742851,-6.077919141467373,0.0142887842897522,Renata Nagai 780 G. ruber series 3.xlsx,2026-03-31 20:53:14.332,739706.0,78.0,86.0,86.0,828.0,9.895230932421104,SHP2L,,,OK,16.0,15.0,15.0,0.0,0.0,9.956191582865134,-0.0609606504440307,-0.0570686842102818,-0.8263106255246304,-6.145307096387556,,,,
37.0,GIRMS\IRMS-operator,2026-03-31 21:18:46.700,2026-03-31 22:27:29.419,Success,False,861 - Uvigerina,230-231,37.0,1,20.0,True,Unknown,,"0.002 V, 0.002 V, 0.002 V",,10.486 V,9.5187 kV,89 µbar,152 µbar,Carbon Dioxide: 0.0187 kV,"1,207 µbar",10.469 V,11.973 V,"1,226 µbar/min",10.302 V,1.02E-007 mbar,21 %,863 µbar,72 °C,µ-Volume,,Pre,10.269008305936792,11.163728842180332,11.197882303636632,14.787663360044638,14.960531731054465,10.485626486211752,-0.5757860285672267,4.333272952605105,-0.6085664733447849,0.0249592804134015,0.0062398201033503,4.308227385266649,0.0216843841408329,0.0054210960352082,-0.6107518363299554,0.0241990118612506,4.30655768077742,0.02135430467474,Renata Nagai 780 G. ruber series 3.xlsx,2026-03-31 21:18:46.700,739706.0,1226.0,1207.0,152.0,863.0,9.913958338170982,861,Uvigerina,230-231,OK,16.0,15.0,15.0,0.0,0.0,9.957683271244974,-0.0437249330739923,-0.0410046880863733,-0.561704484368695,4.238720507540364,-0.4802864648409013,4.595171229132006,-0.4802864648409013,4.595171229132006
38.0,GIRMS\IRMS-operator,2026-03-31 21:55:53.450,2026-03-31 23:16:17.365,Success,False,861 - Uvigerina,180-181,38.0,2,20.0,True,Unknown,,"0.001 V, 0.001 V, 0.001 V",,15.879 V,9.5189 kV,86 µbar,89 µbar,Carbon Dioxide: 0.0189 kV,91 µbar,14.438 V,18.461 V,83 µbar/min,4.656 V,1.27E-007 mbar,13 %,850 µbar,72 °C,µ-Volume,,Pre,14.114519251949078,15.346572759083749,15.409187438420297,20.31773615671064,20.59383977247144,14.434924019939189,-0.042413194629165,4.047147376947446,-0.1583555204471398,0.040200296149893,0.0103796718334094,4.014611929075929,0.0201054740831906,0.0050263685207976,-0.1583555204471398,0.040200296149893,4.012442899217827,0.0187737004411709,Renata Nagai 780 G. ruber series 3.xlsx,2026-03-31 21:55:53.450,739706.0,83.0,91.0,89.0,850.0,13.590862645274882,861,Uvigerina,180-181,OK,16.0,15.0,15.0,0.0,0.0,13.640990151530984,-0.0501275062561017,-0.0470427613020396,-0.0455391127842347,3.85640703011208,0.0359209555248298,4.2127220509861445,0.0359209555248298,4.2127220509861445
39.0,GIRMS\IRMS-operator,2026-03-31 22:27:29.534,2026-03-31 23:42:00.777,Success,False,861 - Uvigerina,240-241,39.0,1,21.0,True,Unknown,,"0.002 V, 0.002 V, 0.003 V",,0.008 V,9.5189 kV,93 µbar,86 µbar,Carbon Dioxide: 0.0189 kV,606 µbar,4.545 V,0.008 V,576 µbar/min,14.115 V,5.91E-008 mbar,100 %,96 µbar,72 °C,µ-Volume,0.014 V,Pre,0.0089108264097105,0.0095785092721129,4.916871865394721,0.0126888723918107,6.566689856508538,4.601760662357464,-12.27857227967466,-7.00233174582543,-12.81761346263457,0.924318896684714,0.238658112896314,-8.900161906677113,1.62660552520353,0.4199877406641493,,,,,Renata Nagai 780 G. ruber series 3.xlsx,2026-03-31 22:27:29.534,739706.0,576.0,606.0,86.0,96.0,0.0083907504057386,861,Uvigerina,240-241,Failed Sample,16.0,15.0,15.0,0.0,0.0,4.4063517019302365,-4.397960951524498,-0.0078883939515926,,,,,,
40.0,GIRMS\IRMS-operator,2026-03-31 23:16:17.503,2026-04-01 00:18:25.121,Success,False,861 - Uvigerina,140-141,40.0,2,21.0,True,Unknown,,"0.001 V, 0.001 V, 0.002 V",,22.655 V,9.5191 kV,81 µbar,89 µbar,Carbon Dioxide: 0.0191 kV,89 µbar,15.142 V,27.040 V,63 µbar/min,4.510 V,1.32E-007 mbar,10 %,882 µbar,72 °C,µ-Volume,20.469 V,Pre,21.964128405648843,23.858754793480035,16.18271962769329,31.611964584967723,21.63007903256141,15.16130128582158,-0.8833872338525062,3.8822841361820792,-0.7986175915641464,0.0728907815986369,0.0182226953996592,3.878170375331184,0.0154497362997097,0.0038624340749274,-0.7929662820782556,0.0717291726335082,3.8778961246077897,0.0159516323520531,Renata Nagai 780 G. ruber series 3.xlsx,2026-03-31 23:16:17.503,739706.0,63.0,89.0,89.0,882.0,21.026100308496137,861,Uvigerina,140-141,OK,16.0,15.0,15.0,0.0,0.0,14.31448319633641,6.711617112159727,9.28593864093324,-0.5511995278466699,3.5435096076206394,-0.4697806525454098,3.8997135667424345,-0.4697806525454098,3.8997135667424345
41.0,GIRMS\IRMS-operator,2026-03-31 23:42:00.897,2026-04-01 00:52:08.703,Success,False,SHP2L,,41.0,1,22.0,True,QC Standard,SHP2L,"0.002 V, 0.002 V, 0.002 V",,13.129 V,9.5188 kV,89 µbar,89 µbar,Carbon Dioxide: 0.0188 kV,93 µbar,12.282 V,15.119 V,107 µbar/min,14.761 V,1.15E-007 mbar,15 %,863 µbar,72 °C,µ-Volume,,Pre,12.01152316840862,13.05103978382724,13.12759997410903,17.11597794531286,17.541271986946466,12.29531578334545,-0.921567425905323,-6.105433854357023,-0.9777116328592989,0.0333002524786614,0.0083250631196653,-6.127790125133953,0.0168045775058948,0.0042011443764737,-0.981454579989564,0.0307887797911009,-6.129280543185748,0.0162629823848215,Renata Nagai 780 G. ruber series 3.xlsx,2026-03-31 23:42:00.897,739706.0,107.0,93.0,89.0,863.0,11.581922691189993,SHP2L,,,OK,16.0,15.0,15.0,0.0,0.0,11.650482933842886,-0.068560242652893,-0.0641984670164224,-0.903479493485273,-6.2371275367511485,,,,
42.0,GIRMS\IRMS-operator,2026-04-01 00:18:25.274,2026-04-01 01:39:19.808,Success,False,861 - Uvigerina,72-73,42.0,2,22.0,True,Unknown,,"0.001 V, 0.001 V, 0.001 V",,15.893 V,9.5191 kV,81 µbar,86 µbar,Carbon Dioxide: 0.0191 kV,86 µbar,14.447 V,18.499 V,78 µbar/min,4.650 V,1.28E-007 mbar,12 %,831 µbar,72 °C,µ-Volume,,Pre,14.112916141890532,15.342584984348836,15.417850749538962,20.30658961013213,20.60610295012847,14.443379193686493,-0.1754166116805233,3.5769903354403443,-0.2647828106509579,0.0338823191707053,0.008748377191935,3.535502488087955,0.0221261608971225,0.0055315402242806,-0.2647828106509579,0.0338823191707053,3.532736631597795,0.0198341589019741,Renata Nagai 780 G. ruber series 3.xlsx,2026-04-01 00:18:25.274,739707.0,78.0,86.0,86.0,831.0,13.58995988979245,861,Uvigerina,72-73,OK,16.0,15.0,15.0,0.0,0.0,13.650682121657375,-0.0607222318649256,-0.0569412668553682,-0.1519820596002014,3.3767224170823185,-0.0705306625358161,3.7328671757239817,-0.0705306625358161,3.7328671757239817
43.0,GIRMS\IRMS-operator,2026-04-01 00:52:08.837,2026-04-01 02:04:56.256,Success,False,861 - Uvigerina,74-75,43.0,1,23.0,True,Unknown,,"0.002 V, 0.002 V, 0.003 V",,20.250 V,9.5189 kV,89 µbar,125 µbar,Carbon Dioxide: 0.0189 kV,"1,173 µbar",15.226 V,23.829 V,"1,050 µbar/min",14.117 V,1.34E-007 mbar,10 %,904 µbar,72 °C,µ-Volume,18.431 V,Pre,19.71406894173077,21.415792619674363,16.272671734779042,28.3600606110453,21.750039615905223,15.245583228725708,-0.7865175816305081,3.405981146994197,-0.7892644827944133,0.0472680692854467,0.0118170173213616,3.407880229557546,0.0123587535178611,0.0033030158136731,-0.7894476095386739,0.0489212246609176,3.4076480104140066,0.019577588940862,Renata Nagai 780 G. ruber series 3.xlsx,2026-04-01 00:52:08.837,739707.0,1050.0,1173.0,125.0,904.0,18.889244966167723,861,Uvigerina,74-75,OK,16.0,15.0,15.0,0.0,0.0,14.39435439552716,4.494890570640564,5.555934396948628,-0.5847406305881659,3.124518702946639,-0.5033244876718754,3.4805739428373954,-0.5033244876718754,3.4805739428373954
44.0,GIRMS\IRMS-operator,2026-04-01 01:39:20.061,2026-04-01 02:41:20.191,Success,False,861 - Uvigerina,104-105,44.0,2,23.0,True,Unknown,,"0.002 V, 0.002 V, 0.003 V",,24.963 V,9.5188 kV,79 µbar,89 µbar,Carbon Dioxide: 0.0188 kV,84 µbar,14.795 V,29.854 V,73 µbar/min,14.817 V,1.31E-007 mbar,10 %,877 µbar,72 °C,µ-Volume,22.663 V,Pre,24.36970557422943,26.46941425494427,15.81889869860882,35.070537042582515,21.142674994433403,14.820087806895444,-1.0093740329499834,3.7835185804908633,-0.8901305220635064,0.1178004264780034,0.0294501066195008,3.7955492874876673,0.0229535257096237,0.0057383814274059,-0.8821809546710746,0.1174086751362694,3.796351334620789,0.0235259401400668,Renata Nagai 780 G. ruber series 3.xlsx,2026-04-01 01:39:20.061,739707.0,73.0,84.0,89.0,877.0,23.28707660885162,861,Uvigerina,104-105,OK,16.0,15.0,15.0,0.0,0.0,14.000956074908444,9.286120533943176,14.548130006820578,-0.6012017783596142,3.4077302919496013,-0.5197869764306233,3.763886056718775,-0.5197869764306233,3.763886056718775
45.0,GIRMS\IRMS-operator,2026-04-01 02:04:56.378,2026-04-01 03:16:08.870,Success,False,861 - Uvigerina,76-77,45.0,1,24.0,True,Unknown,,"0.002 V, 0.002 V, 0.003 V",,0.005 V,9.5189 kV,86 µbar,89 µbar,Carbon Dioxide: 0.0189 kV,30 µbar,4.311 V,0.006 V,918 µbar/min,14.404 V,6.37E-008 mbar,100 %,81 µbar,72 °C,µ-Volume,0.011 V,Pre,0.0063193665596128,0.0067630627374574,4.668711854530994,0.0089771023889762,6.235763430595399,4.369631840416972,-16.581219501804135,-9.42511611562602,-18.78283458711564,1.4607428139747818,0.3771621727744325,-13.229493614850632,3.199462899795634,0.8260977685144653,,,,,Renata Nagai 780 G. ruber series 3.xlsx,2026-04-01 02:04:56.378,739707.0,918.0,30.0,89.0,81.0,0.005843510754662,861,Uvigerina,76-77,Failed Sample,16.0,15.0,15.0,0.0,0.0,4.185552362946095,-4.179708852191433,-0.0054964550067048,,,,,,
46.0,GIRMS\IRMS-operator,2026-04-01 02:41:20.317,2026-04-01 03:59:37.296,Success,False,SHP2L,,46.0,2,24.0,True,QC Standard,SHP2L,"0.001 V, 0.001 V, 0.001 V",,0.005 V,9.5190 kV,89 µbar,89 µbar,Carbon Dioxide: 0.0190 kV,32 µbar,4.643 V,0.005 V,913 µbar/min,4.645 V,6.06E-008 mbar,100 %,84 µbar,72 °C,µ-Volume,0.009 V,Pre,0.00667515305892,0.0071639827883461,5.02083715956011,0.0094635815038169,6.705059944380858,4.698372141171752,-14.002259828196028,-11.453449486620304,-15.092306471417588,0.919091691930385,0.2373084544322652,-10.768114252397854,1.5012577538158656,0.3876230852595734,,,,,Renata Nagai 780 G. ruber series 3.xlsx,2026-04-01 02:41:20.317,739707.0,913.0,32.0,89.0,84.0,0.0063588442160564,SHP2L,,,Failed Sample,16.0,15.0,15.0,0.0,0.0,4.498160139371215,-4.491801295155159,-0.0059810769074376,,,,,,
1.0,GIRMS\IRMS-operator,2026-04-06 09:00:48.324,2026-04-06 10:02:11.395,Success,False,SHP2L,,1.0,1,2.0,True,QC Standard,SHP2L,"0.001 V, 0.001 V, 0.001 V",,22.219 V,9.5189 kV,91 µbar,142 µbar,Carbon Dioxide: 0.0189 kV,"1,180 µbar",15.587 V,26.373 V,"1,148 µbar/min",4.634 V,1.34E-007 mbar,10 %,909 µbar,72 °C,µ-Volume,19.944 V,Pre,21.41952410106333,23.24800957660205,16.641535057826115,30.51611007562069,22.24344731679348,15.592276004597274,-1.6453639196752912,-6.229563109684366,-1.5247077569795973,0.080763950038775,0.0201909875096937,-6.216079754977406,0.0198959416385737,0.0049739854096434,-1.5166640127998847,0.0766782691720535,-6.215180864663608,0.0202551695238979,Renata Nagai 780 G. ruber series 4.xlsx,2026-04-06 09:00:48.324,739712.0,1148.0,1180.0,142.0,909.0,20.490466502949324,SHP2L,,,OK,16.0,15.0,15.0,0.0,0.0,14.708175209805098,5.782291293144226,7.587672815593745,-1.2841868291224214,-6.536719018145312,,,,
2.0,GIRMS\IRMS-operator,2026-04-06 09:33:35.936,2026-04-06 10:29:24.347,Success,False,861 - Uvigerina,70-71,2.0,2,2.0,True,Unknown,,"0.002 V, 0.002 V, 0.002 V",,27.799 V,9.5188 kV,86 µbar,91 µbar,Carbon Dioxide: 0.0188 kV,154 µbar,15.134 V,33.514 V,73 µbar/min,15.164 V,1.34E-007 mbar,10 %,880 µbar,72 °C,µ-Volume,25.030 V,Pre,27.062872203521334,29.39321148563988,16.169503809706043,38.92330436606529,21.61219327349784,15.149274619750583,-0.9991813197159916,3.2018428299347423,-0.8109838168100029,0.147069520572573,0.0367673801431432,3.30441027098239,0.037165729814641,0.0095961501747832,-0.7984373166162703,0.1430939097523464,3.30441027098239,0.0371657298146409,Renata Nagai 780 G. ruber series 4.xlsx,2026-04-06 09:33:35.936,739712.0,73.0,154.0,91.0,880.0,25.803560169868074,861,Uvigerina,70-71,OK,16.0,15.0,15.0,0.0,0.0,14.297658356361,11.505901813507077,19.55919411838049,-0.4738144207593513,2.855425794912123,-0.3923892413749854,3.2113855212967337,-0.3923892413749854,3.2113855212967337
3.0,GIRMS\IRMS-operator,2026-04-06 10:02:11.490,2026-04-06 11:06:34.599,Success,False,861 - Uvigerina,170-171,3.0,1,3.0,True,Unknown,,"0.002 V, 0.002 V, 0.002 V",,11.405 V,9.5188 kV,89 µbar,98 µbar,Carbon Dioxide: 0.0188 kV,357 µbar,10.620 V,13.033 V,166 µbar/min,14.734 V,1.04E-007 mbar,20 %,831 µbar,72 °C,µ-Volume,,Pre,10.39752699161662,11.306550185295944,11.351790110680469,14.969757944011524,15.166855603122546,10.630108600454074,-0.2962969491011602,4.130181636470498,-0.3442943484269697,0.0241539726411331,0.0060384931602832,4.113887687547669,0.017309401833834,0.0043273504584585,-0.3474941750486904,0.0212029011105486,4.112801424286146,0.0173432543248651,Renata Nagai 780 G. ruber series 4.xlsx,2026-04-06 10:02:11.490,739712.0,166.0,357.0,98.0,831.0,10.041165721665752,861,Uvigerina,170-171,OK,16.0,15.0,15.0,0.0,0.0,10.091938776015812,-0.0507730543500599,-0.0475837204884386,-0.2962406479884299,4.041912900132116,-0.2148010027735836,4.398293765610674,-0.2148010027735836,4.398293765610674
4.0,GIRMS\IRMS-operator,2026-04-06 10:29:24.420,2026-04-06 11:37:11.274,Success,False,861 - Uvigerina,160-161,4.0,2,3.0,True,Unknown,,"0.002 V, 0.002 V, 0.002 V",,19.351 V,9.5188 kV,103 µbar,98 µbar,Carbon Dioxide: 0.0188 kV,111 µbar,14.334 V,22.805 V,137 µbar/min,10.427 V,1.27E-007 mbar,10 %,909 µbar,72 °C,µ-Volume,17.648 V,Pre,18.855251098369408,20.48462478908883,15.325306341975791,27.14125662519692,20.48271744920968,14.356709743236353,-0.83080215513609,3.981140788851256,-0.7765576208292254,0.061701381048962,0.0154253452622405,3.977444095768501,0.010550334323498,0.0027240846087885,-0.7729413185421009,0.0620870772237277,3.979131254408778,0.0129372300227006,Renata Nagai 780 G. ruber series 4.xlsx,2026-04-06 10:29:24.420,739712.0,137.0,111.0,98.0,909.0,18.06601109573727,861,Uvigerina,160-161,OK,16.0,15.0,15.0,0.0,0.0,13.563088799213222,4.502922296524048,5.649547940613682,-0.5825117975166019,3.715749035171751,-0.5010954730313415,4.072014130024513,-0.5010954730313415,4.072014130024513
5.0,GIRMS\IRMS-operator,2026-04-06 11:06:34.708,2026-04-06 12:21:46.306,Success,False,861 - Uvigerina,200-201,5.0,1,4.0,True,Unknown,,"0.001 V, 0.001 V, 0.001 V",,48.503 V,9.5189 kV,91 µbar,157 µbar,Carbon Dioxide: 0.0189 kV,"1,136 µbar",15.414 V,49.008 V,"1,123 µbar/min",4.611 V,1.34E-007 mbar,10 %,902 µbar,72 °C,µ-Volume,43.858 V,Pre,41.57796398189394,45.090066796151945,16.459616428224397,48.99315002022558,22.00033726750188,15.420748744276445,-2.533889445041515,-178.11895144678846,-2.156342348658961,0.2579624176607569,0.0644906044151892,-12.95964102508401,39.63186738171332,10.232904156565109,-4.246115680906759,0.2458403280530715,3.682395848982456,0.0644933444468627,Renata Nagai 780 G. ruber series 4.xlsx,2026-04-06 11:06:34.708,739712.0,1123.0,1136.0,157.0,902.0,39.295642528799455,861,Uvigerina,200-201,Partially Saturated Collectors,16.0,15.0,11.0,0.0,4.0,14.550178203848285,24.74546432495117,62.9487727344649,-3.6874977502006616,2.909773886260266,-3.6063343696018593,3.265752903293603,-3.6063343696018593,3.265752903293603
6.0,GIRMS\IRMS-operator,2026-04-06 11:37:11.378,2026-04-06 12:49:07.503,Success,False,SHP2L,,6.0,2,4.0,True,QC Standard,SHP2L,"0.002 V, 0.002 V, 0.003 V",,7.036 V,9.5187 kV,101 µbar,91 µbar,Carbon Dioxide: 0.0187 kV,167 µbar,6.519 V,7.917 V,78 µbar/min,15.032 V,7.79E-008 mbar,45 %,802 µbar,72 °C,µ-Volume,,Pre,6.395660073263362,6.953589958420667,7.000342011451721,9.115604109414509,9.350342101701193,6.552592375047379,-0.8434700019378516,-6.074825865041267,-0.8455180436367726,0.0167207705997391,0.0043172844045696,-6.057905205661095,0.0196721957880222,0.0049180489470055,-0.8486499122163667,0.0203216257379373,-6.056777161702416,0.0198197833082138,Renata Nagai 780 G. ruber series 4.xlsx,2026-04-06 11:37:11.378,739712.0,78.0,167.0,91.0,802.0,6.194181472761347,SHP2L,,,OK,16.0,15.0,15.0,0.0,0.0,6.258399030161883,-0.0642175574005357,-0.0598673501173804,-0.8641151606156064,-6.035387245777048,,,,
7.0,GIRMS\IRMS-operator,2026-04-06 12:21:46.391,2026-04-06 13:24:48.143,Success,False,861 - Uvigerina,101-102,7.0,1,5.0,True,Unknown,,"0.002 V, 0.002 V, 0.002 V",,7.311 V,9.5189 kV,89 µbar,284 µbar,Carbon Dioxide: 0.0189 kV,"1,156 µbar",7.176 V,8.269 V,"1,470 µbar/min",6.447 V,8.22E-008 mbar,39 %,789 µbar,72 °C,µ-Volume,,Pre,7.071089807949485,7.686244697017755,7.694559537034271,10.170079016940369,10.2787727066896,7.202950057602109,-1.0236654306551296,2.953626869281134,-1.0480310718994428,0.025300671064923,0.0063251677662307,2.947054683343027,0.0163880547245951,0.0042313775350061,-1.0496554479823967,0.025310353481335,2.943755817266262,0.0196302655217421,Renata Nagai 780 G. ruber series 4.xlsx,2026-04-06 12:21:46.391,739712.0,1470.0,1156.0,284.0,789.0,6.850612437188921,861,Uvigerina,101-102,OK,16.0,15.0,15.0,0.0,0.0,6.872494353407885,-0.0218819162189634,-0.0205454631533869,-1.0537361241331853,2.9493997822082227,-0.972358187361806,3.3053928643029167,-0.972358187361806,3.3053928643029167
8.0,GIRMS\IRMS-operator,2026-04-06 12:49:07.626,2026-04-06 13:57:38.909,Success,False,861 - Uvigerina,211-212 marked 780,8.0,2,5.0,True,Unknown,,"0.002 V, 0.002 V, 0.002 V",,11.191 V,9.5189 kV,106 µbar,101 µbar,Carbon Dioxide: 0.0189 kV,111 µbar,10.359 V,12.816 V,137 µbar/min,7.085 V,1.03E-007 mbar,21 %,882 µbar,72 °C,µ-Volume,,Pre,10.132413638251434,11.017565352854396,11.07199537901192,14.59382713710791,14.793636807556211,10.367911365170864,-0.3687625128216965,4.449236946429735,-0.4198768526886128,0.0253499688911996,0.0065453338228328,4.427012904669113,0.0161941931279507,0.0041813226859879,-0.4182976114907033,0.0292062733457914,4.422823486606075,0.0180556864683302,Renata Nagai 780 G. ruber series 4.xlsx,2026-04-06 12:49:07.626,739712.0,137.0,111.0,101.0,882.0,9.779301158195128,861,Uvigerina,211-212 marked 780,OK,16.0,15.0,15.0,0.0,0.0,9.846559903276502,-0.0672587450813733,-0.0629198431497838,-0.3715856374705865,4.358216364159375,-0.2901521301433831,4.71470950035166,-0.2901521301433831,4.71470950035166
9.0,GIRMS\IRMS-operator,2026-04-06 13:24:48.242,2026-04-06 14:41:22.430,Success,False,861 - Uvigerina,120-121,9.0,1,6.0,True,Unknown,,"0.001 V, 0.001 V, 0.001 V",,14.933 V,9.5190 kV,93 µbar,147 µbar,Carbon Dioxide: 0.0190 kV,"1,143 µbar",13.584 V,17.317 V,"1,021 µbar/min",4.605 V,1.24E-007 mbar,14 %,858 µbar,72 °C,µ-Volume,,Pre,13.273265030577354,14.430742049405527,14.49521937389131,19.10692014994413,19.372816470287155,13.577591445639303,-0.2141251161404955,3.937892495533335,-0.3148738551454367,0.0287802583163136,0.0074310307439086,3.902817833564484,0.0237730754865084,0.0059432688716271,-0.3148738551454366,0.0287802583163136,3.900479522766561,0.0226229014784702,Renata Nagai 780 G. ruber series 4.xlsx,2026-04-06 13:24:48.242,739712.0,1021.0,1143.0,147.0,858.0,12.78516259451168,861,Uvigerina,120-121,OK,16.0,15.0,15.0,0.0,0.0,12.841742303564716,-0.056579709053036,-0.053058942850541,-0.216030813968211,3.7637701543808233,-0.1345846345573136,4.1200522941476265,-0.1345846345573136,4.1200522941476265
10.0,GIRMS\IRMS-operator,2026-04-06 13:57:39.002,2026-04-06 15:08:01.147,Success,False,861 - Uvigerina,157-158,10.0,2,6.0,True,Unknown,,"0.002 V, 0.002 V, 0.002 V",,21.981 V,9.5188 kV,103 µbar,96 µbar,Carbon Dioxide: 0.0188 kV,111 µbar,15.024 V,25.707 V,127 µbar/min,13.284 V,1.33E-007 mbar,10 %,897 µbar,72 °C,µ-Volume,19.727 V,Pre,21.18478230538064,23.01200021424909,16.052353274017772,30.48987686634064,21.457821130752567,15.039498725554289,-0.8778790612419263,3.7752531688139968,-0.8127763584408685,0.0641368082778615,0.0160342020694653,3.771466578849658,0.0090898962966893,0.002347001131722,-0.8084361782541313,0.0639095528675735,3.773249562186484,0.0120324146179963,Renata Nagai 780 G. ruber series 4.xlsx,2026-04-06 13:57:39.002,739712.0,127.0,111.0,96.0,897.0,20.25775126518899,861,Uvigerina,157-158,OK,16.0,15.0,15.0,0.0,0.0,14.1980599552601,6.0596913099288905,8.14382265725757,-0.5799950068630604,3.45729359925556,-0.4985784773505202,3.8134669563324906,-0.4985784773505202,3.8134669563324906
11.0,GIRMS\IRMS-operator,2026-04-06 14:41:22.564,2026-04-06 15:47:52.543,Success,False,SHP2L,,11.0,1,7.0,True,QC Standard,SHP2L,"0.002 V, 0.002 V, 0.002 V",,13.181 V,9.5188 kV,84 µbar,157 µbar,Carbon Dioxide: 0.0188 kV,"1,165 µbar",12.282 V,15.197 V,"1,309 µbar/min",14.603 V,1.16E-007 mbar,15 %,843 µbar,72 °C,µ-Volume,,Pre,11.991210968186536,13.029738800855052,13.123273300467384,17.10139550333771,17.53813363676819,12.291648180176892,-0.830350205907715,-5.3829975269593655,-0.8826126744772752,0.031542635847465,0.0081442735555144,-5.408343322530417,0.0183131490508651,0.0047284347527076,-0.8801731998101007,0.0368429456393131,-5.413345074788123,0.0209517791156766,Renata Nagai 780 G. ruber series 4.xlsx,2026-04-06 14:41:22.564,739712.0,1309.0,1165.0,157.0,843.0,11.56991043775288,SHP2L,,,OK,16.0,15.0,15.0,0.0,0.0,11.643969208886302,-0.0740587711334228,-0.0693140105843551,-0.8024064434647028,-5.520903927842075,,,,
12.0,GIRMS\IRMS-operator,2026-04-06 15:08:01.230,2026-04-06 16:17:58.020,Success,False,861 - Uvigerina,214-215,12.0,2,7.0,True,Unknown,,"0.002 V, 0.002 V, 0.002 V",,18.885 V,9.5188 kV,108 µbar,103 µbar,Carbon Dioxide: 0.0188 kV,211 µbar,14.162 V,22.150 V,151 µbar/min,12.021 V,1.28E-007 mbar,10 %,926 µbar,72 °C,µ-Volume,17.225 V,Pre,18.40404920492185,19.993055715729387,15.144128456284196,26.50129406809744,20.24298518061575,14.18681197080625,-0.9067281454989696,4.225015714809599,-0.8740388634233061,0.0388136063044995,0.0100216300549051,4.217461218212663,0.0091870424143906,0.0023720841514557,-0.8637974958385881,0.0486044045385387,4.215029175262523,0.0115651989736413,Renata Nagai 780 G. ruber series 4.xlsx,2026-04-06 15:08:01.230,739712.0,151.0,211.0,103.0,926.0,17.647904681301245,861,Uvigerina,214-215,OK,16.0,15.0,15.0,0.0,0.0,13.408434914684426,4.23946976661682,5.255840555629411,-0.6806192517037805,3.9616761646770096,-0.5992109194222621,4.318028550430768,-0.5992109194222621,4.318028550430768
13.0,GIRMS\IRMS-operator,2026-04-06 15:47:52.645,2026-04-06 17:02:40.333,Success,False,861 - Uvigerina,166-167,13.0,1,8.0,True,Unknown,,"0.001 V, 0.001 V, 0.001 V",,18.341 V,9.5189 kV,96 µbar,150 µbar,Carbon Dioxide: 0.0189 kV,"1,148 µbar",15.318 V,21.476 V,"1,109 µbar/min",4.605 V,1.34E-007 mbar,10 %,870 µbar,72 °C,µ-Volume,15.939 V,Pre,16.654100089170182,18.097392456776788,16.356296079404046,23.97715607333548,21.867047340158297,15.324901609517775,-0.4787910240897641,4.034053008620253,-0.5263067207373281,0.0243291182038132,0.0060822795509533,4.027637913220403,0.014569311067142,0.0036423277667855,-0.5294744338471657,0.0214980603203603,4.027210240193745,0.0149763512681829,Renata Nagai 780 G. ruber series 4.xlsx,2026-04-06 15:47:52.645,739712.0,1109.0,1148.0,150.0,870.0,15.99754002580806,861,Uvigerina,166-167,OK,16.0,15.0,15.0,0.0,0.0,14.462005167104444,1.5355348587036168,1.599926202783418,-0.3749186902873224,3.8134448821998577,-0.2934854544831751,4.169744653822704,-0.2934854544831751,4.169744653822704
14.0,GIRMS\IRMS-operator,2026-04-06 16:17:58.161,2026-04-06 17:30:33.348,Success,False,861 - Uvigerina,244-245,14.0,2,8.0,True,Unknown,,"0.002 V, 0.002 V, 0.003 V",,12.654 V,9.5187 kV,103 µbar,89 µbar,Carbon Dioxide: 0.0187 kV,321 µbar,11.812 V,14.591 V,83 µbar/min,14.947 V,1.14E-007 mbar,17 %,858 µbar,72 °C,µ-Volume,,Pre,11.531194904051269,12.535256201657448,12.615260536107217,16.609380778416618,16.86022692595385,11.815118204242427,-0.4623552488119964,4.410889859781442,-0.5406970751786607,0.0227543374747322,0.005875144672908,4.364517086309678,0.0166862699047654,0.0044595932176335,-0.5406970751786607,0.0227543374747322,4.361317881134749,0.0202994418134433,Renata Nagai 780 G. ruber series 4.xlsx,2026-04-06 16:17:58.161,739712.0,83.0,321.0,89.0,858.0,11.1174011336629,861,Uvigerina,244-245,OK,16.0,15.0,15.0,0.0,0.0,11.200314935293612,-0.0829138016307116,-0.0775203005303111,-0.4707782497577298,4.264613466259152,-0.3893528230354377,4.621073378458164,-0.3893528230354377,4.621073378458164
15.0,GIRMS\IRMS-operator,2026-04-06 17:02:40.533,2026-04-06 18:08:40.943,Success,False,861 - Uvigerina,110-11,15.0,1,9.0,True,Unknown,,"0.002 V, 0.002 V, 0.002 V",,8.453 V,9.5187 kV,84 µbar,208 µbar,Carbon Dioxide: 0.0187 kV,"1,195 µbar",7.895 V,9.584 V,"1,465 µbar/min",11.561 V,8.77E-008 mbar,33 %,816 µbar,72 °C,µ-Volume,,Pre,7.73883228677657,8.417080920338671,8.456798872424285,11.136732220287907,11.2988530527338,7.916841388635564,-0.3911184935709855,3.356329188877183,-0.4167211066713989,0.0166726390676681,0.004304856896427,3.355638910315886,0.0206823460815677,0.0051705865203919,-0.4155329805962078,0.0190875719197345,3.3555928917451334,0.0214074141719991,Renata Nagai 780 G. ruber series 4.xlsx,2026-04-06 17:02:40.533,739712.0,1465.0,1195.0,208.0,816.0,7.489908626425446,861,Uvigerina,110-11,OK,16.0,15.0,15.0,0.0,0.0,7.545423073416649,-0.0555144469912027,-0.0519056363519949,-0.4085262552547928,3.345901921248185,-0.3270957572498219,3.702035740271981,-0.3270957572498219,3.702035740271981
16.0,GIRMS\IRMS-operator,2026-04-06 17:30:33.445,2026-04-06 18:41:11.361,Success,False,SHP2L,,16.0,2,9.0,True,QC Standard,SHP2L,"0.002 V, 0.002 V, 0.002 V",,12.903 V,9.5186 kV,106 µbar,96 µbar,Carbon Dioxide: 0.0186 kV,264 µbar,11.857 V,14.881 V,93 µbar/min,7.787 V,1.13E-007 mbar,16 %,880 µbar,72 °C,µ-Volume,,Pre,11.5786920033911,12.582165521682422,12.668087958603811,16.503590716871848,16.929465903792014,11.863751217029408,-0.8997439523110717,-6.0816298098866906,-0.9650712484667452,0.0354999588969726,0.0088749897242431,-6.091567756378122,0.0125995306376491,0.0032531848219763,-0.96942640154379,0.0320173393061397,-6.094464090287414,0.0149298444965023,Renata Nagai 780 G. ruber series 4.xlsx,2026-04-06 17:30:33.445,739712.0,93.0,264.0,96.0,880.0,11.162327534781564,SHP2L,,,OK,16.0,15.0,15.0,0.0,0.0,11.246936247351078,-0.0846087125695138,-0.0790953939118642,-0.8987284113864052,-6.192246164426834,,,,
17.0,GIRMS\IRMS-operator,2026-04-06 18:08:41.083,2026-04-06 19:25:43.604,Success,False,861 - Uvigerina,226-227,17.0,1,10.0,True,Unknown,,"0.001 V, 0.001 V, 0.001 V",,13.168 V,9.5186 kV,93 µbar,245 µbar,Carbon Dioxide: 0.0186 kV,"1,175 µbar",12.061 V,15.260 V,"1,485 µbar/min",4.606 V,1.14E-007 mbar,18 %,850 µbar,72 °C,µ-Volume,,Pre,11.777111552044143,12.798107879970392,12.869484442088924,16.954110985402146,17.200263267163315,12.053125760837784,-0.8076994133218163,3.838645141076791,-0.8933972420510415,0.0306411654166161,0.0079115148911294,3.84336851993033,0.0129842641354891,0.0033525225839671,-0.8933972420510418,0.0306411654166161,3.84081855772956,0.0170861122707074,Renata Nagai 780 G. ruber series 4.xlsx,2026-04-06 18:08:41.083,739712.0,1485.0,1175.0,245.0,850.0,11.349004790806765,861,Uvigerina,226-227,OK,16.0,15.0,15.0,0.0,0.0,11.421763561054458,-0.0727587702476935,-0.0680966177633124,-0.8194616826388081,3.738558616026941,-0.7380646609861969,4.094831807053879,-0.7380646609861969,4.094831807053879
18.0,GIRMS\IRMS-operator,2026-04-06 18:41:11.483,2026-04-06 19:53:24.457,Success,False,861 - Uvigerina,172-173,18.0,2,10.0,True,Unknown,,"0.002 V, 0.002 V, 0.002 V",,16.005 V,9.5183 kV,106 µbar,96 µbar,Carbon Dioxide: 0.0183 kV,545 µbar,14.654 V,18.682 V,186 µbar/min,11.824 V,1.31E-007 mbar,10 %,892 µbar,72 °C,µ-Volume,,Pre,14.286371478692626,15.527844366888091,15.64590626702695,20.569614802152586,20.91541114881701,14.658095845834351,-0.3231359763654629,4.090935158343578,-0.4212110991060891,0.0312181721155559,0.0080604973801723,4.098501570008045,0.0185124192924715,0.0046281048231178,-0.4212110991060891,0.0312181721155559,4.099005997452342,0.0190480177628792,Renata Nagai 780 G. ruber series 4.xlsx,2026-04-06 18:41:11.483,739712.0,186.0,545.0,96.0,892.0,13.735341438905335,861,Uvigerina,172-173,OK,16.0,15.0,15.0,0.0,0.0,13.844775566712954,-0.1094341278076189,-0.1022637934759062,-0.3058889759093512,3.939504484393264,-0.2244501166838972,4.295849000393446,-0.2244501166838972,4.295849000393446
19.0,GIRMS\IRMS-operator,2026-04-06 19:25:43.718,2026-04-06 20:29:08.232,Success,False,861 - Uvigerina,132-133,19.0,1,11.0,True,Unknown,,"0.002 V, 0.002 V, 0.002 V",,19.940 V,9.5182 kV,91 µbar,233 µbar,Carbon Dioxide: 0.0182 kV,"1,153 µbar",14.517 V,23.631 V,"1,451 µbar/min",14.256 V,1.29E-007 mbar,10 %,863 µbar,72 °C,µ-Volume,18.161 V,Pre,19.46441679511413,21.14315857585485,15.517716905437064,27.996884712983466,20.74380410652289,14.538152509072868,-0.9042698477164102,3.108418365416865,-0.8762223838204782,0.0580021539127822,0.0145005384781955,3.11745133815989,0.0118048973835575,0.0030480113980137,-0.8743525528940829,0.0595366895472495,3.115959977319379,0.0141980735334738,Renata Nagai 780 G. ruber series 4.xlsx,2026-04-06 19:25:43.718,739712.0,1451.0,1153.0,233.0,863.0,18.63802819762573,861,Uvigerina,132-133,OK,16.0,15.0,15.0,0.0,0.0,13.732968263963308,4.905059933662422,6.270402862198141,-0.6740024608158797,2.8388566606081325,-0.5925935895056682,3.1948105058413603,-0.5925935895056682,3.1948105058413603
20.0,GIRMS\IRMS-operator,2026-04-06 19:53:24.614,2026-04-06 21:02:47.302,Success,False,861 - Uvigerina,186-187,20.0,2,11.0,True,Unknown,,"0.002 V, 0.002 V, 0.003 V",,9.940 V,9.5182 kV,108 µbar,98 µbar,Carbon Dioxide: 0.0182 kV,62 µbar,9.210 V,11.342 V,874 µbar/min,14.155 V,9.62E-008 mbar,25 %,865 µbar,72 °C,µ-Volume,,Pre,9.013620626977737,9.803131222724916,9.854306834848542,12.983851352256671,13.166450181526082,9.226597097576,-0.2484894560271788,4.462636388344654,-0.2913319428136245,0.0314824430867826,0.0078706107716956,4.419975999700343,0.0155114304363876,0.0040050341170656,-0.2941881085993876,0.0303660047488545,4.419975999700342,0.0155114304363875,Renata Nagai 780 G. ruber series 4.xlsx,2026-04-06 19:53:24.614,739712.0,874.0,62.0,98.0,865.0,8.704981949985363,861,Uvigerina,186-187,OK,16.0,15.0,15.0,0.0,0.0,8.777684715450144,-0.0727027654647809,-0.0679132331487944,-0.2661081999548409,4.381138803582082,-0.1846661000370204,4.73764007600721,-0.1846661000370204,4.73764007600721
21.0,GIRMS\IRMS-operator,2026-04-06 20:29:08.335,2026-04-06 21:46:57.081,Success,False,SHP2L,,21.0,1,12.0,True,QC Standard,SHP2L,"0.001 V, 0.001 V, 0.002 V",,8.413 V,9.5184 kV,96 µbar,230 µbar,Carbon Dioxide: 0.0184 kV,"1,180 µbar",7.777 V,9.564 V,"1,480 µbar/min",4.606 V,8.81E-008 mbar,36 %,814 µbar,72 °C,µ-Volume,,Pre,7.719184068148619,8.388508210798967,8.323270927092302,11.002367035944134,11.11928154667106,7.791544106905942,-1.253875151586259,-6.152862642279544,-1.2878489665958466,0.0159199487074263,0.0041105130810892,-6.152441118180859,0.0144328539526282,0.0037265468664515,-1.2871081041740728,0.0177655135800586,-6.149277027645271,0.0188579238468052,Renata Nagai 780 G. ruber series 4.xlsx,2026-04-06 20:29:08.335,739712.0,1480.0,1180.0,230.0,814.0,7.463658955996517,SHP2L,,,OK,16.0,15.0,15.0,0.0,0.0,7.427642849390988,0.0360161066055289,0.0340889100022017,-1.280556630467164,-6.158338341641684,,,,
22.0,GIRMS\IRMS-operator,2026-04-06 21:02:47.424,2026-04-06 22:13:15.771,Success,False,861 - Uvigerina,220-221,22.0,2,12.0,True,Unknown,,"0.002 V, 0.002 V, 0.002 V",,21.480 V,9.5184 kV,108 µbar,98 µbar,Carbon Dioxide: 0.0184 kV,103 µbar,15.036 V,25.596 V,122 µbar/min,7.673 V,1.32E-007 mbar,10 %,921 µbar,72 °C,µ-Volume,19.425 V,Pre,20.87327161326469,22.666169211726,16.06246630893211,30.05814450979432,21.47167819738588,15.048631220007554,-1.2193772547390846,4.292074659644873,-1.1275221746283175,0.0665708989170628,0.0166427247292657,4.285181110538009,0.0174221105185627,0.0043555276296406,-1.1213985026209332,0.0640732965407704,4.28472154059755,0.0179329304763491,Renata Nagai 780 G. ruber series 4.xlsx,2026-04-06 21:02:47.424,739712.0,122.0,103.0,98.0,921.0,19.96434548392357,861,Uvigerina,220-221,OK,16.0,15.0,15.0,0.0,0.0,14.204957275534287,5.759388208389282,7.624424634564039,-0.8980459079362375,3.975803565361314,-0.8166552880514928,4.332160965582261,-0.8166552880514928,4.332160965582261
23.0,GIRMS\IRMS-operator,2026-04-06 21:46:57.194,2026-04-06 22:51:38.338,Success,False,861 - Uvigerina,79-80,23.0,1,13.0,True,Unknown,,"0.002 V, 0.002 V, 0.002 V",,13.492 V,9.5183 kV,93 µbar,198 µbar,Carbon Dioxide: 0.0183 kV,"1,156 µbar",12.487 V,15.613 V,"1,387 µbar/min",14.637 V,1.18E-007 mbar,15 %,841 µbar,72 °C,µ-Volume,,Pre,12.197542561344587,13.255913393854224,13.341535466074074,17.549050390872818,17.829669058475357,12.495386971287214,-0.7453166270047218,3.3300793484540847,-0.7904589503989339,0.024003192891385,0.0060007982228462,3.281348118811156,0.0121162772336294,0.0031284093295919,-0.7934684386252149,0.0214952060810346,3.2813481188111564,0.0121162772336294,Renata Nagai 780 G. ruber series 4.xlsx,2026-04-06 21:46:57.194,739712.0,1387.0,1156.0,198.0,841.0,11.745739353947126,861,Uvigerina,79-80,OK,16.0,15.0,15.0,0.0,0.0,11.83525062923857,-0.0895112752914446,-0.0836750966908655,-0.7126522572705537,3.169571619658998,-0.6312465345187093,3.525642850911481,-0.6312465345187093,3.525642850911481
24.0,GIRMS\IRMS-operator,2026-04-06 22:13:15.891,2026-04-06 23:23:02.097,Success,False,861 - Uvigerina,69-70,24.0,2,13.0,True,Unknown,,"0.002 V, 0.002 V, 0.002 V",,24.999 V,9.5183 kV,108 µbar,103 µbar,Carbon Dioxide: 0.0183 kV,106 µbar,14.204 V,30.109 V,137 µbar/min,12.226 V,1.27E-007 mbar,10 %,941 µbar,72 °C,µ-Volume,22.572 V,Pre,24.374836359152017,26.47656872516824,15.187478807031642,35.063261435754185,20.299742267854104,14.22750321401042,-1.0308267932163109,3.2429724216869182,-0.8598957996555634,0.1340619464998622,0.0335154866249655,3.280581934898483,0.0292483251400798,0.0073120812850199,-0.848500400084847,0.1305000960480408,3.2830892357792534,0.0284394017453726,Renata Nagai 780 G. ruber series 4.xlsx,2026-04-06 22:13:15.891,739712.0,137.0,106.0,103.0,941.0,23.2520189620344,861,Uvigerina,69-70,OK,16.0,15.0,15.0,0.0,0.0,13.445445571073712,9.806573390960686,15.974171047704624,-0.5681292333504475,2.895309128436062,-0.4867117372069742,3.251283011258579,-0.4867117372069742,3.251283011258579
25.0,GIRMS\IRMS-operator,2026-04-06 22:51:38.484,2026-04-07 00:09:25.355,Success,False,861 - Uvigerina,77-78,25.0,1,14.0,True,Unknown,,"0.001 V, 0.001 V, 0.001 V",,16.839 V,9.5184 kV,96 µbar,230 µbar,Carbon Dioxide: 0.0184 kV,"1,183 µbar",15.085 V,19.734 V,"1,460 µbar/min",4.608 V,1.32E-007 mbar,10 %,868 µbar,72 °C,µ-Volume,,Pre,14.704386499528969,15.978076718647644,16.094454787571593,21.150613933810494,21.5133976042359,15.077988412981115,-0.6177559042711556,3.1701866498952125,-0.6994846495980839,0.0413203558858982,0.0103300889714745,3.13597887688992,0.0192310146517503,0.0048077536629375,-0.7049332326198792,0.0363373907105972,3.1336983586895664,0.0175240562923486,Renata Nagai 780 G. ruber series 4.xlsx,2026-04-06 22:51:38.484,739712.0,1460.0,1183.0,230.0,868.0,14.136950281267248,861,Uvigerina,77-78,OK,16.0,15.0,15.0,0.0,0.0,14.23528304398545,-0.0983327627182024,-0.0919821259460059,-0.5826459521876457,2.964563367795011,-0.5012296386310027,3.3205618321468364,-0.5012296386310027,3.3205618321468364
26.0,GIRMS\IRMS-operator,2026-04-06 23:23:02.215,2026-04-07 00:37:00.339,Success,False,SHP2L,,26.0,2,14.0,True,QC Standard,SHP2L,"0.002 V, 0.002 V, 0.003 V",,8.284 V,9.5183 kV,111 µbar,96 µbar,Carbon Dioxide: 0.0183 kV,218 µbar,7.672 V,9.395 V,59 µbar/min,14.709 V,8.59E-008 mbar,35 %,831 µbar,72 °C,µ-Volume,,Pre,7.512663164994018,8.16712310309399,8.21911983829677,10.708051337277816,10.979550494229722,7.694360667029952,-0.838551586500591,-6.057972515769894,-0.8731563300222337,0.0127316829180951,0.0034026853883253,-6.06486292292147,0.0154577468761754,0.0039911730814211,-0.875375718910158,0.0238857789196662,-6.062161921962628,0.0197041553381451,Renata Nagai 780 G. ruber series 4.xlsx,2026-04-06 23:23:02.215,739712.0,59.0,218.0,96.0,831.0,7.267472201148602,SHP2L,,,OK,16.0,15.0,15.0,0.0,0.0,7.33636026934776,-0.0688880681991577,-0.0642779937740383,-0.87222673900045,-6.066517261998591,,,,
27.0,GIRMS\IRMS-operator,2026-04-07 00:09:25.611,2026-04-07 01:12:31.680,Success,False,861 - Uvigerina,78-79,27.0,1,15.0,True,Unknown,,"0.002 V, 0.002 V, 0.002 V",,0.150 V,9.5185 kV,91 µbar,206 µbar,Carbon Dioxide: 0.0185 kV,"1,148 µbar",4.428 V,0.151 V,"1,426 µbar/min",7.569 V,6.56E-008 mbar,100 %,274 µbar,72 °C,µ-Volume,0.148 V,Pre,0.1443395423968233,0.155057464452995,4.791535662408807,0.2054738086059641,6.399607443190879,4.484159273577775,-12.957832503328936,-7.447242758865213,-12.933471759702677,0.1041747092090218,0.0268977942575027,-7.388297607007425,0.1274028408923832,0.0328952720690475,,,,,Renata Nagai 780 G. ruber series 4.xlsx,2026-04-07 00:09:25.611,739713.0,1426.0,1148.0,206.0,274.0,0.1416412282861208,861,Uvigerina,78-79,Failed Sample,16.0,15.0,15.0,0.0,0.0,4.294299004976679,-4.152657776690559,-0.1290146783648529,,,,,,
28.0,GIRMS\IRMS-operator,2026-04-07 00:37:00.490,2026-04-07 01:46:59.223,Success,False,861 - Uvigerina,85-86,28.0,2,15.0,True,Unknown,,"0.001 V, 0.001 V, 0.002 V",,14.162 V,9.5185 kV,103 µbar,96 µbar,Carbon Dioxide: 0.0185 kV,145 µbar,12.808 V,16.407 V,78 µbar/min,4.395 V,1.18E-007 mbar,14 %,887 µbar,72 °C,µ-Volume,,Pre,12.50888017004603,13.59911597713545,13.67605205286303,17.99544883396445,18.27691686775504,12.809391887842352,-0.3218324814443507,3.299233541478319,-0.4194158760991274,0.0263572316916564,0.0068054079595943,3.2741078838249287,0.0236148145069847,0.0059037036267461,-0.4194158760991273,0.0263572316916564,3.272432839981369,0.0234391411232002,Renata Nagai 780 G. ruber series 4.xlsx,2026-04-07 00:37:00.490,739713.0,78.0,145.0,96.0,887.0,12.044500382600958,861,Uvigerina,85-86,OK,16.0,15.0,15.0,0.0,0.0,12.127484949289498,-0.0829845666885393,-0.077630244525767,-0.3334182412481381,3.153489895661533,-0.2519816246606297,3.5095554187671496,-0.2519816246606297,3.5095554187671496
29.0,GIRMS\IRMS-operator,2026-04-07 01:12:31.799,2026-04-07 02:31:12.797,Success,False,861 - Uvigerina,88-89,29.0,1,16.0,True,Unknown,,"0.001 V, 0.001 V, 0.002 V",,7.857 V,9.5186 kV,93 µbar,218 µbar,Carbon Dioxide: 0.0186 kV,"1,158 µbar",7.359 V,8.874 V,"1,426 µbar/min",4.601 V,8.39E-008 mbar,39 %,787 µbar,72 °C,µ-Volume,,Pre,7.283683992134298,7.919576016262514,7.881324771957136,10.478176378339064,10.528452896207106,7.37780715061755,-0.7432133041633815,3.1186491348866863,-0.776546367874098,0.0221711349222838,0.0057245624213681,3.124356625820379,0.0155738205996344,0.004021143187947,-0.7699074029252848,0.0403349104861663,3.121728746044861,0.0194491651984719,Renata Nagai 780 G. ruber series 4.xlsx,2026-04-07 01:12:31.799,739713.0,1426.0,1158.0,218.0,787.0,7.050041208997676,861,Uvigerina,88-89,OK,16.0,15.0,15.0,0.0,0.0,7.037248823329334,0.0127923856683418,0.0120713507929017,-0.7705293585340639,3.122588970066982,-0.6891283506695345,3.4786435250064187,-0.6891283506695345,3.4786435250064187
30.0,GIRMS\IRMS-operator,2026-04-07 01:46:59.367,2026-04-07 02:58:45.304,Success,False,861 - Uvigerina,99-100,30.0,2,16.0,True,Unknown,,"0.002 V, 0.002 V, 0.002 V",,13.332 V,9.5186 kV,103 µbar,96 µbar,Carbon Dioxide: 0.0186 kV,103 µbar,12.265 V,15.397 V,107 µbar/min,7.268 V,1.16E-007 mbar,16 %,872 µbar,72 °C,µ-Volume,,Pre,11.988046228735517,13.03594101467587,13.093012462048309,17.25392666049529,17.49680068679381,12.262805750013682,-0.1315154090613113,3.754960309330091,-0.2071152616758275,0.038017401488496,0.009504350372124,3.729522085945735,0.0208849132839669,0.0052212283209917,-0.2121552518501287,0.0333632411167163,3.7278262043867785,0.0204458354479407,Renata Nagai 780 G. ruber series 4.xlsx,2026-04-07 01:46:59.367,739713.0,107.0,103.0,96.0,872.0,11.550131321198922,861,Uvigerina,99-100,OK,16.0,15.0,15.0,0.0,0.0,11.6182560225738,-0.0681247013748773,-0.0637919927875168,-0.1347315274359186,3.620741797263368,-0.0532787250780302,3.9769731696577537,-0.0532787250780302,3.9769731696577537
31.0,GIRMS\IRMS-operator,2026-04-07 02:31:12.919,2026-04-07 03:35:17.171,Success,False,SHP2L,,31.0,1,17.0,True,QC Standard,SHP2L,"0.002 V, 0.002 V, 0.002 V",,8.827 V,9.5186 kV,89 µbar,89 µbar,Carbon Dioxide: 0.0186 kV,255 µbar,8.257 V,10.046 V,151 µbar/min,11.991 V,9.12E-008 mbar,31 %,782 µbar,72 °C,µ-Volume,,Pre,8.07994982313393,8.783503170127048,8.840762286692108,11.51698391510707,11.810730505721388,8.276698038669734,-0.8468900785040256,-6.033623111544872,-0.8831234185999499,0.0181582447408142,0.0048529950403797,-6.058994021839333,0.01957367275131,0.0048934181878275,-0.900182991205245,0.0403087468136935,-6.0606854158589645,0.0190119035635129,Renata Nagai 780 G. ruber series 4.xlsx,2026-04-07 02:31:12.919,739713.0,151.0,255.0,89.0,782.0,7.814270303341059,SHP2L,,,OK,16.0,15.0,15.0,0.0,0.0,7.88550475615268,-0.0712344528116206,-0.0664912660698051,-0.8875508168134569,-6.078156919789559,,,,
32.0,GIRMS\IRMS-operator,2026-04-07 02:58:45.463,2026-04-07 04:07:55.453,Success,False,861 - Uvigerina,97-98,32.0,2,17.0,True,Unknown,,"0.002 V, 0.002 V, 0.002 V",,11.157 V,9.5187 kV,101 µbar,96 µbar,Carbon Dioxide: 0.0187 kV,245 µbar,10.374 V,12.795 V,98 µbar/min,8.144 V,1.04E-007 mbar,21 %,863 µbar,72 °C,µ-Volume,,Pre,10.28416948356884,11.184011235803824,11.080556329064567,14.800376921950969,14.80495157843748,10.375155973818472,-0.3074859935661145,3.5929051659160383,-0.3429796058474002,0.0180479879015529,0.0045119969753882,3.554998863729742,0.0185158113630189,0.0047807619366993,-0.3453458466661526,0.0159063443372668,3.5558128262387503,0.0204667943507668,Renata Nagai 780 G. ruber series 4.xlsx,2026-04-07 02:58:45.463,739713.0,98.0,245.0,96.0,863.0,9.923804759845634,861,Uvigerina,97-98,OK,16.0,15.0,15.0,0.0,0.0,9.854797548167332,0.0690072116783024,0.0654546586384772,-0.2961277268633087,3.487739464763399,-0.2146880724495758,3.843923628484731,-0.2146880724495758,3.843923628484731
33.0,GIRMS\IRMS-operator,2026-04-07 03:35:17.333,2026-04-07 04:51:44.308,Success,False,861 - Uvigerina,95-96,33.0,1,18.0,True,Unknown,,"0.001 V, 0.001 V, 0.001 V",,21.991 V,9.5188 kV,91 µbar,98 µbar,Carbon Dioxide: 0.0188 kV,91 µbar,15.131 V,26.238 V,103 µbar/min,4.597 V,1.34E-007 mbar,10 %,863 µbar,72 °C,µ-Volume,19.815 V,Pre,21.28667117419229,23.12223270447364,16.16035059006324,30.62502745215941,21.60167399470855,15.138824594640589,-0.9923451206891308,3.3094027912279333,-0.905150003989094,0.0684200246131555,0.0171050061532888,3.3142819486908786,0.0169402796144303,0.0042350699036075,-0.8993369962090919,0.0666063286637472,3.3146072258550743,0.0174830588308773,Renata Nagai 780 G. ruber series 4.xlsx,2026-04-07 03:35:17.333,739713.0,103.0,91.0,98.0,863.0,20.36260546507821,861,Uvigerina,95-96,OK,16.0,15.0,15.0,0.0,0.0,14.289354098462915,6.073251366615295,8.151876337841596,-0.6690773240481291,2.996136102638712,-0.5876680515175394,3.3521457736129605,-0.5876680515175394,3.3521457736129605
34.0,GIRMS\IRMS-operator,2026-04-07 04:07:55.634,2026-04-07 05:17:38.552,Success,False,861 - Uvigerina,93-94,34.0,2,18.0,True,Unknown,,"0.002 V, 0.002 V, 0.003 V",,16.705 V,9.5185 kV,103 µbar,96 µbar,Carbon Dioxide: 0.0185 kV,342 µbar,14.754 V,19.531 V,88 µbar/min,14.777 V,1.31E-007 mbar,10 %,892 µbar,72 °C,µ-Volume,15.328 V,Pre,16.32206333498922,17.740739401838393,15.764621910116292,23.488221116824807,21.07086534099168,14.768423565435084,-0.3651226550361874,3.660493136385945,-0.4007213405139639,0.0190247338824482,0.004756183470612,3.6332766246088166,0.0184352782222139,0.0047599683691556,-0.4030945862124824,0.0170657481827969,3.627949502361316,0.0213271972650753,Renata Nagai 780 G. ruber series 4.xlsx,2026-04-07 04:07:55.634,739713.0,88.0,342.0,96.0,892.0,15.672298201131492,861,Uvigerina,93-94,OK,16.0,15.0,15.0,0.0,0.0,13.948353060292868,1.723945140838623,1.824520614060693,-0.2541795562263466,3.4219857900950603,-0.1727364845560259,3.7781466147991978,-0.1727364845560259,3.7781466147991978
35.0,GIRMS\IRMS-operator,2026-04-07 04:51:44.432,2026-04-07 05:55:22.441,Success,False,861 - Uvigerina,90-91,35.0,1,19.0,True,Unknown,,"0.002 V, 0.002 V, 0.003 V",,11.749 V,9.5186 kV,89 µbar,93 µbar,Carbon Dioxide: 0.0186 kV,93 µbar,10.960 V,13.483 V,147 µbar/min,14.354 V,1.08E-007 mbar,18 %,809 µbar,72 °C,µ-Volume,,Pre,10.739643043888268,11.680338157865233,11.716446920149902,15.455967936584566,15.656030926773164,10.971679745737823,-0.1386381680430481,3.602365851226974,-0.2128006301605441,0.0353200747010093,0.0091196040735873,3.598220647680339,0.0167866651250498,0.0041966662812624,-0.2077742751978251,0.0492469031267834,3.59794430077723,0.0173381364621101,Renata Nagai 780 G. ruber series 4.xlsx,2026-04-07 04:51:44.432,739713.0,147.0,93.0,93.0,809.0,10.362341462199009,861,Uvigerina,90-91,OK,16.0,15.0,15.0,0.0,0.0,10.413377939287937,-0.0510364770889282,-0.0478368456881394,-0.1509505532188358,3.519351664932024,-0.069499072124131,3.8755470492839095,-0.069499072124131,3.8755470492839095
36.0,GIRMS\IRMS-operator,2026-04-07 05:17:38.694,2026-04-07 06:26:39.951,Success,False,SHP2L,,36.0,2,19.0,True,QC Standard,SHP2L,"0.002 V, 0.002 V, 0.002 V",,16.391 V,9.5186 kV,103 µbar,98 µbar,Carbon Dioxide: 0.0186 kV,218 µbar,13.971 V,19.154 V,249 µbar/min,10.753 V,1.28E-007 mbar,10 %,899 µbar,72 °C,µ-Volume,15.029 V,Pre,15.992084778235252,17.367634069029858,14.937060963217784,22.78876927417978,19.96507373375162,13.993436730788046,-1.172401364824105,-6.135359772644455,-1.1752028448980754,0.0298041821891372,0.0074510455472843,-6.147153585273579,0.010555866546023,0.0027255130225023,-1.17538961023634,0.0308405665473608,-6.145842882183264,0.0130506759633723,Renata Nagai 780 G. ruber series 4.xlsx,2026-04-07 05:17:38.694,739713.0,249.0,218.0,98.0,899.0,15.35659495680123,SHP2L,,,OK,16.0,15.0,15.0,0.0,0.0,13.228127993033224,2.1284669637680054,2.327442888933122,-1.0319498649167076,-6.344233752703912,,,,
37.0,GIRMS\IRMS-operator,2026-04-07 05:55:22.568,2026-04-07 07:12:52.732,Success,False,861 - Uvigerina,126-127,37.0,1,20.0,True,Unknown,,"0.001 V, 0.001 V, 0.001 V",,16.792 V,9.5188 kV,93 µbar,101 µbar,Carbon Dioxide: 0.0188 kV,96 µbar,15.070 V,19.594 V,122 µbar/min,4.599 V,1.34E-007 mbar,10 %,853 µbar,72 °C,µ-Volume,,Pre,14.708934700008252,15.99229481641414,16.07946660939815,21.17154528245801,21.49430443391675,15.06468502235017,0.0152285817978103,3.840024428517941,-0.0675534739524863,0.0457772433788481,0.011444310844712,3.808910441904776,0.017906045105277,0.0044765112763192,-0.0730722776691727,0.0415104233891918,3.806836176130565,0.0164246720541039,Renata Nagai 780 G. ruber series 4.xlsx,2026-04-07 05:55:22.568,739713.0,122.0,96.0,101.0,853.0,14.146743690486767,861,Uvigerina,126-127,OK,16.0,15.0,15.0,0.0,0.0,14.224691664691786,-0.0779479742050188,-0.0730186895597989,0.0493848512023639,3.637466268618897,0.1308526523761202,3.993703577300949,0.1308526523761202,3.993703577300949
38.0,GIRMS\IRMS-operator,2026-04-07 06:26:40.091,2026-04-07 07:40:17.308,Success,False,861 - Uvigerina,138-139,38.0,2,20.0,True,Unknown,,"0.002 V, 0.002 V, 0.003 V",,8.022 V,9.5186 kV,108 µbar,93 µbar,Carbon Dioxide: 0.0186 kV,103 µbar,7.485 V,9.092 V,117 µbar/min,14.710 V,8.59E-008 mbar,36 %,821 µbar,72 °C,µ-Volume,,Pre,7.337314183008746,7.98326113047706,8.022548683690697,10.56358022508939,10.7176773335633,7.510241993746535,-0.0231381892362714,3.920316605508845,-0.0185043070541346,0.0248109830131537,0.0062027457532884,3.920662315012091,0.0214231481058898,0.0055314330558297,-0.0181953815753255,0.0256499356485342,3.9172029234566086,0.0253184687939628,Renata Nagai 780 G. ruber series 4.xlsx,2026-04-07 06:26:40.091,739713.0,117.0,103.0,93.0,821.0,7.099342865690131,861,Uvigerina,138-139,OK,16.0,15.0,15.0,0.0,0.0,7.163007875629807,-0.063665009939676,-0.0594345681863711,-0.017962291790149,3.916880538016732,0.0635000230308833,4.273217023732855,0.0635000230308833,4.273217023732855
39.0,GIRMS\IRMS-operator,2026-04-07 07:12:52.884,2026-04-07 08:15:42.899,Success,False,861 - Uvigerina,205-206,39.0,1,21.0,True,Unknown,,"0.002 V, 0.002 V, 0.002 V",,23.041 V,9.5188 kV,89 µbar,93 µbar,Carbon Dioxide: 0.0188 kV,89 µbar,14.420 V,27.666 V,142 µbar/min,7.389 V,1.30E-007 mbar,10 %,858 µbar,72 °C,µ-Volume,20.844 V,Pre,22.425969259285083,24.352496643294,15.408685584295888,32.28638868731904,20.59647243422913,14.434849040054432,-1.2799994628474032,4.030454838945152,-1.1188878492969094,0.119656453868917,0.0299141134672292,4.069845417550748,0.0151065982484082,0.0039005068955954,-1.1081470750602098,0.1155970800417071,4.069845417550748,0.0151065982484084,Renata Nagai 780 G. ruber series 4.xlsx,2026-04-07 07:12:52.884,739713.0,142.0,89.0,93.0,858.0,21.435742394470324,861,Uvigerina,205-206,OK,16.0,15.0,15.0,0.0,0.0,13.640781061195488,7.794961333274836,11.53795482246842,-0.8592758419473663,3.725632727582688,-0.7778820637066701,4.081901330614528,-0.7778820637066701,4.081901330614528
40.0,GIRMS\IRMS-operator,2026-04-07 07:40:17.456,2026-04-07 08:15:34.169,Error,False,865 - H. elegans,25-26,40.0,2,21.0,True,Unknown,,"0.002 V, 0.002 V, 0.002 V",,,,103 µbar,,,,,,10 µbar/min,,,,,72 °C,,,Pre,,,,,,,,,,,,,,,,,,,Renata Nagai 780 G. ruber series 4.xlsx,2026-04-07 07:40:17.456,739713.0,10.0,,,,,865,H. elegans,25-26,Failed Sample,0.0,0.0,0.0,0.0,0.0,,,,,,,,,
41.0,GIRMS\IRMS-operator,2026-04-07 11:33:04.036,2026-04-07 12:38:48.332,Success,False,SHP2L,,41.0,1,22.0,True,QC Standard,SHP2L,"0.001 V, 0.001 V, 0.002 V",,8.055 V,9.5187 kV,86 µbar,86 µbar,Carbon Dioxide: 0.0187 kV,96 µbar,7.497 V,9.108 V,274 µbar/min,4.610 V,8.51E-008 mbar,38 %,804 µbar,72 °C,µ-Volume,,Pre,7.420365920705942,8.067311248363925,8.02307787255307,10.577739241908144,10.719408781292683,7.510324145042352,-0.855793619425449,-6.14978612590722,-0.8845458037156861,0.0167929696214866,0.0043359261118256,-6.137766498889565,0.0215515278087258,0.005564580552568,-0.8829690973604384,0.0204068034318514,-6.133050263643356,0.0260122759252428,Renata Nagai 780 G. ruber series 4.xlsx,2026-04-07 11:33:04.036,739713.0,274.0,96.0,86.0,804.0,7.179995518723064,SHP2L,,,OK,16.0,15.0,15.0,0.0,0.0,7.161726712521899,0.0182688062011653,0.0172517110475557,-0.8813372375518469,-6.135307281649577,,,,
42.0,GIRMS\IRMS-operator,2026-04-07 12:08:57.107,2026-04-07 13:07:48.519,Success,False,865 - H. elegans,23-24,42.0,2,22.0,True,Unknown,,"0.002 V, 0.002 V, 0.002 V",,13.742 V,9.5186 kV,86 µbar,123 µbar,Carbon Dioxide: 0.0186 kV,"1,070 µbar",12.631 V,15.893 V,728 µbar/min,7.397 V,1.19E-007 mbar,15 %,838 µbar,72 °C,µ-Volume,,Pre,12.34215395447784,13.460949541765896,13.48230290575668,17.756302493742698,18.019561308554405,12.62734727856689,2.843843099036958,3.210876904614413,2.765007337545796,0.0269419775872779,0.006956388700628,3.17486673423734,0.0200075998326979,0.005165940063308,2.765007337545796,0.026941977587278,3.1758164072424337,0.0220706460968941,Renata Nagai 780 G. ruber series 4.xlsx,2026-04-07 12:08:57.107,739713.0,728.0,1070.0,123.0,838.0,11.892198491068417,865,H. elegans,23-24,OK,16.0,15.0,15.0,0.0,0.0,11.956780123682552,-0.0645816326141357,-0.0605023862993788,2.848363579803064,3.06052676121093,2.9300593963588426,3.41655928740488,2.9300593963588426,3.41655928740488
43.0,GIRMS\IRMS-operator,2026-04-07 12:38:48.462,2026-04-07 13:41:25.348,Success,False,865 - H. elegans,22-23,43.0,1,23.0,True,Unknown,,"0.002 V, 0.002 V, 0.002 V",,13.498 V,9.5184 kV,103 µbar,101 µbar,Carbon Dioxide: 0.0184 kV,101 µbar,13.059 V,15.568 V,103 µbar/min,12.350 V,1.22E-007 mbar,13 %,860 µbar,72 °C,µ-Volume,,Pre,12.861719989609403,14.028147341647466,13.94443261806043,18.50391057093597,18.637633591489564,13.061023020577116,2.9420658891166074,3.245056254232548,2.8507378435324253,0.0266146130030182,0.0068718635284296,3.193845129840526,0.0120240992409757,0.0031046090742296,2.8507378435324253,0.0266146130030182,3.1938451298405264,0.0120240992409758,Renata Nagai 780 G. ruber series 4.xlsx,2026-04-07 12:38:48.462,739713.0,103.0,101.0,101.0,860.0,12.391186022591274,865,H. elegans,22-23,OK,16.0,15.0,15.0,0.0,0.0,12.360370421242395,0.0308156013488787,0.0290982999284547,2.9427480949872216,3.0665861623746777,3.0244516004621573,3.422620839330193,3.0244516004621573,3.422620839330193
44.0,GIRMS\IRMS-operator,2026-04-07 13:07:48.692,2026-04-07 14:17:00.588,Success,False,865 - H. elegans,21-22,44.0,2,23.0,True,Unknown,,"0.002 V, 0.002 V, 0.002 V",,10.382 V,9.5183 kV,106 µbar,780 µbar,Carbon Dioxide: 0.0183 kV,101 µbar,9.747 V,11.824 V,93 µbar/min,12.746 V,1.00E-007 mbar,23 %,889 µbar,72 °C,µ-Volume,,Pre,9.541952764044533,10.40918084515423,10.424688458442688,13.730675940250189,13.929591541026856,9.761059438238869,2.8174886811125344,3.398416109545055,2.7610982326509013,0.022947222455659,0.0059249473608323,3.3778082453404115,0.0141468796492856,0.0036527086188322,2.7610982326509013,0.0229472224556589,3.378929336987336,0.0163857859721477,Renata Nagai 780 G. ruber series 4.xlsx,2026-04-07 13:07:48.692,739713.0,93.0,101.0,780.0,889.0,9.216541205893288,865,H. elegans,21-22,OK,16.0,15.0,15.0,0.0,0.0,9.27832699419226,-0.0617857882989731,-0.0578099328615118,2.798050183633253,3.3278212587731053,2.8797419014697425,3.68394866013432,2.8797419014697425,3.68394866013432
45.0,GIRMS\IRMS-operator,2026-04-07 13:41:25.496,2026-04-07 15:02:38.996,Success,False,865 - H. elegans,20-21,45.0,1,24.0,True,Unknown,,"0.001 V, 0.001 V, 0.001 V",,11.829 V,9.5185 kV,108 µbar,93 µbar,Carbon Dioxide: 0.0185 kV,101 µbar,9.474 V,13.596 V,132 µbar/min,4.596 V,9.77E-008 mbar,26 %,860 µbar,72 °C,µ-Volume,,Pre,9.715363861345848,10.59815956815715,10.124098793985931,13.978324552777789,13.52859412788629,9.479269863390526,2.7391187732777045,3.190692220380153,2.7219107047216635,0.0139326542153192,0.0034831635538298,3.2122160728072644,0.0224547669175349,0.0056136917293837,2.720763500151261,0.0136170166753907,3.213650996302405,0.022470754095927,Renata Nagai 780 G. ruber series 4.xlsx,2026-04-07 13:41:25.496,739713.0,132.0,101.0,93.0,860.0,9.394189697084718,865,H. elegans,20-21,OK,16.0,15.0,15.0,0.0,0.0,9.015188099169334,0.3790015979153835,0.3719984687128063,2.760796433281615,3.15828162545245,2.8424851162868663,3.51434884936441,2.8424851162868663,3.51434884936441
46.0,GIRMS\IRMS-operator,2026-04-07 14:17:00.784,2026-04-07 15:29:43.248,Success,False,SHP2L,,46.0,2,24.0,True,QC Standard,SHP2L,"0.002 V, 0.002 V, 0.002 V",,6.912 V,9.5183 kV,89 µbar,101 µbar,Carbon Dioxide: 0.0183 kV,284 µbar,6.451 V,7.782 V,98 µbar/min,9.328 V,7.98E-008 mbar,45 %,833 µbar,72 °C,µ-Volume,,Pre,6.324545506144425,6.876248012486653,6.926718245450215,9.015785127446245,9.254063772011182,6.483838919306658,-0.854013189738656,-6.1088709956879095,-0.890791724406967,0.0197110755695909,0.0049277688923977,-6.098809112754511,0.0150440482268397,0.0038843565494727,-0.8932436267181878,0.0176979811502959,-6.100939689018066,0.0184486164447781,Renata Nagai 780 G. ruber series 4.xlsx,2026-04-07 14:17:00.784,739713.0,98.0,284.0,101.0,833.0,6.126166347170731,SHP2L,,,OK,16.0,15.0,15.0,0.0,0.0,6.192938450480363,-0.0667721033096322,-0.0622160817031485,-0.9098884707691184,-6.077918279620091,,,,
1.0,GIRMS\IRMS-operator,2026-04-07 15:58:55.881,2026-04-07 17:03:53.773,Success,False,SHP2L,,1.0,1,2.0,True,QC Standard,SHP2L,"0.001 V, 0.001 V, 0.001 V",,7.209 V,9.5183 kV,52 µbar,71 µbar,Carbon Dioxide: 0.0183 kV,74 µbar,6.852 V,8.104 V,117 µbar/min,4.596 V,8.26E-008 mbar,43 %,709 µbar,72 °C,µ-Volume,,Pre,6.765387673081321,7.355491662925543,7.343511140751207,9.644578452022277,9.810929790434624,6.87392856522236,-0.8422129651548538,-6.06864199303514,-0.8671267940644803,0.0194769383271507,0.0050289238517442,-6.100616337424884,0.0190101808811844,0.0049084075974145,-0.8633381860703911,0.0282296998180115,-6.099255864716084,0.0219628101666163,Renata Nagai 780 G. ruber series 5.xlsx,2026-04-07 15:58:55.881,739713.0,117.0,74.0,71.0,709.0,6.555282742021795,SHP2L,,,OK,16.0,15.0,15.0,0.0,0.0,6.5612052270613646,-0.0059224850395693,-0.0055734916729713,-0.8725408056302252,-6.086527762742133,,,,
2.0,GIRMS\IRMS-operator,2026-04-07 16:34:10.288,2026-04-07 17:31:04.079,Success,False,865 - H. elegans,19-20,2.0,2,2.0,True,Unknown,,"0.002 V, 0.002 V, 0.002 V",,11.027 V,9.5183 kV,91 µbar,86 µbar,Carbon Dioxide: 0.0183 kV,108 µbar,10.216 V,12.628 V,166 µbar/min,6.770 V,1.04E-007 mbar,23 %,836 µbar,72 °C,µ-Volume,,Pre,9.997700468755813,10.906883745229797,10.915273098981936,14.384402806584,14.585344965283038,10.22028378941507,2.836074791643384,3.2121559674984645,2.790941090368108,0.0261250959477097,0.0065312739869274,3.213452929184098,0.0178944084210736,0.0046203163870034,2.787932176949755,0.0240014213626171,3.210205947090472,0.0220766226549275,Renata Nagai 780 G. ruber series 5.xlsx,2026-04-07 16:34:10.288,739713.0,166.0,108.0,86.0,836.0,9.652475583627607,865,H. elegans,19-20,OK,16.0,15.0,15.0,0.0,0.0,9.710033551908584,-0.0575579682809763,-0.0538938258617877,2.832444597635464,3.148641017027741,2.914139117370837,3.504704819042445,2.914139117370837,3.504704819042445
3.0,GIRMS\IRMS-operator,2026-04-07 17:03:53.895,2026-04-07 18:05:14.148,Success,False,865 - H. elegans,18-19,3.0,1,3.0,True,Unknown,,"0.002 V, 0.002 V, 0.002 V",,20.795 V,9.5183 kV,81 µbar,91 µbar,Carbon Dioxide: 0.0183 kV,84 µbar,14.574 V,24.603 V,103 µbar/min,10.035 V,1.31E-007 mbar,10 %,841 µbar,72 °C,µ-Volume,18.996 V,Pre,20.30855656518607,22.13324504060654,15.572576691340489,29.211248562012965,20.8164111825574,14.588432916542574,2.322403619590574,3.07574189607851,2.3629211441782427,0.0526068113405626,0.0135830202812716,3.0703625319920067,0.0155121154087391,0.0040052109761662,2.374366294230557,0.0611444451825067,3.067211304795104,0.0187950622082716,Renata Nagai 780 G. ruber series 5.xlsx,2026-04-07 17:03:53.895,739713.0,103.0,84.0,91.0,841.0,19.454675325295018,865,H. elegans,18-19,OK,16.0,15.0,15.0,0.0,0.0,13.780804880997223,5.673870444297794,7.544742061038629,2.588879609450662,2.770518897471359,2.6705542874618686,3.126448486474942,2.6705542874618686,3.126448486474942
4.0,GIRMS\IRMS-operator,2026-04-07 17:31:04.211,2026-04-07 18:37:54.822,Success,False,865 - H. elegans,17-18,4.0,2,3.0,True,Unknown,,"0.002 V, 0.002 V, 0.002 V",,24.780 V,9.5181 kV,98 µbar,91 µbar,Carbon Dioxide: 0.0181 kV,98 µbar,14.186 V,29.736 V,83 µbar/min,14.208 V,1.30E-007 mbar,10 %,907 µbar,72 °C,µ-Volume,22.395 V,Pre,24.15314556123173,26.314918535368257,15.166182654516511,34.738678593469416,20.271394510103026,14.20630841417588,1.908685219708328,2.984334173398162,2.0982736632349925,0.134861126198178,0.0337152815495445,3.027148607402678,0.0272107741483458,0.0068026935370864,2.110912892803436,0.1294142906139298,3.030002903002978,0.0255665973999407,Renata Nagai 780 G. ruber series 5.xlsx,2026-04-07 17:31:04.211,739713.0,83.0,98.0,91.0,907.0,23.05501938821233,865,H. elegans,17-18,OK,16.0,15.0,15.0,0.0,0.0,13.424622426046495,9.630396962165834,15.578411772567472,2.3878674689096844,2.646948266884105,2.469525771712483,3.00283399496152,2.469525771712483,3.00283399496152
5.0,GIRMS\IRMS-operator,2026-04-07 18:05:14.255,2026-04-07 19:22:24.412,Success,False,865 - H. elegans,16-17,5.0,1,4.0,True,Unknown,,"0.001 V, 0.001 V, 0.001 V",,26.016 V,9.5183 kV,86 µbar,96 µbar,Carbon Dioxide: 0.0183 kV,89 µbar,14.997 V,31.268 V,98 µbar/min,4.594 V,1.34E-007 mbar,10 %,865 µbar,72 °C,µ-Volume,23.290 V,Pre,25.1310452579623,27.37606241052094,16.01546181981507,36.14526214306265,21.408773681568206,15.003485953724937,1.859858580129492,3.0044880540041063,1.9769781218138964,0.1118093082817139,0.0279523270704284,3.021336174079196,0.0219981960662652,0.00567990980075,1.984786091259523,0.111126815726515,3.0266273307024547,0.026699035061649,Renata Nagai 780 G. ruber series 5.xlsx,2026-04-07 18:05:14.255,739713.0,98.0,89.0,96.0,865.0,23.999540483868667,865,H. elegans,16-17,OK,16.0,15.0,15.0,0.0,0.0,14.164997613347124,9.834542870521544,15.694814123620404,2.278121626272948,2.6209162635482657,2.359770988764808,2.9767927516649024,2.359770988764808,2.9767927516649024
6.0,GIRMS\IRMS-operator,2026-04-07 18:37:54.912,2026-04-07 19:49:53.258,Success,False,SHP2L,,6.0,2,4.0,True,QC Standard,SHP2L,"0.002 V, 0.002 V, 0.003 V",,9.404 V,9.5181 kV,98 µbar,86 µbar,Carbon Dioxide: 0.0181 kV,96 µbar,8.792 V,10.697 V,176 µbar/min,14.652 V,9.58E-008 mbar,28 %,828 µbar,72 °C,µ-Volume,,Pre,8.609407340752455,9.35925543308258,9.40675088505762,12.27198924695388,12.568120023359214,8.806773220764965,-0.7906414849656596,-6.082940284653393,-0.8697317762475768,0.028280659000237,0.0073020347551792,-6.085228607867932,0.0213219237740473,0.0055052970457326,-0.8697317762475769,0.028280659000237,-6.089860955869971,0.0274552218118888,Renata Nagai 780 G. ruber series 5.xlsx,2026-04-07 18:37:54.912,739713.0,176.0,96.0,86.0,828.0,8.32058462046741,SHP2L,,,OK,16.0,15.0,15.0,0.0,0.0,8.382498886181803,-0.0619142657143942,-0.057887746335519,-0.8483185232106387,-6.119477530419867,,,,
7.0,GIRMS\IRMS-operator,2026-04-07 19:22:24.515,2026-04-07 20:26:21.802,Success,False,865 - H. elegans,15-16,7.0,1,5.0,True,Unknown,,"0.002 V, 0.002 V, 0.002 V",,16.626 V,9.5183 kV,84 µbar,96 µbar,Carbon Dioxide: 0.0183 kV,89 µbar,14.310 V,19.438 V,93 µbar/min,8.650 V,1.30E-007 mbar,10 %,824 µbar,72 °C,µ-Volume,14.630 V,Pre,15.241901672971744,16.620836878939468,15.293128515406451,21.92804504654821,20.44278670571264,14.32630058343998,2.875872501635346,3.2665637881645893,2.801946015944804,0.0201298197410593,0.005197497107952,3.2526623960671857,0.0105960149683042,0.0027358793005604,2.801946015944804,0.0201298197410593,3.24881884098945,0.0148113054379927,Renata Nagai 780 G. ruber series 5.xlsx,2026-04-07 19:22:24.515,739713.0,93.0,89.0,96.0,824.0,14.658327497137089,865,H. elegans,15-16,OK,16.0,15.0,15.0,0.0,0.0,13.539071477544804,1.1192560195922852,1.1414070648298518,2.9332756129410384,3.0671774624778645,3.014978346751945,3.423212349312962,3.014978346751945,3.423212349312962
8.0,GIRMS\IRMS-operator,2026-04-07 19:49:53.400,2026-04-07 20:59:08.738,Success,False,865 - H. elegans,14-15,8.0,2,5.0,True,Unknown,,"0.002 V, 0.002 V, 0.002 V",,10.284 V,9.5181 kV,106 µbar,96 µbar,Carbon Dioxide: 0.0181 kV,106 µbar,9.557 V,11.770 V,93 µbar/min,13.960 V,1.00E-007 mbar,23 %,868 µbar,72 °C,µ-Volume,,Pre,9.35280993308684,10.204630025036264,10.222883947498728,13.456388783382865,13.65984923832366,9.5716185840573,2.933876936010993,3.213419208960566,2.876936087102419,0.0306984221862403,0.00767460554656,3.2056018170763867,0.0197618372820745,0.0051024844455956,2.873140030508514,0.0276166175536692,3.201375351403909,0.0242420198389584,Renata Nagai 780 G. ruber series 5.xlsx,2026-04-07 19:49:53.400,739713.0,93.0,106.0,96.0,868.0,9.032440775802012,865,H. elegans,14-15,OK,16.0,15.0,15.0,0.0,0.0,9.101775812713942,-0.0693350369119301,-0.064810790366523,2.906899102481612,3.154683329873978,2.988599687562214,3.5107492765845336,2.988599687562214,3.5107492765845336
9.0,GIRMS\IRMS-operator,2026-04-07 20:26:21.904,2026-04-07 21:41:38.033,Success,False,865 - H. elegans,13-14,9.0,1,6.0,True,Unknown,,"0.001 V, 0.001 V, 0.001 V",,11.233 V,9.5183 kV,93 µbar,84 µbar,Carbon Dioxide: 0.0183 kV,93 µbar,10.317 V,12.833 V,112 µbar/min,4.594 V,1.04E-007 mbar,23 %,836 µbar,72 °C,µ-Volume,,Pre,10.1039856672287,11.024550081500704,11.019319773921664,14.53744401035972,14.724736705405194,10.317807012451288,3.011584544795776,3.2183109454915204,2.9555572821155027,0.0265713002723907,0.0068606802294697,3.18729976396305,0.0173270788693997,0.0043317697173499,2.9563760641760983,0.0285375496434136,3.1852323518611523,0.0157607302686549,Renata Nagai 780 G. ruber series 5.xlsx,2026-04-07 20:26:21.904,739713.0,112.0,93.0,84.0,836.0,9.756416082382202,865,H. elegans,13-14,OK,16.0,15.0,15.0,0.0,0.0,9.79972393414612,-0.0433078517639184,-0.040612403426233,3.002691139187603,3.121174178658973,3.0843995278495413,3.477228231423624,3.0843995278495413,3.477228231423624
10.0,GIRMS\IRMS-operator,2026-04-07 20:59:08.841,2026-04-07 22:10:19.702,Success,False,865 - H. elegans,12-13,10.0,2,6.0,True,Unknown,,"0.002 V, 0.002 V, 0.002 V",,26.778 V,9.5183 kV,84 µbar,101 µbar,Carbon Dioxide: 0.0183 kV,93 µbar,14.666 V,32.410 V,103 µbar/min,10.133 V,1.33E-007 mbar,10 %,887 µbar,72 °C,µ-Volume,24.170 V,Pre,26.13954048249786,28.47467793649228,15.669260756430932,37.59780861482547,20.94544805631564,14.678506065345454,1.818992262758723,3.027469260832305,1.994318147726632,0.1357899027406547,0.0339474756851636,3.083358221675964,0.029361180781086,0.0073402951952715,2.0060065400578253,0.1319618509877674,3.087084152398874,0.0261852871890622,Renata Nagai 780 G. ruber series 5.xlsx,2026-04-07 20:59:08.841,739713.0,103.0,93.0,101.0,887.0,24.938313175178223,865,H. elegans,12-13,OK,16.0,15.0,15.0,0.0,0.0,13.8646046409375,11.073708534240724,18.761529958478903,2.3156233386134204,2.6588545424230303,2.397275756136424,3.0147444965878094,2.397275756136424,3.0147444965878094
11.0,GIRMS\IRMS-operator,2026-04-07 21:41:38.132,2026-04-07 22:43:26.268,Success,False,SHP2L,,11.0,1,7.0,True,QC Standard,SHP2L,"0.002 V, 0.002 V, 0.003 V",,12.567 V,9.5181 kV,101 µbar,93 µbar,Carbon Dioxide: 0.0181 kV,103 µbar,11.755 V,14.493 V,117 µbar/min,14.314 V,1.14E-007 mbar,16 %,868 µbar,72 °C,µ-Volume,,Pre,11.488370807793643,12.48491193470533,12.561104015003076,16.373974625882056,16.78623015147105,11.763073714402225,-0.8616544942058324,-6.136918540210812,-0.9410535141213704,0.0242249675498058,0.0062548597255208,-6.150231826097536,0.015050269366177,0.0037625673415442,-0.9410535141213704,0.0242249675498058,-6.151119378489985,0.0151388792283677,Renata Nagai 780 G. ruber series 5.xlsx,2026-04-07 21:41:38.132,739713.0,117.0,103.0,93.0,868.0,11.072121771004705,SHP2L,,,OK,16.0,15.0,15.0,0.0,0.0,11.151723774102235,-0.0796020030975306,-0.0744437812847566,-0.8719199748972836,-6.246737667537258,,,,
12.0,GIRMS\IRMS-operator,2026-04-07 22:10:19.795,2026-04-07 23:19:59.141,Success,False,865 - H. elegans,11-12,12.0,2,7.0,True,Unknown,,"0.002 V, 0.002 V, 0.002 V",,6.027 V,9.5181 kV,89 µbar,101 µbar,Carbon Dioxide: 0.0181 kV,289 µbar,5.608 V,6.781 V,132 µbar/min,11.507 V,7.45E-008 mbar,51 %,743 µbar,72 °C,µ-Volume,,Pre,5.490940946149112,5.993351875179741,6.036869418721858,7.90296010854977,8.064376217921716,5.650368317720299,2.9927272047098885,3.4787489756484824,2.994044724697324,0.018027454362265,0.0046546687013044,3.465897359887028,0.0171803895504263,0.0044359575073438,2.990887003188102,0.0219880023524541,3.467835852047744,0.0201225381345139,Renata Nagai 780 G. ruber series 5.xlsx,2026-04-07 22:10:19.795,739713.0,132.0,289.0,101.0,743.0,5.323809681587711,865,H. elegans,11-12,OK,16.0,15.0,15.0,0.0,0.0,5.404508660864674,-0.0806989792769625,-0.0748772566211845,2.960326777439232,3.510103563665021,3.042031714940208,3.866295665438315,3.042031714940208,3.866295665438315
13.0,GIRMS\IRMS-operator,2026-04-07 22:43:26.367,2026-04-08 00:00:48.760,Success,False,865 - H. elegans,10-11,13.0,1,8.0,True,Unknown,,"0.001 V, 0.001 V, 0.001 V",,21.571 V,9.5182 kV,106 µbar,96 µbar,Carbon Dioxide: 0.0182 kV,101 µbar,14.864 V,25.680 V,147 µbar/min,4.604 V,1.34E-007 mbar,10 %,909 µbar,72 °C,µ-Volume,19.376 V,Pre,20.82570518599281,22.698295144763176,15.871194033351122,29.95668399461192,21.21590125687999,14.868101731402968,2.4006863050460847,3.127900328656174,2.48377135210763,0.0726967611712766,0.0181741902928191,3.150208526186942,0.0170647480675705,0.0042661870168926,2.4893103552450664,0.0716683596706471,3.1516957393556604,0.016555645728734,Renata Nagai 780 G. ruber series 5.xlsx,2026-04-07 22:43:26.367,739713.0,147.0,101.0,96.0,909.0,19.923141852481457,865,H. elegans,10-11,OK,16.0,15.0,15.0,0.0,0.0,14.038062349422072,5.885079503059385,7.867170681216587,2.711948349698403,2.84376612450488,2.793633053354256,3.1997217123337123,2.793633053354256,3.1997217123337123
14.0,GIRMS\IRMS-operator,2026-04-07 23:19:59.250,2026-04-08 00:31:39.334,Success,False,865 - H. elegans,9-10,14.0,2,8.0,True,Unknown,,"0.002 V, 0.002 V, 0.003 V",,9.044 V,9.5181 kV,89 µbar,103 µbar,Carbon Dioxide: 0.0181 kV,521 µbar,8.463 V,10.289 V,98 µbar/min,14.487 V,9.30E-008 mbar,30 %,780 µbar,72 °C,µ-Volume,,Pre,8.287510295952616,9.045306698197118,9.05774916779398,11.925036359160906,12.10099215205591,8.47956484376885,3.126118377167808,3.3266568134471264,3.0709899492629,0.01745301345895,0.0045063486978431,3.278657916990072,0.0250717577998705,0.0062679394499676,3.0709899492629,0.0174530134589501,3.275457990559601,0.0223149670931051,Renata Nagai 780 G. ruber series 5.xlsx,2026-04-07 23:19:59.250,739713.0,98.0,521.0,103.0,780.0,7.997065244312062,865,H. elegans,9-10,OK,16.0,15.0,15.0,0.0,0.0,8.075177131290213,-0.0781118869781503,-0.0728637114680214,3.086792361387076,3.2536017449935253,3.1685076012522586,3.6097028024199744,3.1685076012522586,3.6097028024199744
15.0,GIRMS\IRMS-operator,2026-04-08 00:00:48.867,2026-04-08 01:02:08.393,Success,False,865 - H. elegans,8-9,15.0,1,9.0,True,Unknown,,"0.002 V, 0.002 V, 0.002 V",,9.333 V,9.5182 kV,106 µbar,93 µbar,Carbon Dioxide: 0.0182 kV,103 µbar,9.097 V,10.636 V,112 µbar/min,8.341 V,9.58E-008 mbar,26 %,850 µbar,72 °C,µ-Volume,,Pre,8.960408628145604,9.777820204697171,9.731144670068254,12.891697297820263,13.00123573375624,9.110546851015126,2.9979284734613643,3.2178175270933806,2.935863965066213,0.0121886885229624,0.0031471058441028,3.190541717457723,0.0200904724695585,0.0050226181173896,2.935863965066213,0.0121886885229623,3.188723330148679,0.0193848955990139,Renata Nagai 780 G. ruber series 5.xlsx,2026-04-08 00:00:48.867,739714.0,112.0,103.0,93.0,850.0,8.657930245537557,865,H. elegans,8-9,OK,16.0,15.0,15.0,0.0,0.0,8.668548607683217,-0.0106183621456601,-0.0099894322308509,2.963127849547174,3.151014773403132,3.044833015233962,3.507079417973614,3.044833015233962,3.507079417973614
16.0,GIRMS\IRMS-operator,2026-04-08 00:31:39.447,2026-04-08 01:36:21.815,Success,False,SHP2L,,16.0,2,9.0,True,QC Standard,SHP2L,"0.002 V, 0.002 V, 0.002 V",,2.754 V,9.5182 kV,91 µbar,760 µbar,Carbon Dioxide: 0.0182 kV,640 µbar,4.346 V,3.014 V,142 µbar/min,8.949 V,6.59E-008 mbar,100 %,802 µbar,72 °C,µ-Volume,2.582 V,Pre,2.675625572675869,2.909476550865317,4.703824536772868,3.815128155069936,6.283175327571335,4.40221844341917,-0.8564767403457241,-5.887481602894873,-0.8903360022527104,0.0291958640804468,0.0072989660201117,-5.892577076608789,0.029779684048582,0.0076890813583651,-0.8925932863798429,0.0287390943287485,-5.89795485727022,0.035523487366407,Renata Nagai 780 G. ruber series 5.xlsx,2026-04-08 00:31:39.447,739714.0,142.0,640.0,760.0,802.0,2.604734823729007,SHP2L,,,OK,16.0,15.0,15.0,0.0,0.0,4.2187302212659565,-1.6139953975369496,-0.9386412419420966,-0.9703108003215912,-5.790464111164623,,,,
17.0,GIRMS\IRMS-operator,2026-04-08 01:02:08.510,2026-04-08 02:19:11.742,Success,False,865 - H. elegans,7-8,17.0,1,10.0,True,Unknown,,"0.001 V, 0.001 V, 0.001 V",,6.865 V,9.5184 kV,98 µbar,797 µbar,Carbon Dioxide: 0.0184 kV,103 µbar,6.541 V,7.714 V,122 µbar/min,4.597 V,8.06E-008 mbar,45 %,870 µbar,72 °C,µ-Volume,,Pre,6.458607482591,7.0491793296352485,7.018565173198413,9.296355936035855,9.376131195605636,6.569337905821722,2.9777641927188903,3.548754531619513,2.9430662747752803,0.0205440330922468,0.0051360082730617,3.553815965834214,0.0070995895951178,0.0018974451322597,2.9407530802457065,0.0189861808614162,3.552529951587177,0.0241485899911789,Renata Nagai 780 G. ruber series 5.xlsx,2026-04-08 01:02:08.510,739714.0,122.0,103.0,797.0,870.0,6.259149183075548,865,H. elegans,7-8,OK,16.0,15.0,15.0,0.0,0.0,6.274071678353448,-0.0149224952778999,-0.0140224162566009,2.926414575757052,3.5723614730467945,3.008116750641761,3.9285756730288313,3.008116750641761,3.9285756730288313
18.0,GIRMS\IRMS-operator,2026-04-08 01:36:21.934,2026-04-08 02:47:44.573,Success,False,865 - H. elegans,6-7,18.0,2,10.0,True,Unknown,,"0.002 V, 0.002 V, 0.002 V",,29.243 V,9.5184 kV,101 µbar,113 µbar,Carbon Dioxide: 0.0184 kV,545 µbar,14.642 V,35.594 V,161 µbar/min,6.461 V,1.32E-007 mbar,10 %,907 µbar,72 °C,µ-Volume,26.244 V,Pre,28.443559454062605,30.98060238512755,15.6405572906375,40.90731085230739,20.906733879345964,14.651536391356608,1.6888003367130366,2.9500850611581253,1.885307688415161,0.1570619399157711,0.0392654849789427,3.004984872793992,0.0344018023567701,0.0086004505891925,1.898408178528636,0.1532591905098769,3.008644860236383,0.0322239242778268,Renata Nagai 780 G. ruber series 5.xlsx,2026-04-08 01:36:21.934,739714.0,161.0,545.0,113.0,907.0,27.10592691717448,865,H. elegans,6-7,OK,16.0,15.0,15.0,0.0,0.0,13.838231013396404,13.267695903778074,24.4790620770856,2.245618199509398,2.5284202323804825,2.327264914149282,2.884263889381941,2.327264914149282,2.884263889381941
19.0,GIRMS\IRMS-operator,2026-04-08 02:19:11.869,2026-04-08 03:19:32.064,Success,False,865 - H. elegans,5-6,19.0,1,11.0,True,Unknown,,"0.002 V, 0.002 V, 0.003 V",,15.887 V,9.5182 kV,103 µbar,91 µbar,Carbon Dioxide: 0.0182 kV,101 µbar,14.267 V,18.503 V,103 µbar/min,14.290 V,1.29E-007 mbar,10 %,882 µbar,72 °C,µ-Volume,14.604 V,Pre,15.521878161072776,16.92544977331702,15.247489615922612,22.326752021840697,20.37993021302569,14.283666171670005,2.8580385699144006,3.169977096371346,2.793452591174865,0.0262683961968151,0.0067824707334562,3.15529501968254,0.0133617736177225,0.0034499951131488,2.7934525911748644,0.0262683961968152,3.1518321765049424,0.015794292480346,Renata Nagai 780 G. ruber series 5.xlsx,2026-04-08 02:19:11.869,739714.0,103.0,101.0,91.0,882.0,14.916220464348836,865,H. elegans,5-6,OK,16.0,15.0,15.0,0.0,0.0,13.497853436112443,1.4183670282363927,1.4763804666959737,2.929254861272604,2.9640046638212385,3.010957267537833,3.3200029298632217,3.010957267537833,3.3200029298632217
20.0,GIRMS\IRMS-operator,2026-04-08 02:47:44.671,2026-04-08 03:57:35.963,Success,False,865 - H. elegans,4-5,20.0,2,11.0,True,Unknown,,"0.002 V, 0.002 V, 0.002 V",,10.443 V,9.5182 kV,86 µbar,101 µbar,Carbon Dioxide: 0.0182 kV,89 µbar,9.744 V,11.968 V,98 µbar/min,13.892 V,1.00E-007 mbar,22 %,806 µbar,72 °C,µ-Volume,,Pre,9.531055713889147,10.399778025507056,10.422889726518717,13.712475825284107,13.926352191899406,9.759192274198975,3.022605664989575,3.2536850582782773,2.952105117330757,0.0200229631353962,0.0051699068510076,3.239310051073755,0.0129170592859798,0.0033351703664382,2.952105117330757,0.0200229631353962,3.2359770893217137,0.0151925229752413,Renata Nagai 780 G. ruber series 5.xlsx,2026-04-08 02:47:44.671,739714.0,98.0,89.0,101.0,806.0,9.201308232302198,865,H. elegans,4-5,OK,16.0,15.0,15.0,0.0,0.0,9.278317359910377,-0.0770091276081785,-0.0719346504587944,2.988792880762849,3.1852344077272265,3.070500137220052,3.5413111984269108,3.070500137220052,3.5413111984269108
21.0,GIRMS\IRMS-operator,2026-04-08 03:19:32.192,2026-04-08 04:38:07.841,Success,False,SHP2L,,21.0,1,12.0,True,QC Standard,SHP2L,"0.001 V, 0.001 V, 0.001 V",,14.219 V,9.5186 kV,106 µbar,96 µbar,Carbon Dioxide: 0.0186 kV,106 µbar,13.412 V,16.487 V,122 µbar/min,4.605 V,1.23E-007 mbar,13 %,885 µbar,72 °C,µ-Volume,,Pre,13.251662254333494,14.398246657435353,14.306395207953246,18.886377707419182,19.12032593816259,13.399721836064629,-0.9170264054912948,-6.116740018669797,-0.9828489599303416,0.0218652129832672,0.0056455737163648,-6.141111619350395,0.0125894847206913,0.0032505909773713,-0.9828489599303416,0.0218652129832672,-6.140480678821003,0.0140505229347643,Renata Nagai 780 G. ruber series 5.xlsx,2026-04-08 03:19:32.192,739714.0,122.0,106.0,96.0,885.0,12.756200902456504,SHP2L,,,OK,16.0,15.0,15.0,0.0,0.0,12.678205966949465,0.0779949355070392,0.0739172036745967,-0.884508205350652,-6.276495336859103,,,,
22.0,GIRMS\IRMS-operator,2026-04-08 03:57:36.114,2026-04-08 05:07:20.310,Success,False,865 - H. elegans,3-4,22.0,2,12.0,True,Unknown,,"0.002 V, 0.002 V, 0.002 V",,20.408 V,9.5184 kV,89 µbar,101 µbar,Carbon Dioxide: 0.0184 kV,91 µbar,14.485 V,24.201 V,112 µbar/min,13.105 V,1.31E-007 mbar,10 %,860 µbar,72 °C,µ-Volume,18.674 V,Pre,19.98646264060142,21.782163156521868,15.474009884846762,28.74878336409157,20.68306793192452,14.495831775504374,2.3030494688456304,3.1655757885455937,2.439633889629713,0.0822110425018142,0.0205527606254535,3.170243155085572,0.0160129212654017,0.0040032303163504,2.448739517681985,0.0762893185297203,3.1705543128549043,0.0165248041138153,Renata Nagai 780 G. ruber series 5.xlsx,2026-04-08 03:57:36.114,739714.0,112.0,91.0,101.0,860.0,19.149822044211646,865,H. elegans,3-4,OK,16.0,15.0,15.0,0.0,0.0,13.696995425063395,5.452826619148251,7.180863952601281,2.657965720636297,2.881174486870548,2.739646026663081,3.2371433526556075,2.739646026663081,3.2371433526556075
23.0,GIRMS\IRMS-operator,2026-04-08 04:38:07.967,2026-04-08 05:40:18.284,Success,False,865 - H. elegans,2-3,23.0,1,13.0,True,Unknown,,"0.002 V, 0.002 V, 0.003 V",,12.108 V,9.5184 kV,101 µbar,91 µbar,Carbon Dioxide: 0.0184 kV,101 µbar,11.320 V,13.937 V,103 µbar/min,14.130 V,1.10E-007 mbar,17 %,858 µbar,72 °C,µ-Volume,,Pre,11.06166935355008,12.067433762204756,12.097104859795111,15.913199000386191,16.165565066365197,11.328757766788604,2.995710241704641,3.1964840605758216,2.949482121054669,0.0263505605238296,0.0065876401309574,3.1822739465758167,0.0141449384961757,0.0035362346240439,2.946400246344672,0.0241065672499217,3.181326605642483,0.0141062299138569,Renata Nagai 780 G. ruber series 5.xlsx,2026-04-08 04:38:07.967,739714.0,103.0,101.0,91.0,858.0,10.666494808711295,865,H. elegans,2-3,OK,16.0,15.0,15.0,0.0,0.0,10.748078588443258,-0.0815837797319627,-0.0762623692136099,3.008498941528188,3.0954381779392586,3.090207803315593,3.451483095808044,3.090207803315593,3.451483095808044
24.0,GIRMS\IRMS-operator,2026-04-08 05:07:20.416,2026-04-08 06:16:31.931,Success,False,865 - H. elegans,1-2,24.0,2,13.0,True,Unknown,,"0.002 V, 0.002 V, 0.002 V",,7.035 V,9.5186 kV,86 µbar,108 µbar,Carbon Dioxide: 0.0186 kV,91 µbar,6.559 V,7.951 V,68 µbar/min,11.085 V,7.98E-008 mbar,41 %,772 µbar,72 °C,µ-Volume,,Pre,6.429873614362367,7.018005152404974,7.0439331728822685,9.252013691984269,9.40971268089876,6.593079266639725,2.9983269061226725,3.248688025225821,3.0039071541287785,0.0173148056680862,0.0044706635996877,3.2693762747468087,0.0260350608631182,0.0067222238093569,3.008115871939557,0.0226974800955592,3.266378804384104,0.0307486677559514,Renata Nagai 780 G. ruber series 5.xlsx,2026-04-08 05:07:20.416,739714.0,68.0,91.0,108.0,772.0,6.229491280254367,865,H. elegans,1-2,OK,16.0,15.0,15.0,0.0,0.0,6.297685413411745,-0.0681941331573785,-0.063538098115108,2.993263006374564,3.2869217363490137,3.0749706269850776,3.643034620579897,3.0749706269850776,3.643034620579897
25.0,GIRMS\IRMS-operator,2026-04-08 05:40:18.399,2026-04-08 06:57:43.739,Success,False,865 - H. elegans,0-1,25.0,1,14.0,True,Unknown,,"0.001 V, 0.001 V, 0.001 V",,20.768 V,9.5187 kV,108 µbar,93 µbar,Carbon Dioxide: 0.0187 kV,101 µbar,14.633 V,24.667 V,132 µbar/min,4.599 V,1.33E-007 mbar,10 %,904 µbar,72 °C,µ-Volume,17.926 V,Pre,18.762521643676955,20.450344935150312,15.62643672534959,26.98946190394461,20.88916492976248,14.63929583553334,2.4570542337791768,3.1268626312521697,2.4700401431571257,0.0346599484459624,0.0089491602074413,3.1181839917795293,0.0100881011391942,0.002604736513797,2.479992101626882,0.0490917666168028,3.115470978541628,0.0127170067376991,Renata Nagai 780 G. ruber series 5.xlsx,2026-04-08 05:40:18.399,739714.0,132.0,101.0,93.0,904.0,17.97803511146565,865,H. elegans,0-1,OK,16.0,15.0,15.0,0.0,0.0,13.828389544525344,4.149645566940308,5.081561677988027,2.6688958430908665,2.8541990581953094,2.7505770395268883,3.2101583491543124,2.7505770395268883,3.2101583491543124
26.0,GIRMS\IRMS-operator,2026-04-08 06:16:32.146,2026-04-08 07:28:27.000,Success,False,SHP2L,,26.0,2,14.0,True,QC Standard,SHP2L,"0.002 V, 0.002 V, 0.003 V",,12.244 V,9.5185 kV,86 µbar,101 µbar,Carbon Dioxide: 0.0185 kV,103 µbar,11.483 V,14.113 V,107 µbar/min,14.286 V,1.13E-007 mbar,17 %,802 µbar,72 °C,µ-Volume,,Pre,11.2242410222318,12.197715968392822,12.265126031960405,16.001176416203194,16.39169114761036,11.486713543272328,-0.8144087958655843,-5.880022887211678,-0.887284823687747,0.0241460225787611,0.006234476221646,-5.92004771607737,0.0178908495196,0.0046193974825942,-0.8872848236877471,0.0241460225787611,-5.919701634205144,0.018749977603459,Renata Nagai 780 G. ruber series 5.xlsx,2026-04-08 06:16:32.146,739714.0,107.0,103.0,101.0,802.0,10.828902409707505,SHP2L,,,OK,16.0,15.0,15.0,0.0,0.0,10.89431441223882,-0.0654120025313158,-0.0612431553059843,-0.8223694712052391,-6.00948576802706,,,,
27.0,GIRMS\IRMS-operator,2026-04-08 06:57:43.845,2026-04-08 07:59:08.025,Success,False,865 - Uvigerina,26-27,27.0,1,15.0,True,Unknown,,"0.002 V, 0.002 V, 0.002 V",,22.345 V,9.5185 kV,106 µbar,98 µbar,Carbon Dioxide: 0.0185 kV,106 µbar,13.901 V,26.652 V,122 µbar/min,11.241 V,1.27E-007 mbar,10 %,931 µbar,72 °C,µ-Volume,20.319 V,Pre,21.830206893062243,23.71683375493912,14.859821959895168,31.41377334314853,19.86346606928379,13.919955275630604,-0.8652709674411563,3.4659761108737364,-0.7567078945827921,0.0992757844950512,0.0248189461237628,3.524058104498045,0.0291968928963815,0.0072992232240953,-0.7494703563922342,0.0982938563086184,3.527930237406333,0.0256187140579689,Renata Nagai 780 G. ruber series 5.xlsx,2026-04-08 06:57:43.845,739714.0,122.0,106.0,98.0,931.0,20.88553287801708,865,Uvigerina,26-27,OK,16.0,15.0,15.0,0.0,0.0,13.162946484660754,7.722586393356327,11.541727020634294,-0.5101414823868861,3.196915541661828,-0.428719262342156,3.552996478535647,-0.428719262342156,3.552996478535647
28.0,GIRMS\IRMS-operator,2026-04-08 07:28:27.121,2026-04-08 08:32:41.638,Success,False,865 - Uvigerina,25-26,28.0,2,15.0,True,Unknown,,"0.002 V, 0.002 V, 0.002 V",,27.240 V,9.5183 kV,93 µbar,86 µbar,Carbon Dioxide: 0.0183 kV,460 µbar,13.560 V,33.131 V,122 µbar/min,13.581 V,1.24E-007 mbar,10 %,887 µbar,72 °C,µ-Volume,24.501 V,Pre,26.590369851302498,28.87971118783243,14.500910199635104,38.25348179788698,19.38239794225801,13.583891303252573,-1.172578116057088,3.2775137779261776,-0.9334947509484836,0.1743121021339471,0.0435780255334867,3.3816247268851907,0.0391292608984039,0.0101031317205949,-0.9175558599412438,0.1679283552772199,3.3816247268851907,0.0391292608984038,Renata Nagai 780 G. ruber series 5.xlsx,2026-04-08 07:28:27.121,739714.0,122.0,460.0,86.0,887.0,25.323383719634403,865,Uvigerina,25-26,OK,16.0,15.0,15.0,0.0,0.0,12.848191172789925,12.47519254684448,23.160214711688152,-0.6012607301190322,2.9441583467892043,-0.5198459329926663,3.300149568456277,-0.5198459329926663,3.300149568456277
29.0,GIRMS\IRMS-operator,2026-04-08 07:59:08.176,2026-04-08 09:21:11.935,Success,False,865 - Uvigerina,24-25,29.0,1,16.0,True,Unknown,,"0.001 V, 0.001 V, 0.001 V",,9.880 V,9.5187 kV,79 µbar,89 µbar,Carbon Dioxide: 0.0187 kV,84 µbar,9.120 V,11.315 V,112 µbar/min,4.605 V,9.67E-008 mbar,28 %,775 µbar,72 °C,µ-Volume,,Pre,8.92567531029464,9.713278654966636,9.747988586061744,12.861506585589826,13.025508765689311,9.12701980034591,0.3219940106926611,4.723863585641919,0.2950047777310754,0.0287948557503514,0.0071987139375878,4.726060291987031,0.014578441676226,0.003896252427536,0.2932054955336364,0.028859482005806,4.726345244084958,0.0277785944565515,Renata Nagai 780 G. ruber series 5.xlsx,2026-04-08 07:59:08.176,739714.0,112.0,84.0,89.0,775.0,8.622496284644615,865,Uvigerina,24-25,OK,16.0,15.0,15.0,0.0,0.0,8.683069504897606,-0.0605732202529907,-0.0566573136769671,0.3198548439709079,4.689486649394224,0.4013446786520944,5.046097368716687,0.4013446786520944,5.046097368716687
30.0,GIRMS\IRMS-operator,2026-04-08 08:32:41.767,2026-04-08 09:47:57.690,Success,False,865 - Uvigerina,23-24,30.0,2,16.0,True,Unknown,,"0.002 V, 0.002 V, 0.002 V",,11.703 V,9.5187 kV,101 µbar,96 µbar,Carbon Dioxide: 0.0187 kV,780 µbar,10.859 V,13.489 V,205 µbar/min,8.983 V,1.08E-007 mbar,20 %,858 µbar,72 °C,µ-Volume,,Pre,10.781794786453244,11.725235355647015,11.589086816118764,15.524128719493165,15.487084432765256,10.85294783115387,-0.1737529069238963,4.037575572222174,-0.2381229075731165,0.0255061492170673,0.0065856594095722,4.021577041897262,0.0169333504153771,0.0042333376038442,-0.2381229075731165,0.0255061492170673,4.020510473208934,0.0169622666112763,Renata Nagai 780 G. ruber series 5.xlsx,2026-04-08 08:32:41.767,739714.0,205.0,780.0,96.0,858.0,10.394413808536704,865,Uvigerina,23-24,OK,16.0,15.0,15.0,0.0,0.0,10.303571820259094,0.0908419882776101,0.0863205917622543,-0.1807429504927297,3.9411485110815705,-0.0992938963991036,4.29749361062261,-0.0992938963991036,4.29749361062261
31.0,GIRMS\IRMS-operator,2026-04-08 09:21:12.059,2026-04-08 10:01:53.765,Error,False,SHP2L,,31.0,1,17.0,True,QC Standard,SHP2L,"0.002 V, 0.002 V, 0.002 V",,,,86 µbar,,,89 µbar,,,107 µbar/min,,,,792 µbar,72 °C,,,Pre,,,,,,,,,,,,,,,,,,,Renata Nagai 780 G. ruber series 5.xlsx,2026-04-08 09:21:12.059,739714.0,107.0,89.0,,792.0,,SHP2L,,,Failed Sample,0.0,0.0,0.0,0.0,0.0,,,,,,,,,
32.0,GIRMS\IRMS-operator,2026-04-08 09:47:57.822,2026-04-08 10:01:53.791,Error,False,865 - Uvigerina,22-23,32.0,2,17.0,True,Unknown,,"0.002 V, 0.002 V, 0.002 V",,,,,,,,,,,,,,,,,,Pre,,,,,,,,,,,,,,,,,,,Renata Nagai 780 G. ruber series 5.xlsx,2026-04-08 09:47:57.822,739714.0,,,,,,865,Uvigerina,22-23,Failed Sample,0.0,0.0,0.0,0.0,0.0,,,,,,,,,
33.0,GIRMS\IRMS-operator,2026-04-08 12:46:55.499,2026-04-08 13:05:22.400,Error,False,865 - Uvigerina,21-22,33.0,1,18.0,True,Unknown,,"0.002 V, 0.002 V, 0.002 V",,,,101 µbar,,,,,,112 µbar/min,,,,,72 °C,,,Pre,,,,,,,,,,,,,,,,,,,Renata Nagai 780 G. ruber series 5.xlsx,2026-04-08 12:46:55.499,739714.0,112.0,,,,,865,Uvigerina,21-22,Failed Sample,0.0,0.0,0.0,0.0,0.0,,,,,,,,,
1.0,GIRMS\IRMS-operator,2026-04-13 19:52:42.653,2026-04-13 20:55:19.420,Success,False,SHP2L,,1.0,1,2.0,True,QC Standard,SHP2L,"0.001 V, 0.001 V, 0.001 V",,3.518 V,9.5182 kV,76 µbar,103 µbar,Carbon Dioxide: 0.0182 kV,91 µbar,6.266 V,3.891 V,39 µbar/min,6.268 V,7.83E-008 mbar,100 %,655 µbar,72 °C,µ-Volume,3.297 V,Pre,3.4337972636827145,3.734595923504745,6.717548251841776,4.894834295975305,8.973639742600062,6.287826124673504,-0.5145932946457599,-6.065595319047268,-0.5744428919107759,0.0462776083231325,0.0115694020807831,-6.084542897951691,0.0255150621032882,0.0065879607068988,-0.5784328650617768,0.0449630665123124,-6.090414689951521,0.0304923150995435,Renata Nagai 780 G. ruber series 6.2.xlsx,2026-04-13 19:52:42.653,739719.0,39.0,91.0,103.0,655.0,3.335963743965128,SHP2L,,,OK,16.0,15.0,15.0,0.0,0.0,6.008757710115883,-2.6727939661507545,-1.3977119873235415,-0.6434685755486186,-6.0004640895118575,,,,
2.0,GIRMS\IRMS-operator,2026-04-13 20:25:11.227,2026-04-13 21:24:04.547,Success,False,865 - Uvigerina,10-11,2.0,2,2.0,True,Unknown,,"0.001 V, 0.001 V, 0.001 V",,11.732 V,9.5184 kV,79 µbar,108 µbar,Carbon Dioxide: 0.0184 kV,84 µbar,10.861 V,13.441 V,29 µbar/min,6.215 V,1.08E-007 mbar,35 %,792 µbar,72 °C,µ-Volume,,Pre,10.76908935432809,11.724413397216036,11.54635942211075,15.483925846223917,15.42917897999772,10.812764657787255,0.9498872730202556,2.665796223171757,0.9008486107646708,0.025806945983507,0.0064517364958767,2.649883893807455,0.0147012616257616,0.0037958494296542,0.8975793666142984,0.0230292781963002,2.6462951098888965,0.0169395346084806,Renata Nagai 780 G. ruber series 6.2.xlsx,2026-04-13 20:25:11.227,739719.0,29.0,84.0,108.0,792.0,10.395427836231168,865,Uvigerina,10-11,OK,16.0,15.0,15.0,0.0,0.0,10.263850582889493,0.1315772533416748,0.1255244829701075,0.9549769101160686,2.566908824060736,1.036518484240446,2.9227661424417875,1.036518484240446,2.9227661424417875
3.0,GIRMS\IRMS-operator,2026-04-13 20:55:19.538,2026-04-13 21:58:11.325,Success,False,865 - Uvigerina,9-10,3.0,1,3.0,True,Unknown,,"0.002 V, 0.001 V, 0.002 V",,18.432 V,9.5184 kV,93 µbar,186 µbar,Carbon Dioxide: 0.0184 kV,93 µbar,16.910 V,21.574 V,63 µbar/min,10.682 V,1.43E-007 mbar,16 %,855 µbar,72 °C,µ-Volume,,Pre,16.519940635215967,17.972393792618494,17.94953541134713,23.74751667762481,23.997438953168025,16.82000531817648,0.8574364441646942,2.605748311062195,0.7563619447287506,0.0508806659572567,0.0127201664893141,2.56038558411514,0.0165341882844847,0.0042691090579244,0.7496236447663543,0.0446698266585224,2.5603855841151395,0.0165341882844847,Renata Nagai 780 G. ruber series 6.2.xlsx,2026-04-13 20:55:19.538,739719.0,63.0,93.0,186.0,855.0,15.882856389534206,865,Uvigerina,9-10,OK,16.0,15.0,15.0,0.0,0.0,15.845290562164518,0.0375658273696881,0.0354680194644725,0.9021904142929368,2.3493711672151747,0.9837276882299192,2.7051512714306227,0.9837276882299192,2.7051512714306227
4.0,GIRMS\IRMS-operator,2026-04-13 21:24:04.622,2026-04-13 22:31:09.611,Success,False,865 - Uvigerina,8-9,4.0,2,3.0,True,Unknown,,"0.002 V, 0.002 V, 0.002 V",,11.756 V,9.5184 kV,98 µbar,106 µbar,Carbon Dioxide: 0.0184 kV,91 µbar,10.873 V,13.490 V,78 µbar/min,16.512 V,1.07E-007 mbar,32 %,833 µbar,72 °C,µ-Volume,,Pre,10.631913553664084,11.57373863438521,11.574674022546478,15.286247538063604,15.467311547730048,10.83970596332213,0.8490634073328174,2.660470089654643,0.8132858288876359,0.0225161682201725,0.0056290420550431,2.640774697360356,0.0169664820956762,0.0043807268400187,0.8109006569912905,0.0211107566957814,2.636380214607747,0.0198006851843421,Renata Nagai 780 G. ruber series 6.2.xlsx,2026-04-13 21:24:04.622,739719.0,78.0,91.0,106.0,833.0,10.2584861709561,865,Uvigerina,8-9,OK,16.0,15.0,15.0,0.0,0.0,10.28911266732002,-0.0306264963639204,-0.0287619448651359,0.8659232024100456,2.560278778011048,0.947457521882825,2.916133743082355,0.947457521882825,2.916133743082355
5.0,GIRMS\IRMS-operator,2026-04-13 21:58:11.436,2026-04-13 23:17:24.850,Success,False,865 - Uvigerina,7-8,5.0,1,4.0,True,Unknown,,"0.001 V, 0.001 V, 0.001 V",,8.520 V,9.5187 kV,86 µbar,96 µbar,Carbon Dioxide: 0.0187 kV,89 µbar,8.269 V,9.615 V,73 µbar/min,6.267 V,9.03E-008 mbar,50 %,750 µbar,72 °C,µ-Volume,,Pre,8.146300349794894,8.871459372554089,8.824693565958317,11.714464201807298,11.790549530863084,8.261641881712372,0.9270747492553522,2.6590036584563936,0.9238001912148668,0.0118413465114781,0.003057422522375,2.671947245057208,0.0142503172437133,0.0036794160908716,0.9261849404538371,0.0155645909739308,2.670236639261499,0.0171583777307075,Renata Nagai 780 G. ruber series 6.2.xlsx,2026-04-13 21:58:11.436,739719.0,73.0,89.0,96.0,750.0,7.887652894732874,865,Uvigerina,7-8,OK,16.0,15.0,15.0,0.0,0.0,7.870301042162448,0.0173518525704254,0.0163801499537875,0.9400897991928776,2.6510048912996087,1.0216301605568106,3.006892059260508,1.0216301605568106,3.006892059260508
6.0,GIRMS\IRMS-operator,2026-04-13 22:31:09.713,2026-04-13 23:43:02.102,Success,False,SHP2L,,6.0,2,4.0,True,QC Standard,SHP2L,"0.002 V, 0.002 V, 0.002 V",,4.445 V,9.5187 kV,106 µbar,123 µbar,Carbon Dioxide: 0.0187 kV,108 µbar,6.194 V,4.929 V,44 µbar/min,8.180 V,7.67E-008 mbar,99 %,758 µbar,72 °C,µ-Volume,4.152 V,Pre,4.327935975774671,4.70669979761943,6.643074045767157,6.169865090389217,8.874378564363946,6.218097161309209,-0.5947656509937005,-6.019509146580448,-0.6943129743777495,0.0374372994844965,0.0096662691620289,-6.032983007484124,0.0165099087501052,0.0042628401091041,-0.6943129743777495,0.0374372994844965,-6.037166377583557,0.0203543918460597,Renata Nagai 780 G. ruber series 6.2.xlsx,2026-04-13 22:31:09.713,739719.0,44.0,108.0,123.0,758.0,4.20127162060023,SHP2L,,,OK,16.0,15.0,15.0,0.0,0.0,5.94222347138777,-1.74095185078754,-1.159402194749033,-0.7443415316793408,-5.967972103626656,,,,
7.0,GIRMS\IRMS-operator,2026-04-13 23:17:24.963,2026-04-14 00:19:02.634,Success,False,865 - Uvigerina,6-7,7.0,1,5.0,True,Unknown,,"0.001 V, 0.001 V, 0.002 V",,11.054 V,9.5187 kV,98 µbar,113 µbar,Carbon Dioxide: 0.0187 kV,96 µbar,10.280 V,12.630 V,93 µbar/min,6.139 V,1.03E-007 mbar,36 %,826 µbar,72 °C,µ-Volume,,Pre,10.187457591463096,11.090916428854932,10.93734905389959,14.650132812072185,14.61456374030247,10.242055446077355,0.864466845178713,2.849129460373856,0.8504151098014391,0.022103866626309,0.0055259666565772,2.820225021052239,0.0219143996481616,0.0054785999120404,0.849478327442954,0.022548517709572,2.818298058430798,0.0212341525654624,Renata Nagai 780 G. ruber series 6.2.xlsx,2026-04-13 23:17:24.963,739719.0,93.0,96.0,113.0,826.0,9.843916355210494,865,Uvigerina,6-7,OK,16.0,15.0,15.0,0.0,0.0,9.730394274164208,0.1135220810462858,0.1081766177226302,0.8973109316871658,2.7521409973308018,0.978847808122964,3.1080640631686265,0.978847808122964,3.1080640631686265
8.0,GIRMS\IRMS-operator,2026-04-13 23:43:02.193,2026-04-14 00:50:49.862,Success,False,865 - Uvigerina,5-6,8.0,2,5.0,True,Unknown,,"0.002 V, 0.002 V, 0.002 V",,11.355 V,9.5187 kV,111 µbar,120 µbar,Carbon Dioxide: 0.0187 kV,106 µbar,11.134 V,12.995 V,44 µbar/min,10.132 V,1.08E-007 mbar,32 %,868 µbar,72 °C,µ-Volume,,Pre,10.95067251686777,11.922611462967662,11.848624145194156,15.743061359772351,15.83331769312349,11.096141493064044,1.0099354648638317,2.572673553372873,0.9578866651093568,0.0178053989272164,0.0045973342345125,2.5634705117638505,0.0141359079413899,0.0036498757360349,0.9578866651093568,0.0178053989272164,2.566100350777933,0.0188527777853468,Renata Nagai 780 G. ruber series 6.2.xlsx,2026-04-13 23:43:02.193,739719.0,44.0,106.0,120.0,868.0,10.566654691741125,865,Uvigerina,5-6,OK,16.0,15.0,15.0,0.0,0.0,10.529833922431129,0.0368207693099957,0.0348036209478576,1.01825381945075,2.4826068094727947,1.099800548351027,2.838434205173826,1.099800548351027,2.838434205173826
9.0,GIRMS\IRMS-operator,2026-04-14 00:19:02.758,2026-04-14 01:38:26.741,Success,False,865 - Uvigerina,4-5,9.0,1,6.0,True,Unknown,,"0.001 V, 0.001 V, 0.001 V",,17.491 V,9.5188 kV,96 µbar,111 µbar,Carbon Dioxide: 0.0188 kV,96 µbar,15.900 V,20.425 V,73 µbar/min,6.260 V,1.36E-007 mbar,19 %,850 µbar,72 °C,µ-Volume,,Pre,15.518957039569257,16.886197226878455,16.875840919848734,22.31211378484117,22.56032242684709,15.8124056069597,0.9015399743892428,2.741155289464947,0.7783270004677156,0.0350244463432041,0.0090432731598243,2.712459054995369,0.0195001498869652,0.0048750374717413,0.7783270004677156,0.0350244463432041,2.7105459726973984,0.0185654547735775,Renata Nagai 780 G. ruber series 6.2.xlsx,2026-04-14 00:19:02.758,739720.0,73.0,96.0,111.0,850.0,14.927664062236186,865,Uvigerina,4-5,OK,16.0,15.0,15.0,0.0,0.0,14.916354080890056,0.0113099813461303,0.0106612133808147,0.9143277384531542,2.522443959965445,0.9958660011423036,2.8782854957117934,0.9958660011423036,2.8782854957117934
10.0,GIRMS\IRMS-operator,2026-04-14 00:50:49.965,2026-04-14 02:05:21.194,Success,False,865 - Uvigerina,3-4,10.0,2,6.0,True,Unknown,,"0.002 V, 0.002 V, 0.002 V",,5.725 V,9.5187 kV,111 µbar,130 µbar,Carbon Dioxide: 0.0187 kV,594 µbar,6.126 V,6.400 V,112 µbar/min,15.587 V,7.71E-008 mbar,84 %,782 µbar,72 °C,µ-Volume,5.109 V,Pre,5.304424247346382,5.777567625045776,6.572984862337035,7.62693148107637,8.780421516221242,6.15279759503471,0.9791488211696732,2.6038316188530253,0.9429556978159946,0.0252936704720276,0.0063234176180069,2.6265744150833767,0.0297622200017941,0.0074405550004485,0.9405428229257496,0.0242004646244929,2.628090601498734,0.030160438837823,Renata Nagai 780 G. ruber series 6.2.xlsx,2026-04-14 00:50:49.965,739720.0,112.0,594.0,130.0,782.0,5.14422201613208,865,Uvigerina,3-4,OK,16.0,15.0,15.0,0.0,0.0,5.880374566088787,-0.7361525499567074,-0.6065940025814062,0.906867983663647,2.67466612114264,0.9884056386530348,3.0305616875672285,0.9884056386530348,3.0305616875672285
11.0,GIRMS\IRMS-operator,2026-04-14 01:38:26.832,2026-04-14 02:40:38.750,Success,False,SHP2L,,11.0,1,7.0,True,QC Standard,SHP2L,"0.002 V, 0.001 V, 0.002 V",,8.891 V,9.5189 kV,96 µbar,111 µbar,Carbon Dioxide: 0.0189 kV,96 µbar,8.536 V,10.063 V,59 µbar/min,6.076 V,9.21E-008 mbar,46 %,792 µbar,72 °C,µ-Volume,,Pre,8.41523908771131,9.148434761014409,9.107879537203964,11.994389331959438,12.168640527010496,8.527221207288603,-0.7512690131420419,-6.1018780430945885,-0.823254455308072,0.0266266836655418,0.0068749801600917,-6.106855165222482,0.0162689537758487,0.0040672384439621,-0.823254455308072,0.0266266836655418,-6.107186973364343,0.0167838350378519,Renata Nagai 780 G. ruber series 6.2.xlsx,2026-04-14 01:38:26.832,739720.0,59.0,96.0,111.0,792.0,8.143382562153338,SHP2L,,,OK,16.0,15.0,15.0,0.0,0.0,8.120711239235803,0.0226713229175352,0.0214142668722808,-0.8049144418725136,-6.132552963960137,,,,
12.0,GIRMS\IRMS-operator,2026-04-14 02:05:21.322,2026-04-14 03:12:27.713,Success,False,865 - Uvigerina,2-3,12.0,2,7.0,True,Unknown,,"0.002 V, 0.002 V, 0.002 V",,2.402 V,9.5189 kV,108 µbar,115 µbar,Carbon Dioxide: 0.0189 kV,103 µbar,5.995 V,2.621 V,49 µbar/min,8.441 V,7.53E-008 mbar,100 %,640 µbar,72 °C,µ-Volume,2.253 V,Pre,2.3323118355438464,2.540471083129409,6.434406109277265,3.3550497989837367,8.595367091953506,6.0228431302561685,1.0053538808652007,3.0367830670050555,0.8776187781162738,0.050140503080964,0.012946222226869,2.972287160613988,0.038140519630551,0.009847839822988,0.8776187781162736,0.050140503080964,2.974750858910369,0.0434308998958509,Renata Nagai 780 G. ruber series 6.2.xlsx,2026-04-14 02:05:21.322,739720.0,49.0,103.0,115.0,640.0,2.2698340288993504,865,Uvigerina,2-3,OK,16.0,15.0,15.0,0.0,0.0,5.756380565787785,-3.4865465368884343,-1.2949578979063865,0.7940930337566827,3.090274942541855,0.8756215016725264,3.4463180277399488,0.8756215016725264,3.4463180277399488
13.0,GIRMS\IRMS-operator,2026-04-14 02:40:38.857,2026-04-14 03:58:06.414,Success,False,865 - Uvigerina,1-2,13.0,1,8.0,True,Unknown,,"0.001 V, 0.001 V, 0.001 V",,7.730 V,9.5188 kV,98 µbar,106 µbar,Carbon Dioxide: 0.0188 kV,89 µbar,7.612 V,8.749 V,264 µbar/min,6.273 V,8.47E-008 mbar,56 %,792 µbar,72 °C,µ-Volume,,Pre,7.490971346521862,8.158479326835893,8.13308110540335,10.77165937154876,10.865700510158517,7.613935728693494,0.988938786688598,2.66551345607402,0.9654987674106628,0.0195507440674001,0.0050479804119336,2.650663930229872,0.0157748422739978,0.0040730467610828,0.9607535063709556,0.0219464404746459,2.6470662498736086,0.0181249975143265,Renata Nagai 780 G. ruber series 6.2.xlsx,2026-04-14 02:40:38.857,739720.0,264.0,89.0,106.0,792.0,7.251725809838723,865,Uvigerina,1-2,OK,16.0,15.0,15.0,0.0,0.0,7.259906539532393,-0.0081807296936702,-0.0076969376082491,0.9636293944564898,2.6430886219188343,1.04517167344477,2.9989729800300893,1.04517167344477,2.9989729800300893
14.0,GIRMS\IRMS-operator,2026-04-14 03:12:27.842,2026-04-14 04:25:20.027,Success,False,865 - Uvigerina,0-1,14.0,2,8.0,True,Unknown,,"0.002 V, 0.002 V, 0.002 V",,11.364 V,9.5188 kV,111 µbar,115 µbar,Carbon Dioxide: 0.0188 kV,106 µbar,10.702 V,13.027 V,88 µbar/min,7.530 V,1.04E-007 mbar,35 %,872 µbar,72 °C,µ-Volume,,Pre,10.588393519927571,11.525423301663832,11.3833521995204,15.223090666023444,15.211065428940008,10.660600222159768,0.7791668321963652,2.659259180052942,0.7032615955027134,0.0217350466098401,0.0056119649032635,2.6542250344571654,0.0159924698614401,0.0041292379625387,0.7032615955027133,0.02173504660984,2.650672121006907,0.0201687904600327,Renata Nagai 780 G. ruber series 6.2.xlsx,2026-04-14 03:12:27.842,739720.0,88.0,106.0,115.0,872.0,10.21806553702488,865,Uvigerina,0-1,OK,16.0,15.0,15.0,0.0,0.0,10.12201265196934,0.0960528850555402,0.0913330161808312,0.7575831203233322,2.5755402628656574,0.8391086140037487,2.9314006449430963,0.8391086140037487,2.9314006449430963
15.0,GIRMS\IRMS-operator,2026-04-14 03:58:06.568,2026-04-14 05:02:30.260,Success,False,777 - G. ruber,1-2,15.0,1,9.0,True,Unknown,,"0.002 V, 0.002 V, 0.002 V",,6.124 V,9.5189 kV,96 µbar,103 µbar,Carbon Dioxide: 0.0189 kV,96 µbar,6.097 V,6.910 V,83 µbar/min,10.528 V,7.60E-008 mbar,76 %,755 µbar,72 °C,µ-Volume,5.557 V,Pre,5.740973722288723,6.256180413532738,6.5423802988625575,8.224484727079078,8.738359593044349,6.123650442907926,1.4091046497755055,-0.97782234175825,1.3534676706007525,0.0310314856469911,0.0077578714117477,-0.961088048348054,0.0145750227938762,0.0037632547034184,1.349758538655769,0.0282115201563118,-0.9631051771761344,0.0185955921250766,Renata Nagai 780 G. ruber series 6.2.xlsx,2026-04-14 03:58:06.568,739720.0,83.0,96.0,103.0,755.0,5.570087205717679,777,G. ruber,1-2,OK,16.0,15.0,15.0,0.0,0.0,5.8533312576124334,-0.2832440518947541,-0.2538839626950609,1.323469537785927,-0.9267449775950198,1.405041130711993,-0.5721277183683924,1.405041130711993,-0.5721277183683924
16.0,GIRMS\IRMS-operator,2026-04-14 04:25:20.208,2026-04-14 05:33:14.627,Success,False,SHP2L,,16.0,2,9.0,True,QC Standard,SHP2L,"0.002 V, 0.001 V, 0.002 V",,3.025 V,9.5190 kV,111 µbar,123 µbar,Carbon Dioxide: 0.0190 kV,115 µbar,6.049 V,3.319 V,93 µbar/min,6.051 V,7.09E-008 mbar,100 %,706 µbar,72 °C,µ-Volume,2.841 V,Pre,2.9495834199457884,3.207776895223037,6.492119106497137,4.204401524111866,8.672008068606495,6.07704148485096,-0.5583684143840584,-6.030817887938467,-0.6491885942379385,0.0468159843478855,0.0117039960869713,-6.073804433384403,0.0318986497622522,0.008236195953047,-0.6552432728948641,0.0414710344557769,-6.082940664979763,0.0377890155839559,Renata Nagai 780 G. ruber series 6.2.xlsx,2026-04-14 04:25:20.208,739720.0,93.0,115.0,123.0,706.0,2.867996348983015,SHP2L,,,OK,16.0,15.0,15.0,0.0,0.0,5.808648299197449,-2.9406519502144337,-1.3676114110983106,-0.72839500609666,-5.981764829804795,,,,
17.0,GIRMS\IRMS-operator,2026-04-14 05:02:30.359,2026-04-14 06:18:13.119,Success,False,777 - G. ruber,2-3,17.0,1,10.0,True,Unknown,,"0.001 V, 0.001 V, 0.001 V",,8.815 V,9.5190 kV,106 µbar,540 µbar,Carbon Dioxide: 0.0190 kV,101 µbar,8.523 V,9.980 V,83 µbar/min,6.262 V,8.94E-008 mbar,48 %,850 µbar,72 °C,µ-Volume,,Pre,8.40114391619449,9.152192115691646,9.09031679933493,12.03645956967828,12.14438868020532,8.511114485805084,1.3814241363916402,-0.8404336150504843,1.3498215218498004,0.0240524197495582,0.0060131049373895,-0.8347113495639139,0.0172551308423172,0.0044552556259283,1.3477146808803444,0.0233184116528968,-0.838015745989355,0.0224063289506593,Renata Nagai 780 G. ruber series 6.2.xlsx,2026-04-14 05:02:30.359,739720.0,83.0,101.0,540.0,850.0,8.129889847779465,777,G. ruber,2-3,OK,16.0,15.0,15.0,0.0,0.0,8.106637366359285,0.0232524814201795,0.0219648781961616,1.3658206883199318,-0.8630580839382178,1.4473957313305164,-0.5084182192904336,1.4473957313305164,-0.5084182192904336
18.0,GIRMS\IRMS-operator,2026-04-14 05:33:14.790,2026-04-14 06:45:39.504,Success,False,777 - G. ruber,3-4,18.0,2,10.0,True,Unknown,,"0.002 V, 0.002 V, 0.002 V",,7.515 V,9.5192 kV,106 µbar,115 µbar,Carbon Dioxide: 0.0192 kV,106 µbar,7.592 V,8.471 V,63 µbar/min,8.430 V,8.34E-008 mbar,55 %,819 µbar,72 °C,µ-Volume,,Pre,7.367902406448581,8.028529856764772,8.115478049410614,10.554287673269831,10.841369087687124,7.59774542168929,1.543874364384079,-1.033839798944669,1.5113888311556096,0.0180592476310172,0.0046628776879977,-1.0401728219132655,0.0221172336473346,0.0057106451720203,1.5125409621488115,0.0206458104764767,-1.044514682973397,0.0267025470054479,Renata Nagai 780 G. ruber series 6.2.xlsx,2026-04-14 05:33:14.790,739720.0,63.0,106.0,115.0,819.0,7.134304407399435,777,G. ruber,3-4,OK,16.0,15.0,15.0,0.0,0.0,7.245474582836202,-0.1111701754367668,-0.1031071227255179,1.513380394746981,-1.045675698447338,1.5949674585287994,-0.6911006532285455,1.5949674585287994,-0.6911006532285455
19.0,GIRMS\IRMS-operator,2026-04-14 06:18:13.237,2026-04-14 07:21:48.203,Success,False,777 - G. ruber,4-5,19.0,1,11.0,True,Unknown,,"0.002 V, 0.002 V, 0.002 V",,12.128 V,9.5193 kV,108 µbar,118 µbar,Carbon Dioxide: 0.0193 kV,103 µbar,11.305 V,13.920 V,98 µbar/min,7.512 V,1.08E-007 mbar,32 %,868 µbar,72 °C,µ-Volume,,Pre,11.209370140757516,12.210730950691936,12.019188646913095,16.054329797161284,16.060722395313444,11.256219391550973,1.5656702003175038,-1.150900735963134,1.481444729056891,0.0188321359041224,0.004862436582012,-1.1873759010699108,0.0291849845375203,0.00729624613438,1.4814447290568915,0.0188321359041224,-1.189807578743696,0.0284822204223531,Renata Nagai 780 G. ruber series 6.2.xlsx,2026-04-14 06:18:13.237,739720.0,98.0,103.0,118.0,868.0,10.817399202102756,777,G. ruber,4-5,OK,16.0,15.0,15.0,0.0,0.0,10.679872278895331,0.1375269232074245,0.1312079358041762,1.5461605798321951,-1.2793157826462271,1.6277503140116778,-0.9248236670885036,1.6277503140116778,-0.9248236670885036
20.0,GIRMS\IRMS-operator,2026-04-14 06:45:39.648,2026-04-14 07:54:53.485,Success,False,777 - G. ruber,6-7,20.0,2,11.0,True,Unknown,,"0.002 V, 0.002 V, 0.002 V",,8.898 V,9.5193 kV,115 µbar,118 µbar,Carbon Dioxide: 0.0193 kV,111 µbar,8.276 V,10.087 V,78 µbar/min,11.135 V,9.03E-008 mbar,47 %,858 µbar,72 °C,µ-Volume,,Pre,8.11022464407543,8.837639261500284,8.836372662798809,11.612502747732025,11.80466812248788,8.27283432806466,1.5923979090779472,-1.4695030239813,1.5583365515580567,0.0179433781050652,0.0044858445262663,-1.4577389699919063,0.0198025852075101,0.0051130055147026,1.556065794390064,0.0160177382019398,-1.4602549162370766,0.023463074505168,Renata Nagai 780 G. ruber series 6.2.xlsx,2026-04-14 06:45:39.648,739720.0,78.0,111.0,118.0,858.0,7.843665984520654,777,G. ruber,6-7,OK,16.0,15.0,15.0,0.0,0.0,7.882162589500517,-0.0384966049798629,-0.0360837538115718,1.5692077821122965,-1.4784315407059467,1.6507993938039365,-1.1240101005306542,1.6507993938039365,-1.1240101005306542
21.0,GIRMS\IRMS-operator,2026-04-14 07:21:48.352,2026-04-14 08:39:53.480,Success,False,SHP2L,,21.0,1,12.0,True,QC Standard,SHP2L,"0.001 V, 0.001 V, 0.001 V",,4.304 V,9.5195 kV,101 µbar,106 µbar,Carbon Dioxide: 0.0195 kV,98 µbar,6.266 V,4.786 V,83 µbar/min,6.269 V,7.27E-008 mbar,100 %,714 µbar,72 °C,µ-Volume,4.039 V,Pre,4.21201876679352,4.581447046807245,6.720230461254572,6.006447087152632,8.976767565014438,6.290281736513436,-0.4421099210122348,-5.647630658011438,-0.4999707042648295,0.0408112622623274,0.0102028155655818,-5.638017599489142,0.0214696646614363,0.0055434435788267,-0.5038280898150024,0.0391082064130344,-5.64143316147642,0.0265762303870901,Renata Nagai 780 G. ruber series 6.2.xlsx,2026-04-14 07:21:48.352,739720.0,83.0,98.0,106.0,714.0,4.089088681833336,SHP2L,,,OK,16.0,15.0,15.0,0.0,0.0,6.011451474167417,-1.9223627923340816,-1.2316806362713366,-0.5558022512100096,-5.569547931195515,,,,
22.0,GIRMS\IRMS-operator,2026-04-14 07:54:53.638,2026-04-14 09:06:19.604,Success,False,777 - G. ruber,7-8,22.0,2,12.0,True,Unknown,,"0.002 V, 0.002 V, 0.002 V",,8.350 V,9.5195 kV,111 µbar,111 µbar,Carbon Dioxide: 0.0195 kV,111 µbar,8.114 V,9.451 V,68 µbar/min,6.218 V,8.90E-008 mbar,51 %,836 µbar,72 °C,µ-Volume,,Pre,7.990398671745426,8.704887275253428,8.662731890236033,11.442088753108177,11.571967274073756,8.10977856284227,1.290703535261839,-1.3863043269467523,1.2639623394714583,0.0150909341785494,0.0038964624501489,-1.416788242543987,0.0182694367027521,0.004567359175688,1.259053426893386,0.0175472039228032,-1.4188205035838026,0.016935517153075,Renata Nagai 780 G. ruber series 6.2.xlsx,2026-04-14 07:54:53.638,739720.0,68.0,111.0,111.0,836.0,7.7304777170411425,777,G. ruber,7-8,OK,16.0,15.0,15.0,0.0,0.0,7.72779550802625,0.0026822090148925,0.0025273122782086,1.270232374968454,-1.434282056692224,1.3517996309940372,-1.0798449458251298,1.3517996309940372,-1.0798449458251298
23.0,GIRMS\IRMS-operator,2026-04-14 08:39:53.665,2026-04-14 09:41:56.087,Success,False,777 - G. ruber,9-10,23.0,1,13.0,True,Unknown,,"0.002 V, 0.002 V, 0.002 V",,5.408 V,9.5195 kV,93 µbar,106 µbar,Carbon Dioxide: 0.0195 kV,93 µbar,6.142 V,6.072 V,83 µbar/min,8.026 V,7.67E-008 mbar,79 %,738 µbar,72 °C,µ-Volume,5.064 V,Pre,5.293010922786729,5.771304111736316,6.5896154994551,7.582995133531842,8.802206979681433,6.167901965599989,1.978310074622458,-1.021345692149178,1.921423909692684,0.0193160385165562,0.0049873796992882,-1.0252634131675396,0.0192754792243969,0.0049769073350837,1.921423909692684,0.0193160385165562,-1.0304366470881952,0.0270101728246573,Renata Nagai 780 G. ruber series 6.2.xlsx,2026-04-14 08:39:53.665,739720.0,83.0,93.0,106.0,738.0,5.133682485027185,777,G. ruber,9-10,OK,16.0,15.0,15.0,0.0,0.0,5.894501820546193,-0.7608193355190078,-0.6241356898771027,1.8875662818970864,-0.9836083134407472,1.9691838282750496,-0.6290112376393608,1.9691838282750496,-0.6290112376393608
24.0,GIRMS\IRMS-operator,2026-04-14 09:06:19.706,2026-04-14 10:15:24.743,Success,False,777 - G. ruber,10-11,24.0,2,13.0,True,Unknown,,"0.002 V, 0.001 V, 0.002 V",,10.613 V,9.5196 kV,111 µbar,111 µbar,Carbon Dioxide: 0.0196 kV,108 µbar,9.927 V,12.135 V,73 µbar/min,6.092 V,1.00E-007 mbar,38 %,860 µbar,72 °C,µ-Volume,,Pre,9.82806031267263,10.70571184864658,10.56978779901252,14.076094424871984,14.122377431540071,9.897042772163593,1.3677675933936315,-1.2119414234015302,1.3512914823855944,0.0237987005110845,0.0059496751277711,-1.2141156687468515,0.0220687510318287,0.0056981270145246,1.3501930749850586,0.0242105532981442,-1.2188648462957936,0.028341192693751,Renata Nagai 780 G. ruber series 6.2.xlsx,2026-04-14 09:06:19.706,739720.0,73.0,108.0,111.0,860.0,9.48992316286184,777,G. ruber,10-11,OK,16.0,15.0,15.0,0.0,0.0,9.407370729847925,0.082552433013916,0.0784404167516812,1.3918863267426498,-1.276530596416816,1.473463493158761,-0.9220374922678048,1.473463493158761,-0.9220374922678048
25.0,GIRMS\IRMS-operator,2026-04-14 09:41:56.248,2026-04-14 11:00:45.124,Success,False,777 - G. ruber,20-21,25.0,1,14.0,True,Unknown,,"0.001 V, 0.001 V, 0.001 V",,5.468 V,9.5196 kV,98 µbar,106 µbar,Carbon Dioxide: 0.0196 kV,96 µbar,6.251 V,6.120 V,210 µbar/min,6.254 V,7.31E-008 mbar,82 %,741 µbar,72 °C,µ-Volume,5.118 V,Pre,5.350694370676779,5.830768291070501,6.703000059289568,7.663272041551487,8.953912200018786,6.27409422773378,1.4017511729846888,-1.361387058299246,1.375815148160431,0.0144203079138641,0.0037233074931719,-1.3952748668532091,0.0261734008929187,0.0065433502232296,1.369071566572711,0.0227000950172241,-1.39753405409014,0.0254260289036913,Renata Nagai 780 G. ruber series 6.2.xlsx,2026-04-14 09:41:56.248,739720.0,210.0,96.0,106.0,741.0,5.187875118407521,777,G. ruber,20-21,OK,16.0,15.0,15.0,0.0,0.0,5.995398075710609,-0.807522957303088,-0.658175853108592,1.3361538090505856,-1.3520056508163494,1.4177264352850898,-0.9975393362512932,1.4177264352850898,-0.9975393362512932
26.0,GIRMS\IRMS-operator,2026-04-14 10:15:24.866,2026-04-14 11:27:14.098,Success,False,SHP2L,,26.0,2,14.0,True,QC Standard,SHP2L,"0.002 V, 0.002 V, 0.002 V",,5.527 V,9.5196 kV,111 µbar,106 µbar,Carbon Dioxide: 0.0196 kV,111 µbar,6.199 V,6.181 V,73 µbar/min,6.202 V,7.23E-008 mbar,80 %,772 µbar,72 °C,µ-Volume,5.170 V,Pre,5.40337227378296,5.875709542505724,6.648506745524715,7.70201076094912,8.881264808301303,6.223200721947877,-0.7023506670787993,-6.092683560508072,-0.7519671678095566,0.018044765377245,0.0046591383861526,-6.090234661061413,0.0241051917282272,0.0062239337413707,-0.7519671678095567,0.018044765377245,-6.095451050513559,0.031884083720012,Renata Nagai 780 G. ruber series 6.2.xlsx,2026-04-14 10:15:24.866,739720.0,73.0,111.0,106.0,772.0,5.239599398668866,SHP2L,,,OK,16.0,15.0,15.0,0.0,0.0,5.946771882586502,-0.7071724839176357,-0.5868913873838032,-0.7839878640448978,-6.051163368695311,,,,
27.0,GIRMS\IRMS-operator,2026-04-14 11:00:45.294,2026-04-14 12:05:20.292,Success,False,777 - G. ruber,18-19,27.0,1,15.0,True,Unknown,,"0.001 V, 0.001 V, 0.002 V",,12.179 V,9.5196 kV,93 µbar,101 µbar,Carbon Dioxide: 0.0196 kV,93 µbar,11.144 V,14.029 V,88 µbar/min,6.146 V,1.08E-007 mbar,32 %,819 µbar,72 °C,µ-Volume,,Pre,11.097575336405134,12.085855485380646,11.846352246902232,15.892292175306594,15.830631170286454,11.094356685587265,1.3022507586433196,-1.3388220503103287,1.233560198236505,0.0263182694608596,0.0067953479548605,-1.353503793129477,0.0187147754804145,0.0048321342509104,1.2335601982365054,0.0263182694608597,-1.3513429776140786,0.0220966248287048,Renata Nagai 780 G. ruber series 6.2.xlsx,2026-04-14 11:00:45.294,739720.0,88.0,93.0,101.0,819.0,10.70458701223979,777,G. ruber,18-19,OK,16.0,15.0,15.0,0.0,0.0,10.528067856737469,0.1765191555023211,0.1690552492423556,1.296319531730329,-1.4381451312109814,1.377888912914159,-1.0837093915275773,1.377888912914159,-1.0837093915275773
28.0,GIRMS\IRMS-operator,2026-04-14 11:27:14.206,2026-04-14 12:36:46.665,Success,False,777 - G. ruber,19-20,28.0,2,15.0,True,Unknown,,"0.002 V, 0.002 V, 0.002 V",,2.562 V,9.5194 kV,108 µbar,108 µbar,Carbon Dioxide: 0.0194 kV,106 µbar,6.050 V,2.802 V,78 µbar/min,10.979 V,7.67E-008 mbar,100 %,655 µbar,72 °C,µ-Volume,2.399 V,Pre,2.4850234755809777,2.709155196368351,6.493259831450748,3.5601094468298786,8.67340823175459,6.077570722732002,1.8064975295668528,-1.0715352940773304,1.725275791250105,0.04865819924767,0.0121645498119175,-1.1501263116512892,0.0496039091623417,0.0124009772905854,1.7198610086956554,0.0451011058492199,-1.1553657128228865,0.0465371580797257,Renata Nagai 780 G. ruber series 6.2.xlsx,2026-04-14 11:27:14.206,739720.0,78.0,106.0,108.0,655.0,2.4177263242334672,777,G. ruber,19-20,OK,16.0,15.0,15.0,0.0,0.0,5.80907558183686,-3.3913492576033923,-1.329499590553986,1.6389001806981207,-1.0433891535455957,1.7204974697958733,-0.6888132967264937,1.7204974697958733,-0.6888132967264937
29.0,GIRMS\IRMS-operator,2026-04-14 12:05:20.428,2026-04-14 13:22:50.377,Success,False,777 - G. ruber,16-17,29.0,1,16.0,True,Unknown,,"0.001 V, 0.001 V, 0.001 V",,9.077 V,9.5195 kV,98 µbar,113 µbar,Carbon Dioxide: 0.0195 kV,96 µbar,8.717 V,10.315 V,73 µbar/min,6.252 V,9.21E-008 mbar,47 %,809 µbar,72 °C,µ-Volume,,Pre,8.59780841163079,9.370312008331604,9.297192010353394,12.315717846552094,12.41965344587918,8.70289130015495,1.638090594274777,-1.1821298451971662,1.5169816233760052,0.0266617045095812,0.0068840225031407,-1.1950063523184469,0.0140390699213499,0.0036248722667753,1.5169816233760052,0.0266617045095812,-1.1985164595390414,0.0168835893017303,Renata Nagai 780 G. ruber series 6.2.xlsx,2026-04-14 12:05:20.428,739720.0,73.0,96.0,113.0,809.0,8.310514297798422,777,G. ruber,16-17,OK,16.0,15.0,15.0,0.0,0.0,8.28489270402645,0.0256215937719712,0.0242082130034843,1.5382202254257062,-1.2278914750892476,1.6198093127540003,-0.8733811066687167,1.6198093127540003,-0.8733811066687167
30.0,GIRMS\IRMS-operator,2026-04-14 12:36:46.811,2026-04-14 13:51:12.509,Success,False,777 - G. ruber,15-16,30.0,2,16.0,True,Unknown,,"0.002 V, 0.002 V, 0.002 V",,15.853 V,9.5195 kV,113 µbar,106 µbar,Carbon Dioxide: 0.0195 kV,106 µbar,14.565 V,18.405 V,68 µbar/min,8.619 V,1.30E-007 mbar,21 %,889 µbar,72 °C,µ-Volume,,Pre,14.216664802382107,15.48327163728666,15.470873871173382,20.359000826268964,20.678809547811326,14.492172371695158,1.5702332638645178,-1.3019500211198798,1.4549027401711565,0.0345405319418975,0.0089183269986743,-1.3236739029238205,0.0173607604874531,0.0044825290830267,1.4549027401711565,0.0345405319418975,-1.322003073746754,0.020519505810202,Renata Nagai 780 G. ruber series 6.2.xlsx,2026-04-14 12:36:46.811,739720.0,68.0,106.0,106.0,889.0,13.685289394209502,777,G. ruber,15-16,OK,16.0,15.0,15.0,0.0,0.0,13.69446850950491,-0.0091791152954083,-0.0086402280797435,1.5693568038918773,-1.4803039776251132,1.650948427723506,-1.1258832020641876,1.650948427723506,-1.1258832020641876
31.0,GIRMS\IRMS-operator,2026-04-14 13:22:50.524,2026-04-14 14:28:15.293,Success,False,SHP2L,,31.0,1,17.0,True,QC Standard,SHP2L,"0.002 V, 0.002 V, 0.002 V",,6.216 V,9.5193 kV,93 µbar,103 µbar,Carbon Dioxide: 0.0193 kV,101 µbar,6.043 V,6.983 V,98 µbar/min,14.273 V,7.83E-008 mbar,74 %,777 µbar,72 °C,µ-Volume,5.595 V,Pre,5.791898195943023,6.298467516899108,6.485031629691046,8.256374779662192,8.662869716467755,6.070070176403092,-0.6883175080643067,-6.065372065590546,-0.7164690270586639,0.0182251300376785,0.0047057083412262,-6.077217676446992,0.0336916373714693,0.0084229093428673,-0.7219071525922751,0.0211589296210604,-6.078007383837421,0.0347205408209184,Renata Nagai 780 G. ruber series 6.2.xlsx,2026-04-14 13:22:50.524,739720.0,98.0,101.0,103.0,777.0,5.618594794551896,SHP2L,,,OK,16.0,15.0,15.0,0.0,0.0,5.801837251502075,-0.1832424569501789,-0.1671490277009985,-0.7473548796959372,-6.042810746241492,,,,
32.0,GIRMS\IRMS-operator,2026-04-14 13:51:12.643,2026-04-14 14:58:51.945,Success,False,865 - Uvigerina,22-23 (14-15),32.0,2,17.0,True,Unknown,,"0.002 V, 0.002 V, 0.002 V",,6.060 V,9.5194 kV,111 µbar,111 µbar,Carbon Dioxide: 0.0194 kV,111 µbar,5.998 V,6.787 V,34 µbar/min,5.998 V,7.56E-008 mbar,71 %,802 µbar,72 °C,µ-Volume,,Pre,6.226373712658517,6.785237757005376,6.438219846065121,8.919118332795826,8.60031420977812,6.025746929655472,1.364839778353888,-1.2801731188458731,1.353270856055196,0.0213654490506535,0.0055165352238282,-1.2500925263117868,0.0214562824810514,0.0053640706202628,1.356509577225543,0.0263460017337343,-1.2480871534761817,0.0205989181724458,Renata Nagai 780 G. ruber series 6.2.xlsx,2026-04-14 13:51:12.643,739720.0,34.0,111.0,111.0,802.0,6.034008390003258,865,Uvigerina,22-23 (14-15),OK,16.0,15.0,15.0,0.0,0.0,5.760006099279734,0.2740022907235238,0.2703664123223958,1.3382664250835894,-1.2228551313025655,1.419839223419899,-0.8683429752509255,1.419839223419899,-0.8683429752509255
33.0,GIRMS\IRMS-operator,2026-04-14 14:28:15.467,2026-04-14 15:45:44.712,Success,False,865 - Uvigerina,21-22,33.0,1,18.0,True,Unknown,,"0.001 V, 0.001 V, 0.001 V",,0.006 V,9.5192 kV,98 µbar,101 µbar,Carbon Dioxide: 0.0192 kV,79 µbar,6.250 V,0.006 V,298 µbar/min,6.252 V,7.79E-008 mbar,100 %,93 µbar,72 °C,µ-Volume,0.010 V,Pre,0.0075033666633395,0.0081046511234429,6.702706994122576,0.010768676700268,8.954332299587382,6.273804166195392,-7.435454961750021,0.5924260083345345,-9.084233484548283,1.097961092867038,0.2834923351638488,-1.6609904632117758,1.5541634281015408,0.4012832716214597,,,,,Renata Nagai 780 G. ruber series 6.2.xlsx,2026-04-14 14:28:15.467,739720.0,298.0,79.0,101.0,93.0,0.0071274464023884,865,Uvigerina,21-22,Failed Sample,16.0,15.0,15.0,0.0,0.0,5.993883874282797,-5.986756427880408,-0.0067055252581444,,,,,,
34.0,GIRMS\IRMS-operator,2026-04-14 14:58:52.061,2026-04-14 16:13:38.841,Success,False,865 - Uvigerina,20-21,34.0,2,18.0,True,Unknown,,"0.001 V, 0.001 V, 0.002 V",,16.174 V,9.5191 kV,108 µbar,103 µbar,Carbon Dioxide: 0.0191 kV,106 µbar,14.801 V,18.881 V,83 µbar/min,6.202 V,1.32E-007 mbar,21 %,889 µbar,72 °C,µ-Volume,,Pre,14.448593647393672,15.716649792804336,15.715606711520769,20.78291001324965,21.00745561127974,14.72322204819628,0.452991339848996,3.1314097278700714,0.3366247874855806,0.0288710292982861,0.0074544677106752,3.094992769811969,0.0188270194861218,0.0047067548715304,0.3366247874855806,0.0288710292982861,3.092564972608096,0.0166952562077837,Renata Nagai 780 G. ruber series 6.2.xlsx,2026-04-14 14:58:52.061,739720.0,83.0,106.0,103.0,889.0,13.89692285767504,865,Uvigerina,20-21,OK,16.0,15.0,15.0,0.0,0.0,13.906027467164485,-0.0091046094894444,-0.0085702297562535,0.4547492393896413,2.9291875712414086,0.5362500630780005,3.285173479088485,0.5362500630780005,3.285173479088485
35.0,GIRMS\IRMS-operator,2026-04-14 15:45:44.888,2026-04-14 16:49:06.809,Success,False,865 - Uvigerina,19-20,35.0,1,19.0,True,Unknown,,"0.002 V, 0.002 V, 0.002 V",,29.930 V,9.5190 kV,91 µbar,106 µbar,Carbon Dioxide: 0.0190 kV,89 µbar,19.990 V,36.766 V,103 µbar/min,14.500 V,1.61E-007 mbar,10 %,870 µbar,72 °C,µ-Volume,26.841 V,Pre,29.24543229877953,31.764028956826248,21.24202101462654,42.06878521670449,28.40348162879097,19.90900544464592,-0.6301894968131494,3.3343591806653805,-0.6049096558762956,0.0864160833656892,0.022312536781319,3.3543485696769104,0.025984517247952,0.006496129311988,-0.6180522528246524,0.1037815304119773,3.3556811956110124,0.0263245037911164,Renata Nagai 780 G. ruber series 6.2.xlsx,2026-04-14 15:45:44.888,739720.0,103.0,89.0,106.0,870.0,27.8198829108477,865,Uvigerina,19-20,OK,16.0,15.0,15.0,0.0,0.0,18.68953911602501,9.13034379482269,12.80145738619016,-0.2584599951234222,2.858330751500401,-0.1770172721538756,3.2142915089883672,-0.1770172721538756,3.2142915089883672
36.0,GIRMS\IRMS-operator,2026-04-14 16:13:39.030,2026-04-14 17:23:42.694,Success,False,SHP2L,,36.0,2,19.0,True,QC Standard,SHP2L,"0.002 V, 0.002 V, 0.003 V",,13.358 V,9.5188 kV,106 µbar,103 µbar,Carbon Dioxide: 0.0188 kV,103 µbar,12.315 V,15.419 V,98 µbar/min,19.453 V,1.16E-007 mbar,26 %,870 µbar,72 °C,µ-Volume,,Pre,12.035239114615951,13.077603227056196,13.09798801556938,17.15157154975717,17.503671087606595,12.26768232807878,-0.8672007369858736,-6.114119812735575,-0.9107904655212344,0.0259419431820008,0.0064854857955002,-6.126693220178635,0.0161002980065041,0.004025074501626,-0.9136964474235916,0.0240059975316192,-6.1275314473415055,0.0163000087469209,Renata Nagai 780 G. ruber series 6.2.xlsx,2026-04-14 16:13:39.030,739720.0,98.0,103.0,103.0,870.0,11.597964539382492,SHP2L,,,OK,16.0,15.0,15.0,0.0,0.0,11.624920739982162,-0.0269562005996704,-0.0253317990209213,-0.8354431449458883,-6.235763240176,,,,
37.0,GIRMS\IRMS-operator,2026-04-14 16:49:06.973,2026-04-14 18:08:55.594,Success,False,865 - Uvigerina,18-19,37.0,1,20.0,True,Unknown,,"0.001 V, 0.001 V, 0.001 V",,7.654 V,9.5190 kV,91 µbar,101 µbar,Carbon Dioxide: 0.0190 kV,91 µbar,7.532 V,8.671 V,93 µbar/min,6.247 V,8.43E-008 mbar,56 %,775 µbar,72 °C,µ-Volume,,Pre,7.411468498226761,8.07192151840065,8.049682260732537,10.660182984871604,10.753479155106284,7.535155682333939,0.9213848429228122,2.9051440577041454,0.8972307101753342,0.0206167882899266,0.0051541970724816,2.859988675128008,0.0178310272045338,0.004603951427262,0.8956204346588356,0.020272187938698,2.859988675128008,0.0178310272045337,Renata Nagai 780 G. ruber series 6.2.xlsx,2026-04-14 16:49:06.973,739720.0,93.0,91.0,101.0,775.0,7.1713663168895785,865,Uvigerina,18-19,OK,16.0,15.0,15.0,0.0,0.0,7.185425429114335,-0.0140591122247561,-0.0132166958580869,0.8971026370364961,2.8579386476454816,0.978639496503888,3.2138992659575933,0.978639496503888,3.2138992659575933
38.0,GIRMS\IRMS-operator,2026-04-14 17:23:42.887,2026-04-14 18:36:15.724,Success,False,865 - Uvigerina,17-18,38.0,2,20.0,True,Unknown,,"0.002 V, 0.002 V, 0.002 V",,9.438 V,9.5189 kV,106 µbar,101 µbar,Carbon Dioxide: 0.0189 kV,111 µbar,9.165 V,10.686 V,44 µbar/min,7.456 V,9.53E-008 mbar,43 %,838 µbar,72 °C,µ-Volume,,Pre,9.028573648191545,9.829457198470394,9.768854175895012,12.985116151608723,13.05161799515906,9.14589619079332,0.6937116668572774,2.880751943842297,0.6715657776308633,0.0220122913150659,0.0056835491783411,2.912377436410136,0.0153825057079016,0.0041111475792187,0.6752674901511954,0.0294235897833185,2.9219710805276304,0.0223619589507542,Renata Nagai 780 G. ruber series 6.2.xlsx,2026-04-14 17:23:42.887,739720.0,44.0,111.0,101.0,838.0,8.729224220968337,865,Uvigerina,17-18,OK,16.0,15.0,15.0,0.0,0.0,8.7024319331418,0.026792287826538,0.0253139776396405,0.7037678358263335,2.882552379831875,0.7852889455102741,3.238521734694814,0.7852889455102741,3.238521734694814
39.0,GIRMS\IRMS-operator,2026-04-14 18:08:55.778,2026-04-14 19:13:47.572,Success,False,865 - Uvigerina,16-17,39.0,1,21.0,True,Unknown,,"0.002 V, 0.002 V, 0.002 V",,12.863 V,9.5189 kV,91 µbar,108 µbar,Carbon Dioxide: 0.0189 kV,103 µbar,12.055 V,14.787 V,93 µbar/min,9.046 V,1.14E-007 mbar,28 %,860 µbar,72 °C,µ-Volume,,Pre,11.926064523083214,12.980985053277966,12.812467821336744,17.14969207923094,17.12176730315367,11.999452741962916,0.759478324009244,2.843056708032199,0.6741049317232553,0.0178154457415935,0.0045999283108302,2.8220161253843594,0.0140394505244672,0.0036249705380776,0.6741049317232554,0.0178154457415935,2.818198577092534,0.0156073584424264,Renata Nagai 780 G. ruber series 6.2.xlsx,2026-04-14 18:08:55.778,739720.0,93.0,103.0,108.0,860.0,11.498430999142176,865,Uvigerina,16-17,OK,16.0,15.0,15.0,0.0,0.0,11.37153271041537,0.1268982887268066,0.1208623187716619,0.7506320103611095,2.712354316734049,0.8321569377777678,3.068263260440631,0.8321569377777678,3.068263260440631
40.0,GIRMS\IRMS-operator,2026-04-14 18:36:15.941,2026-04-14 19:46:22.477,Success,False,865 - Uvigerina,15-16,40.0,2,21.0,True,Unknown,,"0.002 V, 0.002 V, 0.002 V",,15.470 V,9.5188 kV,113 µbar,111 µbar,Carbon Dioxide: 0.0188 kV,106 µbar,14.462 V,17.982 V,93 µbar/min,11.856 V,1.29E-007 mbar,20 %,902 µbar,72 °C,µ-Volume,,Pre,14.328268214326927,15.591241147529525,15.359721806060714,20.59924602508545,20.5296277999878,14.38830499277694,0.7310604622725592,2.6399440212230285,0.6218342523429231,0.0308543211414532,0.0079665514626255,2.636522547074652,0.0183965396819709,0.0045991349204927,0.6218342523429232,0.0308543211414532,2.636294448798093,0.0190187936494977,Renata Nagai 780 G. ruber series 6.2.xlsx,2026-04-14 18:36:15.941,739720.0,93.0,106.0,111.0,902.0,13.787683888536524,865,Uvigerina,15-16,OK,16.0,15.0,15.0,0.0,0.0,13.59790269957168,0.1897811889648437,0.1812542212584826,0.7380641578226111,2.4755373861216032,0.8195880614146063,2.8313622725576124,0.8195880614146063,2.8313622725576124
41.0,GIRMS\IRMS-operator,2026-04-14 19:13:47.725,2026-04-14 20:31:43.097,Success,False,SHP2L,,41.0,1,22.0,True,QC Standard,SHP2L,"0.001 V, 0.001 V, 0.001 V",,2.371 V,9.5190 kV,98 µbar,108 µbar,Carbon Dioxide: 0.0190 kV,93 µbar,6.251 V,2.595 V,93 µbar/min,6.255 V,7.23E-008 mbar,100 %,611 µbar,72 °C,µ-Volume,2.230 V,Pre,2.3126438008894064,2.515391949354911,6.703982280231067,3.2967191609576805,8.955230130237496,6.274862562333498,-0.5084347386921095,-6.041455039400123,-0.5998334276285724,0.0527146474626962,0.013178661865674,-6.08409185817286,0.0568464347384075,0.0142116086846018,-0.6059266735576699,0.048382313642896,-6.086934312757708,0.0576526951426496,Renata Nagai 780 G. ruber series 6.2.xlsx,2026-04-14 19:13:47.725,739720.0,93.0,93.0,108.0,611.0,2.2500659533396856,SHP2L,,,OK,16.0,15.0,15.0,0.0,0.0,5.995593704487065,-3.745527751147379,-1.3240111746363563,-0.6897952583629703,-5.97093604803839,,,,
42.0,GIRMS\IRMS-operator,2026-04-14 19:46:22.666,2026-04-14 20:59:42.796,Success,False,865 - Uvigerina,14-15,42.0,2,22.0,True,Unknown,,"0.002 V, 0.002 V, 0.002 V",,17.777 V,9.5189 kV,113 µbar,108 µbar,Carbon Dioxide: 0.0189 kV,106 µbar,16.126 V,20.882 V,88 µbar/min,6.203 V,1.39E-007 mbar,18 %,907 µbar,72 °C,µ-Volume,,Pre,15.736888441444757,17.124878771429017,17.120617039327577,22.62210600068628,22.88520090272485,16.04084232747686,0.9438752946180352,2.6357032774644296,0.8526481084779602,0.0462837212156965,0.0115709303039241,2.588351261662934,0.0126745065179247,0.0033874043526076,0.8465662960686219,0.0407566967501864,2.585686888018272,0.0159891185185552,Renata Nagai 780 G. ruber series 6.2.xlsx,2026-04-14 19:46:22.666,739720.0,88.0,106.0,108.0,907.0,15.12144068181646,865,Uvigerina,14-15,OK,16.0,15.0,15.0,0.0,0.0,15.128161105514884,-0.0067204236984235,-0.0063273121741876,0.985927728544754,2.39293671375984,1.0674718240396714,2.7487322814007484,1.0674718240396714,2.7487322814007484
43.0,GIRMS\IRMS-operator,2026-04-14 20:31:43.283,2026-04-14 21:36:32.958,Success,False,865 - Uvigerina,13-14,43.0,1,23.0,True,Unknown,,"0.002 V, 0.002 V, 0.002 V",,12.369 V,9.5189 kV,96 µbar,103 µbar,Carbon Dioxide: 0.0189 kV,93 µbar,11.467 V,14.268 V,107 µbar/min,15.765 V,1.09E-007 mbar,30 %,828 µbar,72 °C,µ-Volume,,Pre,11.200307213285033,12.1911961025317,12.19994308415249,16.11126666941097,16.301867422241475,11.424983180733513,0.7270973248520995,3.182962613079932,0.689438937750919,0.0274001744600355,0.0068500436150088,3.180095604415619,0.0099512125061341,0.0025693920207218,0.6869283786108404,0.0263883709230382,3.182112491412337,0.0131314528700815,Renata Nagai 780 G. ruber series 6.2.xlsx,2026-04-14 20:31:43.283,739720.0,107.0,93.0,103.0,828.0,10.804707444878408,865,Uvigerina,13-14,OK,16.0,15.0,15.0,0.0,0.0,10.837624109955618,-0.0329166650772094,-0.0309108063863601,0.751424114499872,3.0929087274250104,0.8329491064444028,3.448952747475005,0.8329491064444028,3.448952747475005
44.0,GIRMS\IRMS-operator,2026-04-14 20:59:42.992,2026-04-14 22:09:53.006,Success,False,865 - Uvigerina,12-13,44.0,2,23.0,True,Unknown,,"0.002 V, 0.002 V, 0.002 V",,19.722 V,9.5190 kV,113 µbar,108 µbar,Carbon Dioxide: 0.0190 kV,111 µbar,17.876 V,23.252 V,98 µbar/min,11.296 V,1.49E-007 mbar,13 %,916 µbar,72 °C,µ-Volume,,Pre,17.401521223558635,18.93010585460529,18.990872789953805,25.015294551849365,25.38894116878509,17.796074169649334,0.7917927616676312,2.661498319472821,0.6586691516990022,0.0447140734076603,0.0115451241099309,2.643788916996625,0.0185166333188102,0.0046291583297025,0.6586691516990021,0.0447140734076603,2.64260829016488,0.0185327018116387,Renata Nagai 780 G. ruber series 6.2.xlsx,2026-04-14 20:59:42.992,739720.0,98.0,111.0,108.0,916.0,16.697441357149334,865,Uvigerina,12-13,OK,16.0,15.0,15.0,0.0,0.0,16.75075771190092,-0.0533163547515869,-0.0500600751231028,0.8253633800428324,2.412054248129964,0.9068943953592452,2.767856601467088,0.9068943953592452,2.767856601467088
45.0,GIRMS\IRMS-operator,2026-04-14 21:36:33.150,2026-04-14 22:54:33.759,Success,False,865 - Uvigerina,11-12,45.0,1,24.0,True,Unknown,,"0.001 V, 0.001 V, 0.001 V",,0.005 V,9.5191 kV,98 µbar,96 µbar,Carbon Dioxide: 0.0191 kV,23 µbar,6.255 V,0.005 V,977 µbar/min,6.259 V,7.31E-008 mbar,100 %,89 µbar,72 °C,µ-Volume,0.009 V,Pre,0.0068852467193617,0.0074273860519859,6.707167219897403,0.0099172875525987,8.95963505789173,6.278087031338957,-8.676645082634105,4.300516721542635,-11.475222372517615,1.4284199470872283,0.3571049867718071,2.4491836932870323,2.131933121523663,0.5329832803809158,,,,,Renata Nagai 780 G. ruber series 6.2.xlsx,2026-04-14 21:36:33.150,739720.0,977.0,23.0,96.0,89.0,0.0065098143109864,865,Uvigerina,11-12,Failed Sample,16.0,15.0,15.0,0.0,0.0,5.996604096387176,-5.99009428207619,-0.0061250897932111,,,,,,
46.0,GIRMS\IRMS-operator,2026-04-14 22:09:53.212,2026-04-14 23:21:41.644,Success,False,SHP2L,,46.0,2,24.0,True,QC Standard,SHP2L,"0.002 V, 0.002 V, 0.002 V",,0.001 V,9.5191 kV,108 µbar,103 µbar,Carbon Dioxide: 0.0191 kV,37 µbar,6.199 V,0.001 V,933 µbar/min,6.204 V,7.20E-008 mbar,100 %,101 µbar,72 °C,µ-Volume,0.005 V,Pre,0.0027802434939816,0.0030166959981015,6.650206961073514,0.0040650566695159,8.88319232004619,6.224680793109565,-2.908869073608656,19.492693761201664,-5.301881654335393,4.1167428125891234,1.0291857031472809,15.093948643712068,4.919597151355172,1.229899287838793,,,,,Renata Nagai 780 G. ruber series 6.2.xlsx,2026-04-14 22:09:53.212,739720.0,933.0,37.0,103.0,101.0,0.0024336787173459,SHP2L,,,Failed Sample,16.0,15.0,15.0,0.0,0.0,5.94630605170264,-5.943872372985294,-0.002291400690862,,,,,,
1.0,GIRMS\IRMS-operator,2026-04-15 14:13:52.974,2026-04-15 15:13:33.788,Running,False,SHP2L,,1.0,1,2.0,True,QC Standard,SHP2L,"0.001 V, 0.001 V, 0.001 V",,6.295 V,9.5194 kV,57 µbar,69 µbar,Carbon Dioxide: 0.0194 kV,98 µbar,6.272 V,7.065 V,68 µbar/min,6.272 V,7.75E-008 mbar,71 %,733 µbar,72 °C,µ-Volume,,Pre,6.467136627902128,7.031659863691846,6.724577853167505,9.218755062428516,8.98354950258742,6.294470392365957,-0.8002932378946559,-6.081618456464266,-0.8033209241966969,0.0146819432851695,0.0037908614555615,-6.061868569387254,0.0147479798508567,0.0039415634106393,-0.8061219970219616,0.0177503947849348,-6.060392577525456,0.0212514159862134,Renata Nagai 780 G. ruber series 7.xlsx,2026-04-15 14:13:52.974,739721.0,68.0,98.0,69.0,733.0,6.263752676951771,SHP2L,,,OK,16.0,15.0,15.0,0.0,0.0,6.013300649943608,0.2504520270081629,0.2457320548854908,-0.8203806624849314,-6.040671481065352,,,,
2.0,GIRMS\IRMS-operator,2026-04-15 14:44:14.731,2026-04-15 15:42:27.208,Running,False,777 - G. ruber,13-14,2.0,2,2.0,True,Unknown,,"0.001 V, 0.001 V, 0.002 V",,8.657 V,9.5194 kV,71 µbar,86 µbar,Carbon Dioxide: 0.0194 kV,93 µbar,8.375 V,9.833 V,44 µbar/min,6.216 V,9.03E-008 mbar,49 %,772 µbar,72 °C,µ-Volume,,Pre,8.25456932474133,8.993695286816445,8.933345583981362,11.82457079891865,11.935197019621771,8.36370542932507,1.4670215701506617,-1.0895933507345523,1.4322217582614982,0.020068595732038,0.0051816891367968,-1.085559048768466,0.0138860101347141,0.003585352399801,1.4335944224647938,0.0230948612716362,-1.089237070659229,0.0206769244550731,Renata Nagai 780 G. ruber series 7.xlsx,2026-04-15 14:44:14.731,739721.0,44.0,93.0,86.0,772.0,7.986095103511777,777,G. ruber,13-14,OK,16.0,15.0,15.0,0.0,0.0,7.965702240114429,0.0203928633973475,0.0192576902746916,1.4492065779324672,-1.110830173094217,1.530788413872756,-0.7562782542088371,1.530788413872756,-0.7562782542088371
3.0,GIRMS\IRMS-operator,2026-04-15 15:13:33.899,2026-04-15 16:15:17.433,Running,False,777 - G. ruber,12-13,3.0,1,3.0,True,Unknown,,"0.002 V, 0.002 V, 0.002 V",,6.657 V,9.5193 kV,93 µbar,84 µbar,Carbon Dioxide: 0.0193 kV,96 µbar,6.226 V,7.491 V,73 µbar/min,8.273 V,7.64E-008 mbar,70 %,763 µbar,72 °C,µ-Volume,,Pre,6.18617555451221,6.741008898070915,6.678438922217949,8.86250642780358,8.921327225658844,6.2513914347574815,1.422010534039897,-1.0425875409587615,1.4022912952149218,0.0214877022197011,0.0053719255549252,-1.007622994032044,0.0266360624860138,0.0066590156215034,1.4009766792932568,0.0215655952769342,-1.0052920242369294,0.0258265872514654,Renata Nagai 780 G. ruber series 7.xlsx,2026-04-15 15:13:33.899,739721.0,73.0,96.0,84.0,763.0,5.992466836902968,777,G. ruber,12-13,OK,16.0,15.0,15.0,0.0,0.0,5.974123507473343,0.0183433294296246,0.0173310624093421,1.3820130662982786,-0.9790635358782328,1.463589428401292,-0.624464846925207,1.463589428401292,-0.624464846925207
4.0,GIRMS\IRMS-operator,2026-04-15 15:42:27.302,2026-04-15 16:52:20.020,Running,False,777 - G. ruber,21-22,4.0,2,3.0,True,Unknown,,"0.001 V, 0.001 V, 0.002 V",,5.503 V,9.5194 kV,81 µbar,89 µbar,Carbon Dioxide: 0.0194 kV,84 µbar,6.074 V,6.156 V,88 µbar/min,6.172 V,7.16E-008 mbar,79 %,709 µbar,72 °C,µ-Volume,5.186 V,Pre,5.409433882464297,5.894649511696661,6.518896567214401,7.749802872605192,8.70706745594051,6.101130883921512,1.279693448935637,-1.0491107824234236,1.2202882321329156,0.018800797779625,0.00485434511306,-1.0688070675557857,0.0238932508627932,0.0059733127156983,1.2202882321329156,0.018800797779625,-1.070120153231276,0.0241269040610604,Renata Nagai 780 G. ruber series 7.xlsx,2026-04-15 15:42:27.302,739721.0,88.0,84.0,89.0,709.0,5.24848095687227,777,G. ruber,21-22,OK,16.0,15.0,15.0,0.0,0.0,5.831533036023349,-0.5830520791510789,-0.4942808808583477,1.1884215699796408,-1.0260455152633412,1.2699821613878155,-0.6714635023855635,1.2699821613878155,-0.6714635023855635
5.0,GIRMS\IRMS-operator,2026-04-15 16:15:17.523,2026-04-15 17:34:09.255,Running,False,777 - G. ruber,22-23,5.0,1,4.0,True,Unknown,,"0.001 V, 0.001 V, 0.001 V",,0.007 V,9.5194 kV,101 µbar,91 µbar,Carbon Dioxide: 0.0194 kV,93 µbar,6.256 V,0.007 V,156 µbar/min,6.259 V,7.38E-008 mbar,100 %,98 µbar,72 °C,µ-Volume,0.011 V,Pre,0.0084839287868508,0.0091236721476125,6.709662105307604,0.0120845881834603,8.962030793049902,6.2798813818642,-11.813199442122002,-6.785766057897713,-11.678850750760624,0.9359964251738409,0.2339991062934601,-9.6680978294532,1.6335583317620583,0.4083895829405146,,,,,Renata Nagai 780 G. ruber series 7.xlsx,2026-04-15 16:15:17.523,739721.0,156.0,93.0,91.0,98.0,0.008103147820695,777,G. ruber,22-23,Failed Sample,16.0,15.0,15.0,0.0,0.0,5.99797501636904,-5.989871868548344,-0.0076222329853671,,,,,,
6.0,GIRMS\IRMS-operator,2026-04-15 16:52:20.147,2026-04-15 18:03:32.610,Running,False,SHP2L,,6.0,2,4.0,True,QC Standard,SHP2L,"0.001 V, 0.001 V, 0.002 V",,2.285 V,9.5195 kV,89 µbar,93 µbar,Carbon Dioxide: 0.0195 kV,86 µbar,6.201 V,2.490 V,78 µbar/min,6.204 V,7.27E-008 mbar,100 %,592 µbar,72 °C,µ-Volume,2.159 V,Pre,2.2330701687841312,2.428872758317844,6.650323297878416,3.183868138150113,8.88402582405062,6.224884708127341,-0.458034975305277,-5.882047676964985,-0.5936743560265004,0.0517814832804164,0.0133699214924647,-5.994235097689617,0.0375233273114582,0.0100285310579467,-0.5936743560265005,0.0517814832804163,-6.00208701601439,0.0472463541241681,Renata Nagai 780 G. ruber series 7.xlsx,2026-04-15 16:52:20.147,739721.0,78.0,86.0,93.0,592.0,2.175730500510205,SHP2L,,,OK,16.0,15.0,15.0,0.0,0.0,5.948081265751093,-3.772350765240888,-1.299738108240002,-0.6788321507856557,-5.884305650771161,,,,
7.0,GIRMS\IRMS-operator,2026-04-15 17:34:09.406,2026-04-15 18:34:53.108,Running,False,777 - G. ruber,24-25,7.0,1,5.0,True,Unknown,,"0.001 V, 0.001 V, 0.002 V",,4.168 V,9.5195 kV,103 µbar,91 µbar,Carbon Dioxide: 0.0195 kV,98 µbar,6.145 V,4.631 V,103 µbar/min,6.149 V,7.38E-008 mbar,100 %,719 µbar,72 °C,µ-Volume,3.912 V,Pre,4.079973900035907,4.446881004298965,6.59309997007129,5.8426589353191725,8.806625156401703,6.170856147231633,1.5522094630091576,-1.4900561203700091,1.5138396155848444,0.0379689031568537,0.0098035286400171,-1.436196584127066,0.0234335873337854,0.0060505262323765,1.5045543082570962,0.0444009390902382,-1.4384879811196143,0.0298721975767521,Renata Nagai 780 G. ruber series 7.xlsx,2026-04-15 17:34:09.406,739721.0,103.0,98.0,91.0,719.0,3.962180445471726,777,G. ruber,24-25,OK,16.0,15.0,15.0,0.0,0.0,5.897426463269675,-1.9352460177979487,-1.2246823999094092,1.4503791599128488,-1.363558575628475,1.531961091376047,-1.0090963617303714,1.531961091376047,-1.0090963617303714
